solid OpenSCAD_Model
  facet normal 0.945893 -0.307337 0.104072
    outer loop
      vertex 18.76 -8.23869 15.5
      vertex 18.7177 -8.33366 15.604
      vertex 18.7277 -8.3381 15.5
    endloop
  endfacet
  facet normal 0.824288 -0.268511 0.498448
    outer loop
      vertex 18.6666 -8.21883 15.7939
      vertex 18.6404 -8.29926 15.7939
      vertex 18.6882 -8.32052 15.7034
    endloop
  endfacet
  facet normal 0.707327 -0.636896 -0.306678
    outer loop
      vertex 14.6996 -14.1271 0.396045
      vertex 14.6697 -14.1139 0.29967
      vertex 16.576 -12.0432 0.396045
    endloop
  endfacet
  facet normal -0.866024 -0.500003 0
    outer loop
      vertex -16.6371 -11.9591 0.5
      vertex -18.7277 -8.3381 15.5
      vertex -18.7277 -8.3381 0.5
    endloop
  endfacet
  facet normal -0.866024 -0.500003 0
    outer loop
      vertex -18.7277 -8.3381 15.5
      vertex -16.6371 -11.9591 0.5
      vertex -16.6371 -11.9591 15.5
    endloop
  endfacet
  facet normal 0.406206 0.0429982 0.912769
    outer loop
      vertex 19.4604 -5.24328 15.933
      vertex 19.3615 -5.21116 15.9755
      vertex 19.3649 -5.24328 15.9755
    endloop
  endfacet
  facet normal -0.743136 -0.66914 0
    outer loop
      vertex -14.6385 -14.2112 0.5
      vertex -16.5149 -12.1273 15.5
      vertex -16.5149 -12.1273 0.5
    endloop
  endfacet
  facet normal -0.743136 -0.66914 0
    outer loop
      vertex -16.5149 -12.1273 15.5
      vertex -14.6385 -14.2112 0.5
      vertex -14.6385 -14.2112 15.5
    endloop
  endfacet
  facet normal 0.989184 -0.103714 -0.103719
    outer loop
      vertex 19.7104 -5.24328 0.5
      vertex 19.6995 -5.34724 0.5
      vertex 19.6995 -5.24328 0.396045
    endloop
  endfacet
  facet normal -0.994547 0.104286 0
    outer loop
      vertex -19.7104 -5.24328 0.5
      vertex -19.6995 -5.13933 15.5
      vertex -19.6995 -5.13933 0.5
    endloop
  endfacet
  facet normal -0.994547 0.104286 0
    outer loop
      vertex -19.6995 -5.13933 15.5
      vertex -19.7104 -5.24328 0.5
      vertex -19.7104 -5.24328 15.5
    endloop
  endfacet
  facet normal -0.739115 0.66556 0.103626
    outer loop
      vertex -19.545 -4.87171 15.5
      vertex -19.0417 -4.32898 15.604
      vertex -19.0505 -4.32256 15.5
    endloop
  endfacet
  facet normal -0.73912 0.665507 0.103931
    outer loop
      vertex -19.0417 -4.32898 15.604
      vertex -19.545 -4.87171 15.5
      vertex -19.6061 -4.95581 15.604
    endloop
  endfacet
  facet normal 0.181544 -0.104818 0.977781
    outer loop
      vertex 18.3187 -8.15599 15.9973
      vertex 16.3215 -11.8185 15.9755
      vertex 18.4121 -8.19758 15.9755
    endloop
  endfacet
  facet normal 0.181622 -0.10486 0.977762
    outer loop
      vertex 16.3215 -11.8185 15.9755
      vertex 18.3187 -8.15599 15.9973
      vertex 16.2281 -11.777 15.9973
    endloop
  endfacet
  facet normal 0.741198 0.0775569 0.666792
    outer loop
      vertex 19.6061 -5.15918 15.7939
      vertex 19.545 -5.24328 15.8716
      vertex 19.6149 -5.24328 15.7939
    endloop
  endfacet
  facet normal 0.951055 -0.30902 0
    outer loop
      vertex 18.76 -8.23869 15.5
      vertex 19.6995 -5.34724 0.5
      vertex 19.6995 -5.34724 15.5
    endloop
  endfacet
  facet normal 0.951055 -0.30902 0
    outer loop
      vertex 19.6995 -5.34724 0.5
      vertex 18.76 -8.23869 15.5
      vertex 18.76 -8.23869 0.5
    endloop
  endfacet
  facet normal 0.740341 -0.0787597 -0.667602
    outer loop
      vertex 19.6061 -5.32739 0.206108
      vertex 19.5376 -5.31284 0.128428
      vertex 19.545 -5.24328 0.128428
    endloop
  endfacet
  facet normal -0.73944 -0.665211 -0.103549
    outer loop
      vertex -16.5149 -12.1273 0.5
      vertex -16.5848 -12.0496 0.5
      vertex -16.576 -12.0432 0.396045
    endloop
  endfacet
  facet normal 0.823942 -0.475686 -0.307966
    outer loop
      vertex 18.6666 -8.4222 0.396045
      vertex 16.5499 -12.0242 0.296632
      vertex 18.6404 -8.40322 0.296632
    endloop
  endfacet
  facet normal 0.824119 -0.475808 -0.307302
    outer loop
      vertex 16.5499 -12.0242 0.296632
      vertex 18.6666 -8.4222 0.396045
      vertex 16.576 -12.0432 0.396045
    endloop
  endfacet
  facet normal -0.945888 0.307335 -0.104117
    outer loop
      vertex -19.6572 -5.04436 0.396045
      vertex -19.6995 -5.13933 0.5
      vertex -19.6672 -5.03992 0.5
    endloop
  endfacet
  facet normal -0.824855 -0.268016 -0.497777
    outer loop
      vertex -18.6666 -8.21883 0.206108
      vertex -19.6572 -5.33825 0.296632
      vertex -19.6061 -5.32739 0.206108
    endloop
  endfacet
  facet normal -0.824843 -0.268011 -0.497799
    outer loop
      vertex -19.6572 -5.33825 0.296632
      vertex -18.6666 -8.21883 0.206108
      vertex -18.7177 -8.2297 0.296632
    endloop
  endfacet
  facet normal -0.198697 0.0650211 -0.977902
    outer loop
      vertex -19.2615 -5.23242 0.00273991
      vertex -19.3615 -5.21116 0.0244722
      vertex -19.2581 -5.22203 0.00273991
    endloop
  endfacet
  facet normal 0.86253 0.0908309 -0.497787
    outer loop
      vertex 19.6672 -5.24328 0.296632
      vertex 19.6061 -5.15918 0.206108
      vertex 19.6572 -5.14832 0.296632
    endloop
  endfacet
  facet normal -0.951057 -0.309015 0
    outer loop
      vertex -18.7277 -8.3381 0.5
      vertex -18.76 -8.23869 15.5
      vertex -18.76 -8.23869 0.5
    endloop
  endfacet
  facet normal -0.951057 -0.309015 0
    outer loop
      vertex -18.76 -8.23869 15.5
      vertex -18.7277 -8.3381 0.5
      vertex -18.7277 -8.3381 15.5
    endloop
  endfacet
  facet normal -0.707091 0.636667 -0.307696
    outer loop
      vertex -19.0182 -4.34604 0.306742
      vertex -19.6061 -4.95581 0.396045
      vertex -19.0417 -4.32898 0.396045
    endloop
  endfacet
  facet normal 0.82386 -0.476185 -0.307414
    outer loop
      vertex 18.7177 -8.33366 0.396045
      vertex 18.6404 -8.40322 0.296632
      vertex 18.6882 -8.32052 0.296632
    endloop
  endfacet
  facet normal 0.743136 -0.66914 0
    outer loop
      vertex 14.6385 -14.2112 15.5
      vertex 16.5149 -12.1273 0.5
      vertex 16.5149 -12.1273 15.5
    endloop
  endfacet
  facet normal 0.743136 -0.66914 0
    outer loop
      vertex 16.5149 -12.1273 0.5
      vertex 14.6385 -14.2112 15.5
      vertex 14.6385 -14.2112 0.5
    endloop
  endfacet
  facet normal -0.823942 -0.475686 -0.307966
    outer loop
      vertex -16.5499 -12.0242 0.296632
      vertex -18.6666 -8.4222 0.396045
      vertex -18.6404 -8.40322 0.296632
    endloop
  endfacet
  facet normal -0.824119 -0.475808 -0.307302
    outer loop
      vertex -18.6666 -8.4222 0.396045
      vertex -16.5499 -12.0242 0.296632
      vertex -16.576 -12.0432 0.396045
    endloop
  endfacet
  facet normal -0.198697 -0.0650211 -0.977902
    outer loop
      vertex -19.2581 -5.26454 0.00273991
      vertex -19.3615 -5.27541 0.0244722
      vertex -19.2615 -5.25415 0.00273991
    endloop
  endfacet
  facet normal 0.824855 -0.268016 -0.497777
    outer loop
      vertex 19.6572 -5.33825 0.296632
      vertex 18.6666 -8.21883 0.206108
      vertex 19.6061 -5.32739 0.206108
    endloop
  endfacet
  facet normal 0.824843 -0.268011 -0.497799
    outer loop
      vertex 18.6666 -8.21883 0.206108
      vertex 19.6572 -5.33825 0.296632
      vertex 18.7177 -8.2297 0.296632
    endloop
  endfacet
  facet normal 0.553807 -0.498663 0.666809
    outer loop
      vertex 14.5746 -14.0363 15.8716
      vertex 16.451 -12.0563 15.7939
      vertex 16.451 -11.9524 15.8716
    endloop
  endfacet
  facet normal 0.553588 -0.498442 0.667155
    outer loop
      vertex 16.451 -12.0563 15.7939
      vertex 14.5746 -14.0363 15.8716
      vertex 14.5746 -14.1403 15.7939
    endloop
  endfacet
  facet normal 0.740424 0.0787799 0.667507
    outer loop
      vertex 19.6061 -5.15918 15.7939
      vertex 19.5376 -5.17373 15.8716
      vertex 19.545 -5.24328 15.8716
    endloop
  endfacet
  facet normal 0.561018 -0.182288 0.807484
    outer loop
      vertex 18.4993 -8.23642 15.933
      vertex 19.516 -5.37936 15.8716
      vertex 19.4388 -5.34497 15.933
    endloop
  endfacet
  facet normal 0.561018 -0.182288 0.807484
    outer loop
      vertex 19.516 -5.37936 15.8716
      vertex 18.4993 -8.23642 15.933
      vertex 18.5765 -8.27081 15.8716
    endloop
  endfacet
  facet normal 0.354021 -0.203972 -0.912724
    outer loop
      vertex 16.3826 -11.9027 0.066988
      vertex 16.3215 -11.8185 0.0244722
      vertex 16.4087 -11.8574 0.066988
    endloop
  endfacet
  facet normal 0.198783 -0.0645823 -0.977913
    outer loop
      vertex 18.3187 -8.15599 0.00273991
      vertex 19.3515 -5.30613 0.0244722
      vertex 18.4121 -8.19758 0.0244722
    endloop
  endfacet
  facet normal 0.198783 -0.0645823 -0.977913
    outer loop
      vertex 19.3515 -5.30613 0.0244722
      vertex 18.3187 -8.15599 0.00273991
      vertex 19.2581 -5.26454 0.00273991
    endloop
  endfacet
  facet normal 0.644286 0.580211 0.498248
    outer loop
      vertex 19.0108 -4.3514 15.7135
      vertex 18.9732 -4.37869 15.7939
      vertex 19.4811 -4.94268 15.7939
    endloop
  endfacet
  facet normal 0.181005 -0.104506 -0.977914
    outer loop
      vertex 16.3215 -11.8185 0.0244722
      vertex 18.3187 -8.15599 0.00273991
      vertex 18.4121 -8.19758 0.0244722
    endloop
  endfacet
  facet normal 0.181083 -0.104549 -0.977895
    outer loop
      vertex 18.3187 -8.15599 0.00273991
      vertex 16.3215 -11.8185 0.0244722
      vertex 16.2281 -11.777 0.00273991
    endloop
  endfacet
  facet normal -0.707275 -0.63685 0.306895
    outer loop
      vertex -14.6697 -14.1139 15.7003
      vertex -16.576 -12.0432 15.604
      vertex -14.6996 -14.1271 15.604
    endloop
  endfacet
  facet normal -0.86117 -0.49767 0.103494
    outer loop
      vertex -16.576 -12.0432 15.604
      vertex -16.6371 -11.9591 15.5
      vertex -16.5848 -12.0496 15.5
    endloop
  endfacet
  facet normal -0.989189 -0.103715 0.103675
    outer loop
      vertex -19.6995 -5.24328 15.604
      vertex -19.7104 -5.24328 15.5
      vertex -19.6995 -5.34724 15.5
    endloop
  endfacet
  facet normal 0.861337 -0.497297 0.103895
    outer loop
      vertex 18.6666 -8.4222 15.604
      vertex 16.6371 -11.9591 15.5
      vertex 18.7277 -8.3381 15.5
    endloop
  endfacet
  facet normal 0.861337 -0.497297 0.103895
    outer loop
      vertex 16.6371 -11.9591 15.5
      vertex 18.6666 -8.4222 15.604
      vertex 16.576 -12.0432 15.604
    endloop
  endfacet
  facet normal 0.739444 -0.665214 0.103505
    outer loop
      vertex 16.576 -12.0432 15.604
      vertex 16.5149 -12.1273 15.5
      vertex 16.5848 -12.0496 15.5
    endloop
  endfacet
  facet normal 0.951057 -0.309015 0
    outer loop
      vertex 18.7277 -8.3381 15.5
      vertex 18.76 -8.23869 0.5
      vertex 18.76 -8.23869 15.5
    endloop
  endfacet
  facet normal 0.951057 -0.309015 0
    outer loop
      vertex 18.76 -8.23869 0.5
      vertex 18.7277 -8.3381 15.5
      vertex 18.7277 -8.3381 0.5
    endloop
  endfacet
  facet normal -0.586493 0.0620687 -0.807573
    outer loop
      vertex -19.4604 -5.24328 0.066988
      vertex -19.545 -5.24328 0.128428
      vertex -19.4549 -5.19131 0.066988
    endloop
  endfacet
  facet normal -0.861399 -0.497148 -0.104096
    outer loop
      vertex -18.6666 -8.4222 0.396045
      vertex -18.7277 -8.3381 0.5
      vertex -18.7177 -8.33366 0.396045
    endloop
  endfacet
  facet normal -0.861166 -0.497668 -0.103538
    outer loop
      vertex -16.5848 -12.0496 0.5
      vertex -16.6371 -11.9591 0.5
      vertex -16.576 -12.0432 0.396045
    endloop
  endfacet
  facet normal 0.708248 -0.229978 0.667454
    outer loop
      vertex 19.5376 -5.31284 15.8716
      vertex 19.516 -5.37936 15.8716
      vertex 19.6061 -5.32739 15.7939
    endloop
  endfacet
  facet normal 0.743116 0.669163 0
    outer loop
      vertex 19.545 -4.87171 15.5
      vertex 19.0505 -4.32256 0.5
      vertex 19.0505 -4.32256 15.5
    endloop
  endfacet
  facet normal 0.743116 0.669163 0
    outer loop
      vertex 19.0505 -4.32256 0.5
      vertex 19.545 -4.87171 15.5
      vertex 19.545 -4.87171 0.5
    endloop
  endfacet
  facet normal 0.989188 0.103724 0.103675
    outer loop
      vertex 19.6995 -5.13933 15.5
      vertex 19.6995 -5.24328 15.604
      vertex 19.7104 -5.24328 15.5
    endloop
  endfacet
  facet normal 0.945892 -0.307342 0.104066
    outer loop
      vertex 19.6572 -5.44221 15.604
      vertex 18.76 -8.23869 15.5
      vertex 19.6995 -5.34724 15.5
    endloop
  endfacet
  facet normal 0.945892 -0.307342 0.104066
    outer loop
      vertex 18.76 -8.23869 15.5
      vertex 19.6572 -5.44221 15.604
      vertex 18.7177 -8.33366 15.604
    endloop
  endfacet
  facet normal 0.438239 -0.394602 0.807611
    outer loop
      vertex 16.3826 -11.9027 15.933
      vertex 14.5746 -14.0363 15.8716
      vertex 16.451 -11.9524 15.8716
    endloop
  endfacet
  facet normal 0.438239 -0.394602 0.807611
    outer loop
      vertex 14.5746 -14.0363 15.8716
      vertex 16.3826 -11.9027 15.933
      vertex 14.5062 -13.9866 15.933
    endloop
  endfacet
  facet normal 0.708374 -0.230752 0.667053
    outer loop
      vertex 18.6666 -8.21883 15.7939
      vertex 18.5765 -8.27081 15.8716
      vertex 18.6404 -8.29926 15.7939
    endloop
  endfacet
  facet normal -0.354021 -0.203972 -0.912724
    outer loop
      vertex -16.3826 -11.9027 0.066988
      vertex -16.4087 -11.8574 0.066988
      vertex -16.3215 -11.8185 0.0244722
    endloop
  endfacet
  facet normal -0.743116 0.669163 0
    outer loop
      vertex -19.545 -4.87171 0.5
      vertex -19.0505 -4.32256 15.5
      vertex -19.0505 -4.32256 0.5
    endloop
  endfacet
  facet normal -0.743116 0.669163 0
    outer loop
      vertex -19.0505 -4.32256 15.5
      vertex -19.545 -4.87171 0.5
      vertex -19.545 -4.87171 15.5
    endloop
  endfacet
  facet normal 0.406332 -0.0429981 -0.912713
    outer loop
      vertex 19.4604 -5.24328 0.066988
      vertex 19.3615 -5.27541 0.0244722
      vertex 19.3649 -5.24328 0.0244722
    endloop
  endfacet
  facet normal 0.861233 0.497542 0.103587
    outer loop
      vertex 19.6149 -4.94939 15.5
      vertex 19.6061 -4.95581 15.604
      vertex 19.6672 -5.03992 15.5
    endloop
  endfacet
  facet normal 0.181119 0.104255 -0.97792
    outer loop
      vertex 19.3515 -5.18044 0.0244722
      vertex 19.2581 -5.22203 0.00273991
      vertex 19.3354 -5.15247 0.0244722
    endloop
  endfacet
  facet normal -0.904953 -0.294082 -0.307533
    outer loop
      vertex -19.6572 -5.44221 0.396045
      vertex -19.6888 -5.34497 0.396045
      vertex -19.6572 -5.33825 0.296632
    endloop
  endfacet
  facet normal 0.73944 -0.665211 -0.103549
    outer loop
      vertex 16.5848 -12.0496 0.5
      vertex 16.5149 -12.1273 0.5
      vertex 16.576 -12.0432 0.396045
    endloop
  endfacet
  facet normal 0.155364 -0.139828 -0.977911
    outer loop
      vertex 16.2837 -11.8705 0.0244722
      vertex 16.2226 -11.7864 0.00273991
      vertex 16.3053 -11.8465 0.0244722
    endloop
  endfacet
  facet normal -0.553635 0.498495 -0.667077
    outer loop
      vertex -19.4811 -4.94268 0.206108
      vertex -18.9167 -4.4198 0.128428
      vertex -19.4811 -5.04663 0.128428
    endloop
  endfacet
  facet normal -0.553811 0.498734 -0.666752
    outer loop
      vertex -18.9167 -4.4198 0.128428
      vertex -19.4811 -4.94268 0.206108
      vertex -18.9732 -4.37869 0.206108
    endloop
  endfacet
  facet normal 0.155862 0.140218 0.977776
    outer loop
      vertex 19.3138 -5.12846 15.9755
      vertex 19.2527 -5.21256 15.9973
      vertex 19.3354 -5.15247 15.9755
    endloop
  endfacet
  facet normal -0.861337 -0.497297 0.103895
    outer loop
      vertex -16.6371 -11.9591 15.5
      vertex -18.6666 -8.4222 15.604
      vertex -18.7277 -8.3381 15.5
    endloop
  endfacet
  facet normal -0.861337 -0.497297 0.103895
    outer loop
      vertex -18.6666 -8.4222 15.604
      vertex -16.6371 -11.9591 15.5
      vertex -16.576 -12.0432 15.604
    endloop
  endfacet
  facet normal 0.86117 -0.49767 0.103494
    outer loop
      vertex 16.6371 -11.9591 15.5
      vertex 16.576 -12.0432 15.604
      vertex 16.5848 -12.0496 15.5
    endloop
  endfacet
  facet normal 0.866024 -0.500003 0
    outer loop
      vertex 16.6371 -11.9591 15.5
      vertex 18.7277 -8.3381 0.5
      vertex 18.7277 -8.3381 15.5
    endloop
  endfacet
  facet normal 0.866024 -0.500003 0
    outer loop
      vertex 18.7277 -8.3381 0.5
      vertex 16.6371 -11.9591 15.5
      vertex 16.6371 -11.9591 0.5
    endloop
  endfacet
  facet normal 0.989108 -0.104076 -0.104081
    outer loop
      vertex 19.6995 -5.34724 0.5
      vertex 19.6888 -5.34497 0.396045
      vertex 19.6995 -5.24328 0.396045
    endloop
  endfacet
  facet normal 0.865819 -0.500357 0
    outer loop
      vertex 16.5848 -12.0496 15.5
      vertex 16.6371 -11.9591 0.5
      vertex 16.6371 -11.9591 15.5
    endloop
  endfacet
  facet normal 0.865819 -0.500357 0
    outer loop
      vertex 16.6371 -11.9591 0.5
      vertex 16.5848 -12.0496 15.5
      vertex 16.5848 -12.0496 0.5
    endloop
  endfacet
  facet normal -0.824867 -0.267932 -0.497803
    outer loop
      vertex -18.6882 -8.32052 0.296632
      vertex -18.7177 -8.2297 0.296632
      vertex -18.6666 -8.21883 0.206108
    endloop
  endfacet
  facet normal 0.561126 -0.182206 -0.807427
    outer loop
      vertex 19.516 -5.37936 0.128428
      vertex 19.4549 -5.29526 0.066988
      vertex 19.5376 -5.31284 0.128428
    endloop
  endfacet
  facet normal 0.750654 -0.433873 -0.49827
    outer loop
      vertex 18.6882 -8.32052 0.296632
      vertex 18.6404 -8.40322 0.296632
      vertex 18.6404 -8.29926 0.206108
    endloop
  endfacet
  facet normal -0.707178 -0.636734 -0.307357
    outer loop
      vertex -14.6689 -14.1133 0.296632
      vertex -16.576 -12.0432 0.396045
      vertex -16.5499 -12.0242 0.296632
    endloop
  endfacet
  facet normal -0.706277 -0.635704 -0.311535
    outer loop
      vertex -16.576 -12.0432 0.396045
      vertex -14.6689 -14.1133 0.296632
      vertex -14.6697 -14.1139 0.29967
    endloop
  endfacet
  facet normal -0.510743 -0.294878 -0.807582
    outer loop
      vertex -18.5416 -8.33138 0.128428
      vertex -16.4087 -11.8574 0.066988
      vertex -16.451 -11.9524 0.128428
    endloop
  endfacet
  facet normal -0.51082 -0.294926 -0.807516
    outer loop
      vertex -16.4087 -11.8574 0.066988
      vertex -18.5416 -8.33138 0.128428
      vertex -18.4993 -8.23642 0.066988
    endloop
  endfacet
  facet normal -0.645216 -0.372341 -0.667127
    outer loop
      vertex -16.5076 -11.9935 0.206108
      vertex -16.5499 -11.9202 0.206108
      vertex -16.451 -11.9524 0.128428
    endloop
  endfacet
  facet normal -0.861233 0.497542 0.103587
    outer loop
      vertex -19.6149 -4.94939 15.5
      vertex -19.6672 -5.03992 15.5
      vertex -19.6061 -4.95581 15.604
    endloop
  endfacet
  facet normal -0.30377 0.273279 0.912711
    outer loop
      vertex -19.3138 -5.12846 15.9755
      vertex -19.4126 -5.09634 15.933
      vertex -19.3354 -5.15247 15.9755
    endloop
  endfacet
  facet normal 0.945893 0.307337 0.104072
    outer loop
      vertex 19.6672 -5.03992 15.5
      vertex 19.6572 -5.04436 15.604
      vertex 19.6995 -5.13933 15.5
    endloop
  endfacet
  facet normal 0.904965 -0.294044 0.307534
    outer loop
      vertex 18.7177 -8.2297 15.7034
      vertex 19.6572 -5.44221 15.604
      vertex 19.6572 -5.33825 15.7034
    endloop
  endfacet
  facet normal 0.904965 -0.294044 0.307534
    outer loop
      vertex 19.6572 -5.44221 15.604
      vertex 18.7177 -8.2297 15.7034
      vertex 18.7177 -8.33366 15.604
    endloop
  endfacet
  facet normal 0.199327 0.0648849 0.977783
    outer loop
      vertex 19.3515 -5.18044 15.9755
      vertex 19.2581 -5.22203 15.9973
      vertex 19.3615 -5.21116 15.9755
    endloop
  endfacet
  facet normal 0.708378 0.230782 0.667038
    outer loop
      vertex 19.5799 -5.07876 15.7939
      vertex 19.516 -5.1072 15.8716
      vertex 19.6061 -5.15918 15.7939
    endloop
  endfacet
  facet normal 0.388456 -0.126451 0.91275
    outer loop
      vertex 19.3615 -5.27541 15.9755
      vertex 19.3515 -5.30613 15.9755
      vertex 19.4549 -5.29526 15.933
    endloop
  endfacet
  facet normal 0 -0.209169 -0.97788
    outer loop
      vertex -13.3048 -13.9933 0.0244722
      vertex -11.6845 -13.8917 0.00273991
      vertex -11.6952 -13.9933 0.0244722
    endloop
  endfacet
  facet normal -0 -0.209169 -0.97788
    outer loop
      vertex -11.6845 -13.8917 0.00273991
      vertex -13.3048 -13.9933 0.0244722
      vertex -13.3155 -13.8917 0.00273991
    endloop
  endfacet
  facet normal 0 -0.209169 -0.97788
    outer loop
      vertex 11.6952 -13.9933 0.0244722
      vertex 13.3155 -13.8917 0.00273991
      vertex 13.3048 -13.9933 0.0244722
    endloop
  endfacet
  facet normal -0 -0.209169 -0.97788
    outer loop
      vertex 13.3155 -13.8917 0.00273991
      vertex 11.6952 -13.9933 0.0244722
      vertex 11.6845 -13.8917 0.00273991
    endloop
  endfacet
  facet normal -0.198783 -0.0645823 -0.977913
    outer loop
      vertex -19.3515 -5.30613 0.0244722
      vertex -18.3187 -8.15599 0.00273991
      vertex -18.4121 -8.19758 0.0244722
    endloop
  endfacet
  facet normal -0.198783 -0.0645823 -0.977913
    outer loop
      vertex -18.3187 -8.15599 0.00273991
      vertex -19.3515 -5.30613 0.0244722
      vertex -19.2581 -5.26454 0.00273991
    endloop
  endfacet
  facet normal 0.155247 -0.139914 -0.977917
    outer loop
      vertex 16.2837 -11.8705 0.0244722
      vertex 16.2153 -11.7945 0.00273991
      vertex 16.2226 -11.7864 0.00273991
    endloop
  endfacet
  facet normal 0.30349 -0.273141 -0.912846
    outer loop
      vertex 16.3826 -11.9027 0.066988
      vertex 16.2837 -11.8705 0.0244722
      vertex 16.3053 -11.8465 0.0244722
    endloop
  endfacet
  facet normal -0.989113 -0.104076 0.104036
    outer loop
      vertex -19.6995 -5.24328 15.604
      vertex -19.6995 -5.34724 15.5
      vertex -19.6888 -5.34497 15.604
    endloop
  endfacet
  facet normal -0.904953 0.294082 -0.307533
    outer loop
      vertex -19.6572 -5.14832 0.296632
      vertex -19.6888 -5.1416 0.396045
      vertex -19.6572 -5.04436 0.396045
    endloop
  endfacet
  facet normal 0.741113 -0.0775389 -0.666887
    outer loop
      vertex 19.6061 -5.32739 0.206108
      vertex 19.545 -5.24328 0.128428
      vertex 19.6149 -5.24328 0.206108
    endloop
  endfacet
  facet normal 0.945887 -0.307341 -0.104111
    outer loop
      vertex 18.76 -8.23869 0.5
      vertex 19.6572 -5.44221 0.396045
      vertex 19.6995 -5.34724 0.5
    endloop
  endfacet
  facet normal 0.945887 -0.307341 -0.104111
    outer loop
      vertex 19.6572 -5.44221 0.396045
      vertex 18.76 -8.23869 0.5
      vertex 18.7177 -8.33366 0.396045
    endloop
  endfacet
  facet normal 0.994548 -0.104276 0
    outer loop
      vertex 19.6995 -5.34724 15.5
      vertex 19.7104 -5.24328 0.5
      vertex 19.7104 -5.24328 15.5
    endloop
  endfacet
  facet normal 0.994548 -0.104276 0
    outer loop
      vertex 19.7104 -5.24328 0.5
      vertex 19.6995 -5.34724 15.5
      vertex 19.6995 -5.34724 0.5
    endloop
  endfacet
  facet normal 0.946314 -0.0995728 -0.307532
    outer loop
      vertex 19.6888 -5.34497 0.396045
      vertex 19.6572 -5.33825 0.296632
      vertex 19.6995 -5.24328 0.396045
    endloop
  endfacet
  facet normal 0.208268 0.023013 0.977801
    outer loop
      vertex 19.3615 -5.21116 15.9755
      vertex 19.2615 -5.23242 15.9973
      vertex 19.2627 -5.24328 15.9973
    endloop
  endfacet
  facet normal -0.861427 0.497108 0.104052
    outer loop
      vertex -19.6061 -4.95581 15.604
      vertex -19.6672 -5.03992 15.5
      vertex -19.6572 -5.04436 15.604
    endloop
  endfacet
  facet normal 0.708271 -0.230135 0.667376
    outer loop
      vertex 19.516 -5.37936 15.8716
      vertex 18.6666 -8.21883 15.7939
      vertex 19.6061 -5.32739 15.7939
    endloop
  endfacet
  facet normal 0.708285 -0.230138 0.66736
    outer loop
      vertex 18.6666 -8.21883 15.7939
      vertex 19.516 -5.37936 15.8716
      vertex 18.5765 -8.27081 15.8716
    endloop
  endfacet
  facet normal 0.824 -0.475564 0.307998
    outer loop
      vertex 18.7177 -8.33366 15.604
      vertex 18.6404 -8.40322 15.7034
      vertex 18.6666 -8.4222 15.604
    endloop
  endfacet
  facet normal -0.199327 -0.0648849 0.977783
    outer loop
      vertex -19.2581 -5.26454 15.9973
      vertex -19.3615 -5.27541 15.9755
      vertex -19.3515 -5.30613 15.9755
    endloop
  endfacet
  facet normal -0.707169 -0.636727 0.307394
    outer loop
      vertex -16.576 -12.0432 15.604
      vertex -14.6689 -14.1133 15.7034
      vertex -16.5499 -12.0242 15.7034
    endloop
  endfacet
  facet normal -0.707491 -0.637095 0.305887
    outer loop
      vertex -14.6689 -14.1133 15.7034
      vertex -16.576 -12.0432 15.604
      vertex -14.6697 -14.1139 15.7003
    endloop
  endfacet
  facet normal 0 -0.951341 -0.308141
    outer loop
      vertex -13.2732 -14.2939 0.296632
      vertex -11.7302 -14.3261 0.396045
      vertex -13.2698 -14.3261 0.396045
    endloop
  endfacet
  facet normal 0 -0.951341 -0.308141
    outer loop
      vertex -11.7302 -14.3261 0.396045
      vertex -13.2732 -14.2939 0.296632
      vertex -11.7268 -14.2939 0.296632
    endloop
  endfacet
  facet normal 0 -0.951341 -0.308141
    outer loop
      vertex 11.7268 -14.2939 0.296632
      vertex 13.2698 -14.3261 0.396045
      vertex 11.7302 -14.3261 0.396045
    endloop
  endfacet
  facet normal 0 -0.951341 -0.308141
    outer loop
      vertex 13.2698 -14.3261 0.396045
      vertex 11.7268 -14.2939 0.296632
      vertex 13.2732 -14.2939 0.296632
    endloop
  endfacet
  facet normal 0.707178 -0.636734 -0.307357
    outer loop
      vertex 16.576 -12.0432 0.396045
      vertex 14.6689 -14.1133 0.296632
      vertex 16.5499 -12.0242 0.296632
    endloop
  endfacet
  facet normal 0.706277 -0.635704 -0.311535
    outer loop
      vertex 14.6689 -14.1133 0.296632
      vertex 16.576 -12.0432 0.396045
      vertex 14.6697 -14.1139 0.29967
    endloop
  endfacet
  facet normal 0.945888 -0.307335 -0.104117
    outer loop
      vertex 18.7277 -8.3381 0.5
      vertex 18.7177 -8.33366 0.396045
      vertex 18.76 -8.23869 0.5
    endloop
  endfacet
  facet normal 0.861399 -0.497148 -0.104096
    outer loop
      vertex 18.7277 -8.3381 0.5
      vertex 18.6666 -8.4222 0.396045
      vertex 18.7177 -8.33366 0.396045
    endloop
  endfacet
  facet normal 0.905029 -0.29397 -0.307416
    outer loop
      vertex 18.7177 -8.33366 0.396045
      vertex 18.6882 -8.32052 0.296632
      vertex 18.7177 -8.2297 0.296632
    endloop
  endfacet
  facet normal 0.904953 -0.294082 -0.307533
    outer loop
      vertex 19.6888 -5.34497 0.396045
      vertex 19.6572 -5.44221 0.396045
      vertex 19.6572 -5.33825 0.296632
    endloop
  endfacet
  facet normal -0.155247 -0.139914 -0.977917
    outer loop
      vertex -16.2153 -11.7945 0.00273991
      vertex -16.2837 -11.8705 0.0244722
      vertex -16.2226 -11.7864 0.00273991
    endloop
  endfacet
  facet normal 0.1554 0.139801 -0.977909
    outer loop
      vertex 19.3354 -5.15247 0.0244722
      vertex 19.2527 -5.21256 0.00273991
      vertex 19.3138 -5.12846 0.0244722
    endloop
  endfacet
  facet normal -0.155334 0.139868 -0.97791
    outer loop
      vertex -19.2454 -5.20444 0.00273991
      vertex -18.771 -4.52564 0.0244722
      vertex -18.6883 -4.58574 0.00273991
    endloop
  endfacet
  facet normal -0.155335 0.139869 -0.97791
    outer loop
      vertex -18.771 -4.52564 0.0244722
      vertex -19.2454 -5.20444 0.00273991
      vertex -19.3138 -5.12846 0.0244722
    endloop
  endfacet
  facet normal -0.645205 -0.37251 -0.667044
    outer loop
      vertex -16.5499 -11.9202 0.206108
      vertex -18.5416 -8.33138 0.128428
      vertex -16.451 -11.9524 0.128428
    endloop
  endfacet
  facet normal -0.645398 -0.372612 -0.6668
    outer loop
      vertex -18.5416 -8.33138 0.128428
      vertex -16.5499 -11.9202 0.206108
      vertex -18.6404 -8.29926 0.206108
    endloop
  endfacet
  facet normal 0.645216 -0.372341 -0.667127
    outer loop
      vertex 16.5076 -11.9935 0.206108
      vertex 16.451 -11.9524 0.128428
      vertex 16.5499 -11.9202 0.206108
    endloop
  endfacet
  facet normal 0.353414 -0.204475 -0.912846
    outer loop
      vertex 16.3826 -11.9027 0.066988
      vertex 16.3053 -11.8465 0.0244722
      vertex 16.3215 -11.8185 0.0244722
    endloop
  endfacet
  facet normal -0.739444 -0.665214 0.103505
    outer loop
      vertex -16.576 -12.0432 15.604
      vertex -16.5848 -12.0496 15.5
      vertex -16.5149 -12.1273 15.5
    endloop
  endfacet
  facet normal -0.905029 -0.29397 -0.307416
    outer loop
      vertex -18.6882 -8.32052 0.296632
      vertex -18.7177 -8.33366 0.396045
      vertex -18.7177 -8.2297 0.296632
    endloop
  endfacet
  facet normal -0.861333 -0.497294 -0.103939
    outer loop
      vertex -18.6666 -8.4222 0.396045
      vertex -16.6371 -11.9591 0.5
      vertex -18.7277 -8.3381 0.5
    endloop
  endfacet
  facet normal -0.861333 -0.497294 -0.103939
    outer loop
      vertex -16.6371 -11.9591 0.5
      vertex -18.6666 -8.4222 0.396045
      vertex -16.576 -12.0432 0.396045
    endloop
  endfacet
  facet normal -0.946313 0.0995825 -0.307532
    outer loop
      vertex -19.6572 -5.14832 0.296632
      vertex -19.6995 -5.24328 0.396045
      vertex -19.6888 -5.1416 0.396045
    endloop
  endfacet
  facet normal -0.824343 -0.268529 -0.498349
    outer loop
      vertex -18.6404 -8.29926 0.206108
      vertex -18.6882 -8.32052 0.296632
      vertex -18.6666 -8.21883 0.206108
    endloop
  endfacet
  facet normal -0.561256 -0.182365 -0.8073
    outer loop
      vertex -19.516 -5.37936 0.128428
      vertex -18.4993 -8.23642 0.066988
      vertex -18.5765 -8.27081 0.128428
    endloop
  endfacet
  facet normal -0.561256 -0.182365 -0.8073
    outer loop
      vertex -18.4993 -8.23642 0.066988
      vertex -19.516 -5.37936 0.128428
      vertex -19.4388 -5.34497 0.066988
    endloop
  endfacet
  facet normal -0.739349 0.6653 0.10363
    outer loop
      vertex -19.545 -4.87171 15.5
      vertex -19.6149 -4.94939 15.5
      vertex -19.6061 -4.95581 15.604
    endloop
  endfacet
  facet normal 0.38843 -0.125804 0.91285
    outer loop
      vertex 19.4549 -5.29526 15.933
      vertex 19.3515 -5.30613 15.9755
      vertex 19.4388 -5.34497 15.933
    endloop
  endfacet
  facet normal 0.586244 -0.0620304 0.807756
    outer loop
      vertex 19.4604 -5.24328 15.933
      vertex 19.4549 -5.29526 15.933
      vertex 19.545 -5.24328 15.8716
    endloop
  endfacet
  facet normal 0.706647 0.635843 0.310408
    outer loop
      vertex 19.0155 -4.34797 15.7034
      vertex 19.6061 -4.95581 15.604
      vertex 19.0182 -4.34604 15.6933
    endloop
  endfacet
  facet normal 0.707023 0.636606 0.307979
    outer loop
      vertex 19.6061 -4.95581 15.604
      vertex 19.0155 -4.34797 15.7034
      vertex 19.5799 -4.9748 15.7034
    endloop
  endfacet
  facet normal 0.708257 0.229947 0.667456
    outer loop
      vertex 19.6061 -5.15918 15.7939
      vertex 19.516 -5.1072 15.8716
      vertex 19.5376 -5.17373 15.8716
    endloop
  endfacet
  facet normal 0.904942 -0.294078 0.307569
    outer loop
      vertex 19.6572 -5.33825 15.7034
      vertex 19.6572 -5.44221 15.604
      vertex 19.6888 -5.34497 15.604
    endloop
  endfacet
  facet normal 0.945883 -0.307383 0.104026
    outer loop
      vertex 19.6888 -5.34497 15.604
      vertex 19.6572 -5.44221 15.604
      vertex 19.6995 -5.34724 15.5
    endloop
  endfacet
  facet normal 0.989189 -0.103715 0.103675
    outer loop
      vertex 19.6995 -5.24328 15.604
      vertex 19.6995 -5.34724 15.5
      vertex 19.7104 -5.24328 15.5
    endloop
  endfacet
  facet normal 0.824801 -0.267998 0.497876
    outer loop
      vertex 18.6666 -8.21883 15.7939
      vertex 19.6572 -5.33825 15.7034
      vertex 19.6061 -5.32739 15.7939
    endloop
  endfacet
  facet normal 0.824789 -0.267993 0.497898
    outer loop
      vertex 19.6572 -5.33825 15.7034
      vertex 18.6666 -8.21883 15.7939
      vertex 18.7177 -8.2297 15.7034
    endloop
  endfacet
  facet normal 0.750605 -0.433844 0.498369
    outer loop
      vertex 18.6404 -8.29926 15.7939
      vertex 18.6404 -8.40322 15.7034
      vertex 18.6882 -8.32052 15.7034
    endloop
  endfacet
  facet normal 0.823849 -0.476179 0.30745
    outer loop
      vertex 18.6882 -8.32052 15.7034
      vertex 18.6404 -8.40322 15.7034
      vertex 18.7177 -8.33366 15.604
    endloop
  endfacet
  facet normal 0.510603 -0.2948 0.807699
    outer loop
      vertex 16.4087 -11.8574 15.933
      vertex 18.5416 -8.33138 15.8716
      vertex 18.4993 -8.23642 15.933
    endloop
  endfacet
  facet normal 0.510526 -0.294753 0.807765
    outer loop
      vertex 18.5416 -8.33138 15.8716
      vertex 16.4087 -11.8574 15.933
      vertex 16.451 -11.9524 15.8716
    endloop
  endfacet
  facet normal 0.586366 -0.0623794 0.807641
    outer loop
      vertex 19.545 -5.24328 15.8716
      vertex 19.4549 -5.29526 15.933
      vertex 19.5376 -5.31284 15.8716
    endloop
  endfacet
  facet normal 0.586365 0.0623882 0.807641
    outer loop
      vertex 19.5376 -5.17373 15.8716
      vertex 19.4549 -5.19131 15.933
      vertex 19.545 -5.24328 15.8716
    endloop
  endfacet
  facet normal -0.181119 0.104255 -0.97792
    outer loop
      vertex -19.2581 -5.22203 0.00273991
      vertex -19.3515 -5.18044 0.0244722
      vertex -19.3354 -5.15247 0.0244722
    endloop
  endfacet
  facet normal 0.38843 0.125804 0.91285
    outer loop
      vertex 19.4388 -5.1416 15.933
      vertex 19.3515 -5.18044 15.9755
      vertex 19.4549 -5.19131 15.933
    endloop
  endfacet
  facet normal 0.951057 0.309015 0
    outer loop
      vertex 19.6995 -5.13933 15.5
      vertex 19.6672 -5.03992 0.5
      vertex 19.6672 -5.03992 15.5
    endloop
  endfacet
  facet normal 0.951057 0.309015 0
    outer loop
      vertex 19.6672 -5.03992 0.5
      vertex 19.6995 -5.13933 15.5
      vertex 19.6995 -5.13933 0.5
    endloop
  endfacet
  facet normal 0.554251 0.498332 0.666687
    outer loop
      vertex 19.4811 -4.94268 15.7939
      vertex 19.4811 -5.04663 15.8716
      vertex 19.5376 -5.00552 15.7939
    endloop
  endfacet
  facet normal 0.155335 0.139869 -0.97791
    outer loop
      vertex 19.2454 -5.20444 0.00273991
      vertex 18.771 -4.52564 0.0244722
      vertex 19.3138 -5.12846 0.0244722
    endloop
  endfacet
  facet normal 0.155334 0.139868 -0.97791
    outer loop
      vertex 18.771 -4.52564 0.0244722
      vertex 19.2454 -5.20444 0.00273991
      vertex 18.6883 -4.58574 0.00273991
    endloop
  endfacet
  facet normal -0.353864 -0.204309 -0.912709
    outer loop
      vertex -16.4087 -11.8574 0.066988
      vertex -18.4121 -8.19758 0.0244722
      vertex -16.3215 -11.8185 0.0244722
    endloop
  endfacet
  facet normal -0.353958 -0.20436 -0.912661
    outer loop
      vertex -18.4121 -8.19758 0.0244722
      vertex -16.4087 -11.8574 0.066988
      vertex -18.4993 -8.23642 0.066988
    endloop
  endfacet
  facet normal -0.904976 -0.294048 -0.307497
    outer loop
      vertex -18.7177 -8.2297 0.296632
      vertex -19.6572 -5.44221 0.396045
      vertex -19.6572 -5.33825 0.296632
    endloop
  endfacet
  facet normal -0.904976 -0.294048 -0.307497
    outer loop
      vertex -19.6572 -5.44221 0.396045
      vertex -18.7177 -8.2297 0.296632
      vertex -18.7177 -8.33366 0.396045
    endloop
  endfacet
  facet normal -0.989108 -0.104076 -0.104081
    outer loop
      vertex -19.6888 -5.34497 0.396045
      vertex -19.6995 -5.34724 0.5
      vertex -19.6995 -5.24328 0.396045
    endloop
  endfacet
  facet normal -0.951055 -0.30902 0
    outer loop
      vertex -18.76 -8.23869 0.5
      vertex -19.6995 -5.34724 15.5
      vertex -19.6995 -5.34724 0.5
    endloop
  endfacet
  facet normal -0.951055 -0.30902 0
    outer loop
      vertex -19.6995 -5.34724 15.5
      vertex -18.76 -8.23869 0.5
      vertex -18.76 -8.23869 15.5
    endloop
  endfacet
  facet normal -0.644784 0.579731 0.498162
    outer loop
      vertex -19.4811 -4.94268 15.7939
      vertex -19.5799 -4.9748 15.7034
      vertex -19.5376 -5.00552 15.7939
    endloop
  endfacet
  facet normal 0.994547 0.104286 0
    outer loop
      vertex 19.7104 -5.24328 15.5
      vertex 19.6995 -5.13933 0.5
      vertex 19.6995 -5.13933 15.5
    endloop
  endfacet
  facet normal 0.994547 0.104286 0
    outer loop
      vertex 19.6995 -5.13933 0.5
      vertex 19.7104 -5.24328 15.5
      vertex 19.7104 -5.24328 0.5
    endloop
  endfacet
  facet normal 0.645484 0.372801 0.666611
    outer loop
      vertex 19.5376 -5.00552 15.7939
      vertex 19.4811 -5.04663 15.8716
      vertex 19.5799 -5.07876 15.7939
    endloop
  endfacet
  facet normal 0.553635 0.498495 -0.667077
    outer loop
      vertex 18.9167 -4.4198 0.128428
      vertex 19.4811 -4.94268 0.206108
      vertex 19.4811 -5.04663 0.128428
    endloop
  endfacet
  facet normal 0.553811 0.498734 -0.666752
    outer loop
      vertex 19.4811 -4.94268 0.206108
      vertex 18.9167 -4.4198 0.128428
      vertex 18.9732 -4.37869 0.206108
    endloop
  endfacet
  facet normal 0.739346 0.665297 -0.103674
    outer loop
      vertex 19.6061 -4.95581 0.396045
      vertex 19.545 -4.87171 0.5
      vertex 19.6149 -4.94939 0.5
    endloop
  endfacet
  facet normal -0.208563 0.0220771 0.97776
    outer loop
      vertex -19.3615 -5.21116 15.9755
      vertex -19.3649 -5.24328 15.9755
      vertex -19.2627 -5.24328 15.9973
    endloop
  endfacet
  facet normal -0.862474 -0.0908154 0.497886
    outer loop
      vertex -19.6061 -5.32739 15.7939
      vertex -19.6672 -5.24328 15.7034
      vertex -19.6572 -5.33825 15.7034
    endloop
  endfacet
  facet normal -0.865819 -0.500357 0
    outer loop
      vertex -16.5848 -12.0496 0.5
      vertex -16.6371 -11.9591 15.5
      vertex -16.6371 -11.9591 0.5
    endloop
  endfacet
  facet normal -0.865819 -0.500357 0
    outer loop
      vertex -16.6371 -11.9591 15.5
      vertex -16.5848 -12.0496 0.5
      vertex -16.5848 -12.0496 15.5
    endloop
  endfacet
  facet normal -0.208272 -0.0229923 0.977801
    outer loop
      vertex -19.2627 -5.24328 15.9973
      vertex -19.3615 -5.27541 15.9755
      vertex -19.2615 -5.25415 15.9973
    endloop
  endfacet
  facet normal -0.865891 0.500233 0
    outer loop
      vertex -19.6672 -5.03992 0.5
      vertex -19.6149 -4.94939 15.5
      vertex -19.6149 -4.94939 0.5
    endloop
  endfacet
  facet normal -0.865891 0.500233 0
    outer loop
      vertex -19.6149 -4.94939 15.5
      vertex -19.6672 -5.03992 0.5
      vertex -19.6672 -5.03992 15.5
    endloop
  endfacet
  facet normal -0.708378 0.230782 0.667038
    outer loop
      vertex -19.5799 -5.07876 15.7939
      vertex -19.6061 -5.15918 15.7939
      vertex -19.516 -5.1072 15.8716
    endloop
  endfacet
  facet normal -0.707089 0.636665 0.307705
    outer loop
      vertex -19.0417 -4.32898 15.604
      vertex -19.6061 -4.95581 15.604
      vertex -19.0182 -4.34604 15.6933
    endloop
  endfacet
  facet normal 0.823931 -0.47568 0.308002
    outer loop
      vertex 16.5499 -12.0242 15.7034
      vertex 18.6666 -8.4222 15.604
      vertex 18.6404 -8.40322 15.7034
    endloop
  endfacet
  facet normal 0.824108 -0.475803 0.307339
    outer loop
      vertex 18.6666 -8.4222 15.604
      vertex 16.5499 -12.0242 15.7034
      vertex 16.576 -12.0432 15.604
    endloop
  endfacet
  facet normal 0.75105 -0.433417 0.49807
    outer loop
      vertex 16.5499 -11.9202 15.7939
      vertex 16.5076 -11.9935 15.7939
      vertex 16.5499 -12.0242 15.7034
    endloop
  endfacet
  facet normal 0.861403 -0.49715 0.104052
    outer loop
      vertex 18.7177 -8.33366 15.604
      vertex 18.6666 -8.4222 15.604
      vertex 18.7277 -8.3381 15.5
    endloop
  endfacet
  facet normal 0 -1 0
    outer loop
      vertex 11.7313 -14.3369 0.5
      vertex 13.2687 -14.3369 15.5
      vertex 11.7313 -14.3369 15.5
    endloop
  endfacet
  facet normal 0 -1 -0
    outer loop
      vertex 13.2687 -14.3369 15.5
      vertex 11.7313 -14.3369 0.5
      vertex 13.2687 -14.3369 0.5
    endloop
  endfacet
  facet normal 0 -1 0
    outer loop
      vertex -13.2687 -14.3369 0.5
      vertex -11.7313 -14.3369 15.5
      vertex -13.2687 -14.3369 15.5
    endloop
  endfacet
  facet normal 0 -1 -0
    outer loop
      vertex -11.7313 -14.3369 15.5
      vertex -13.2687 -14.3369 0.5
      vertex -11.7313 -14.3369 0.5
    endloop
  endfacet
  facet normal 0.7511 -0.433445 -0.49797
    outer loop
      vertex 16.5499 -12.0242 0.296632
      vertex 16.5076 -11.9935 0.206108
      vertex 16.5499 -11.9202 0.206108
    endloop
  endfacet
  facet normal 0.644194 -0.580595 -0.497919
    outer loop
      vertex 16.5499 -12.0242 0.296632
      vertex 16.451 -12.0563 0.206108
      vertex 16.5076 -11.9935 0.206108
    endloop
  endfacet
  facet normal 0.82401 -0.47557 -0.307962
    outer loop
      vertex 18.6666 -8.4222 0.396045
      vertex 18.6404 -8.40322 0.296632
      vertex 18.7177 -8.33366 0.396045
    endloop
  endfacet
  facet normal -0.181004 -0.104724 -0.977891
    outer loop
      vertex -16.3053 -11.8465 0.0244722
      vertex -16.3215 -11.8185 0.0244722
      vertex -16.2281 -11.777 0.00273991
    endloop
  endfacet
  facet normal -0.353414 -0.204475 -0.912846
    outer loop
      vertex -16.3053 -11.8465 0.0244722
      vertex -16.3826 -11.9027 0.066988
      vertex -16.3215 -11.8185 0.0244722
    endloop
  endfacet
  facet normal 0.561465 -0.181847 -0.807272
    outer loop
      vertex 19.516 -5.37936 0.128428
      vertex 19.4388 -5.34497 0.066988
      vertex 19.4549 -5.29526 0.066988
    endloop
  endfacet
  facet normal 0.553525 -0.498385 -0.66725
    outer loop
      vertex 14.5746 -14.0363 0.128428
      vertex 16.451 -12.0563 0.206108
      vertex 14.5746 -14.1403 0.206108
    endloop
  endfacet
  facet normal 0.553743 -0.498605 -0.666904
    outer loop
      vertex 16.451 -12.0563 0.206108
      vertex 14.5746 -14.0363 0.128428
      vertex 16.451 -11.9524 0.128428
    endloop
  endfacet
  facet normal 0.645398 -0.372612 -0.6668
    outer loop
      vertex 16.5499 -11.9202 0.206108
      vertex 18.5416 -8.33138 0.128428
      vertex 18.6404 -8.29926 0.206108
    endloop
  endfacet
  facet normal 0.645205 -0.37251 -0.667044
    outer loop
      vertex 18.5416 -8.33138 0.128428
      vertex 16.5499 -11.9202 0.206108
      vertex 16.451 -11.9524 0.128428
    endloop
  endfacet
  facet normal 0.353958 -0.20436 -0.912661
    outer loop
      vertex 16.4087 -11.8574 0.066988
      vertex 18.4121 -8.19758 0.0244722
      vertex 18.4993 -8.23642 0.066988
    endloop
  endfacet
  facet normal 0.353864 -0.204309 -0.912709
    outer loop
      vertex 18.4121 -8.19758 0.0244722
      vertex 16.4087 -11.8574 0.066988
      vertex 16.3215 -11.8185 0.0244722
    endloop
  endfacet
  facet normal 0 -0.74478 -0.66731
    outer loop
      vertex -13.286 -14.1724 0.128428
      vertex -11.7213 -14.242 0.206108
      vertex -13.2787 -14.242 0.206108
    endloop
  endfacet
  facet normal 0 -0.74478 -0.66731
    outer loop
      vertex -11.7213 -14.242 0.206108
      vertex -13.286 -14.1724 0.128428
      vertex -11.714 -14.1724 0.128428
    endloop
  endfacet
  facet normal 0 -0.74478 -0.66731
    outer loop
      vertex 11.714 -14.1724 0.128428
      vertex 13.2787 -14.242 0.206108
      vertex 11.7213 -14.242 0.206108
    endloop
  endfacet
  facet normal 0 -0.74478 -0.66731
    outer loop
      vertex 13.2787 -14.242 0.206108
      vertex 11.714 -14.1724 0.128428
      vertex 13.286 -14.1724 0.128428
    endloop
  endfacet
  facet normal 0.207654 -0.0229241 -0.977934
    outer loop
      vertex 19.3615 -5.27541 0.0244722
      vertex 19.2615 -5.25415 0.00273991
      vertex 19.2627 -5.24328 0.00273991
    endloop
  endfacet
  facet normal -0.743437 -0.668806 0
    outer loop
      vertex -16.5149 -12.1273 0.5
      vertex -16.5848 -12.0496 15.5
      vertex -16.5848 -12.0496 0.5
    endloop
  endfacet
  facet normal -0.743437 -0.668806 0
    outer loop
      vertex -16.5848 -12.0496 15.5
      vertex -16.5149 -12.1273 0.5
      vertex -16.5149 -12.1273 15.5
    endloop
  endfacet
  facet normal -0.82386 -0.476185 -0.307414
    outer loop
      vertex -18.6404 -8.40322 0.296632
      vertex -18.7177 -8.33366 0.396045
      vertex -18.6882 -8.32052 0.296632
    endloop
  endfacet
  facet normal -0.82401 -0.47557 -0.307962
    outer loop
      vertex -18.6666 -8.4222 0.396045
      vertex -18.7177 -8.33366 0.396045
      vertex -18.6404 -8.40322 0.296632
    endloop
  endfacet
  facet normal -0.945888 -0.307335 -0.104117
    outer loop
      vertex -18.7277 -8.3381 0.5
      vertex -18.76 -8.23869 0.5
      vertex -18.7177 -8.33366 0.396045
    endloop
  endfacet
  facet normal -0.945887 -0.307341 -0.104111
    outer loop
      vertex -19.6572 -5.44221 0.396045
      vertex -18.76 -8.23869 0.5
      vertex -19.6995 -5.34724 0.5
    endloop
  endfacet
  facet normal -0.945887 -0.307341 -0.104111
    outer loop
      vertex -18.76 -8.23869 0.5
      vertex -19.6572 -5.44221 0.396045
      vertex -18.7177 -8.33366 0.396045
    endloop
  endfacet
  facet normal -0.945878 -0.307381 -0.104071
    outer loop
      vertex -19.6572 -5.44221 0.396045
      vertex -19.6995 -5.34724 0.5
      vertex -19.6888 -5.34497 0.396045
    endloop
  endfacet
  facet normal -0.750654 -0.433873 -0.49827
    outer loop
      vertex -18.6404 -8.40322 0.296632
      vertex -18.6882 -8.32052 0.296632
      vertex -18.6404 -8.29926 0.206108
    endloop
  endfacet
  facet normal 0.199289 -0.0652148 0.977768
    outer loop
      vertex 19.2615 -5.25415 15.9973
      vertex 19.2581 -5.26454 15.9973
      vertex 19.3615 -5.27541 15.9755
    endloop
  endfacet
  facet normal -0.644286 0.580211 0.498248
    outer loop
      vertex -19.0108 -4.3514 15.7135
      vertex -19.4811 -4.94268 15.7939
      vertex -18.9732 -4.37869 15.7939
    endloop
  endfacet
  facet normal 0.586244 0.0620423 0.807756
    outer loop
      vertex 19.545 -5.24328 15.8716
      vertex 19.4549 -5.19131 15.933
      vertex 19.4604 -5.24328 15.933
    endloop
  endfacet
  facet normal 0.406205 -0.0429806 0.91277
    outer loop
      vertex 19.4604 -5.24328 15.933
      vertex 19.3615 -5.27541 15.9755
      vertex 19.4549 -5.29526 15.933
    endloop
  endfacet
  facet normal 0.511052 0.294464 0.807537
    outer loop
      vertex 19.4811 -5.04663 15.8716
      vertex 19.4388 -5.1416 15.933
      vertex 19.516 -5.1072 15.8716
    endloop
  endfacet
  facet normal 0.406204 0.0429887 0.912771
    outer loop
      vertex 19.4549 -5.19131 15.933
      vertex 19.3615 -5.21116 15.9755
      vertex 19.4604 -5.24328 15.933
    endloop
  endfacet
  facet normal 0.741198 -0.0775478 0.666792
    outer loop
      vertex 19.6149 -5.24328 15.7939
      vertex 19.545 -5.24328 15.8716
      vertex 19.6061 -5.32739 15.7939
    endloop
  endfacet
  facet normal 0.740426 -0.0787687 0.667507
    outer loop
      vertex 19.545 -5.24328 15.8716
      vertex 19.5376 -5.31284 15.8716
      vertex 19.6061 -5.32739 15.7939
    endloop
  endfacet
  facet normal 0.824812 -0.267914 0.497902
    outer loop
      vertex 18.7177 -8.2297 15.7034
      vertex 18.6666 -8.21883 15.7939
      vertex 18.6882 -8.32052 15.7034
    endloop
  endfacet
  facet normal 0.905018 -0.293966 0.307452
    outer loop
      vertex 18.7177 -8.2297 15.7034
      vertex 18.6882 -8.32052 15.7034
      vertex 18.7177 -8.33366 15.604
    endloop
  endfacet
  facet normal 0.15571 -0.140331 0.977784
    outer loop
      vertex 16.2226 -11.7864 15.9973
      vertex 16.2153 -11.7945 15.9973
      vertex 16.2837 -11.8705 15.9755
    endloop
  endfacet
  facet normal 0.303359 -0.273152 0.912886
    outer loop
      vertex 16.2837 -11.8705 15.9755
      vertex 14.5062 -13.9866 15.933
      vertex 16.3826 -11.9027 15.933
    endloop
  endfacet
  facet normal 0.30354 -0.273303 0.912781
    outer loop
      vertex 14.5062 -13.9866 15.933
      vertex 16.2837 -11.8705 15.9755
      vertex 14.4073 -13.9545 15.9755
    endloop
  endfacet
  facet normal 0.155921 0.140175 0.977773
    outer loop
      vertex 19.3138 -5.12846 15.9755
      vertex 19.2454 -5.20444 15.9973
      vertex 19.2527 -5.21256 15.9973
    endloop
  endfacet
  facet normal -0.553446 -0.498806 0.667001
    outer loop
      vertex -16.451 -11.9524 15.8716
      vertex -16.5076 -11.9935 15.7939
      vertex -16.451 -12.0563 15.7939
    endloop
  endfacet
  facet normal -0.15571 -0.140331 0.977784
    outer loop
      vertex -16.2226 -11.7864 15.9973
      vertex -16.2837 -11.8705 15.9755
      vertex -16.2153 -11.7945 15.9973
    endloop
  endfacet
  facet normal 0.199375 -0.0647747 0.97778
    outer loop
      vertex 18.3187 -8.15599 15.9973
      vertex 19.3515 -5.30613 15.9755
      vertex 19.2581 -5.26454 15.9973
    endloop
  endfacet
  facet normal 0.199375 -0.0647747 0.97778
    outer loop
      vertex 19.3515 -5.30613 15.9755
      vertex 18.3187 -8.15599 15.9973
      vertex 18.4121 -8.19758 15.9755
    endloop
  endfacet
  facet normal 0.561227 -0.181769 0.807455
    outer loop
      vertex 19.4549 -5.29526 15.933
      vertex 19.4388 -5.34497 15.933
      vertex 19.516 -5.37936 15.8716
    endloop
  endfacet
  facet normal 0.560888 -0.182128 0.80761
    outer loop
      vertex 19.5376 -5.31284 15.8716
      vertex 19.4549 -5.29526 15.933
      vertex 19.516 -5.37936 15.8716
    endloop
  endfacet
  facet normal 0.64457 0.580362 0.497704
    outer loop
      vertex 19.5799 -4.9748 15.7034
      vertex 19.0108 -4.3514 15.7135
      vertex 19.4811 -4.94268 15.7939
    endloop
  endfacet
  facet normal 0.644777 0.58056 0.497205
    outer loop
      vertex 19.0108 -4.3514 15.7135
      vertex 19.5799 -4.9748 15.7034
      vertex 19.0155 -4.34797 15.7034
    endloop
  endfacet
  facet normal 0.30377 0.273279 0.912711
    outer loop
      vertex 19.4126 -5.09634 15.933
      vertex 19.3138 -5.12846 15.9755
      vertex 19.3354 -5.15247 15.9755
    endloop
  endfacet
  facet normal 0.946314 0.099654 0.307504
    outer loop
      vertex 19.6995 -5.24328 15.604
      vertex 19.6572 -5.14832 15.7034
      vertex 19.6672 -5.24328 15.7034
    endloop
  endfacet
  facet normal -0.553382 -0.498749 -0.667096
    outer loop
      vertex -16.451 -12.0563 0.206108
      vertex -16.5076 -11.9935 0.206108
      vertex -16.451 -11.9524 0.128428
    endloop
  endfacet
  facet normal -0.511289 -0.294601 -0.807338
    outer loop
      vertex -18.5416 -8.33138 0.128428
      vertex -18.5765 -8.27081 0.128428
      vertex -18.4993 -8.23642 0.066988
    endloop
  endfacet
  facet normal -0.945878 0.307381 -0.104071
    outer loop
      vertex -19.6888 -5.1416 0.396045
      vertex -19.6995 -5.13933 0.5
      vertex -19.6572 -5.04436 0.396045
    endloop
  endfacet
  facet normal -0.561126 -0.182206 -0.807427
    outer loop
      vertex -19.516 -5.37936 0.128428
      vertex -19.5376 -5.31284 0.128428
      vertex -19.4549 -5.29526 0.066988
    endloop
  endfacet
  facet normal -0.994548 -0.104276 0
    outer loop
      vertex -19.6995 -5.34724 0.5
      vertex -19.7104 -5.24328 15.5
      vertex -19.7104 -5.24328 0.5
    endloop
  endfacet
  facet normal -0.994548 -0.104276 0
    outer loop
      vertex -19.7104 -5.24328 15.5
      vertex -19.6995 -5.34724 0.5
      vertex -19.6995 -5.34724 15.5
    endloop
  endfacet
  facet normal -0.708374 -0.230752 0.667053
    outer loop
      vertex -18.5765 -8.27081 15.8716
      vertex -18.6666 -8.21883 15.7939
      vertex -18.6404 -8.29926 15.7939
    endloop
  endfacet
  facet normal 0.388723 -0.126305 -0.912656
    outer loop
      vertex 18.4121 -8.19758 0.0244722
      vertex 19.4388 -5.34497 0.066988
      vertex 18.4993 -8.23642 0.066988
    endloop
  endfacet
  facet normal 0.388404 -0.126188 -0.912808
    outer loop
      vertex 19.4388 -5.34497 0.066988
      vertex 18.4121 -8.19758 0.0244722
      vertex 19.3515 -5.30613 0.0244722
    endloop
  endfacet
  facet normal 0.561133 0.18218 -0.807428
    outer loop
      vertex 19.5376 -5.17373 0.128428
      vertex 19.4549 -5.19131 0.066988
      vertex 19.516 -5.1072 0.128428
    endloop
  endfacet
  facet normal 0.64541 0.372758 -0.666706
    outer loop
      vertex 19.5799 -5.07876 0.206108
      vertex 19.4811 -5.04663 0.128428
      vertex 19.5376 -5.00552 0.206108
    endloop
  endfacet
  facet normal 0.862288 0.0902275 0.498316
    outer loop
      vertex 19.6672 -5.24328 15.7034
      vertex 19.6061 -5.15918 15.7939
      vertex 19.6149 -5.24328 15.7939
    endloop
  endfacet
  facet normal 0.644784 0.579731 0.498162
    outer loop
      vertex 19.5799 -4.9748 15.7034
      vertex 19.4811 -4.94268 15.7939
      vertex 19.5376 -5.00552 15.7939
    endloop
  endfacet
  facet normal 0.707091 0.636667 -0.307696
    outer loop
      vertex 19.6061 -4.95581 0.396045
      vertex 19.0182 -4.34604 0.306742
      vertex 19.0417 -4.32898 0.396045
    endloop
  endfacet
  facet normal 0.824012 0.475517 0.30804
    outer loop
      vertex 19.6061 -4.95581 15.604
      vertex 19.5799 -4.9748 15.7034
      vertex 19.6572 -5.04436 15.604
    endloop
  endfacet
  facet normal -0.353304 -0.204412 0.912903
    outer loop
      vertex -16.3215 -11.8185 15.9755
      vertex -16.3826 -11.9027 15.933
      vertex -16.3053 -11.8465 15.9755
    endloop
  endfacet
  facet normal -0.905018 -0.293966 0.307452
    outer loop
      vertex -18.7177 -8.2297 15.7034
      vertex -18.7177 -8.33366 15.604
      vertex -18.6882 -8.32052 15.7034
    endloop
  endfacet
  facet normal 0.199327 -0.0648849 0.977783
    outer loop
      vertex 19.3615 -5.27541 15.9755
      vertex 19.2581 -5.26454 15.9973
      vertex 19.3515 -5.30613 15.9755
    endloop
  endfacet
  facet normal 0.208563 -0.0220702 0.97776
    outer loop
      vertex 19.3649 -5.24328 15.9755
      vertex 19.2627 -5.24328 15.9973
      vertex 19.3615 -5.27541 15.9755
    endloop
  endfacet
  facet normal 0.180852 -0.105817 0.977801
    outer loop
      vertex 16.2281 -11.777 15.9973
      vertex 16.2226 -11.7864 15.9973
      vertex 16.3053 -11.8465 15.9755
    endloop
  endfacet
  facet normal -0.644582 -0.580371 0.497679
    outer loop
      vertex -14.5746 -14.1403 15.7939
      vertex -16.451 -12.0563 15.7939
      vertex -14.6658 -14.1143 15.7061
    endloop
  endfacet
  facet normal -0.6443 -0.58012 0.498336
    outer loop
      vertex -14.6689 -14.1133 15.7034
      vertex -16.451 -12.0563 15.7939
      vertex -16.5499 -12.0242 15.7034
    endloop
  endfacet
  facet normal -0.635446 -0.573281 0.517259
    outer loop
      vertex -16.451 -12.0563 15.7939
      vertex -14.6689 -14.1133 15.7034
      vertex -14.6658 -14.1143 15.7061
    endloop
  endfacet
  facet normal -0.945893 0.307337 0.104072
    outer loop
      vertex -19.6672 -5.03992 15.5
      vertex -19.6995 -5.13933 15.5
      vertex -19.6572 -5.04436 15.604
    endloop
  endfacet
  facet normal -0.645538 0.371955 0.667031
    outer loop
      vertex -19.4811 -5.04663 15.8716
      vertex -19.5799 -5.07876 15.7939
      vertex -19.516 -5.1072 15.8716
    endloop
  endfacet
  facet normal -0.824012 0.475517 0.30804
    outer loop
      vertex -19.6061 -4.95581 15.604
      vertex -19.6572 -5.04436 15.604
      vertex -19.5799 -4.9748 15.7034
    endloop
  endfacet
  facet normal -0.706647 0.635843 0.310408
    outer loop
      vertex -19.6061 -4.95581 15.604
      vertex -19.0155 -4.34797 15.7034
      vertex -19.0182 -4.34604 15.6933
    endloop
  endfacet
  facet normal -0.707023 0.636606 0.307979
    outer loop
      vertex -19.0155 -4.34797 15.7034
      vertex -19.6061 -4.95581 15.604
      vertex -19.5799 -4.9748 15.7034
    endloop
  endfacet
  facet normal 0.644582 -0.580371 0.497679
    outer loop
      vertex 16.451 -12.0563 15.7939
      vertex 14.5746 -14.1403 15.7939
      vertex 14.6658 -14.1143 15.7061
    endloop
  endfacet
  facet normal 0.707169 -0.636727 0.307394
    outer loop
      vertex 14.6689 -14.1133 15.7034
      vertex 16.576 -12.0432 15.604
      vertex 16.5499 -12.0242 15.7034
    endloop
  endfacet
  facet normal 0.707491 -0.637095 0.305887
    outer loop
      vertex 16.576 -12.0432 15.604
      vertex 14.6689 -14.1133 15.7034
      vertex 14.6697 -14.1139 15.7003
    endloop
  endfacet
  facet normal 0.207944 0.0220115 -0.977893
    outer loop
      vertex 19.3649 -5.24328 0.0244722
      vertex 19.2627 -5.24328 0.00273991
      vertex 19.3615 -5.21116 0.0244722
    endloop
  endfacet
  facet normal 0.15532 -0.139848 -0.977915
    outer loop
      vertex 14.3389 -13.8785 0.00273991
      vertex 16.2837 -11.8705 0.0244722
      vertex 14.4073 -13.9545 0.0244722
    endloop
  endfacet
  facet normal 0.15532 -0.139848 -0.977915
    outer loop
      vertex 16.2837 -11.8705 0.0244722
      vertex 14.3389 -13.8785 0.00273991
      vertex 16.2153 -11.7945 0.00273991
    endloop
  endfacet
  facet normal 0.644342 -0.580158 -0.498237
    outer loop
      vertex 14.6689 -14.1133 0.296632
      vertex 16.451 -12.0563 0.206108
      vertex 16.5499 -12.0242 0.296632
    endloop
  endfacet
  facet normal 0.639626 -0.576521 -0.508431
    outer loop
      vertex 16.451 -12.0563 0.206108
      vertex 14.6689 -14.1133 0.296632
      vertex 14.6658 -14.1143 0.293866
    endloop
  endfacet
  facet normal 0.743437 -0.668806 0
    outer loop
      vertex 16.5149 -12.1273 15.5
      vertex 16.5848 -12.0496 0.5
      vertex 16.5848 -12.0496 15.5
    endloop
  endfacet
  facet normal 0.743437 -0.668806 0
    outer loop
      vertex 16.5848 -12.0496 0.5
      vertex 16.5149 -12.1273 15.5
      vertex 16.5149 -12.1273 0.5
    endloop
  endfacet
  facet normal 0.861333 -0.497294 -0.103939
    outer loop
      vertex 16.6371 -11.9591 0.5
      vertex 18.6666 -8.4222 0.396045
      vertex 18.7277 -8.3381 0.5
    endloop
  endfacet
  facet normal 0.861333 -0.497294 -0.103939
    outer loop
      vertex 18.6666 -8.4222 0.396045
      vertex 16.6371 -11.9591 0.5
      vertex 16.576 -12.0432 0.396045
    endloop
  endfacet
  facet normal 0.861166 -0.497668 -0.103538
    outer loop
      vertex 16.5848 -12.0496 0.5
      vertex 16.576 -12.0432 0.396045
      vertex 16.6371 -11.9591 0.5
    endloop
  endfacet
  facet normal 0.438425 -0.39477 -0.807428
    outer loop
      vertex 14.5746 -14.0363 0.128428
      vertex 16.3826 -11.9027 0.066988
      vertex 16.451 -11.9524 0.128428
    endloop
  endfacet
  facet normal 0.438425 -0.39477 -0.807428
    outer loop
      vertex 16.3826 -11.9027 0.066988
      vertex 14.5746 -14.0363 0.128428
      vertex 14.5062 -13.9866 0.066988
    endloop
  endfacet
  facet normal -0.303864 0.273364 -0.912655
    outer loop
      vertex -19.3354 -5.15247 0.0244722
      vertex -19.4126 -5.09634 0.066988
      vertex -19.3138 -5.12846 0.0244722
    endloop
  endfacet
  facet normal -0.707327 -0.636896 -0.306678
    outer loop
      vertex -14.6996 -14.1271 0.396045
      vertex -16.576 -12.0432 0.396045
      vertex -14.6697 -14.1139 0.29967
    endloop
  endfacet
  facet normal 0.904976 -0.294048 -0.307497
    outer loop
      vertex 19.6572 -5.44221 0.396045
      vertex 18.7177 -8.2297 0.296632
      vertex 19.6572 -5.33825 0.296632
    endloop
  endfacet
  facet normal 0.904976 -0.294048 -0.307497
    outer loop
      vertex 18.7177 -8.2297 0.296632
      vertex 19.6572 -5.44221 0.396045
      vertex 18.7177 -8.33366 0.396045
    endloop
  endfacet
  facet normal 0.751026 -0.433595 -0.497951
    outer loop
      vertex 18.6404 -8.40322 0.296632
      vertex 16.5499 -11.9202 0.206108
      vertex 18.6404 -8.29926 0.206108
    endloop
  endfacet
  facet normal 0.750958 -0.433551 -0.498092
    outer loop
      vertex 16.5499 -11.9202 0.206108
      vertex 18.6404 -8.40322 0.296632
      vertex 16.5499 -12.0242 0.296632
    endloop
  endfacet
  facet normal 0.511223 -0.294546 -0.807399
    outer loop
      vertex 16.451 -11.9524 0.128428
      vertex 16.3826 -11.9027 0.066988
      vertex 16.4087 -11.8574 0.066988
    endloop
  endfacet
  facet normal 0.510743 -0.294878 -0.807582
    outer loop
      vertex 16.4087 -11.8574 0.066988
      vertex 18.5416 -8.33138 0.128428
      vertex 16.451 -11.9524 0.128428
    endloop
  endfacet
  facet normal 0.51082 -0.294926 -0.807516
    outer loop
      vertex 18.5416 -8.33138 0.128428
      vertex 16.4087 -11.8574 0.066988
      vertex 18.4993 -8.23642 0.066988
    endloop
  endfacet
  facet normal 0.198697 -0.0650211 -0.977902
    outer loop
      vertex 19.3615 -5.27541 0.0244722
      vertex 19.2581 -5.26454 0.00273991
      vertex 19.2615 -5.25415 0.00273991
    endloop
  endfacet
  facet normal 0.180315 -0.105503 -0.977934
    outer loop
      vertex 16.3053 -11.8465 0.0244722
      vertex 16.2226 -11.7864 0.00273991
      vertex 16.2281 -11.777 0.00273991
    endloop
  endfacet
  facet normal 0.181004 -0.104724 -0.977891
    outer loop
      vertex 16.3053 -11.8465 0.0244722
      vertex 16.2281 -11.777 0.00273991
      vertex 16.3215 -11.8185 0.0244722
    endloop
  endfacet
  facet normal 0.303453 -0.273237 -0.91283
    outer loop
      vertex 14.5062 -13.9866 0.066988
      vertex 16.2837 -11.8705 0.0244722
      vertex 16.3826 -11.9027 0.066988
    endloop
  endfacet
  facet normal 0.303635 -0.273388 -0.912724
    outer loop
      vertex 16.2837 -11.8705 0.0244722
      vertex 14.5062 -13.9866 0.066988
      vertex 14.4073 -13.9545 0.0244722
    endloop
  endfacet
  facet normal -0.644342 -0.580158 -0.498237
    outer loop
      vertex -16.451 -12.0563 0.206108
      vertex -14.6689 -14.1133 0.296632
      vertex -16.5499 -12.0242 0.296632
    endloop
  endfacet
  facet normal -0.639626 -0.576521 -0.508431
    outer loop
      vertex -14.6689 -14.1133 0.296632
      vertex -16.451 -12.0563 0.206108
      vertex -14.6658 -14.1143 0.293866
    endloop
  endfacet
  facet normal -0.7511 -0.433445 -0.49797
    outer loop
      vertex -16.5076 -11.9935 0.206108
      vertex -16.5499 -12.0242 0.296632
      vertex -16.5499 -11.9202 0.206108
    endloop
  endfacet
  facet normal 0.645518 -0.371943 0.667057
    outer loop
      vertex 18.5765 -8.27081 15.8716
      vertex 18.5416 -8.33138 15.8716
      vertex 18.6404 -8.29926 15.7939
    endloop
  endfacet
  facet normal 0.511072 -0.294476 0.807521
    outer loop
      vertex 18.5765 -8.27081 15.8716
      vertex 18.4993 -8.23642 15.933
      vertex 18.5416 -8.33138 15.8716
    endloop
  endfacet
  facet normal 0.511006 -0.294421 0.807582
    outer loop
      vertex 16.4087 -11.8574 15.933
      vertex 16.3826 -11.9027 15.933
      vertex 16.451 -11.9524 15.8716
    endloop
  endfacet
  facet normal -0.303397 -0.273057 0.912902
    outer loop
      vertex -16.3053 -11.8465 15.9755
      vertex -16.3826 -11.9027 15.933
      vertex -16.2837 -11.8705 15.9755
    endloop
  endfacet
  facet normal 0.181543 -0.105036 0.977757
    outer loop
      vertex 16.3215 -11.8185 15.9755
      vertex 16.2281 -11.777 15.9973
      vertex 16.3053 -11.8465 15.9755
    endloop
  endfacet
  facet normal -0.406206 0.0429982 0.912769
    outer loop
      vertex -19.3615 -5.21116 15.9755
      vertex -19.4604 -5.24328 15.933
      vertex -19.3649 -5.24328 15.9755
    endloop
  endfacet
  facet normal 0.388456 0.126451 0.91275
    outer loop
      vertex 19.4549 -5.19131 15.933
      vertex 19.3515 -5.18044 15.9755
      vertex 19.3615 -5.21116 15.9755
    endloop
  endfacet
  facet normal 0.208563 0.0220771 0.97776
    outer loop
      vertex 19.3615 -5.21116 15.9755
      vertex 19.2627 -5.24328 15.9973
      vertex 19.3649 -5.24328 15.9755
    endloop
  endfacet
  facet normal -0.64529 -0.372384 0.667032
    outer loop
      vertex -16.451 -11.9524 15.8716
      vertex -16.5499 -11.9202 15.7939
      vertex -16.5076 -11.9935 15.7939
    endloop
  endfacet
  facet normal 0.155457 0.139759 -0.977906
    outer loop
      vertex 19.2527 -5.21256 0.00273991
      vertex 19.2454 -5.20444 0.00273991
      vertex 19.3138 -5.12846 0.0244722
    endloop
  endfacet
  facet normal -0.561465 -0.181847 -0.807272
    outer loop
      vertex -19.4388 -5.34497 0.066988
      vertex -19.516 -5.37936 0.128428
      vertex -19.4549 -5.29526 0.066988
    endloop
  endfacet
  facet normal -0.946327 -0.0996448 -0.307468
    outer loop
      vertex -19.6572 -5.33825 0.296632
      vertex -19.6995 -5.24328 0.396045
      vertex -19.6672 -5.24328 0.296632
    endloop
  endfacet
  facet normal 0.509971 0.295211 0.807948
    outer loop
      vertex 19.4811 -5.04663 15.8716
      vertex 19.4126 -5.09634 15.933
      vertex 19.4388 -5.1416 15.933
    endloop
  endfacet
  facet normal 0.824278 0.268541 0.498449
    outer loop
      vertex 19.6277 -5.0575 15.7034
      vertex 19.5799 -5.07876 15.7939
      vertex 19.6061 -5.15918 15.7939
    endloop
  endfacet
  facet normal 0.862288 -0.0902168 0.498317
    outer loop
      vertex 19.6149 -5.24328 15.7939
      vertex 19.6061 -5.32739 15.7939
      vertex 19.6672 -5.24328 15.7034
    endloop
  endfacet
  facet normal 0.862474 -0.0908154 0.497886
    outer loop
      vertex 19.6672 -5.24328 15.7034
      vertex 19.6061 -5.32739 15.7939
      vertex 19.6572 -5.33825 15.7034
    endloop
  endfacet
  facet normal 0.946315 -0.0996436 0.307505
    outer loop
      vertex 19.6672 -5.24328 15.7034
      vertex 19.6572 -5.33825 15.7034
      vertex 19.6995 -5.24328 15.604
    endloop
  endfacet
  facet normal 0.861427 0.497108 0.104052
    outer loop
      vertex 19.6672 -5.03992 15.5
      vertex 19.6061 -4.95581 15.604
      vertex 19.6572 -5.04436 15.604
    endloop
  endfacet
  facet normal 0.862473 0.0908249 0.497887
    outer loop
      vertex 19.6572 -5.14832 15.7034
      vertex 19.6061 -5.15918 15.7939
      vertex 19.6672 -5.24328 15.7034
    endloop
  endfacet
  facet normal -0.861423 0.497106 -0.104097
    outer loop
      vertex -19.6572 -5.04436 0.396045
      vertex -19.6672 -5.03992 0.5
      vertex -19.6061 -4.95581 0.396045
    endloop
  endfacet
  facet normal -0.946314 -0.0995728 -0.307532
    outer loop
      vertex -19.6888 -5.34497 0.396045
      vertex -19.6995 -5.24328 0.396045
      vertex -19.6572 -5.33825 0.296632
    endloop
  endfacet
  facet normal -0.861229 0.49754 -0.103632
    outer loop
      vertex -19.6061 -4.95581 0.396045
      vertex -19.6672 -5.03992 0.5
      vertex -19.6149 -4.94939 0.5
    endloop
  endfacet
  facet normal -0.644615 0.580391 -0.497612
    outer loop
      vertex -19.5799 -4.9748 0.296632
      vertex -19.0108 -4.3514 0.286515
      vertex -19.4811 -4.94268 0.206108
    endloop
  endfacet
  facet normal -0.645045 0.580801 -0.496576
    outer loop
      vertex -19.0108 -4.3514 0.286515
      vertex -19.5799 -4.9748 0.296632
      vertex -19.0155 -4.34797 0.296632
    endloop
  endfacet
  facet normal -0.989184 -0.103714 -0.103719
    outer loop
      vertex -19.6995 -5.34724 0.5
      vertex -19.7104 -5.24328 0.5
      vertex -19.6995 -5.24328 0.396045
    endloop
  endfacet
  facet normal -0.989183 0.103724 -0.103719
    outer loop
      vertex -19.6995 -5.24328 0.396045
      vertex -19.7104 -5.24328 0.5
      vertex -19.6995 -5.13933 0.5
    endloop
  endfacet
  facet normal -0.945883 -0.307383 0.104026
    outer loop
      vertex -19.6888 -5.34497 15.604
      vertex -19.6995 -5.34724 15.5
      vertex -19.6572 -5.44221 15.604
    endloop
  endfacet
  facet normal -0.207654 -0.0229241 -0.977934
    outer loop
      vertex -19.2615 -5.25415 0.00273991
      vertex -19.3615 -5.27541 0.0244722
      vertex -19.2627 -5.24328 0.00273991
    endloop
  endfacet
  facet normal 0.824022 0.475523 -0.308003
    outer loop
      vertex 19.6572 -5.04436 0.396045
      vertex 19.5799 -4.9748 0.296632
      vertex 19.6061 -4.95581 0.396045
    endloop
  endfacet
  facet normal 0.198735 -0.0646922 -0.977916
    outer loop
      vertex 19.3515 -5.30613 0.0244722
      vertex 19.2581 -5.26454 0.00273991
      vertex 19.3615 -5.27541 0.0244722
    endloop
  endfacet
  facet normal 0.181693 0.103605 -0.977882
    outer loop
      vertex 19.2581 -5.22203 0.00273991
      vertex 19.2527 -5.21256 0.00273991
      vertex 19.3354 -5.15247 0.0244722
    endloop
  endfacet
  facet normal 0.708167 -0.229952 -0.667549
    outer loop
      vertex 19.6061 -5.32739 0.206108
      vertex 19.516 -5.37936 0.128428
      vertex 19.5376 -5.31284 0.128428
    endloop
  endfacet
  facet normal 0.824343 -0.268529 -0.498349
    outer loop
      vertex 18.6882 -8.32052 0.296632
      vertex 18.6404 -8.29926 0.206108
      vertex 18.6666 -8.21883 0.206108
    endloop
  endfacet
  facet normal 0.945878 -0.307381 -0.104071
    outer loop
      vertex 19.6995 -5.34724 0.5
      vertex 19.6572 -5.44221 0.396045
      vertex 19.6888 -5.34497 0.396045
    endloop
  endfacet
  facet normal 0.865891 0.500233 0
    outer loop
      vertex 19.6672 -5.03992 15.5
      vertex 19.6149 -4.94939 0.5
      vertex 19.6149 -4.94939 15.5
    endloop
  endfacet
  facet normal 0.865891 0.500233 0
    outer loop
      vertex 19.6149 -4.94939 0.5
      vertex 19.6672 -5.03992 15.5
      vertex 19.6672 -5.03992 0.5
    endloop
  endfacet
  facet normal 0.989183 0.103724 -0.103719
    outer loop
      vertex 19.7104 -5.24328 0.5
      vertex 19.6995 -5.24328 0.396045
      vertex 19.6995 -5.13933 0.5
    endloop
  endfacet
  facet normal 0.750654 0.433873 -0.49827
    outer loop
      vertex 19.6277 -5.0575 0.296632
      vertex 19.5799 -5.07876 0.206108
      vertex 19.5799 -4.9748 0.296632
    endloop
  endfacet
  facet normal 0.861423 0.497106 -0.104097
    outer loop
      vertex 19.6572 -5.04436 0.396045
      vertex 19.6061 -4.95581 0.396045
      vertex 19.6672 -5.03992 0.5
    endloop
  endfacet
  facet normal -0.945892 -0.307342 0.104066
    outer loop
      vertex -18.76 -8.23869 15.5
      vertex -19.6572 -5.44221 15.604
      vertex -19.6995 -5.34724 15.5
    endloop
  endfacet
  facet normal -0.945892 -0.307342 0.104066
    outer loop
      vertex -19.6572 -5.44221 15.604
      vertex -18.76 -8.23869 15.5
      vertex -18.7177 -8.33366 15.604
    endloop
  endfacet
  facet normal -0.945893 -0.307337 0.104072
    outer loop
      vertex -18.7177 -8.33366 15.604
      vertex -18.76 -8.23869 15.5
      vertex -18.7277 -8.3381 15.5
    endloop
  endfacet
  facet normal -0.553807 -0.498663 0.666809
    outer loop
      vertex -16.451 -12.0563 15.7939
      vertex -14.5746 -14.0363 15.8716
      vertex -16.451 -11.9524 15.8716
    endloop
  endfacet
  facet normal -0.553588 -0.498442 0.667155
    outer loop
      vertex -14.5746 -14.0363 15.8716
      vertex -16.451 -12.0563 15.7939
      vertex -14.5746 -14.1403 15.7939
    endloop
  endfacet
  facet normal -0.553875 0.498791 0.666656
    outer loop
      vertex -19.4811 -4.94268 15.7939
      vertex -18.9167 -4.4198 15.8716
      vertex -18.9732 -4.37869 15.7939
    endloop
  endfacet
  facet normal -0.553698 0.498552 0.666982
    outer loop
      vertex -18.9167 -4.4198 15.8716
      vertex -19.4811 -4.94268 15.7939
      vertex -19.4811 -5.04663 15.8716
    endloop
  endfacet
  facet normal -0.554251 0.498332 0.666687
    outer loop
      vertex -19.4811 -4.94268 15.7939
      vertex -19.5376 -5.00552 15.7939
      vertex -19.4811 -5.04663 15.8716
    endloop
  endfacet
  facet normal 0.155798 0.140286 0.977776
    outer loop
      vertex 18.771 -4.52564 15.9755
      vertex 19.2454 -5.20444 15.9973
      vertex 19.3138 -5.12846 15.9755
    endloop
  endfacet
  facet normal 0.155797 0.140285 0.977777
    outer loop
      vertex 19.2454 -5.20444 15.9973
      vertex 18.771 -4.52564 15.9755
      vertex 18.6883 -4.58574 15.9973
    endloop
  endfacet
  facet normal 0 -0.951329 0.308177
    outer loop
      vertex -13.2698 -14.3261 15.604
      vertex -11.7268 -14.2939 15.7034
      vertex -13.2732 -14.2939 15.7034
    endloop
  endfacet
  facet normal 0 -0.951329 0.308177
    outer loop
      vertex -11.7268 -14.2939 15.7034
      vertex -13.2698 -14.3261 15.604
      vertex -11.7302 -14.3261 15.604
    endloop
  endfacet
  facet normal 0 -0.951329 0.308177
    outer loop
      vertex 11.7302 -14.3261 15.604
      vertex 13.2732 -14.2939 15.7034
      vertex 11.7268 -14.2939 15.7034
    endloop
  endfacet
  facet normal 0 -0.951329 0.308177
    outer loop
      vertex 13.2732 -14.2939 15.7034
      vertex 11.7302 -14.3261 15.604
      vertex 13.2698 -14.3261 15.604
    endloop
  endfacet
  facet normal -0.180852 -0.105817 0.977801
    outer loop
      vertex -16.2281 -11.777 15.9973
      vertex -16.3053 -11.8465 15.9755
      vertex -16.2226 -11.7864 15.9973
    endloop
  endfacet
  facet normal -0.951057 0.309015 0
    outer loop
      vertex -19.6995 -5.13933 0.5
      vertex -19.6672 -5.03992 15.5
      vertex -19.6672 -5.03992 0.5
    endloop
  endfacet
  facet normal -0.951057 0.309015 0
    outer loop
      vertex -19.6672 -5.03992 15.5
      vertex -19.6995 -5.13933 0.5
      vertex -19.6995 -5.13933 15.5
    endloop
  endfacet
  facet normal -0.560888 -0.182128 0.80761
    outer loop
      vertex -19.4549 -5.29526 15.933
      vertex -19.5376 -5.31284 15.8716
      vertex -19.516 -5.37936 15.8716
    endloop
  endfacet
  facet normal -0.946315 -0.0996436 0.307505
    outer loop
      vertex -19.6672 -5.24328 15.7034
      vertex -19.6995 -5.24328 15.604
      vertex -19.6572 -5.33825 15.7034
    endloop
  endfacet
  facet normal -0.945883 0.307383 0.104026
    outer loop
      vertex -19.6572 -5.04436 15.604
      vertex -19.6995 -5.13933 15.5
      vertex -19.6888 -5.1416 15.604
    endloop
  endfacet
  facet normal -0.989112 0.104086 0.104036
    outer loop
      vertex -19.6995 -5.13933 15.5
      vertex -19.6995 -5.24328 15.604
      vertex -19.6888 -5.1416 15.604
    endloop
  endfacet
  facet normal -0.586365 0.0623882 0.807641
    outer loop
      vertex -19.5376 -5.17373 15.8716
      vertex -19.545 -5.24328 15.8716
      vertex -19.4549 -5.19131 15.933
    endloop
  endfacet
  facet normal -0.644777 0.58056 0.497205
    outer loop
      vertex -19.5799 -4.9748 15.7034
      vertex -19.0108 -4.3514 15.7135
      vertex -19.0155 -4.34797 15.7034
    endloop
  endfacet
  facet normal -0.64457 0.580362 0.497704
    outer loop
      vertex -19.0108 -4.3514 15.7135
      vertex -19.5799 -4.9748 15.7034
      vertex -19.4811 -4.94268 15.7939
    endloop
  endfacet
  facet normal 0.6443 -0.58012 0.498336
    outer loop
      vertex 16.451 -12.0563 15.7939
      vertex 14.6689 -14.1133 15.7034
      vertex 16.5499 -12.0242 15.7034
    endloop
  endfacet
  facet normal 0.635446 -0.573281 0.517259
    outer loop
      vertex 14.6689 -14.1133 15.7034
      vertex 16.451 -12.0563 15.7939
      vertex 14.6658 -14.1143 15.7061
    endloop
  endfacet
  facet normal 0.645472 -0.372654 0.666705
    outer loop
      vertex 18.5416 -8.33138 15.8716
      vertex 16.5499 -11.9202 15.7939
      vertex 18.6404 -8.29926 15.7939
    endloop
  endfacet
  facet normal 0.645279 -0.372552 0.666948
    outer loop
      vertex 16.5499 -11.9202 15.7939
      vertex 18.5416 -8.33138 15.8716
      vertex 16.451 -11.9524 15.8716
    endloop
  endfacet
  facet normal 0.707275 -0.63685 0.306895
    outer loop
      vertex 16.576 -12.0432 15.604
      vertex 14.6697 -14.1139 15.7003
      vertex 14.6996 -14.1271 15.604
    endloop
  endfacet
  facet normal 0.644151 -0.580557 0.498019
    outer loop
      vertex 16.5076 -11.9935 15.7939
      vertex 16.451 -12.0563 15.7939
      vertex 16.5499 -12.0242 15.7034
    endloop
  endfacet
  facet normal 0 -0.408493 -0.912762
    outer loop
      vertex -13.2948 -14.0883 0.066988
      vertex -11.6952 -13.9933 0.0244722
      vertex -11.7052 -14.0883 0.066988
    endloop
  endfacet
  facet normal -0 -0.408493 -0.912762
    outer loop
      vertex -11.6952 -13.9933 0.0244722
      vertex -13.2948 -14.0883 0.066988
      vertex -13.3048 -13.9933 0.0244722
    endloop
  endfacet
  facet normal 0 -0.408493 -0.912762
    outer loop
      vertex 11.7052 -14.0883 0.066988
      vertex 13.3048 -13.9933 0.0244722
      vertex 13.2948 -14.0883 0.066988
    endloop
  endfacet
  facet normal -0 -0.408493 -0.912762
    outer loop
      vertex 13.3048 -13.9933 0.0244722
      vertex 11.7052 -14.0883 0.066988
      vertex 11.6952 -13.9933 0.0244722
    endloop
  endfacet
  facet normal 0 -0.867532 -0.497381
    outer loop
      vertex -13.2787 -14.242 0.206108
      vertex -11.7268 -14.2939 0.296632
      vertex -13.2732 -14.2939 0.296632
    endloop
  endfacet
  facet normal 0 -0.867532 -0.497381
    outer loop
      vertex -11.7268 -14.2939 0.296632
      vertex -13.2787 -14.242 0.206108
      vertex -11.7213 -14.242 0.206108
    endloop
  endfacet
  facet normal 0 -0.867532 -0.497381
    outer loop
      vertex 11.7213 -14.242 0.206108
      vertex 13.2732 -14.2939 0.296632
      vertex 11.7268 -14.2939 0.296632
    endloop
  endfacet
  facet normal 0 -0.867532 -0.497381
    outer loop
      vertex 13.2732 -14.2939 0.296632
      vertex 11.7213 -14.242 0.206108
      vertex 13.2787 -14.242 0.206108
    endloop
  endfacet
  facet normal -0.15532 -0.139848 -0.977915
    outer loop
      vertex -16.2837 -11.8705 0.0244722
      vertex -14.3389 -13.8785 0.00273991
      vertex -14.4073 -13.9545 0.0244722
    endloop
  endfacet
  facet normal -0.15532 -0.139848 -0.977915
    outer loop
      vertex -14.3389 -13.8785 0.00273991
      vertex -16.2837 -11.8705 0.0244722
      vertex -16.2153 -11.7945 0.00273991
    endloop
  endfacet
  facet normal 0.644505 -0.580302 -0.497858
    outer loop
      vertex 14.6658 -14.1143 0.293866
      vertex 14.5746 -14.1403 0.206108
      vertex 16.451 -12.0563 0.206108
    endloop
  endfacet
  facet normal 0.553382 -0.498749 -0.667096
    outer loop
      vertex 16.5076 -11.9935 0.206108
      vertex 16.451 -12.0563 0.206108
      vertex 16.451 -11.9524 0.128428
    endloop
  endfacet
  facet normal -0.180315 -0.105503 -0.977934
    outer loop
      vertex -16.2226 -11.7864 0.00273991
      vertex -16.3053 -11.8465 0.0244722
      vertex -16.2281 -11.777 0.00273991
    endloop
  endfacet
  facet normal -0.181083 -0.104549 -0.977895
    outer loop
      vertex -16.3215 -11.8185 0.0244722
      vertex -18.3187 -8.15599 0.00273991
      vertex -16.2281 -11.777 0.00273991
    endloop
  endfacet
  facet normal -0.181005 -0.104506 -0.977914
    outer loop
      vertex -18.3187 -8.15599 0.00273991
      vertex -16.3215 -11.8185 0.0244722
      vertex -18.4121 -8.19758 0.0244722
    endloop
  endfacet
  facet normal -0.155364 -0.139828 -0.977911
    outer loop
      vertex -16.2837 -11.8705 0.0244722
      vertex -16.3053 -11.8465 0.0244722
      vertex -16.2226 -11.7864 0.00273991
    endloop
  endfacet
  facet normal -0.30349 -0.273141 -0.912846
    outer loop
      vertex -16.2837 -11.8705 0.0244722
      vertex -16.3826 -11.9027 0.066988
      vertex -16.3053 -11.8465 0.0244722
    endloop
  endfacet
  facet normal -0.38855 -0.125843 -0.912794
    outer loop
      vertex -19.4388 -5.34497 0.066988
      vertex -19.4549 -5.29526 0.066988
      vertex -19.3515 -5.30613 0.0244722
    endloop
  endfacet
  facet normal -0.388723 -0.126305 -0.912656
    outer loop
      vertex -19.4388 -5.34497 0.066988
      vertex -18.4121 -8.19758 0.0244722
      vertex -18.4993 -8.23642 0.066988
    endloop
  endfacet
  facet normal -0.388404 -0.126188 -0.912808
    outer loop
      vertex -18.4121 -8.19758 0.0244722
      vertex -19.4388 -5.34497 0.066988
      vertex -19.3515 -5.30613 0.0244722
    endloop
  endfacet
  facet normal -0.181693 0.103605 -0.977882
    outer loop
      vertex -19.2581 -5.22203 0.00273991
      vertex -19.3354 -5.15247 0.0244722
      vertex -19.2527 -5.21256 0.00273991
    endloop
  endfacet
  facet normal -0.644194 -0.580595 -0.497919
    outer loop
      vertex -16.451 -12.0563 0.206108
      vertex -16.5499 -12.0242 0.296632
      vertex -16.5076 -11.9935 0.206108
    endloop
  endfacet
  facet normal -0.644505 -0.580302 -0.497858
    outer loop
      vertex -14.6658 -14.1143 0.293866
      vertex -16.451 -12.0563 0.206108
      vertex -14.5746 -14.1403 0.206108
    endloop
  endfacet
  facet normal -0.511223 -0.294546 -0.807399
    outer loop
      vertex -16.3826 -11.9027 0.066988
      vertex -16.451 -11.9524 0.128428
      vertex -16.4087 -11.8574 0.066988
    endloop
  endfacet
  facet normal 0.70819 -0.230108 -0.667471
    outer loop
      vertex 18.6666 -8.21883 0.206108
      vertex 19.516 -5.37936 0.128428
      vertex 19.6061 -5.32739 0.206108
    endloop
  endfacet
  facet normal 0.708203 -0.230112 -0.667455
    outer loop
      vertex 19.516 -5.37936 0.128428
      vertex 18.6666 -8.21883 0.206108
      vertex 18.5765 -8.27081 0.128428
    endloop
  endfacet
  facet normal -0.303754 0.27351 -0.912648
    outer loop
      vertex -19.3138 -5.12846 0.0244722
      vertex -18.8482 -4.46951 0.066988
      vertex -18.771 -4.52564 0.0244722
    endloop
  endfacet
  facet normal -0.303795 0.273538 -0.912626
    outer loop
      vertex -18.8482 -4.46951 0.066988
      vertex -19.3138 -5.12846 0.0244722
      vertex -19.4126 -5.09634 0.066988
    endloop
  endfacet
  facet normal -0.739107 -0.665512 -0.103988
    outer loop
      vertex -14.6996 -14.1271 0.396045
      vertex -16.5149 -12.1273 0.5
      vertex -16.576 -12.0432 0.396045
    endloop
  endfacet
  facet normal -0.739107 -0.665512 -0.103988
    outer loop
      vertex -16.5149 -12.1273 0.5
      vertex -14.6996 -14.1271 0.396045
      vertex -14.6385 -14.2112 0.5
    endloop
  endfacet
  facet normal 0.64529 -0.372384 0.667032
    outer loop
      vertex 16.5499 -11.9202 15.7939
      vertex 16.451 -11.9524 15.8716
      vertex 16.5076 -11.9935 15.7939
    endloop
  endfacet
  facet normal 0.388283 -0.126149 0.912865
    outer loop
      vertex 18.4121 -8.19758 15.9755
      vertex 19.4388 -5.34497 15.933
      vertex 19.3515 -5.30613 15.9755
    endloop
  endfacet
  facet normal 0.388602 -0.126266 0.912713
    outer loop
      vertex 19.4388 -5.34497 15.933
      vertex 18.4121 -8.19758 15.9755
      vertex 18.4993 -8.23642 15.933
    endloop
  endfacet
  facet normal -0.199289 -0.0652148 0.977768
    outer loop
      vertex -19.2615 -5.25415 15.9973
      vertex -19.3615 -5.27541 15.9755
      vertex -19.2581 -5.26454 15.9973
    endloop
  endfacet
  facet normal 0.199289 0.0652148 0.977768
    outer loop
      vertex 19.3615 -5.21116 15.9755
      vertex 19.2581 -5.22203 15.9973
      vertex 19.2615 -5.23242 15.9973
    endloop
  endfacet
  facet normal 0.353912 -0.203909 0.91278
    outer loop
      vertex 16.4087 -11.8574 15.933
      vertex 16.3215 -11.8185 15.9755
      vertex 16.3826 -11.9027 15.933
    endloop
  endfacet
  facet normal 0.353304 -0.204412 0.912903
    outer loop
      vertex 16.3215 -11.8185 15.9755
      vertex 16.3053 -11.8465 15.9755
      vertex 16.3826 -11.9027 15.933
    endloop
  endfacet
  facet normal 0.155827 -0.140244 0.977778
    outer loop
      vertex 16.3053 -11.8465 15.9755
      vertex 16.2226 -11.7864 15.9973
      vertex 16.2837 -11.8705 15.9755
    endloop
  endfacet
  facet normal 0.303397 -0.273057 0.912902
    outer loop
      vertex 16.3053 -11.8465 15.9755
      vertex 16.2837 -11.8705 15.9755
      vertex 16.3826 -11.9027 15.933
    endloop
  endfacet
  facet normal 0.208272 -0.0229923 0.977801
    outer loop
      vertex 19.2627 -5.24328 15.9973
      vertex 19.2615 -5.25415 15.9973
      vertex 19.3615 -5.27541 15.9755
    endloop
  endfacet
  facet normal 0.353383 0.204565 0.912838
    outer loop
      vertex 19.4126 -5.09634 15.933
      vertex 19.3515 -5.18044 15.9755
      vertex 19.4388 -5.1416 15.933
    endloop
  endfacet
  facet normal 0.354203 0.203885 0.912672
    outer loop
      vertex 19.4126 -5.09634 15.933
      vertex 19.3354 -5.15247 15.9755
      vertex 19.3515 -5.18044 15.9755
    endloop
  endfacet
  facet normal 0.406206 -0.0429848 0.91277
    outer loop
      vertex 19.3649 -5.24328 15.9755
      vertex 19.3615 -5.27541 15.9755
      vertex 19.4604 -5.24328 15.933
    endloop
  endfacet
  facet normal 0.181658 0.104565 0.977786
    outer loop
      vertex 19.3354 -5.15247 15.9755
      vertex 19.2581 -5.22203 15.9973
      vertex 19.3515 -5.18044 15.9755
    endloop
  endfacet
  facet normal -0.207944 0.0220115 -0.977893
    outer loop
      vertex -19.2627 -5.24328 0.00273991
      vertex -19.3649 -5.24328 0.0244722
      vertex -19.3615 -5.21116 0.0244722
    endloop
  endfacet
  facet normal -0.155457 0.139759 -0.977906
    outer loop
      vertex -19.2527 -5.21256 0.00273991
      vertex -19.3138 -5.12846 0.0244722
      vertex -19.2454 -5.20444 0.00273991
    endloop
  endfacet
  facet normal 0.198697 0.0650211 -0.977902
    outer loop
      vertex 19.2615 -5.23242 0.00273991
      vertex 19.2581 -5.22203 0.00273991
      vertex 19.3615 -5.21116 0.0244722
    endloop
  endfacet
  facet normal -0.70819 -0.230108 -0.667471
    outer loop
      vertex -19.516 -5.37936 0.128428
      vertex -18.6666 -8.21883 0.206108
      vertex -19.6061 -5.32739 0.206108
    endloop
  endfacet
  facet normal -0.708203 -0.230112 -0.667455
    outer loop
      vertex -18.6666 -8.21883 0.206108
      vertex -19.516 -5.37936 0.128428
      vertex -18.5765 -8.27081 0.128428
    endloop
  endfacet
  facet normal -0.38855 0.125843 -0.912794
    outer loop
      vertex -19.3515 -5.18044 0.0244722
      vertex -19.4549 -5.19131 0.066988
      vertex -19.4388 -5.1416 0.066988
    endloop
  endfacet
  facet normal -0.645444 -0.3719 -0.667153
    outer loop
      vertex -18.5416 -8.33138 0.128428
      vertex -18.6404 -8.29926 0.206108
      vertex -18.5765 -8.27081 0.128428
    endloop
  endfacet
  facet normal -0.708293 -0.230726 -0.667148
    outer loop
      vertex -18.6404 -8.29926 0.206108
      vertex -18.6666 -8.21883 0.206108
      vertex -18.5765 -8.27081 0.128428
    endloop
  endfacet
  facet normal -0.82386 0.476185 -0.307414
    outer loop
      vertex -19.6277 -5.0575 0.296632
      vertex -19.6572 -5.04436 0.396045
      vertex -19.5799 -4.9748 0.296632
    endloop
  endfacet
  facet normal 0.561213 0.181765 0.807466
    outer loop
      vertex 19.516 -5.1072 15.8716
      vertex 19.4388 -5.1416 15.933
      vertex 19.4549 -5.19131 15.933
    endloop
  endfacet
  facet normal 0.560894 0.182103 0.807611
    outer loop
      vertex 19.516 -5.1072 15.8716
      vertex 19.4549 -5.19131 15.933
      vertex 19.5376 -5.17373 15.8716
    endloop
  endfacet
  facet normal 0.437969 0.394349 0.807882
    outer loop
      vertex 18.9167 -4.4198 15.8716
      vertex 19.4126 -5.09634 15.933
      vertex 19.4811 -5.04663 15.8716
    endloop
  endfacet
  facet normal 0.437969 0.394349 0.807882
    outer loop
      vertex 19.4126 -5.09634 15.933
      vertex 18.9167 -4.4198 15.8716
      vertex 18.8482 -4.46951 15.933
    endloop
  endfacet
  facet normal 0.303701 0.273454 0.912682
    outer loop
      vertex 18.8482 -4.46951 15.933
      vertex 19.3138 -5.12846 15.9755
      vertex 19.4126 -5.09634 15.933
    endloop
  endfacet
  facet normal 0.30366 0.273426 0.912704
    outer loop
      vertex 19.3138 -5.12846 15.9755
      vertex 18.8482 -4.46951 15.933
      vertex 18.771 -4.52564 15.9755
    endloop
  endfacet
  facet normal 0.946302 -0.0995716 0.307568
    outer loop
      vertex 19.6995 -5.24328 15.604
      vertex 19.6572 -5.33825 15.7034
      vertex 19.6888 -5.34497 15.604
    endloop
  endfacet
  facet normal 0.989113 -0.104076 0.104036
    outer loop
      vertex 19.6995 -5.24328 15.604
      vertex 19.6888 -5.34497 15.604
      vertex 19.6995 -5.34724 15.5
    endloop
  endfacet
  facet normal 0.707089 0.636665 0.307705
    outer loop
      vertex 19.0417 -4.32898 15.604
      vertex 19.0182 -4.34604 15.6933
      vertex 19.6061 -4.95581 15.604
    endloop
  endfacet
  facet normal 0.739349 0.6653 0.10363
    outer loop
      vertex 19.6149 -4.94939 15.5
      vertex 19.545 -4.87171 15.5
      vertex 19.6061 -4.95581 15.604
    endloop
  endfacet
  facet normal -0.739346 0.665297 -0.103674
    outer loop
      vertex -19.6061 -4.95581 0.396045
      vertex -19.6149 -4.94939 0.5
      vertex -19.545 -4.87171 0.5
    endloop
  endfacet
  facet normal -0.644826 0.579769 -0.498063
    outer loop
      vertex -19.5376 -5.00552 0.206108
      vertex -19.5799 -4.9748 0.296632
      vertex -19.4811 -4.94268 0.206108
    endloop
  endfacet
  facet normal -0.905029 0.29397 -0.307416
    outer loop
      vertex -19.6277 -5.0575 0.296632
      vertex -19.6572 -5.14832 0.296632
      vertex -19.6572 -5.04436 0.396045
    endloop
  endfacet
  facet normal -0.554187 0.498275 -0.666782
    outer loop
      vertex -19.4811 -5.04663 0.128428
      vertex -19.5376 -5.00552 0.206108
      vertex -19.4811 -4.94268 0.206108
    endloop
  endfacet
  facet normal -0.64541 0.372758 -0.666706
    outer loop
      vertex -19.4811 -5.04663 0.128428
      vertex -19.5799 -5.07876 0.206108
      vertex -19.5376 -5.00552 0.206108
    endloop
  endfacet
  facet normal -0.824022 0.475523 -0.308003
    outer loop
      vertex -19.5799 -4.9748 0.296632
      vertex -19.6572 -5.04436 0.396045
      vertex -19.6061 -4.95581 0.396045
    endloop
  endfacet
  facet normal -0.741113 0.0775481 -0.666887
    outer loop
      vertex -19.545 -5.24328 0.128428
      vertex -19.6149 -5.24328 0.206108
      vertex -19.6061 -5.15918 0.206108
    endloop
  endfacet
  facet normal -0.989107 0.104086 -0.104081
    outer loop
      vertex -19.6888 -5.1416 0.396045
      vertex -19.6995 -5.24328 0.396045
      vertex -19.6995 -5.13933 0.5
    endloop
  endfacet
  facet normal -0.989188 0.103724 0.103675
    outer loop
      vertex -19.6995 -5.13933 15.5
      vertex -19.7104 -5.24328 15.5
      vertex -19.6995 -5.24328 15.604
    endloop
  endfacet
  facet normal 0.40633 0.043002 -0.912714
    outer loop
      vertex 19.4604 -5.24328 0.066988
      vertex 19.3615 -5.21116 0.0244722
      vertex 19.4549 -5.19131 0.066988
    endloop
  endfacet
  facet normal 0.198735 0.0646922 -0.977916
    outer loop
      vertex 19.3615 -5.21116 0.0244722
      vertex 19.2581 -5.22203 0.00273991
      vertex 19.3515 -5.18044 0.0244722
    endloop
  endfacet
  facet normal 0 0 -1
    outer loop
      vertex 19.2615 -5.25415 0.00273991
      vertex 19.2615 -5.23242 0.00273991
      vertex 19.2627 -5.24328 0.00273991
    endloop
  endfacet
  facet normal 0 0 -1
    outer loop
      vertex 19.2581 -5.26454 0.00273991
      vertex 19.2615 -5.23242 0.00273991
      vertex 19.2615 -5.25415 0.00273991
    endloop
  endfacet
  facet normal 0 0 -1
    outer loop
      vertex 19.2581 -5.26454 0.00273991
      vertex 19.2581 -5.22203 0.00273991
      vertex 19.2615 -5.23242 0.00273991
    endloop
  endfacet
  facet normal 0 0 -1
    outer loop
      vertex 19.2581 -5.26454 0.00273991
      vertex 19.2527 -5.21256 0.00273991
      vertex 19.2581 -5.22203 0.00273991
    endloop
  endfacet
  facet normal 0 0 -1
    outer loop
      vertex 19.2581 -5.26454 0.00273991
      vertex 19.2454 -5.20444 0.00273991
      vertex 19.2527 -5.21256 0.00273991
    endloop
  endfacet
  facet normal 0 0 -1
    outer loop
      vertex 19.2581 -5.26454 0.00273991
      vertex 18.6883 -4.58574 0.00273991
      vertex 19.2454 -5.20444 0.00273991
    endloop
  endfacet
  facet normal 0 0 -1
    outer loop
      vertex 18.3187 -8.15599 0.00273991
      vertex 18.6883 -4.58574 0.00273991
      vertex 19.2581 -5.26454 0.00273991
    endloop
  endfacet
  facet normal 0 0 -1
    outer loop
      vertex 12.8019 -5.55833 0.00273991
      vertex 18.6883 -4.58574 0.00273991
      vertex 18.3187 -8.15599 0.00273991
    endloop
  endfacet
  facet normal -0 0 -1
    outer loop
      vertex 18.6883 -4.58574 0.00273991
      vertex 12.8019 -5.55833 0.00273991
      vertex 17.8728 -3.17324 0.00273991
    endloop
  endfacet
  facet normal -0 0 -1
    outer loop
      vertex 17.8728 -3.17324 0.00273991
      vertex 12.8019 -5.55833 0.00273991
      vertex 13.6643 -2.90443 0.00273991
    endloop
  endfacet
  facet normal 0 0 -1
    outer loop
      vertex 12.8019 -5.55833 0.00273991
      vertex 18.3187 -8.15599 0.00273991
      vertex 16.2281 -11.777 0.00273991
    endloop
  endfacet
  facet normal 0 0 -1
    outer loop
      vertex 19.2615 5.23242 0.00273991
      vertex 19.2615 5.25415 0.00273991
      vertex 19.2627 5.24328 0.00273991
    endloop
  endfacet
  facet normal 0 0 -1
    outer loop
      vertex 19.2581 5.22203 0.00273991
      vertex 19.2615 5.25415 0.00273991
      vertex 19.2615 5.23242 0.00273991
    endloop
  endfacet
  facet normal 0 0 -1
    outer loop
      vertex 19.2581 5.22203 0.00273991
      vertex 19.2581 5.26454 0.00273991
      vertex 19.2615 5.25415 0.00273991
    endloop
  endfacet
  facet normal 0 0 -1
    outer loop
      vertex 19.2527 5.21256 0.00273991
      vertex 19.2581 5.26454 0.00273991
      vertex 19.2581 5.22203 0.00273991
    endloop
  endfacet
  facet normal 0 0 -1
    outer loop
      vertex 19.2454 5.20444 0.00273991
      vertex 19.2581 5.26454 0.00273991
      vertex 19.2527 5.21256 0.00273991
    endloop
  endfacet
  facet normal 0 0 -1
    outer loop
      vertex 18.6883 4.58574 0.00273991
      vertex 19.2581 5.26454 0.00273991
      vertex 19.2454 5.20444 0.00273991
    endloop
  endfacet
  facet normal 0 0 -1
    outer loop
      vertex 18.6883 4.58574 0.00273991
      vertex 18.3187 8.15599 0.00273991
      vertex 19.2581 5.26454 0.00273991
    endloop
  endfacet
  facet normal 0 0 -1
    outer loop
      vertex 12.8019 5.55833 0.00273991
      vertex 18.6883 4.58574 0.00273991
      vertex 17.8728 3.17324 0.00273991
    endloop
  endfacet
  facet normal 0 0 -1
    outer loop
      vertex 13.6778 2.77519 0.00273991
      vertex 17.8728 3.17324 0.00273991
      vertex 17.3688 1.62207 0.00273991
    endloop
  endfacet
  facet normal 0 0 -1
    outer loop
      vertex 12.8019 5.55833 0.00273991
      vertex 17.8728 3.17324 0.00273991
      vertex 13.6643 2.90443 0.00273991
    endloop
  endfacet
  facet normal 0 0 -1
    outer loop
      vertex 13.9695 0 0.00273991
      vertex 17.3688 1.62207 0.00273991
      vertex 17.1983 0 0.00273991
    endloop
  endfacet
  facet normal 0 0 -1
    outer loop
      vertex 17.8728 -3.17324 0.00273991
      vertex 13.6778 -2.77519 0.00273991
      vertex 17.3688 -1.62207 0.00273991
    endloop
  endfacet
  facet normal 0 0 -1
    outer loop
      vertex 16.2153 -11.7945 0.00273991
      vertex 16.2281 -11.777 0.00273991
      vertex 16.2226 -11.7864 0.00273991
    endloop
  endfacet
  facet normal -0 0 -1
    outer loop
      vertex 17.3688 1.62207 0.00273991
      vertex 13.9695 0 0.00273991
      vertex 13.6778 2.77519 0.00273991
    endloop
  endfacet
  facet normal -0 0 -1
    outer loop
      vertex 16.2281 -11.777 0.00273991
      vertex 16.2153 -11.7945 0.00273991
      vertex 11.3016 -8.21108 0.00273991
    endloop
  endfacet
  facet normal 0 0 -1
    outer loop
      vertex 17.8728 3.17324 0.00273991
      vertex 13.6778 2.77519 0.00273991
      vertex 13.6643 2.90443 0.00273991
    endloop
  endfacet
  facet normal 0 0 -1
    outer loop
      vertex 13.3155 -13.8917 0.00273991
      vertex 16.2153 -11.7945 0.00273991
      vertex 14.3389 -13.8785 0.00273991
    endloop
  endfacet
  facet normal 0 0 -1
    outer loop
      vertex 18.6883 4.58574 0.00273991
      vertex 12.8019 5.55833 0.00273991
      vertex 18.3187 8.15599 0.00273991
    endloop
  endfacet
  facet normal 0 0 -1
    outer loop
      vertex 14.1299 -14.0648 0.00273991
      vertex 14.3389 -13.8785 0.00273991
      vertex 14.181 -14.0539 0.00273991
    endloop
  endfacet
  facet normal 0 0 -1
    outer loop
      vertex 12.7618 5.68192 0.00273991
      vertex 18.3187 8.15599 0.00273991
      vertex 12.8019 5.55833 0.00273991
    endloop
  endfacet
  facet normal 0 0 -1
    outer loop
      vertex 14.1299 -14.0648 0.00273991
      vertex 14.181 -14.0539 0.00273991
      vertex 14.1721 -14.0603 0.00273991
    endloop
  endfacet
  facet normal 0 0 -1
    outer loop
      vertex 12.6968 5.79445 0.00273991
      vertex 18.3187 8.15599 0.00273991
      vertex 12.7618 5.68192 0.00273991
    endloop
  endfacet
  facet normal 0 0 -1
    outer loop
      vertex 14.1299 -14.0648 0.00273991
      vertex 14.1721 -14.0603 0.00273991
      vertex 14.1622 -14.0648 0.00273991
    endloop
  endfacet
  facet normal -0 0 -1
    outer loop
      vertex 18.3187 8.15599 0.00273991
      vertex 12.6968 5.79445 0.00273991
      vertex 16.2281 11.777 0.00273991
    endloop
  endfacet
  facet normal 0 0 -1
    outer loop
      vertex 14.1299 -14.0648 0.00273991
      vertex 14.1622 -14.0648 0.00273991
      vertex 14.1515 -14.067 0.00273991
    endloop
  endfacet
  facet normal 0 0 -1
    outer loop
      vertex 11.3016 8.21108 0.00273991
      vertex 16.2281 11.777 0.00273991
      vertex 12.6968 5.79445 0.00273991
    endloop
  endfacet
  facet normal 0 0 -1
    outer loop
      vertex 14.1299 -14.0648 0.00273991
      vertex 14.1515 -14.067 0.00273991
      vertex 14.1406 -14.067 0.00273991
    endloop
  endfacet
  facet normal 0 -0 -1
    outer loop
      vertex 16.2153 11.7945 0.00273991
      vertex 16.2281 11.777 0.00273991
      vertex 11.3016 8.21108 0.00273991
    endloop
  endfacet
  facet normal 0 0 -1
    outer loop
      vertex 14.3389 -13.8785 0.00273991
      vertex 14.1299 -14.0648 0.00273991
      vertex 13.3155 -13.8917 0.00273991
    endloop
  endfacet
  facet normal 0 0 -1
    outer loop
      vertex 16.2281 11.777 0.00273991
      vertex 16.2153 11.7945 0.00273991
      vertex 16.2226 11.7864 0.00273991
    endloop
  endfacet
  facet normal 0 -0 -1
    outer loop
      vertex 13.3155 13.8917 0.00273991
      vertex 16.2153 11.7945 0.00273991
      vertex 11.3016 8.21108 0.00273991
    endloop
  endfacet
  facet normal 0 0 -1
    outer loop
      vertex 17.3688 -1.62207 0.00273991
      vertex 13.9695 0 0.00273991
      vertex 17.1983 0 0.00273991
    endloop
  endfacet
  facet normal 0 -0 -1
    outer loop
      vertex 13.9695 0 0.00273991
      vertex 17.3688 -1.62207 0.00273991
      vertex 13.6778 -2.77519 0.00273991
    endloop
  endfacet
  facet normal -0 0 -1
    outer loop
      vertex 16.2153 -11.7945 0.00273991
      vertex 13.3155 -13.8917 0.00273991
      vertex 11.3016 -8.21108 0.00273991
    endloop
  endfacet
  facet normal 0 -0 -1
    outer loop
      vertex 13.6778 -2.77519 0.00273991
      vertex 17.8728 -3.17324 0.00273991
      vertex 13.6643 -2.90443 0.00273991
    endloop
  endfacet
  facet normal 0 0 -1
    outer loop
      vertex 16.2281 -11.777 0.00273991
      vertex 12.7618 -5.68192 0.00273991
      vertex 12.8019 -5.55833 0.00273991
    endloop
  endfacet
  facet normal 0 0 -1
    outer loop
      vertex 16.2281 -11.777 0.00273991
      vertex 12.6968 -5.79445 0.00273991
      vertex 12.7618 -5.68192 0.00273991
    endloop
  endfacet
  facet normal 0 0 -1
    outer loop
      vertex 11.3016 -8.21108 0.00273991
      vertex 13.3155 -13.8917 0.00273991
      vertex 11.6845 -13.8917 0.00273991
    endloop
  endfacet
  facet normal 0 0 -1
    outer loop
      vertex 16.2281 -11.777 0.00273991
      vertex 11.3016 -8.21108 0.00273991
      vertex 12.6968 -5.79445 0.00273991
    endloop
  endfacet
  facet normal 0 0 -1
    outer loop
      vertex 9.24231 -10.4578 0.00273991
      vertex 11.6845 -13.8917 0.00273991
      vertex 10.0891 -14.2308 0.00273991
    endloop
  endfacet
  facet normal 0 0 -1
    outer loop
      vertex 11.6845 -13.8917 0.00273991
      vertex 9.43438 -10.2848 0.00273991
      vertex 11.3016 -8.21108 0.00273991
    endloop
  endfacet
  facet normal 0 0 -1
    outer loop
      vertex 11.6845 -13.8917 0.00273991
      vertex 9.34743 -10.3814 0.00273991
      vertex 9.43438 -10.2848 0.00273991
    endloop
  endfacet
  facet normal 0 0 -1
    outer loop
      vertex 11.6845 -13.8917 0.00273991
      vertex 9.24231 -10.4578 0.00273991
      vertex 9.34743 -10.3814 0.00273991
    endloop
  endfacet
  facet normal 0 0 -1
    outer loop
      vertex 6.98476 -12.098 0.00273991
      vertex 10.0891 -14.2308 0.00273991
      vertex 8.59914 -14.8941 0.00273991
    endloop
  endfacet
  facet normal 0 0 -1
    outer loop
      vertex 6.86605 -12.1508 0.00273991
      vertex 8.59914 -14.8941 0.00273991
      vertex 7.27963 -15.8528 0.00273991
    endloop
  endfacet
  facet normal 0 0 -1
    outer loop
      vertex 10.0891 -14.2308 0.00273991
      vertex 6.98476 -12.098 0.00273991
      vertex 9.24231 -10.4578 0.00273991
    endloop
  endfacet
  facet normal 0 0 -1
    outer loop
      vertex 8.59914 -14.8941 0.00273991
      vertex 6.86605 -12.1508 0.00273991
      vertex 6.98476 -12.098 0.00273991
    endloop
  endfacet
  facet normal 0 0 -1
    outer loop
      vertex 4.31682 -13.2858 0.00273991
      vertex 7.27963 -15.8528 0.00273991
      vertex 6.18828 -17.0649 0.00273991
    endloop
  endfacet
  facet normal 0 0 -1
    outer loop
      vertex 1.46021 -13.893 0.00273991
      vertex 6.18828 -17.0649 0.00273991
      vertex 5.37278 -18.4774 0.00273991
    endloop
  endfacet
  facet normal 0 0 -1
    outer loop
      vertex 5.08053 -19.308 0.00273991
      vertex 5.37278 -18.4774 0.00273991
      vertex 5.11212 -19.2796 0.00273991
    endloop
  endfacet
  facet normal 0 0 -1
    outer loop
      vertex 5.08053 -19.308 0.00273991
      vertex 5.11212 -19.2796 0.00273991
      vertex 5.10666 -19.2891 0.00273991
    endloop
  endfacet
  facet normal 0 0 -1
    outer loop
      vertex 5.08053 -19.308 0.00273991
      vertex 5.10666 -19.2891 0.00273991
      vertex 5.09935 -19.2972 0.00273991
    endloop
  endfacet
  facet normal 0 0 -1
    outer loop
      vertex 5.08053 -19.308 0.00273991
      vertex 5.09935 -19.2972 0.00273991
      vertex 5.09051 -19.3036 0.00273991
    endloop
  endfacet
  facet normal 0 0 -1
    outer loop
      vertex 5.37278 -18.4774 0.00273991
      vertex 5.08053 -19.308 0.00273991
      vertex 2.10672 -19.9401 0.00273991
    endloop
  endfacet
  facet normal 0 0 -1
    outer loop
      vertex 7.27963 -15.8528 0.00273991
      vertex 4.31682 -13.2858 0.00273991
      vertex 6.86605 -12.1508 0.00273991
    endloop
  endfacet
  facet normal 0 0 -1
    outer loop
      vertex 6.18828 -17.0649 0.00273991
      vertex 4.18971 -13.3128 0.00273991
      vertex 4.31682 -13.2858 0.00273991
    endloop
  endfacet
  facet normal -0 0 -1
    outer loop
      vertex 5.37278 -18.4774 0.00273991
      vertex 2.10672 -19.9401 0.00273991
      vertex 1.46021 -13.893 0.00273991
    endloop
  endfacet
  facet normal 0 0 -1
    outer loop
      vertex 1.46021 -13.893 0.00273991
      vertex 2.10672 -19.9401 0.00273991
      vertex 2.09603 -19.9424 0.00273991
    endloop
  endfacet
  facet normal 0 0 -1
    outer loop
      vertex 6.18828 -17.0649 0.00273991
      vertex 1.46021 -13.893 0.00273991
      vertex 4.18971 -13.3128 0.00273991
    endloop
  endfacet
  facet normal 0 0 -1
    outer loop
      vertex 2.09603 -19.9424 0.00273991
      vertex -1.46021 -13.893 0.00273991
      vertex 1.46021 -13.893 0.00273991
    endloop
  endfacet
  facet normal 0 0 -1
    outer loop
      vertex -2.09603 -19.9424 0.00273991
      vertex -1.46021 -13.893 0.00273991
      vertex 2.09603 -19.9424 0.00273991
    endloop
  endfacet
  facet normal 0 0 -1
    outer loop
      vertex -2.10672 -19.9401 0.00273991
      vertex -1.46021 -13.893 0.00273991
      vertex -2.09603 -19.9424 0.00273991
    endloop
  endfacet
  facet normal 0 0 -1
    outer loop
      vertex -5.37278 -18.4774 0.00273991
      vertex -1.46021 -13.893 0.00273991
      vertex -2.10672 -19.9401 0.00273991
    endloop
  endfacet
  facet normal 0 0 -1
    outer loop
      vertex -6.18828 -17.0649 0.00273991
      vertex -1.46021 -13.893 0.00273991
      vertex -5.37278 -18.4774 0.00273991
    endloop
  endfacet
  facet normal 0 0 -1
    outer loop
      vertex -5.37278 -18.4774 0.00273991
      vertex -2.10672 -19.9401 0.00273991
      vertex -5.08053 -19.308 0.00273991
    endloop
  endfacet
  facet normal 0 0 -1
    outer loop
      vertex -5.11212 -19.2796 0.00273991
      vertex -5.08053 -19.308 0.00273991
      vertex -5.09051 -19.3036 0.00273991
    endloop
  endfacet
  facet normal 0 0 -1
    outer loop
      vertex -5.11212 -19.2796 0.00273991
      vertex -5.09051 -19.3036 0.00273991
      vertex -5.09935 -19.2972 0.00273991
    endloop
  endfacet
  facet normal 0 0 -1
    outer loop
      vertex -5.11212 -19.2796 0.00273991
      vertex -5.09935 -19.2972 0.00273991
      vertex -5.10666 -19.2891 0.00273991
    endloop
  endfacet
  facet normal 0 0 -1
    outer loop
      vertex -5.08053 -19.308 0.00273991
      vertex -5.11212 -19.2796 0.00273991
      vertex -5.37278 -18.4774 0.00273991
    endloop
  endfacet
  facet normal -0 0 -1
    outer loop
      vertex -1.46021 -13.893 0.00273991
      vertex -6.18828 -17.0649 0.00273991
      vertex -4.18971 -13.3128 0.00273991
    endloop
  endfacet
  facet normal -0 0 -1
    outer loop
      vertex -4.18971 -13.3128 0.00273991
      vertex -6.18828 -17.0649 0.00273991
      vertex -4.31682 -13.2858 0.00273991
    endloop
  endfacet
  facet normal 0 0 -1
    outer loop
      vertex -7.27963 -15.8528 0.00273991
      vertex -4.31682 -13.2858 0.00273991
      vertex -6.18828 -17.0649 0.00273991
    endloop
  endfacet
  facet normal -0 0 -1
    outer loop
      vertex -4.31682 -13.2858 0.00273991
      vertex -7.27963 -15.8528 0.00273991
      vertex -6.86605 -12.1508 0.00273991
    endloop
  endfacet
  facet normal 0 0 -1
    outer loop
      vertex -8.59914 -14.8941 0.00273991
      vertex -6.86605 -12.1508 0.00273991
      vertex -7.27963 -15.8528 0.00273991
    endloop
  endfacet
  facet normal -0 0 -1
    outer loop
      vertex -6.86605 -12.1508 0.00273991
      vertex -8.59914 -14.8941 0.00273991
      vertex -6.98476 -12.098 0.00273991
    endloop
  endfacet
  facet normal 0 0 -1
    outer loop
      vertex -10.0891 -14.2308 0.00273991
      vertex -6.98476 -12.098 0.00273991
      vertex -8.59914 -14.8941 0.00273991
    endloop
  endfacet
  facet normal -0 0 -1
    outer loop
      vertex -6.98476 -12.098 0.00273991
      vertex -10.0891 -14.2308 0.00273991
      vertex -9.24231 -10.4578 0.00273991
    endloop
  endfacet
  facet normal 0 0 -1
    outer loop
      vertex -11.6845 -13.8917 0.00273991
      vertex -9.24231 -10.4578 0.00273991
      vertex -10.0891 -14.2308 0.00273991
    endloop
  endfacet
  facet normal -0 0 -1
    outer loop
      vertex -9.24231 -10.4578 0.00273991
      vertex -11.6845 -13.8917 0.00273991
      vertex -9.34743 -10.3814 0.00273991
    endloop
  endfacet
  facet normal -0 0 -1
    outer loop
      vertex -9.34743 -10.3814 0.00273991
      vertex -11.6845 -13.8917 0.00273991
      vertex -9.43438 -10.2848 0.00273991
    endloop
  endfacet
  facet normal -0 0 -1
    outer loop
      vertex -9.43438 -10.2848 0.00273991
      vertex -11.6845 -13.8917 0.00273991
      vertex -11.3016 -8.21108 0.00273991
    endloop
  endfacet
  facet normal 0 0 -1
    outer loop
      vertex -13.3155 -13.8917 0.00273991
      vertex -11.3016 -8.21108 0.00273991
      vertex -11.6845 -13.8917 0.00273991
    endloop
  endfacet
  facet normal 0 0 -1
    outer loop
      vertex -16.2153 -11.7945 0.00273991
      vertex -11.3016 -8.21108 0.00273991
      vertex -13.3155 -13.8917 0.00273991
    endloop
  endfacet
  facet normal 0 0 -1
    outer loop
      vertex -16.2281 -11.777 0.00273991
      vertex -11.3016 -8.21108 0.00273991
      vertex -16.2153 -11.7945 0.00273991
    endloop
  endfacet
  facet normal -0 0 -1
    outer loop
      vertex -11.3016 -8.21108 0.00273991
      vertex -16.2281 -11.777 0.00273991
      vertex -12.6968 -5.79445 0.00273991
    endloop
  endfacet
  facet normal 0 0 -1
    outer loop
      vertex -18.3187 -8.15599 0.00273991
      vertex -12.6968 -5.79445 0.00273991
      vertex -16.2281 -11.777 0.00273991
    endloop
  endfacet
  facet normal -0 0 -1
    outer loop
      vertex -12.7618 -5.68192 0.00273991
      vertex -18.3187 -8.15599 0.00273991
      vertex -12.8019 -5.55833 0.00273991
    endloop
  endfacet
  facet normal 0 0 -1
    outer loop
      vertex -18.6883 -4.58574 0.00273991
      vertex -12.8019 -5.55833 0.00273991
      vertex -18.3187 -8.15599 0.00273991
    endloop
  endfacet
  facet normal 0 0 -1
    outer loop
      vertex -14.3389 -13.8785 0.00273991
      vertex -13.3155 -13.8917 0.00273991
      vertex -14.1299 -14.0648 0.00273991
    endloop
  endfacet
  facet normal 0 0 -1
    outer loop
      vertex -13.6643 2.90443 0.00273991
      vertex -17.8728 3.17324 0.00273991
      vertex -12.8019 5.55833 0.00273991
    endloop
  endfacet
  facet normal 0 0 -1
    outer loop
      vertex -18.6883 4.58574 0.00273991
      vertex -12.8019 5.55833 0.00273991
      vertex -17.8728 3.17324 0.00273991
    endloop
  endfacet
  facet normal 0 0 -1
    outer loop
      vertex -12.8019 5.55833 0.00273991
      vertex -18.3187 8.15599 0.00273991
      vertex -16.2281 11.777 0.00273991
    endloop
  endfacet
  facet normal -0 0 -1
    outer loop
      vertex -12.8019 5.55833 0.00273991
      vertex -18.6883 4.58574 0.00273991
      vertex -18.3187 8.15599 0.00273991
    endloop
  endfacet
  facet normal 0 0 -1
    outer loop
      vertex -19.2581 5.26454 0.00273991
      vertex -18.6883 4.58574 0.00273991
      vertex -19.2454 5.20444 0.00273991
    endloop
  endfacet
  facet normal 0 0 -1
    outer loop
      vertex -19.2581 5.26454 0.00273991
      vertex -19.2454 5.20444 0.00273991
      vertex -19.2527 5.21256 0.00273991
    endloop
  endfacet
  facet normal 0 0 -1
    outer loop
      vertex -19.2581 5.26454 0.00273991
      vertex -19.2527 5.21256 0.00273991
      vertex -19.2581 5.22203 0.00273991
    endloop
  endfacet
  facet normal 0 0 -1
    outer loop
      vertex -18.6883 4.58574 0.00273991
      vertex -19.2581 5.26454 0.00273991
      vertex -18.3187 8.15599 0.00273991
    endloop
  endfacet
  facet normal 0 0 -1
    outer loop
      vertex -19.2615 5.23242 0.00273991
      vertex -19.2581 5.26454 0.00273991
      vertex -19.2581 5.22203 0.00273991
    endloop
  endfacet
  facet normal 0 0 -1
    outer loop
      vertex -19.2615 5.23242 0.00273991
      vertex -19.2615 5.25415 0.00273991
      vertex -19.2581 5.26454 0.00273991
    endloop
  endfacet
  facet normal 0 -0 -1
    outer loop
      vertex -19.2615 5.25415 0.00273991
      vertex -19.2615 5.23242 0.00273991
      vertex -19.2627 5.24328 0.00273991
    endloop
  endfacet
  facet normal 0 0 -1
    outer loop
      vertex 16.2153 11.7945 0.00273991
      vertex 13.3155 13.8917 0.00273991
      vertex 14.3389 13.8785 0.00273991
    endloop
  endfacet
  facet normal 0 -0 -1
    outer loop
      vertex 14.1299 14.0648 0.00273991
      vertex 14.3389 13.8785 0.00273991
      vertex 13.3155 13.8917 0.00273991
    endloop
  endfacet
  facet normal 0 0 -1
    outer loop
      vertex 14.3389 13.8785 0.00273991
      vertex 14.1299 14.0648 0.00273991
      vertex 14.181 14.0539 0.00273991
    endloop
  endfacet
  facet normal 0 0 -1
    outer loop
      vertex 14.181 14.0539 0.00273991
      vertex 14.1299 14.0648 0.00273991
      vertex 14.1721 14.0603 0.00273991
    endloop
  endfacet
  facet normal 0 0 -1
    outer loop
      vertex 14.1622 14.0648 0.00273991
      vertex 14.1299 14.0648 0.00273991
      vertex 14.1515 14.067 0.00273991
    endloop
  endfacet
  facet normal -0 0 -1
    outer loop
      vertex 14.1515 14.067 0.00273991
      vertex 14.1299 14.0648 0.00273991
      vertex 14.1406 14.067 0.00273991
    endloop
  endfacet
  facet normal 0 0 -1
    outer loop
      vertex 14.1721 14.0603 0.00273991
      vertex 14.1299 14.0648 0.00273991
      vertex 14.1622 14.0648 0.00273991
    endloop
  endfacet
  facet normal -0 0 -1
    outer loop
      vertex 13.3155 13.8917 0.00273991
      vertex 11.3016 8.21108 0.00273991
      vertex 11.6845 13.8917 0.00273991
    endloop
  endfacet
  facet normal 0 0 -1
    outer loop
      vertex 9.43438 10.2848 0.00273991
      vertex 11.6845 13.8917 0.00273991
      vertex 11.3016 8.21108 0.00273991
    endloop
  endfacet
  facet normal 0 0 -1
    outer loop
      vertex 9.34743 10.3814 0.00273991
      vertex 11.6845 13.8917 0.00273991
      vertex 9.43438 10.2848 0.00273991
    endloop
  endfacet
  facet normal 0 0 -1
    outer loop
      vertex 9.24231 10.4578 0.00273991
      vertex 11.6845 13.8917 0.00273991
      vertex 9.34743 10.3814 0.00273991
    endloop
  endfacet
  facet normal -0 0 -1
    outer loop
      vertex 11.6845 13.8917 0.00273991
      vertex 9.24231 10.4578 0.00273991
      vertex 10.0891 14.2308 0.00273991
    endloop
  endfacet
  facet normal 0 0 -1
    outer loop
      vertex 6.98476 12.098 0.00273991
      vertex 10.0891 14.2308 0.00273991
      vertex 9.24231 10.4578 0.00273991
    endloop
  endfacet
  facet normal -0 0 -1
    outer loop
      vertex 10.0891 14.2308 0.00273991
      vertex 6.98476 12.098 0.00273991
      vertex 8.59914 14.8941 0.00273991
    endloop
  endfacet
  facet normal 0 0 -1
    outer loop
      vertex 6.86605 12.1508 0.00273991
      vertex 8.59914 14.8941 0.00273991
      vertex 6.98476 12.098 0.00273991
    endloop
  endfacet
  facet normal -0 0 -1
    outer loop
      vertex 8.59914 14.8941 0.00273991
      vertex 6.86605 12.1508 0.00273991
      vertex 7.27963 15.8528 0.00273991
    endloop
  endfacet
  facet normal 0 0 -1
    outer loop
      vertex 4.31682 13.2858 0.00273991
      vertex 7.27963 15.8528 0.00273991
      vertex 6.86605 12.1508 0.00273991
    endloop
  endfacet
  facet normal -0 0 -1
    outer loop
      vertex 7.27963 15.8528 0.00273991
      vertex 4.31682 13.2858 0.00273991
      vertex 6.18828 17.0649 0.00273991
    endloop
  endfacet
  facet normal 0 0 -1
    outer loop
      vertex 4.18971 13.3128 0.00273991
      vertex 6.18828 17.0649 0.00273991
      vertex 4.31682 13.2858 0.00273991
    endloop
  endfacet
  facet normal 0 0 -1
    outer loop
      vertex 1.46021 13.893 0.00273991
      vertex 6.18828 17.0649 0.00273991
      vertex 4.18971 13.3128 0.00273991
    endloop
  endfacet
  facet normal -0 0 -1
    outer loop
      vertex 6.18828 17.0649 0.00273991
      vertex 1.46021 13.893 0.00273991
      vertex 5.37278 18.4774 0.00273991
    endloop
  endfacet
  facet normal 0 -0 -1
    outer loop
      vertex 2.10672 19.9401 0.00273991
      vertex 5.37278 18.4774 0.00273991
      vertex 1.46021 13.893 0.00273991
    endloop
  endfacet
  facet normal -0 -0 -1
    outer loop
      vertex 5.08053 19.308 0.00273991
      vertex 5.37278 18.4774 0.00273991
      vertex 2.10672 19.9401 0.00273991
    endloop
  endfacet
  facet normal 0 0 -1
    outer loop
      vertex 5.10666 19.2891 0.00273991
      vertex 5.08053 19.308 0.00273991
      vertex 5.09935 19.2972 0.00273991
    endloop
  endfacet
  facet normal 0 0 -1
    outer loop
      vertex 5.09935 19.2972 0.00273991
      vertex 5.08053 19.308 0.00273991
      vertex 5.09051 19.3036 0.00273991
    endloop
  endfacet
  facet normal 0 0 -1
    outer loop
      vertex 5.11212 19.2796 0.00273991
      vertex 5.08053 19.308 0.00273991
      vertex 5.10666 19.2891 0.00273991
    endloop
  endfacet
  facet normal 0 0 -1
    outer loop
      vertex 5.37278 18.4774 0.00273991
      vertex 5.08053 19.308 0.00273991
      vertex 5.11212 19.2796 0.00273991
    endloop
  endfacet
  facet normal -0 0 -1
    outer loop
      vertex 2.10672 19.9401 0.00273991
      vertex 1.46021 13.893 0.00273991
      vertex 2.09603 19.9424 0.00273991
    endloop
  endfacet
  facet normal 0 0 -1
    outer loop
      vertex -1.46021 13.893 0.00273991
      vertex 2.09603 19.9424 0.00273991
      vertex 1.46021 13.893 0.00273991
    endloop
  endfacet
  facet normal 0 0 -1
    outer loop
      vertex -1.46021 13.893 0.00273991
      vertex -2.09603 19.9424 0.00273991
      vertex 2.09603 19.9424 0.00273991
    endloop
  endfacet
  facet normal 0 0 -1
    outer loop
      vertex -1.46021 13.893 0.00273991
      vertex -2.10672 19.9401 0.00273991
      vertex -2.09603 19.9424 0.00273991
    endloop
  endfacet
  facet normal 0 0 -1
    outer loop
      vertex -6.18828 17.0649 0.00273991
      vertex -1.46021 13.893 0.00273991
      vertex -4.18971 13.3128 0.00273991
    endloop
  endfacet
  facet normal 0 0 -1
    outer loop
      vertex -6.18828 17.0649 0.00273991
      vertex -4.18971 13.3128 0.00273991
      vertex -4.31682 13.2858 0.00273991
    endloop
  endfacet
  facet normal 0 0 -1
    outer loop
      vertex -1.46021 13.893 0.00273991
      vertex -5.37278 18.4774 0.00273991
      vertex -2.10672 19.9401 0.00273991
    endloop
  endfacet
  facet normal 0 0 -1
    outer loop
      vertex -2.10672 19.9401 0.00273991
      vertex -5.37278 18.4774 0.00273991
      vertex -5.08053 19.308 0.00273991
    endloop
  endfacet
  facet normal 0 -0 -1
    outer loop
      vertex -5.11212 19.2796 0.00273991
      vertex -5.08053 19.308 0.00273991
      vertex -5.37278 18.4774 0.00273991
    endloop
  endfacet
  facet normal 0 0 -1
    outer loop
      vertex -5.08053 19.308 0.00273991
      vertex -5.11212 19.2796 0.00273991
      vertex -5.09051 19.3036 0.00273991
    endloop
  endfacet
  facet normal 0 0 -1
    outer loop
      vertex -5.09051 19.3036 0.00273991
      vertex -5.11212 19.2796 0.00273991
      vertex -5.09935 19.2972 0.00273991
    endloop
  endfacet
  facet normal 0 0 -1
    outer loop
      vertex -5.09935 19.2972 0.00273991
      vertex -5.11212 19.2796 0.00273991
      vertex -5.10666 19.2891 0.00273991
    endloop
  endfacet
  facet normal 0 0 -1
    outer loop
      vertex -1.46021 13.893 0.00273991
      vertex -6.18828 17.0649 0.00273991
      vertex -5.37278 18.4774 0.00273991
    endloop
  endfacet
  facet normal 0 0 -1
    outer loop
      vertex -7.27963 15.8528 0.00273991
      vertex -4.31682 13.2858 0.00273991
      vertex -6.86605 12.1508 0.00273991
    endloop
  endfacet
  facet normal 0 0 -1
    outer loop
      vertex -8.59914 14.8941 0.00273991
      vertex -6.86605 12.1508 0.00273991
      vertex -6.98476 12.098 0.00273991
    endloop
  endfacet
  facet normal 0 0 -1
    outer loop
      vertex -4.31682 13.2858 0.00273991
      vertex -7.27963 15.8528 0.00273991
      vertex -6.18828 17.0649 0.00273991
    endloop
  endfacet
  facet normal 0 0 -1
    outer loop
      vertex -6.86605 12.1508 0.00273991
      vertex -8.59914 14.8941 0.00273991
      vertex -7.27963 15.8528 0.00273991
    endloop
  endfacet
  facet normal 0 0 -1
    outer loop
      vertex -10.0891 14.2308 0.00273991
      vertex -6.98476 12.098 0.00273991
      vertex -9.24231 10.4578 0.00273991
    endloop
  endfacet
  facet normal 0 0 -1
    outer loop
      vertex -11.6845 13.8917 0.00273991
      vertex -9.24231 10.4578 0.00273991
      vertex -9.34743 10.3814 0.00273991
    endloop
  endfacet
  facet normal 0 0 -1
    outer loop
      vertex -11.6845 13.8917 0.00273991
      vertex -9.34743 10.3814 0.00273991
      vertex -9.43438 10.2848 0.00273991
    endloop
  endfacet
  facet normal 0 0 -1
    outer loop
      vertex -6.98476 12.098 0.00273991
      vertex -10.0891 14.2308 0.00273991
      vertex -8.59914 14.8941 0.00273991
    endloop
  endfacet
  facet normal 0 0 -1
    outer loop
      vertex -11.6845 13.8917 0.00273991
      vertex -9.43438 10.2848 0.00273991
      vertex -11.3016 8.21108 0.00273991
    endloop
  endfacet
  facet normal 0 0 -1
    outer loop
      vertex -9.24231 10.4578 0.00273991
      vertex -11.6845 13.8917 0.00273991
      vertex -10.0891 14.2308 0.00273991
    endloop
  endfacet
  facet normal 0 0 -1
    outer loop
      vertex -16.2281 11.777 0.00273991
      vertex -11.3016 8.21108 0.00273991
      vertex -12.6968 5.79445 0.00273991
    endloop
  endfacet
  facet normal 0 0 -1
    outer loop
      vertex -16.2281 11.777 0.00273991
      vertex -12.6968 5.79445 0.00273991
      vertex -12.7618 5.68192 0.00273991
    endloop
  endfacet
  facet normal 0 0 -1
    outer loop
      vertex -16.2281 11.777 0.00273991
      vertex -12.7618 5.68192 0.00273991
      vertex -12.8019 5.55833 0.00273991
    endloop
  endfacet
  facet normal 0 0 -1
    outer loop
      vertex -11.3016 8.21108 0.00273991
      vertex -13.3155 13.8917 0.00273991
      vertex -11.6845 13.8917 0.00273991
    endloop
  endfacet
  facet normal 0 0 -1
    outer loop
      vertex -13.6778 2.77519 0.00273991
      vertex -17.8728 3.17324 0.00273991
      vertex -13.6643 2.90443 0.00273991
    endloop
  endfacet
  facet normal 0 0 -1
    outer loop
      vertex -13.9695 0 0.00273991
      vertex -17.3688 1.62207 0.00273991
      vertex -13.6778 2.77519 0.00273991
    endloop
  endfacet
  facet normal 0 0 -1
    outer loop
      vertex -17.3688 1.62207 0.00273991
      vertex -13.9695 0 0.00273991
      vertex -17.1983 0 0.00273991
    endloop
  endfacet
  facet normal 0 0 -1
    outer loop
      vertex -11.3016 8.21108 0.00273991
      vertex -16.2281 11.777 0.00273991
      vertex -16.2153 11.7945 0.00273991
    endloop
  endfacet
  facet normal 0 0 -1
    outer loop
      vertex -16.2153 -11.7945 0.00273991
      vertex -13.3155 -13.8917 0.00273991
      vertex -14.3389 -13.8785 0.00273991
    endloop
  endfacet
  facet normal 0 0 -1
    outer loop
      vertex -14.181 -14.0539 0.00273991
      vertex -14.1299 -14.0648 0.00273991
      vertex -14.1406 -14.067 0.00273991
    endloop
  endfacet
  facet normal 0 0 -1
    outer loop
      vertex -17.8728 3.17324 0.00273991
      vertex -13.6778 2.77519 0.00273991
      vertex -17.3688 1.62207 0.00273991
    endloop
  endfacet
  facet normal 0 0 -1
    outer loop
      vertex -14.181 -14.0539 0.00273991
      vertex -14.1406 -14.067 0.00273991
      vertex -14.1515 -14.067 0.00273991
    endloop
  endfacet
  facet normal -0 0 -1
    outer loop
      vertex -13.3155 13.8917 0.00273991
      vertex -14.3389 13.8785 0.00273991
      vertex -14.1299 14.0648 0.00273991
    endloop
  endfacet
  facet normal 0 0 -1
    outer loop
      vertex -14.181 -14.0539 0.00273991
      vertex -14.1515 -14.067 0.00273991
      vertex -14.1622 -14.0648 0.00273991
    endloop
  endfacet
  facet normal 0 -0 -1
    outer loop
      vertex -14.181 14.0539 0.00273991
      vertex -14.1299 14.0648 0.00273991
      vertex -14.3389 13.8785 0.00273991
    endloop
  endfacet
  facet normal 0 0 -1
    outer loop
      vertex -14.181 -14.0539 0.00273991
      vertex -14.1622 -14.0648 0.00273991
      vertex -14.1721 -14.0603 0.00273991
    endloop
  endfacet
  facet normal -0 0 -1
    outer loop
      vertex -14.1299 14.0648 0.00273991
      vertex -14.181 14.0539 0.00273991
      vertex -14.1406 14.067 0.00273991
    endloop
  endfacet
  facet normal 0 0 -1
    outer loop
      vertex -14.1299 -14.0648 0.00273991
      vertex -14.181 -14.0539 0.00273991
      vertex -14.3389 -13.8785 0.00273991
    endloop
  endfacet
  facet normal -0 0 -1
    outer loop
      vertex -14.1406 14.067 0.00273991
      vertex -14.181 14.0539 0.00273991
      vertex -14.1515 14.067 0.00273991
    endloop
  endfacet
  facet normal -0 0 -1
    outer loop
      vertex -12.6968 -5.79445 0.00273991
      vertex -18.3187 -8.15599 0.00273991
      vertex -12.7618 -5.68192 0.00273991
    endloop
  endfacet
  facet normal 0 0 -1
    outer loop
      vertex -14.1515 14.067 0.00273991
      vertex -14.181 14.0539 0.00273991
      vertex -14.1622 14.0648 0.00273991
    endloop
  endfacet
  facet normal 0 -0 -1
    outer loop
      vertex -17.8728 -3.17324 0.00273991
      vertex -12.8019 -5.55833 0.00273991
      vertex -18.6883 -4.58574 0.00273991
    endloop
  endfacet
  facet normal 0 0 -1
    outer loop
      vertex -14.1622 14.0648 0.00273991
      vertex -14.181 14.0539 0.00273991
      vertex -14.1721 14.0603 0.00273991
    endloop
  endfacet
  facet normal 0 0 -1
    outer loop
      vertex -16.2281 -11.777 0.00273991
      vertex -16.2153 -11.7945 0.00273991
      vertex -16.2226 -11.7864 0.00273991
    endloop
  endfacet
  facet normal 0 0 -1
    outer loop
      vertex -13.3155 13.8917 0.00273991
      vertex -16.2153 11.7945 0.00273991
      vertex -14.3389 13.8785 0.00273991
    endloop
  endfacet
  facet normal 0 0 -1
    outer loop
      vertex -12.8019 -5.55833 0.00273991
      vertex -17.8728 -3.17324 0.00273991
      vertex -13.6643 -2.90443 0.00273991
    endloop
  endfacet
  facet normal 0 0 -1
    outer loop
      vertex -11.3016 8.21108 0.00273991
      vertex -16.2153 11.7945 0.00273991
      vertex -13.3155 13.8917 0.00273991
    endloop
  endfacet
  facet normal 0 0 -1
    outer loop
      vertex -16.2153 11.7945 0.00273991
      vertex -16.2281 11.777 0.00273991
      vertex -16.2226 11.7864 0.00273991
    endloop
  endfacet
  facet normal -0 0 -1
    outer loop
      vertex -13.9695 0 0.00273991
      vertex -17.3688 -1.62207 0.00273991
      vertex -17.1983 0 0.00273991
    endloop
  endfacet
  facet normal 0 0 -1
    outer loop
      vertex -13.6778 -2.77519 0.00273991
      vertex -17.3688 -1.62207 0.00273991
      vertex -13.9695 0 0.00273991
    endloop
  endfacet
  facet normal 0 -0 -1
    outer loop
      vertex -17.3688 -1.62207 0.00273991
      vertex -13.6778 -2.77519 0.00273991
      vertex -17.8728 -3.17324 0.00273991
    endloop
  endfacet
  facet normal -0 0 -1
    outer loop
      vertex -13.6643 -2.90443 0.00273991
      vertex -17.8728 -3.17324 0.00273991
      vertex -13.6778 -2.77519 0.00273991
    endloop
  endfacet
  facet normal 0 0 -1
    outer loop
      vertex -19.2581 -5.26454 0.00273991
      vertex -18.6883 -4.58574 0.00273991
      vertex -18.3187 -8.15599 0.00273991
    endloop
  endfacet
  facet normal 0 0 -1
    outer loop
      vertex -18.6883 -4.58574 0.00273991
      vertex -19.2581 -5.26454 0.00273991
      vertex -19.2454 -5.20444 0.00273991
    endloop
  endfacet
  facet normal 0 0 -1
    outer loop
      vertex -19.2454 -5.20444 0.00273991
      vertex -19.2581 -5.26454 0.00273991
      vertex -19.2527 -5.21256 0.00273991
    endloop
  endfacet
  facet normal 0 0 -1
    outer loop
      vertex -19.2581 -5.26454 0.00273991
      vertex -19.2581 -5.22203 0.00273991
      vertex -19.2527 -5.21256 0.00273991
    endloop
  endfacet
  facet normal 0 0 -1
    outer loop
      vertex -19.2615 -5.25415 0.00273991
      vertex -19.2581 -5.22203 0.00273991
      vertex -19.2581 -5.26454 0.00273991
    endloop
  endfacet
  facet normal 0 0 -1
    outer loop
      vertex -19.2615 -5.25415 0.00273991
      vertex -19.2615 -5.23242 0.00273991
      vertex -19.2581 -5.22203 0.00273991
    endloop
  endfacet
  facet normal 0 -0 -1
    outer loop
      vertex -19.2615 -5.23242 0.00273991
      vertex -19.2615 -5.25415 0.00273991
      vertex -19.2627 -5.24328 0.00273991
    endloop
  endfacet
  facet normal 0.38855 0.125843 -0.912794
    outer loop
      vertex 19.4549 -5.19131 0.066988
      vertex 19.3515 -5.18044 0.0244722
      vertex 19.4388 -5.1416 0.066988
    endloop
  endfacet
  facet normal 0.38855 -0.125843 -0.912794
    outer loop
      vertex 19.4388 -5.34497 0.066988
      vertex 19.3515 -5.30613 0.0244722
      vertex 19.4549 -5.29526 0.066988
    endloop
  endfacet
  facet normal 0.388577 -0.12649 -0.912693
    outer loop
      vertex 19.4549 -5.29526 0.066988
      vertex 19.3515 -5.30613 0.0244722
      vertex 19.3615 -5.27541 0.0244722
    endloop
  endfacet
  facet normal 0.406331 -0.0429939 -0.912714
    outer loop
      vertex 19.4549 -5.29526 0.066988
      vertex 19.3615 -5.27541 0.0244722
      vertex 19.4604 -5.24328 0.066988
    endloop
  endfacet
  facet normal 0.946327 -0.0996448 -0.307468
    outer loop
      vertex 19.6995 -5.24328 0.396045
      vertex 19.6572 -5.33825 0.296632
      vertex 19.6672 -5.24328 0.296632
    endloop
  endfacet
  facet normal 0.862531 -0.0908214 -0.497787
    outer loop
      vertex 19.6572 -5.33825 0.296632
      vertex 19.6061 -5.32739 0.206108
      vertex 19.6672 -5.24328 0.296632
    endloop
  endfacet
  facet normal 0.945888 0.307335 -0.104117
    outer loop
      vertex 19.6995 -5.13933 0.5
      vertex 19.6572 -5.04436 0.396045
      vertex 19.6672 -5.03992 0.5
    endloop
  endfacet
  facet normal 0.904953 0.294082 -0.307533
    outer loop
      vertex 19.6888 -5.1416 0.396045
      vertex 19.6572 -5.14832 0.296632
      vertex 19.6572 -5.04436 0.396045
    endloop
  endfacet
  facet normal 0.586615 -0.0624059 -0.807458
    outer loop
      vertex 19.5376 -5.31284 0.128428
      vertex 19.4549 -5.29526 0.066988
      vertex 19.545 -5.24328 0.128428
    endloop
  endfacet
  facet normal 0.586493 -0.0620568 -0.807573
    outer loop
      vertex 19.545 -5.24328 0.128428
      vertex 19.4549 -5.29526 0.066988
      vertex 19.4604 -5.24328 0.066988
    endloop
  endfacet
  facet normal 0.511269 0.29459 -0.807354
    outer loop
      vertex 19.516 -5.1072 0.128428
      vertex 19.4388 -5.1416 0.066988
      vertex 19.4811 -5.04663 0.128428
    endloop
  endfacet
  facet normal -0.181622 -0.10486 0.977762
    outer loop
      vertex -18.3187 -8.15599 15.9973
      vertex -16.3215 -11.8185 15.9755
      vertex -16.2281 -11.777 15.9973
    endloop
  endfacet
  facet normal -0.181544 -0.104818 0.977781
    outer loop
      vertex -16.3215 -11.8185 15.9755
      vertex -18.3187 -8.15599 15.9973
      vertex -18.4121 -8.19758 15.9755
    endloop
  endfacet
  facet normal -0.861403 -0.49715 0.104052
    outer loop
      vertex -18.7177 -8.33366 15.604
      vertex -18.7277 -8.3381 15.5
      vertex -18.6666 -8.4222 15.604
    endloop
  endfacet
  facet normal -0.708271 -0.230135 0.667376
    outer loop
      vertex -18.6666 -8.21883 15.7939
      vertex -19.516 -5.37936 15.8716
      vertex -19.6061 -5.32739 15.7939
    endloop
  endfacet
  facet normal -0.708285 -0.230138 0.66736
    outer loop
      vertex -19.516 -5.37936 15.8716
      vertex -18.6666 -8.21883 15.7939
      vertex -18.5765 -8.27081 15.8716
    endloop
  endfacet
  facet normal -0.904965 -0.294044 0.307534
    outer loop
      vertex -19.6572 -5.44221 15.604
      vertex -18.7177 -8.2297 15.7034
      vertex -19.6572 -5.33825 15.7034
    endloop
  endfacet
  facet normal -0.904965 -0.294044 0.307534
    outer loop
      vertex -18.7177 -8.2297 15.7034
      vertex -19.6572 -5.44221 15.604
      vertex -18.7177 -8.33366 15.604
    endloop
  endfacet
  facet normal -0.199289 0.0652148 0.977768
    outer loop
      vertex -19.2581 -5.22203 15.9973
      vertex -19.3615 -5.21116 15.9755
      vertex -19.2615 -5.23242 15.9973
    endloop
  endfacet
  facet normal -0.645518 -0.371943 0.667057
    outer loop
      vertex -18.5765 -8.27081 15.8716
      vertex -18.6404 -8.29926 15.7939
      vertex -18.5416 -8.33138 15.8716
    endloop
  endfacet
  facet normal -0.644151 -0.580557 0.498019
    outer loop
      vertex -16.5076 -11.9935 15.7939
      vertex -16.5499 -12.0242 15.7034
      vertex -16.451 -12.0563 15.7939
    endloop
  endfacet
  facet normal -0.824825 0.267918 0.49788
    outer loop
      vertex -19.6277 -5.0575 15.7034
      vertex -19.6572 -5.14832 15.7034
      vertex -19.6061 -5.15918 15.7939
    endloop
  endfacet
  facet normal -0.645484 0.372801 0.666611
    outer loop
      vertex -19.5376 -5.00552 15.7939
      vertex -19.5799 -5.07876 15.7939
      vertex -19.4811 -5.04663 15.8716
    endloop
  endfacet
  facet normal -0.511052 0.294464 0.807537
    outer loop
      vertex -19.4811 -5.04663 15.8716
      vertex -19.516 -5.1072 15.8716
      vertex -19.4388 -5.1416 15.933
    endloop
  endfacet
  facet normal -0.560894 0.182103 0.807611
    outer loop
      vertex -19.516 -5.1072 15.8716
      vertex -19.5376 -5.17373 15.8716
      vertex -19.4549 -5.19131 15.933
    endloop
  endfacet
  facet normal 0.182234 0.103914 0.977749
    outer loop
      vertex 19.3354 -5.15247 15.9755
      vertex 19.2527 -5.21256 15.9973
      vertex 19.2581 -5.22203 15.9973
    endloop
  endfacet
  facet normal -0.561213 0.181765 0.807466
    outer loop
      vertex -19.4388 -5.1416 15.933
      vertex -19.516 -5.1072 15.8716
      vertex -19.4549 -5.19131 15.933
    endloop
  endfacet
  facet normal -0.740424 0.0787799 0.667507
    outer loop
      vertex -19.5376 -5.17373 15.8716
      vertex -19.6061 -5.15918 15.7939
      vertex -19.545 -5.24328 15.8716
    endloop
  endfacet
  facet normal 0 -0.744865 0.667215
    outer loop
      vertex -13.2787 -14.242 15.7939
      vertex -11.714 -14.1724 15.8716
      vertex -13.286 -14.1724 15.8716
    endloop
  endfacet
  facet normal 0 -0.744865 0.667215
    outer loop
      vertex -11.714 -14.1724 15.8716
      vertex -13.2787 -14.242 15.7939
      vertex -11.7213 -14.242 15.7939
    endloop
  endfacet
  facet normal 0 -0.744865 0.667215
    outer loop
      vertex 11.7213 -14.242 15.7939
      vertex 13.286 -14.1724 15.8716
      vertex 11.714 -14.1724 15.8716
    endloop
  endfacet
  facet normal 0 -0.744865 0.667215
    outer loop
      vertex 13.286 -14.1724 15.8716
      vertex 11.7213 -14.242 15.7939
      vertex 13.2787 -14.242 15.7939
    endloop
  endfacet
  facet normal -0.743351 0.668901 0
    outer loop
      vertex -19.6149 -4.94939 0.5
      vertex -19.545 -4.87171 15.5
      vertex -19.545 -4.87171 0.5
    endloop
  endfacet
  facet normal -0.743351 0.668901 0
    outer loop
      vertex -19.545 -4.87171 15.5
      vertex -19.6149 -4.94939 0.5
      vertex -19.6149 -4.94939 15.5
    endloop
  endfacet
  facet normal -0.155921 0.140175 0.977773
    outer loop
      vertex -19.2454 -5.20444 15.9973
      vertex -19.3138 -5.12846 15.9755
      vertex -19.2527 -5.21256 15.9973
    endloop
  endfacet
  facet normal 0.750977 -0.433566 0.49805
    outer loop
      vertex 16.5499 -11.9202 15.7939
      vertex 18.6404 -8.40322 15.7034
      vertex 18.6404 -8.29926 15.7939
    endloop
  endfacet
  facet normal 0.750909 -0.433522 0.498191
    outer loop
      vertex 18.6404 -8.40322 15.7034
      vertex 16.5499 -11.9202 15.7939
      vertex 16.5499 -12.0242 15.7034
    endloop
  endfacet
  facet normal 0.553446 -0.498806 0.667001
    outer loop
      vertex 16.451 -11.9524 15.8716
      vertex 16.451 -12.0563 15.7939
      vertex 16.5076 -11.9935 15.7939
    endloop
  endfacet
  facet normal 0.739111 -0.665515 0.103944
    outer loop
      vertex 14.6996 -14.1271 15.604
      vertex 16.5149 -12.1273 15.5
      vertex 16.576 -12.0432 15.604
    endloop
  endfacet
  facet normal 0.739111 -0.665515 0.103944
    outer loop
      vertex 16.5149 -12.1273 15.5
      vertex 14.6996 -14.1271 15.604
      vertex 14.6385 -14.2112 15.5
    endloop
  endfacet
  facet normal -0.750654 0.433873 -0.49827
    outer loop
      vertex -19.5799 -5.07876 0.206108
      vertex -19.6277 -5.0575 0.296632
      vertex -19.5799 -4.9748 0.296632
    endloop
  endfacet
  facet normal -0.388577 -0.12649 -0.912693
    outer loop
      vertex -19.3515 -5.30613 0.0244722
      vertex -19.4549 -5.29526 0.066988
      vertex -19.3615 -5.27541 0.0244722
    endloop
  endfacet
  facet normal -0.303635 -0.273388 -0.912724
    outer loop
      vertex -14.5062 -13.9866 0.066988
      vertex -16.2837 -11.8705 0.0244722
      vertex -14.4073 -13.9545 0.0244722
    endloop
  endfacet
  facet normal -0.303453 -0.273237 -0.91283
    outer loop
      vertex -16.2837 -11.8705 0.0244722
      vertex -14.5062 -13.9866 0.066988
      vertex -16.3826 -11.9027 0.066988
    endloop
  endfacet
  facet normal -0.751026 -0.433595 -0.497951
    outer loop
      vertex -16.5499 -11.9202 0.206108
      vertex -18.6404 -8.40322 0.296632
      vertex -18.6404 -8.29926 0.206108
    endloop
  endfacet
  facet normal -0.750958 -0.433551 -0.498092
    outer loop
      vertex -18.6404 -8.40322 0.296632
      vertex -16.5499 -11.9202 0.206108
      vertex -16.5499 -12.0242 0.296632
    endloop
  endfacet
  facet normal 0.645444 -0.3719 -0.667153
    outer loop
      vertex 18.6404 -8.29926 0.206108
      vertex 18.5416 -8.33138 0.128428
      vertex 18.5765 -8.27081 0.128428
    endloop
  endfacet
  facet normal 0.511289 -0.294601 -0.807338
    outer loop
      vertex 18.5416 -8.33138 0.128428
      vertex 18.4993 -8.23642 0.066988
      vertex 18.5765 -8.27081 0.128428
    endloop
  endfacet
  facet normal -0.208268 0.023013 0.977801
    outer loop
      vertex -19.2615 -5.23242 15.9973
      vertex -19.3615 -5.21116 15.9755
      vertex -19.2627 -5.24328 15.9973
    endloop
  endfacet
  facet normal 0 -0.589655 0.807655
    outer loop
      vertex -11.7052 -14.0883 15.933
      vertex -13.286 -14.1724 15.8716
      vertex -11.714 -14.1724 15.8716
    endloop
  endfacet
  facet normal 0 -0.589655 0.807655
    outer loop
      vertex -13.286 -14.1724 15.8716
      vertex -11.7052 -14.0883 15.933
      vertex -13.2948 -14.0883 15.933
    endloop
  endfacet
  facet normal 0 -0.589655 0.807655
    outer loop
      vertex 13.2948 -14.0883 15.933
      vertex 11.714 -14.1724 15.8716
      vertex 13.286 -14.1724 15.8716
    endloop
  endfacet
  facet normal 0 -0.589655 0.807655
    outer loop
      vertex 11.714 -14.1724 15.8716
      vertex 13.2948 -14.0883 15.933
      vertex 11.7052 -14.0883 15.933
    endloop
  endfacet
  facet normal 0 -0.209792 0.977746
    outer loop
      vertex -11.6845 -13.8917 15.9973
      vertex -13.3048 -13.9933 15.9755
      vertex -11.6952 -13.9933 15.9755
    endloop
  endfacet
  facet normal 0 -0.209792 0.977746
    outer loop
      vertex -13.3048 -13.9933 15.9755
      vertex -11.6845 -13.8917 15.9973
      vertex -13.3155 -13.8917 15.9973
    endloop
  endfacet
  facet normal 0 -0.209792 0.977746
    outer loop
      vertex 13.3155 -13.8917 15.9973
      vertex 11.6952 -13.9933 15.9755
      vertex 13.3048 -13.9933 15.9755
    endloop
  endfacet
  facet normal 0 -0.209792 0.977746
    outer loop
      vertex 11.6952 -13.9933 15.9755
      vertex 13.3155 -13.8917 15.9973
      vertex 11.6845 -13.8917 15.9973
    endloop
  endfacet
  facet normal 0 0 1
    outer loop
      vertex 19.2615 5.25415 15.9973
      vertex 19.2615 5.23242 15.9973
      vertex 19.2627 5.24328 15.9973
    endloop
  endfacet
  facet normal 0 0 1
    outer loop
      vertex 19.2581 5.26454 15.9973
      vertex 19.2615 5.23242 15.9973
      vertex 19.2615 5.25415 15.9973
    endloop
  endfacet
  facet normal 0 0 1
    outer loop
      vertex 19.2581 5.26454 15.9973
      vertex 19.2581 5.22203 15.9973
      vertex 19.2615 5.23242 15.9973
    endloop
  endfacet
  facet normal 0 0 1
    outer loop
      vertex 19.2581 5.26454 15.9973
      vertex 19.2527 5.21256 15.9973
      vertex 19.2581 5.22203 15.9973
    endloop
  endfacet
  facet normal 0 0 1
    outer loop
      vertex 19.2581 5.26454 15.9973
      vertex 19.2454 5.20444 15.9973
      vertex 19.2527 5.21256 15.9973
    endloop
  endfacet
  facet normal 0 0 1
    outer loop
      vertex 19.2581 5.26454 15.9973
      vertex 18.6883 4.58574 15.9973
      vertex 19.2454 5.20444 15.9973
    endloop
  endfacet
  facet normal 0 0 1
    outer loop
      vertex 18.3187 8.15599 15.9973
      vertex 18.6883 4.58574 15.9973
      vertex 19.2581 5.26454 15.9973
    endloop
  endfacet
  facet normal 0 0 1
    outer loop
      vertex 18.3187 8.15599 15.9973
      vertex 17.8728 3.17324 15.9973
      vertex 18.6883 4.58574 15.9973
    endloop
  endfacet
  facet normal 0 0 1
    outer loop
      vertex 11.6845 13.8917 15.9973
      vertex 17.8728 3.17324 15.9973
      vertex 18.3187 8.15599 15.9973
    endloop
  endfacet
  facet normal 0 0 1
    outer loop
      vertex 3.35 0 15.9973
      vertex 17.8728 3.17324 15.9973
      vertex 11.6845 13.8917 15.9973
    endloop
  endfacet
  facet normal 0 0 1
    outer loop
      vertex 11.6845 13.8917 15.9973
      vertex 18.3187 8.15599 15.9973
      vertex 16.2281 11.777 15.9973
    endloop
  endfacet
  facet normal 0 0 1
    outer loop
      vertex 19.2615 -5.23242 15.9973
      vertex 19.2615 -5.25415 15.9973
      vertex 19.2627 -5.24328 15.9973
    endloop
  endfacet
  facet normal 0 0 1
    outer loop
      vertex 19.2581 -5.22203 15.9973
      vertex 19.2615 -5.25415 15.9973
      vertex 19.2615 -5.23242 15.9973
    endloop
  endfacet
  facet normal 0 0 1
    outer loop
      vertex 19.2581 -5.22203 15.9973
      vertex 19.2581 -5.26454 15.9973
      vertex 19.2615 -5.25415 15.9973
    endloop
  endfacet
  facet normal 0 0 1
    outer loop
      vertex 19.2527 -5.21256 15.9973
      vertex 19.2581 -5.26454 15.9973
      vertex 19.2581 -5.22203 15.9973
    endloop
  endfacet
  facet normal 0 0 1
    outer loop
      vertex 19.2454 -5.20444 15.9973
      vertex 19.2581 -5.26454 15.9973
      vertex 19.2527 -5.21256 15.9973
    endloop
  endfacet
  facet normal 0 0 1
    outer loop
      vertex 18.6883 -4.58574 15.9973
      vertex 19.2581 -5.26454 15.9973
      vertex 19.2454 -5.20444 15.9973
    endloop
  endfacet
  facet normal 0 0 1
    outer loop
      vertex 18.6883 -4.58574 15.9973
      vertex 18.3187 -8.15599 15.9973
      vertex 19.2581 -5.26454 15.9973
    endloop
  endfacet
  facet normal 0 0 1
    outer loop
      vertex 17.8728 -3.17324 15.9973
      vertex 18.3187 -8.15599 15.9973
      vertex 18.6883 -4.58574 15.9973
    endloop
  endfacet
  facet normal 0 0 1
    outer loop
      vertex 3.35 0 15.9973
      vertex 17.8728 -3.17324 15.9973
      vertex 17.3688 -1.62207 15.9973
    endloop
  endfacet
  facet normal 0 0 1
    outer loop
      vertex 17.8728 -3.17324 15.9973
      vertex 11.6845 -13.8917 15.9973
      vertex 18.3187 -8.15599 15.9973
    endloop
  endfacet
  facet normal -0 0 1
    outer loop
      vertex 3.35 0 15.9973
      vertex 17.3688 -1.62207 15.9973
      vertex 17.1983 0 15.9973
    endloop
  endfacet
  facet normal 0 0 1
    outer loop
      vertex 17.8728 3.17324 15.9973
      vertex 3.35 0 15.9973
      vertex 17.3688 1.62207 15.9973
    endloop
  endfacet
  facet normal 0 0 1
    outer loop
      vertex 16.2153 11.7945 15.9973
      vertex 16.2281 11.777 15.9973
      vertex 16.2226 11.7864 15.9973
    endloop
  endfacet
  facet normal 0 0 1
    outer loop
      vertex 17.8728 -3.17324 15.9973
      vertex 3.35 0 15.9973
      vertex 11.6845 -13.8917 15.9973
    endloop
  endfacet
  facet normal 0 0 1
    outer loop
      vertex 16.2281 11.777 15.9973
      vertex 16.2153 11.7945 15.9973
      vertex 11.6845 13.8917 15.9973
    endloop
  endfacet
  facet normal 0 0 1
    outer loop
      vertex 18.3187 -8.15599 15.9973
      vertex 11.6845 -13.8917 15.9973
      vertex 16.2281 -11.777 15.9973
    endloop
  endfacet
  facet normal 0 0 1
    outer loop
      vertex 13.3155 13.8917 15.9973
      vertex 16.2153 11.7945 15.9973
      vertex 14.3389 13.8785 15.9973
    endloop
  endfacet
  facet normal 0 -0 1
    outer loop
      vertex 16.2153 -11.7945 15.9973
      vertex 16.2281 -11.777 15.9973
      vertex 11.6845 -13.8917 15.9973
    endloop
  endfacet
  facet normal 0 0 1
    outer loop
      vertex 14.1299 14.0648 15.9973
      vertex 14.3389 13.8785 15.9973
      vertex 14.181 14.0539 15.9973
    endloop
  endfacet
  facet normal 0 0 1
    outer loop
      vertex 16.2281 -11.777 15.9973
      vertex 16.2153 -11.7945 15.9973
      vertex 16.2226 -11.7864 15.9973
    endloop
  endfacet
  facet normal 0 0 1
    outer loop
      vertex 14.1299 14.0648 15.9973
      vertex 14.181 14.0539 15.9973
      vertex 14.1721 14.0603 15.9973
    endloop
  endfacet
  facet normal 0 0 1
    outer loop
      vertex 16.2153 -11.7945 15.9973
      vertex 13.3155 -13.8917 15.9973
      vertex 14.3389 -13.8785 15.9973
    endloop
  endfacet
  facet normal -0 0 1
    outer loop
      vertex 14.1299 14.0648 15.9973
      vertex 14.1721 14.0603 15.9973
      vertex 14.1622 14.0648 15.9973
    endloop
  endfacet
  facet normal 0 -0 1
    outer loop
      vertex 14.1299 -14.0648 15.9973
      vertex 14.3389 -13.8785 15.9973
      vertex 13.3155 -13.8917 15.9973
    endloop
  endfacet
  facet normal 0 0 1
    outer loop
      vertex 14.1299 14.0648 15.9973
      vertex 14.1622 14.0648 15.9973
      vertex 14.1515 14.067 15.9973
    endloop
  endfacet
  facet normal 0 0 1
    outer loop
      vertex 14.3389 -13.8785 15.9973
      vertex 14.1299 -14.0648 15.9973
      vertex 14.181 -14.0539 15.9973
    endloop
  endfacet
  facet normal 0 0 1
    outer loop
      vertex 14.1299 14.0648 15.9973
      vertex 14.1515 14.067 15.9973
      vertex 14.1406 14.067 15.9973
    endloop
  endfacet
  facet normal 0 0 1
    outer loop
      vertex 14.181 -14.0539 15.9973
      vertex 14.1299 -14.0648 15.9973
      vertex 14.1721 -14.0603 15.9973
    endloop
  endfacet
  facet normal 0 0 1
    outer loop
      vertex 14.3389 13.8785 15.9973
      vertex 14.1299 14.0648 15.9973
      vertex 13.3155 13.8917 15.9973
    endloop
  endfacet
  facet normal 0 0 1
    outer loop
      vertex 14.1721 -14.0603 15.9973
      vertex 14.1299 -14.0648 15.9973
      vertex 14.1622 -14.0648 15.9973
    endloop
  endfacet
  facet normal -0 0 1
    outer loop
      vertex 11.6845 13.8917 15.9973
      vertex 16.2153 11.7945 15.9973
      vertex 13.3155 13.8917 15.9973
    endloop
  endfacet
  facet normal 0 0 1
    outer loop
      vertex 14.1515 -14.067 15.9973
      vertex 14.1299 -14.0648 15.9973
      vertex 14.1406 -14.067 15.9973
    endloop
  endfacet
  facet normal 0 0 1
    outer loop
      vertex 17.3688 1.62207 15.9973
      vertex 3.35 0 15.9973
      vertex 17.1983 0 15.9973
    endloop
  endfacet
  facet normal 0 0 1
    outer loop
      vertex 14.1622 -14.0648 15.9973
      vertex 14.1299 -14.0648 15.9973
      vertex 14.1515 -14.067 15.9973
    endloop
  endfacet
  facet normal 0 0 1
    outer loop
      vertex 1.675 2.90119 15.9973
      vertex 11.6845 13.8917 15.9973
      vertex 10.0891 14.2308 15.9973
    endloop
  endfacet
  facet normal 0 0 1
    outer loop
      vertex 16.2153 -11.7945 15.9973
      vertex 11.6845 -13.8917 15.9973
      vertex 13.3155 -13.8917 15.9973
    endloop
  endfacet
  facet normal 0 0 1
    outer loop
      vertex 1.675 2.90119 15.9973
      vertex 10.0891 14.2308 15.9973
      vertex 8.59914 14.8941 15.9973
    endloop
  endfacet
  facet normal -0 0 1
    outer loop
      vertex 1.675 -2.90119 15.9973
      vertex 11.6845 -13.8917 15.9973
      vertex 3.35 0 15.9973
    endloop
  endfacet
  facet normal 0 0 1
    outer loop
      vertex 1.675 2.90119 15.9973
      vertex 8.59914 14.8941 15.9973
      vertex 7.27963 15.8528 15.9973
    endloop
  endfacet
  facet normal 0 0 1
    outer loop
      vertex 11.6845 -13.8917 15.9973
      vertex 1.675 -2.90119 15.9973
      vertex 10.0891 -14.2308 15.9973
    endloop
  endfacet
  facet normal 0 0 1
    outer loop
      vertex 1.675 2.90119 15.9973
      vertex 7.27963 15.8528 15.9973
      vertex 6.18828 17.0649 15.9973
    endloop
  endfacet
  facet normal 0 0 1
    outer loop
      vertex 10.0891 -14.2308 15.9973
      vertex 1.675 -2.90119 15.9973
      vertex 8.59914 -14.8941 15.9973
    endloop
  endfacet
  facet normal 0 0 1
    outer loop
      vertex 2.10672 19.9401 15.9973
      vertex 6.18828 17.0649 15.9973
      vertex 5.37278 18.4774 15.9973
    endloop
  endfacet
  facet normal 0 0 1
    outer loop
      vertex 8.59914 -14.8941 15.9973
      vertex 1.675 -2.90119 15.9973
      vertex 7.27963 -15.8528 15.9973
    endloop
  endfacet
  facet normal 0 0 1
    outer loop
      vertex 5.08053 19.308 15.9973
      vertex 5.37278 18.4774 15.9973
      vertex 5.11212 19.2796 15.9973
    endloop
  endfacet
  facet normal 0 0 1
    outer loop
      vertex 7.27963 -15.8528 15.9973
      vertex 1.675 -2.90119 15.9973
      vertex 6.18828 -17.0649 15.9973
    endloop
  endfacet
  facet normal 0 0 1
    outer loop
      vertex 5.08053 19.308 15.9973
      vertex 5.11212 19.2796 15.9973
      vertex 5.10666 19.2891 15.9973
    endloop
  endfacet
  facet normal 0 0 1
    outer loop
      vertex -6.18828 -17.0649 15.9973
      vertex 6.18828 -17.0649 15.9973
      vertex 1.675 -2.90119 15.9973
    endloop
  endfacet
  facet normal 0 0 1
    outer loop
      vertex 5.08053 19.308 15.9973
      vertex 5.10666 19.2891 15.9973
      vertex 5.09935 19.2972 15.9973
    endloop
  endfacet
  facet normal 0 -0 1
    outer loop
      vertex 2.09603 -19.9424 15.9973
      vertex 6.18828 -17.0649 15.9973
      vertex -6.18828 -17.0649 15.9973
    endloop
  endfacet
  facet normal 0 0 1
    outer loop
      vertex 5.08053 19.308 15.9973
      vertex 5.09935 19.2972 15.9973
      vertex 5.09051 19.3036 15.9973
    endloop
  endfacet
  facet normal 0 -0 1
    outer loop
      vertex 5.08053 -19.308 15.9973
      vertex 5.37278 -18.4774 15.9973
      vertex 2.10672 -19.9401 15.9973
    endloop
  endfacet
  facet normal 0 0 1
    outer loop
      vertex 5.37278 18.4774 15.9973
      vertex 5.08053 19.308 15.9973
      vertex 2.10672 19.9401 15.9973
    endloop
  endfacet
  facet normal 0 0 1
    outer loop
      vertex 5.37278 -18.4774 15.9973
      vertex 5.08053 -19.308 15.9973
      vertex 5.11212 -19.2796 15.9973
    endloop
  endfacet
  facet normal 0 0 1
    outer loop
      vertex 5.11212 -19.2796 15.9973
      vertex 5.08053 -19.308 15.9973
      vertex 5.10666 -19.2891 15.9973
    endloop
  endfacet
  facet normal 0 0 1
    outer loop
      vertex 2.09603 19.9424 15.9973
      vertex 6.18828 17.0649 15.9973
      vertex 2.10672 19.9401 15.9973
    endloop
  endfacet
  facet normal 0 0 1
    outer loop
      vertex 6.18828 17.0649 15.9973
      vertex 2.09603 19.9424 15.9973
      vertex -6.18828 17.0649 15.9973
    endloop
  endfacet
  facet normal 0 0 1
    outer loop
      vertex 11.6845 13.8917 15.9973
      vertex 1.675 2.90119 15.9973
      vertex 3.35 0 15.9973
    endloop
  endfacet
  facet normal 0 0 1
    outer loop
      vertex 6.18828 17.0649 15.9973
      vertex -6.18828 17.0649 15.9973
      vertex 1.675 2.90119 15.9973
    endloop
  endfacet
  facet normal 0 0 1
    outer loop
      vertex -6.18828 17.0649 15.9973
      vertex 2.09603 19.9424 15.9973
      vertex -2.09603 19.9424 15.9973
    endloop
  endfacet
  facet normal 0 0 1
    outer loop
      vertex -6.18828 17.0649 15.9973
      vertex -2.09603 19.9424 15.9973
      vertex -2.10672 19.9401 15.9973
    endloop
  endfacet
  facet normal 0 0 1
    outer loop
      vertex 1.675 2.90119 15.9973
      vertex -6.18828 17.0649 15.9973
      vertex -1.675 2.90119 15.9973
    endloop
  endfacet
  facet normal 0 0 1
    outer loop
      vertex -5.37278 18.4774 15.9973
      vertex -2.10672 19.9401 15.9973
      vertex -5.08053 19.308 15.9973
    endloop
  endfacet
  facet normal 0 0 1
    outer loop
      vertex -3.35 0 15.9973
      vertex -17.8728 -3.17324 15.9973
      vertex -11.6845 -13.8917 15.9973
    endloop
  endfacet
  facet normal 0 0 1
    outer loop
      vertex -11.6845 -13.8917 15.9973
      vertex -17.8728 -3.17324 15.9973
      vertex -16.2281 -11.777 15.9973
    endloop
  endfacet
  facet normal 0 0 1
    outer loop
      vertex -17.8728 -3.17324 15.9973
      vertex -18.3187 -8.15599 15.9973
      vertex -16.2281 -11.777 15.9973
    endloop
  endfacet
  facet normal -0 0 1
    outer loop
      vertex -18.6883 -4.58574 15.9973
      vertex -18.3187 -8.15599 15.9973
      vertex -17.8728 -3.17324 15.9973
    endloop
  endfacet
  facet normal 0 0 1
    outer loop
      vertex -19.2581 -5.26454 15.9973
      vertex -18.6883 -4.58574 15.9973
      vertex -19.2454 -5.20444 15.9973
    endloop
  endfacet
  facet normal 0 0 1
    outer loop
      vertex -19.2581 -5.26454 15.9973
      vertex -19.2454 -5.20444 15.9973
      vertex -19.2527 -5.21256 15.9973
    endloop
  endfacet
  facet normal 0 0 1
    outer loop
      vertex -19.2581 -5.26454 15.9973
      vertex -19.2527 -5.21256 15.9973
      vertex -19.2581 -5.22203 15.9973
    endloop
  endfacet
  facet normal 0 0 1
    outer loop
      vertex -18.6883 -4.58574 15.9973
      vertex -19.2581 -5.26454 15.9973
      vertex -18.3187 -8.15599 15.9973
    endloop
  endfacet
  facet normal -0 0 1
    outer loop
      vertex -19.2615 -5.23242 15.9973
      vertex -19.2581 -5.26454 15.9973
      vertex -19.2581 -5.22203 15.9973
    endloop
  endfacet
  facet normal 0 0 1
    outer loop
      vertex -19.2615 -5.23242 15.9973
      vertex -19.2615 -5.25415 15.9973
      vertex -19.2581 -5.26454 15.9973
    endloop
  endfacet
  facet normal 0 -0 1
    outer loop
      vertex -19.2615 -5.25415 15.9973
      vertex -19.2615 -5.23242 15.9973
      vertex -19.2627 -5.24328 15.9973
    endloop
  endfacet
  facet normal 0 0 1
    outer loop
      vertex 5.10666 -19.2891 15.9973
      vertex 5.08053 -19.308 15.9973
      vertex 5.09935 -19.2972 15.9973
    endloop
  endfacet
  facet normal 0 0 1
    outer loop
      vertex 5.09935 -19.2972 15.9973
      vertex 5.08053 -19.308 15.9973
      vertex 5.09051 -19.3036 15.9973
    endloop
  endfacet
  facet normal 0 0 1
    outer loop
      vertex 6.18828 -17.0649 15.9973
      vertex 2.10672 -19.9401 15.9973
      vertex 5.37278 -18.4774 15.9973
    endloop
  endfacet
  facet normal 0 0 1
    outer loop
      vertex -6.18828 -17.0649 15.9973
      vertex 1.675 -2.90119 15.9973
      vertex -1.675 -2.90119 15.9973
    endloop
  endfacet
  facet normal 0 0 1
    outer loop
      vertex 6.18828 -17.0649 15.9973
      vertex 2.09603 -19.9424 15.9973
      vertex 2.10672 -19.9401 15.9973
    endloop
  endfacet
  facet normal 0 0 1
    outer loop
      vertex 2.09603 -19.9424 15.9973
      vertex -6.18828 -17.0649 15.9973
      vertex -2.09603 -19.9424 15.9973
    endloop
  endfacet
  facet normal 0 0 1
    outer loop
      vertex -11.6845 -13.8917 15.9973
      vertex -1.675 -2.90119 15.9973
      vertex -3.35 0 15.9973
    endloop
  endfacet
  facet normal 0 0 1
    outer loop
      vertex -6.18828 17.0649 15.9973
      vertex -2.10672 19.9401 15.9973
      vertex -5.37278 18.4774 15.9973
    endloop
  endfacet
  facet normal -0 0 1
    outer loop
      vertex -7.27963 15.8528 15.9973
      vertex -1.675 2.90119 15.9973
      vertex -6.18828 17.0649 15.9973
    endloop
  endfacet
  facet normal 0 0 1
    outer loop
      vertex -5.11212 19.2796 15.9973
      vertex -5.08053 19.308 15.9973
      vertex -5.09051 19.3036 15.9973
    endloop
  endfacet
  facet normal -0 0 1
    outer loop
      vertex -8.59914 14.8941 15.9973
      vertex -1.675 2.90119 15.9973
      vertex -7.27963 15.8528 15.9973
    endloop
  endfacet
  facet normal 0 0 1
    outer loop
      vertex -5.11212 19.2796 15.9973
      vertex -5.09051 19.3036 15.9973
      vertex -5.09935 19.2972 15.9973
    endloop
  endfacet
  facet normal 0 0 1
    outer loop
      vertex -2.10672 -19.9401 15.9973
      vertex -5.37278 -18.4774 15.9973
      vertex -5.08053 -19.308 15.9973
    endloop
  endfacet
  facet normal 0 0 1
    outer loop
      vertex -5.11212 19.2796 15.9973
      vertex -5.09935 19.2972 15.9973
      vertex -5.10666 19.2891 15.9973
    endloop
  endfacet
  facet normal -0 -0 1
    outer loop
      vertex -5.11212 -19.2796 15.9973
      vertex -5.08053 -19.308 15.9973
      vertex -5.37278 -18.4774 15.9973
    endloop
  endfacet
  facet normal 0 0 1
    outer loop
      vertex -5.08053 19.308 15.9973
      vertex -5.11212 19.2796 15.9973
      vertex -5.37278 18.4774 15.9973
    endloop
  endfacet
  facet normal 0 0 1
    outer loop
      vertex -5.08053 -19.308 15.9973
      vertex -5.11212 -19.2796 15.9973
      vertex -5.09051 -19.3036 15.9973
    endloop
  endfacet
  facet normal 0 0 1
    outer loop
      vertex -5.09051 -19.3036 15.9973
      vertex -5.11212 -19.2796 15.9973
      vertex -5.09935 -19.2972 15.9973
    endloop
  endfacet
  facet normal 0 0 1
    outer loop
      vertex -5.09935 -19.2972 15.9973
      vertex -5.11212 -19.2796 15.9973
      vertex -5.10666 -19.2891 15.9973
    endloop
  endfacet
  facet normal -0 0 1
    outer loop
      vertex -10.0891 14.2308 15.9973
      vertex -1.675 2.90119 15.9973
      vertex -8.59914 14.8941 15.9973
    endloop
  endfacet
  facet normal 0 0 1
    outer loop
      vertex -2.10672 -19.9401 15.9973
      vertex -6.18828 -17.0649 15.9973
      vertex -5.37278 -18.4774 15.9973
    endloop
  endfacet
  facet normal 0 0 1
    outer loop
      vertex -1.675 -2.90119 15.9973
      vertex -7.27963 -15.8528 15.9973
      vertex -6.18828 -17.0649 15.9973
    endloop
  endfacet
  facet normal 0 0 1
    outer loop
      vertex -2.09603 -19.9424 15.9973
      vertex -6.18828 -17.0649 15.9973
      vertex -2.10672 -19.9401 15.9973
    endloop
  endfacet
  facet normal -0 0 1
    outer loop
      vertex -11.6845 13.8917 15.9973
      vertex -1.675 2.90119 15.9973
      vertex -10.0891 14.2308 15.9973
    endloop
  endfacet
  facet normal 0 0 1
    outer loop
      vertex -1.675 -2.90119 15.9973
      vertex -8.59914 -14.8941 15.9973
      vertex -7.27963 -15.8528 15.9973
    endloop
  endfacet
  facet normal 0 0 1
    outer loop
      vertex -1.675 2.90119 15.9973
      vertex -11.6845 13.8917 15.9973
      vertex -3.35 0 15.9973
    endloop
  endfacet
  facet normal 0 0 1
    outer loop
      vertex -17.3688 -1.62207 15.9973
      vertex -3.35 0 15.9973
      vertex -17.1983 0 15.9973
    endloop
  endfacet
  facet normal -0 0 1
    outer loop
      vertex -17.8728 3.17324 15.9973
      vertex -3.35 0 15.9973
      vertex -11.6845 13.8917 15.9973
    endloop
  endfacet
  facet normal 0 0 1
    outer loop
      vertex -1.675 -2.90119 15.9973
      vertex -10.0891 -14.2308 15.9973
      vertex -8.59914 -14.8941 15.9973
    endloop
  endfacet
  facet normal 0 0 1
    outer loop
      vertex -16.2153 11.7945 15.9973
      vertex -11.6845 13.8917 15.9973
      vertex -13.3155 13.8917 15.9973
    endloop
  endfacet
  facet normal 0 0 1
    outer loop
      vertex -1.675 -2.90119 15.9973
      vertex -11.6845 -13.8917 15.9973
      vertex -10.0891 -14.2308 15.9973
    endloop
  endfacet
  facet normal 0 0 1
    outer loop
      vertex -14.3389 13.8785 15.9973
      vertex -13.3155 13.8917 15.9973
      vertex -14.1299 14.0648 15.9973
    endloop
  endfacet
  facet normal 0 0 1
    outer loop
      vertex -17.8728 -3.17324 15.9973
      vertex -3.35 0 15.9973
      vertex -17.3688 -1.62207 15.9973
    endloop
  endfacet
  facet normal 0 0 1
    outer loop
      vertex -14.181 14.0539 15.9973
      vertex -14.1299 14.0648 15.9973
      vertex -14.1406 14.067 15.9973
    endloop
  endfacet
  facet normal -0 -0 1
    outer loop
      vertex -16.2153 -11.7945 15.9973
      vertex -11.6845 -13.8917 15.9973
      vertex -16.2281 -11.777 15.9973
    endloop
  endfacet
  facet normal 0 0 1
    outer loop
      vertex -14.181 14.0539 15.9973
      vertex -14.1406 14.067 15.9973
      vertex -14.1515 14.067 15.9973
    endloop
  endfacet
  facet normal 0 0 1
    outer loop
      vertex -13.3155 -13.8917 15.9973
      vertex -14.3389 -13.8785 15.9973
      vertex -14.1299 -14.0648 15.9973
    endloop
  endfacet
  facet normal 0 0 1
    outer loop
      vertex -14.181 14.0539 15.9973
      vertex -14.1515 14.067 15.9973
      vertex -14.1622 14.0648 15.9973
    endloop
  endfacet
  facet normal -0 -0 1
    outer loop
      vertex -14.181 -14.0539 15.9973
      vertex -14.1299 -14.0648 15.9973
      vertex -14.3389 -13.8785 15.9973
    endloop
  endfacet
  facet normal 0 0 1
    outer loop
      vertex -14.181 14.0539 15.9973
      vertex -14.1622 14.0648 15.9973
      vertex -14.1721 14.0603 15.9973
    endloop
  endfacet
  facet normal 0 0 1
    outer loop
      vertex -14.1299 -14.0648 15.9973
      vertex -14.181 -14.0539 15.9973
      vertex -14.1406 -14.067 15.9973
    endloop
  endfacet
  facet normal 0 0 1
    outer loop
      vertex -14.1299 14.0648 15.9973
      vertex -14.181 14.0539 15.9973
      vertex -14.3389 13.8785 15.9973
    endloop
  endfacet
  facet normal 0 0 1
    outer loop
      vertex -14.1406 -14.067 15.9973
      vertex -14.181 -14.0539 15.9973
      vertex -14.1515 -14.067 15.9973
    endloop
  endfacet
  facet normal 0 0 1
    outer loop
      vertex -16.2153 11.7945 15.9973
      vertex -13.3155 13.8917 15.9973
      vertex -14.3389 13.8785 15.9973
    endloop
  endfacet
  facet normal 0 0 1
    outer loop
      vertex -14.1515 -14.067 15.9973
      vertex -14.181 -14.0539 15.9973
      vertex -14.1622 -14.0648 15.9973
    endloop
  endfacet
  facet normal 0 0 1
    outer loop
      vertex -11.6845 13.8917 15.9973
      vertex -16.2153 11.7945 15.9973
      vertex -16.2281 11.777 15.9973
    endloop
  endfacet
  facet normal 0 0 1
    outer loop
      vertex -14.1622 -14.0648 15.9973
      vertex -14.181 -14.0539 15.9973
      vertex -14.1721 -14.0603 15.9973
    endloop
  endfacet
  facet normal 0 0 1
    outer loop
      vertex -16.2281 11.777 15.9973
      vertex -16.2153 11.7945 15.9973
      vertex -16.2226 11.7864 15.9973
    endloop
  endfacet
  facet normal 0 0 1
    outer loop
      vertex -13.3155 -13.8917 15.9973
      vertex -16.2153 -11.7945 15.9973
      vertex -14.3389 -13.8785 15.9973
    endloop
  endfacet
  facet normal 0 0 1
    outer loop
      vertex -11.6845 13.8917 15.9973
      vertex -16.2281 11.777 15.9973
      vertex -17.8728 3.17324 15.9973
    endloop
  endfacet
  facet normal 0 0 1
    outer loop
      vertex -11.6845 -13.8917 15.9973
      vertex -16.2153 -11.7945 15.9973
      vertex -13.3155 -13.8917 15.9973
    endloop
  endfacet
  facet normal 0 0 1
    outer loop
      vertex -16.2153 -11.7945 15.9973
      vertex -16.2281 -11.777 15.9973
      vertex -16.2226 -11.7864 15.9973
    endloop
  endfacet
  facet normal 0 0 1
    outer loop
      vertex -3.35 0 15.9973
      vertex -17.3688 1.62207 15.9973
      vertex -17.1983 0 15.9973
    endloop
  endfacet
  facet normal 0 0 1
    outer loop
      vertex -3.35 0 15.9973
      vertex -17.8728 3.17324 15.9973
      vertex -17.3688 1.62207 15.9973
    endloop
  endfacet
  facet normal -0 0 1
    outer loop
      vertex -18.3187 8.15599 15.9973
      vertex -17.8728 3.17324 15.9973
      vertex -16.2281 11.777 15.9973
    endloop
  endfacet
  facet normal 0 0 1
    outer loop
      vertex -18.3187 8.15599 15.9973
      vertex -18.6883 4.58574 15.9973
      vertex -17.8728 3.17324 15.9973
    endloop
  endfacet
  facet normal -0 0 1
    outer loop
      vertex -19.2581 5.26454 15.9973
      vertex -18.6883 4.58574 15.9973
      vertex -18.3187 8.15599 15.9973
    endloop
  endfacet
  facet normal 0 0 1
    outer loop
      vertex -18.6883 4.58574 15.9973
      vertex -19.2581 5.26454 15.9973
      vertex -19.2454 5.20444 15.9973
    endloop
  endfacet
  facet normal 0 0 1
    outer loop
      vertex -19.2454 5.20444 15.9973
      vertex -19.2581 5.26454 15.9973
      vertex -19.2527 5.21256 15.9973
    endloop
  endfacet
  facet normal 0 0 1
    outer loop
      vertex -19.2581 5.26454 15.9973
      vertex -19.2581 5.22203 15.9973
      vertex -19.2527 5.21256 15.9973
    endloop
  endfacet
  facet normal -0 0 1
    outer loop
      vertex -19.2615 5.25415 15.9973
      vertex -19.2581 5.22203 15.9973
      vertex -19.2581 5.26454 15.9973
    endloop
  endfacet
  facet normal 0 0 1
    outer loop
      vertex -19.2615 5.25415 15.9973
      vertex -19.2615 5.23242 15.9973
      vertex -19.2581 5.22203 15.9973
    endloop
  endfacet
  facet normal 0 -0 1
    outer loop
      vertex -19.2615 5.23242 15.9973
      vertex -19.2615 5.25415 15.9973
      vertex -19.2627 5.24328 15.9973
    endloop
  endfacet
  facet normal 0.353849 -0.204297 0.912718
    outer loop
      vertex 18.4121 -8.19758 15.9755
      vertex 16.4087 -11.8574 15.933
      vertex 18.4993 -8.23642 15.933
    endloop
  endfacet
  facet normal 0.353754 -0.204246 0.912766
    outer loop
      vertex 16.4087 -11.8574 15.933
      vertex 18.4121 -8.19758 15.9755
      vertex 16.3215 -11.8185 15.9755
    endloop
  endfacet
  facet normal -0.199375 -0.0647747 0.97778
    outer loop
      vertex -19.3515 -5.30613 15.9755
      vertex -18.3187 -8.15599 15.9973
      vertex -19.2581 -5.26454 15.9973
    endloop
  endfacet
  facet normal -0.199375 -0.0647747 0.97778
    outer loop
      vertex -18.3187 -8.15599 15.9973
      vertex -19.3515 -5.30613 15.9755
      vertex -18.4121 -8.19758 15.9755
    endloop
  endfacet
  facet normal -0.1554 0.139801 -0.977909
    outer loop
      vertex -19.2527 -5.21256 0.00273991
      vertex -19.3354 -5.15247 0.0244722
      vertex -19.3138 -5.12846 0.0244722
    endloop
  endfacet
  facet normal -0.862345 -0.0902228 -0.498218
    outer loop
      vertex -19.6061 -5.32739 0.206108
      vertex -19.6672 -5.24328 0.296632
      vertex -19.6149 -5.24328 0.206108
    endloop
  endfacet
  facet normal -0.946326 0.0996552 -0.307468
    outer loop
      vertex -19.6672 -5.24328 0.296632
      vertex -19.6995 -5.24328 0.396045
      vertex -19.6572 -5.14832 0.296632
    endloop
  endfacet
  facet normal 0.553875 0.498791 0.666656
    outer loop
      vertex 18.9167 -4.4198 15.8716
      vertex 19.4811 -4.94268 15.7939
      vertex 18.9732 -4.37869 15.7939
    endloop
  endfacet
  facet normal 0.553698 0.498552 0.666982
    outer loop
      vertex 19.4811 -4.94268 15.7939
      vertex 18.9167 -4.4198 15.8716
      vertex 19.4811 -5.04663 15.8716
    endloop
  endfacet
  facet normal 0.904942 0.294078 0.307569
    outer loop
      vertex 19.6572 -5.04436 15.604
      vertex 19.6572 -5.14832 15.7034
      vertex 19.6888 -5.1416 15.604
    endloop
  endfacet
  facet normal 0.989112 0.104086 0.104036
    outer loop
      vertex 19.6995 -5.13933 15.5
      vertex 19.6888 -5.1416 15.604
      vertex 19.6995 -5.24328 15.604
    endloop
  endfacet
  facet normal 0.823849 0.476179 0.30745
    outer loop
      vertex 19.6572 -5.04436 15.604
      vertex 19.5799 -4.9748 15.7034
      vertex 19.6277 -5.0575 15.7034
    endloop
  endfacet
  facet normal 0.645538 0.371955 0.667031
    outer loop
      vertex 19.5799 -5.07876 15.7939
      vertex 19.4811 -5.04663 15.8716
      vertex 19.516 -5.1072 15.8716
    endloop
  endfacet
  facet normal -0.739112 0.665557 -0.10367
    outer loop
      vertex -19.0417 -4.32898 0.396045
      vertex -19.545 -4.87171 0.5
      vertex -19.0505 -4.32256 0.5
    endloop
  endfacet
  facet normal -0.739117 0.665504 -0.103976
    outer loop
      vertex -19.545 -4.87171 0.5
      vertex -19.0417 -4.32898 0.396045
      vertex -19.6061 -4.95581 0.396045
    endloop
  endfacet
  facet normal -0.706693 0.635928 -0.31013
    outer loop
      vertex -19.0155 -4.34797 0.296632
      vertex -19.6061 -4.95581 0.396045
      vertex -19.0182 -4.34604 0.306742
    endloop
  endfacet
  facet normal -0.707032 0.636614 -0.307943
    outer loop
      vertex -19.6061 -4.95581 0.396045
      vertex -19.0155 -4.34797 0.296632
      vertex -19.5799 -4.9748 0.296632
    endloop
  endfacet
  facet normal -0.6443 0.580223 -0.498215
    outer loop
      vertex -18.9732 -4.37869 0.206108
      vertex -19.4811 -4.94268 0.206108
      vertex -19.0108 -4.3514 0.286515
    endloop
  endfacet
  facet normal -0.708167 -0.229952 -0.667549
    outer loop
      vertex -19.516 -5.37936 0.128428
      vertex -19.6061 -5.32739 0.206108
      vertex -19.5376 -5.31284 0.128428
    endloop
  endfacet
  facet normal -0.207649 0.0229447 -0.977934
    outer loop
      vertex -19.2627 -5.24328 0.00273991
      vertex -19.3615 -5.21116 0.0244722
      vertex -19.2615 -5.23242 0.00273991
    endloop
  endfacet
  facet normal 0.406332 0.0430115 -0.912713
    outer loop
      vertex 19.3649 -5.24328 0.0244722
      vertex 19.3615 -5.21116 0.0244722
      vertex 19.4604 -5.24328 0.066988
    endloop
  endfacet
  facet normal 0.388577 0.12649 -0.912693
    outer loop
      vertex 19.3615 -5.21116 0.0244722
      vertex 19.3515 -5.18044 0.0244722
      vertex 19.4549 -5.19131 0.066988
    endloop
  endfacet
  facet normal 0.743351 0.668901 0
    outer loop
      vertex 19.6149 -4.94939 15.5
      vertex 19.545 -4.87171 0.5
      vertex 19.545 -4.87171 15.5
    endloop
  endfacet
  facet normal 0.743351 0.668901 0
    outer loop
      vertex 19.545 -4.87171 0.5
      vertex 19.6149 -4.94939 15.5
      vertex 19.6149 -4.94939 0.5
    endloop
  endfacet
  facet normal 0.82386 0.476185 -0.307414
    outer loop
      vertex 19.6277 -5.0575 0.296632
      vertex 19.5799 -4.9748 0.296632
      vertex 19.6572 -5.04436 0.396045
    endloop
  endfacet
  facet normal 0.946313 0.0995825 -0.307532
    outer loop
      vertex 19.6995 -5.24328 0.396045
      vertex 19.6572 -5.14832 0.296632
      vertex 19.6888 -5.1416 0.396045
    endloop
  endfacet
  facet normal 0.861229 0.49754 -0.103632
    outer loop
      vertex 19.6672 -5.03992 0.5
      vertex 19.6061 -4.95581 0.396045
      vertex 19.6149 -4.94939 0.5
    endloop
  endfacet
  facet normal 0.354313 0.203948 -0.912616
    outer loop
      vertex 19.3515 -5.18044 0.0244722
      vertex 19.3354 -5.15247 0.0244722
      vertex 19.4126 -5.09634 0.066988
    endloop
  endfacet
  facet normal 0.824879 0.267936 -0.497781
    outer loop
      vertex 19.6572 -5.14832 0.296632
      vertex 19.6061 -5.15918 0.206108
      vertex 19.6277 -5.0575 0.296632
    endloop
  endfacet
  facet normal 0.862344 0.0902334 -0.498217
    outer loop
      vertex 19.6149 -5.24328 0.206108
      vertex 19.6061 -5.15918 0.206108
      vertex 19.6672 -5.24328 0.296632
    endloop
  endfacet
  facet normal -0.509971 0.295211 0.807948
    outer loop
      vertex -19.4126 -5.09634 15.933
      vertex -19.4811 -5.04663 15.8716
      vertex -19.4388 -5.1416 15.933
    endloop
  endfacet
  facet normal -0.824 -0.475564 0.307998
    outer loop
      vertex -18.6404 -8.40322 15.7034
      vertex -18.7177 -8.33366 15.604
      vertex -18.6666 -8.4222 15.604
    endloop
  endfacet
  facet normal -0.181543 -0.105036 0.977757
    outer loop
      vertex -16.2281 -11.777 15.9973
      vertex -16.3215 -11.8185 15.9755
      vertex -16.3053 -11.8465 15.9755
    endloop
  endfacet
  facet normal -0.511072 -0.294476 0.807521
    outer loop
      vertex -18.4993 -8.23642 15.933
      vertex -18.5765 -8.27081 15.8716
      vertex -18.5416 -8.33138 15.8716
    endloop
  endfacet
  facet normal -0.75105 -0.433417 0.49807
    outer loop
      vertex -16.5499 -11.9202 15.7939
      vertex -16.5499 -12.0242 15.7034
      vertex -16.5076 -11.9935 15.7939
    endloop
  endfacet
  facet normal -0.750977 -0.433566 0.49805
    outer loop
      vertex -18.6404 -8.40322 15.7034
      vertex -16.5499 -11.9202 15.7939
      vertex -18.6404 -8.29926 15.7939
    endloop
  endfacet
  facet normal -0.750909 -0.433522 0.498191
    outer loop
      vertex -16.5499 -11.9202 15.7939
      vertex -18.6404 -8.40322 15.7034
      vertex -16.5499 -12.0242 15.7034
    endloop
  endfacet
  facet normal -0.645279 -0.372552 0.666948
    outer loop
      vertex -18.5416 -8.33138 15.8716
      vertex -16.5499 -11.9202 15.7939
      vertex -16.451 -11.9524 15.8716
    endloop
  endfacet
  facet normal -0.645472 -0.372654 0.666705
    outer loop
      vertex -16.5499 -11.9202 15.7939
      vertex -18.5416 -8.33138 15.8716
      vertex -18.6404 -8.29926 15.7939
    endloop
  endfacet
  facet normal -0.904942 -0.294078 0.307569
    outer loop
      vertex -19.6572 -5.33825 15.7034
      vertex -19.6888 -5.34497 15.604
      vertex -19.6572 -5.44221 15.604
    endloop
  endfacet
  facet normal -0.946302 -0.0995716 0.307568
    outer loop
      vertex -19.6572 -5.33825 15.7034
      vertex -19.6995 -5.24328 15.604
      vertex -19.6888 -5.34497 15.604
    endloop
  endfacet
  facet normal -0.824801 -0.267998 0.497876
    outer loop
      vertex -19.6572 -5.33825 15.7034
      vertex -18.6666 -8.21883 15.7939
      vertex -19.6061 -5.32739 15.7939
    endloop
  endfacet
  facet normal -0.824789 -0.267993 0.497898
    outer loop
      vertex -18.6666 -8.21883 15.7939
      vertex -19.6572 -5.33825 15.7034
      vertex -18.7177 -8.2297 15.7034
    endloop
  endfacet
  facet normal -0.437969 0.394349 0.807882
    outer loop
      vertex -18.9167 -4.4198 15.8716
      vertex -19.4126 -5.09634 15.933
      vertex -18.8482 -4.46951 15.933
    endloop
  endfacet
  facet normal -0.437969 0.394349 0.807882
    outer loop
      vertex -19.4126 -5.09634 15.933
      vertex -18.9167 -4.4198 15.8716
      vertex -19.4811 -5.04663 15.8716
    endloop
  endfacet
  facet normal -0.905018 0.293966 0.307452
    outer loop
      vertex -19.6572 -5.04436 15.604
      vertex -19.6572 -5.14832 15.7034
      vertex -19.6277 -5.0575 15.7034
    endloop
  endfacet
  facet normal -0.741198 -0.0775478 0.666792
    outer loop
      vertex -19.545 -5.24328 15.8716
      vertex -19.6149 -5.24328 15.7939
      vertex -19.6061 -5.32739 15.7939
    endloop
  endfacet
  facet normal -0.155862 0.140218 0.977776
    outer loop
      vertex -19.3138 -5.12846 15.9755
      vertex -19.3354 -5.15247 15.9755
      vertex -19.2527 -5.21256 15.9973
    endloop
  endfacet
  facet normal -0.181658 0.104565 0.977786
    outer loop
      vertex -19.3354 -5.15247 15.9755
      vertex -19.3515 -5.18044 15.9755
      vertex -19.2581 -5.22203 15.9973
    endloop
  endfacet
  facet normal -0.708248 -0.229978 0.667454
    outer loop
      vertex -19.5376 -5.31284 15.8716
      vertex -19.6061 -5.32739 15.7939
      vertex -19.516 -5.37936 15.8716
    endloop
  endfacet
  facet normal -0.406205 -0.0429806 0.91277
    outer loop
      vertex -19.3615 -5.27541 15.9755
      vertex -19.4604 -5.24328 15.933
      vertex -19.4549 -5.29526 15.933
    endloop
  endfacet
  facet normal 0 -0.867475 0.49748
    outer loop
      vertex -13.2732 -14.2939 15.7034
      vertex -11.7213 -14.242 15.7939
      vertex -13.2787 -14.242 15.7939
    endloop
  endfacet
  facet normal 0 -0.867475 0.49748
    outer loop
      vertex -11.7213 -14.242 15.7939
      vertex -13.2732 -14.2939 15.7034
      vertex -11.7268 -14.2939 15.7034
    endloop
  endfacet
  facet normal 0 -0.867475 0.49748
    outer loop
      vertex 11.7268 -14.2939 15.7034
      vertex 13.2787 -14.242 15.7939
      vertex 11.7213 -14.242 15.7939
    endloop
  endfacet
  facet normal 0 -0.867475 0.49748
    outer loop
      vertex 13.2787 -14.242 15.7939
      vertex 11.7268 -14.2939 15.7034
      vertex 13.2732 -14.2939 15.7034
    endloop
  endfacet
  facet normal -0.739111 -0.665515 0.103944
    outer loop
      vertex -16.5149 -12.1273 15.5
      vertex -14.6996 -14.1271 15.604
      vertex -16.576 -12.0432 15.604
    endloop
  endfacet
  facet normal -0.739111 -0.665515 0.103944
    outer loop
      vertex -14.6996 -14.1271 15.604
      vertex -16.5149 -12.1273 15.5
      vertex -14.6385 -14.2112 15.5
    endloop
  endfacet
  facet normal 0 -0.994647 -0.103335
    outer loop
      vertex 11.7302 -14.3261 0.396045
      vertex 13.2687 -14.3369 0.5
      vertex 11.7313 -14.3369 0.5
    endloop
  endfacet
  facet normal 0 -0.994647 -0.103335
    outer loop
      vertex 13.2687 -14.3369 0.5
      vertex 11.7302 -14.3261 0.396045
      vertex 13.2698 -14.3261 0.396045
    endloop
  endfacet
  facet normal 0 -0.994647 -0.103335
    outer loop
      vertex -13.2698 -14.3261 0.396045
      vertex -11.7313 -14.3369 0.5
      vertex -13.2687 -14.3369 0.5
    endloop
  endfacet
  facet normal 0 -0.994647 -0.103335
    outer loop
      vertex -11.7313 -14.3369 0.5
      vertex -13.2698 -14.3261 0.396045
      vertex -11.7302 -14.3261 0.396045
    endloop
  endfacet
  facet normal 0.739107 -0.665512 -0.103988
    outer loop
      vertex 16.5149 -12.1273 0.5
      vertex 14.6996 -14.1271 0.396045
      vertex 16.576 -12.0432 0.396045
    endloop
  endfacet
  facet normal 0.739107 -0.665512 -0.103988
    outer loop
      vertex 14.6996 -14.1271 0.396045
      vertex 16.5149 -12.1273 0.5
      vertex 14.6385 -14.2112 0.5
    endloop
  endfacet
  facet normal -0.586493 -0.0620568 -0.807573
    outer loop
      vertex -19.4549 -5.29526 0.066988
      vertex -19.545 -5.24328 0.128428
      vertex -19.4604 -5.24328 0.066988
    endloop
  endfacet
  facet normal 0.708293 -0.230726 -0.667148
    outer loop
      vertex 18.6404 -8.29926 0.206108
      vertex 18.5765 -8.27081 0.128428
      vertex 18.6666 -8.21883 0.206108
    endloop
  endfacet
  facet normal 0.561256 -0.182365 -0.8073
    outer loop
      vertex 18.4993 -8.23642 0.066988
      vertex 19.516 -5.37936 0.128428
      vertex 18.5765 -8.27081 0.128428
    endloop
  endfacet
  facet normal 0.561256 -0.182365 -0.8073
    outer loop
      vertex 19.516 -5.37936 0.128428
      vertex 18.4993 -8.23642 0.066988
      vertex 19.4388 -5.34497 0.066988
    endloop
  endfacet
  facet normal 0.824867 -0.267932 -0.497803
    outer loop
      vertex 18.6882 -8.32052 0.296632
      vertex 18.6666 -8.21883 0.206108
      vertex 18.7177 -8.2297 0.296632
    endloop
  endfacet
  facet normal 0 -0.994651 0.103291
    outer loop
      vertex 11.7313 -14.3369 15.5
      vertex 13.2698 -14.3261 15.604
      vertex 11.7302 -14.3261 15.604
    endloop
  endfacet
  facet normal 0 -0.994651 0.103291
    outer loop
      vertex 13.2698 -14.3261 15.604
      vertex 11.7313 -14.3369 15.5
      vertex 13.2687 -14.3369 15.5
    endloop
  endfacet
  facet normal 0 -0.994651 0.103291
    outer loop
      vertex -13.2687 -14.3369 15.5
      vertex -11.7302 -14.3261 15.604
      vertex -13.2698 -14.3261 15.604
    endloop
  endfacet
  facet normal 0 -0.994651 0.103291
    outer loop
      vertex -11.7302 -14.3261 15.604
      vertex -13.2687 -14.3369 15.5
      vertex -11.7313 -14.3369 15.5
    endloop
  endfacet
  facet normal -0.182234 0.103914 0.977749
    outer loop
      vertex -19.2527 -5.21256 15.9973
      vertex -19.3354 -5.15247 15.9755
      vertex -19.2581 -5.22203 15.9973
    endloop
  endfacet
  facet normal -0.353492 0.204629 -0.912782
    outer loop
      vertex -19.3515 -5.18044 0.0244722
      vertex -19.4388 -5.1416 0.066988
      vertex -19.4126 -5.09634 0.066988
    endloop
  endfacet
  facet normal -0.198735 -0.0646922 -0.977916
    outer loop
      vertex -19.3515 -5.30613 0.0244722
      vertex -19.3615 -5.27541 0.0244722
      vertex -19.2581 -5.26454 0.00273991
    endloop
  endfacet
  facet normal 0.207944 -0.0220046 -0.977893
    outer loop
      vertex 19.3615 -5.27541 0.0244722
      vertex 19.2627 -5.24328 0.00273991
      vertex 19.3649 -5.24328 0.0244722
    endloop
  endfacet
  facet normal -0.750903 0.433687 -0.498056
    outer loop
      vertex -19.5376 -5.00552 0.206108
      vertex -19.5799 -5.07876 0.206108
      vertex -19.5799 -4.9748 0.296632
    endloop
  endfacet
  facet normal -0.862531 -0.0908214 -0.497787
    outer loop
      vertex -19.6572 -5.33825 0.296632
      vertex -19.6672 -5.24328 0.296632
      vertex -19.6061 -5.32739 0.206108
    endloop
  endfacet
  facet normal -0.862344 0.0902334 -0.498217
    outer loop
      vertex -19.6149 -5.24328 0.206108
      vertex -19.6672 -5.24328 0.296632
      vertex -19.6061 -5.15918 0.206108
    endloop
  endfacet
  facet normal -0.741113 -0.0775389 -0.666887
    outer loop
      vertex -19.6061 -5.32739 0.206108
      vertex -19.6149 -5.24328 0.206108
      vertex -19.545 -5.24328 0.128428
    endloop
  endfacet
  facet normal 0.739115 0.66556 0.103626
    outer loop
      vertex 19.0417 -4.32898 15.604
      vertex 19.545 -4.87171 15.5
      vertex 19.0505 -4.32256 15.5
    endloop
  endfacet
  facet normal 0.73912 0.665507 0.103931
    outer loop
      vertex 19.545 -4.87171 15.5
      vertex 19.0417 -4.32898 15.604
      vertex 19.6061 -4.95581 15.604
    endloop
  endfacet
  facet normal 0.946301 0.0995812 0.307568
    outer loop
      vertex 19.6888 -5.1416 15.604
      vertex 19.6572 -5.14832 15.7034
      vertex 19.6995 -5.24328 15.604
    endloop
  endfacet
  facet normal 0.945883 0.307383 0.104026
    outer loop
      vertex 19.6995 -5.13933 15.5
      vertex 19.6572 -5.04436 15.604
      vertex 19.6888 -5.1416 15.604
    endloop
  endfacet
  facet normal 0.750605 0.433844 0.498369
    outer loop
      vertex 19.5799 -4.9748 15.7034
      vertex 19.5799 -5.07876 15.7939
      vertex 19.6277 -5.0575 15.7034
    endloop
  endfacet
  facet normal 0.750854 0.433658 0.498156
    outer loop
      vertex 19.5799 -4.9748 15.7034
      vertex 19.5376 -5.00552 15.7939
      vertex 19.5799 -5.07876 15.7939
    endloop
  endfacet
  facet normal 0.905018 0.293966 0.307452
    outer loop
      vertex 19.6572 -5.04436 15.604
      vertex 19.6277 -5.0575 15.7034
      vertex 19.6572 -5.14832 15.7034
    endloop
  endfacet
  facet normal 0.824825 0.267918 0.49788
    outer loop
      vertex 19.6277 -5.0575 15.7034
      vertex 19.6061 -5.15918 15.7939
      vertex 19.6572 -5.14832 15.7034
    endloop
  endfacet
  facet normal -0.388577 0.12649 -0.912693
    outer loop
      vertex -19.3615 -5.21116 0.0244722
      vertex -19.4549 -5.19131 0.066988
      vertex -19.3515 -5.18044 0.0244722
    endloop
  endfacet
  facet normal -0.198735 0.0646922 -0.977916
    outer loop
      vertex -19.2581 -5.22203 0.00273991
      vertex -19.3615 -5.21116 0.0244722
      vertex -19.3515 -5.18044 0.0244722
    endloop
  endfacet
  facet normal 0.586614 0.0624147 -0.807458
    outer loop
      vertex 19.545 -5.24328 0.128428
      vertex 19.4549 -5.19131 0.066988
      vertex 19.5376 -5.17373 0.128428
    endloop
  endfacet
  facet normal 0.586493 0.0620687 -0.807573
    outer loop
      vertex 19.4604 -5.24328 0.066988
      vertex 19.4549 -5.19131 0.066988
      vertex 19.545 -5.24328 0.128428
    endloop
  endfacet
  facet normal 0.207649 0.0229447 -0.977934
    outer loop
      vertex 19.2627 -5.24328 0.00273991
      vertex 19.2615 -5.23242 0.00273991
      vertex 19.3615 -5.21116 0.0244722
    endloop
  endfacet
  facet normal 0.706693 0.635928 -0.31013
    outer loop
      vertex 19.6061 -4.95581 0.396045
      vertex 19.0155 -4.34797 0.296632
      vertex 19.0182 -4.34604 0.306742
    endloop
  endfacet
  facet normal 0.707032 0.636614 -0.307943
    outer loop
      vertex 19.0155 -4.34797 0.296632
      vertex 19.6061 -4.95581 0.396045
      vertex 19.5799 -4.9748 0.296632
    endloop
  endfacet
  facet normal 0.739112 0.665557 -0.10367
    outer loop
      vertex 19.545 -4.87171 0.5
      vertex 19.0417 -4.32898 0.396045
      vertex 19.0505 -4.32256 0.5
    endloop
  endfacet
  facet normal 0.739117 0.665504 -0.103976
    outer loop
      vertex 19.0417 -4.32898 0.396045
      vertex 19.545 -4.87171 0.5
      vertex 19.6061 -4.95581 0.396045
    endloop
  endfacet
  facet normal 0.824332 0.268559 -0.49835
    outer loop
      vertex 19.6061 -5.15918 0.206108
      vertex 19.5799 -5.07876 0.206108
      vertex 19.6277 -5.0575 0.296632
    endloop
  endfacet
  facet normal 0.946326 0.0996552 -0.307468
    outer loop
      vertex 19.6672 -5.24328 0.296632
      vertex 19.6572 -5.14832 0.296632
      vertex 19.6995 -5.24328 0.396045
    endloop
  endfacet
  facet normal 0.945878 0.307381 -0.104071
    outer loop
      vertex 19.6888 -5.1416 0.396045
      vertex 19.6572 -5.04436 0.396045
      vertex 19.6995 -5.13933 0.5
    endloop
  endfacet
  facet normal 0.989107 0.104086 -0.104081
    outer loop
      vertex 19.6995 -5.24328 0.396045
      vertex 19.6888 -5.1416 0.396045
      vertex 19.6995 -5.13933 0.5
    endloop
  endfacet
  facet normal 0.905029 0.29397 -0.307416
    outer loop
      vertex 19.6572 -5.14832 0.296632
      vertex 19.6277 -5.0575 0.296632
      vertex 19.6572 -5.04436 0.396045
    endloop
  endfacet
  facet normal 0.740339 0.0787708 -0.667602
    outer loop
      vertex 19.545 -5.24328 0.128428
      vertex 19.5376 -5.17373 0.128428
      vertex 19.6061 -5.15918 0.206108
    endloop
  endfacet
  facet normal 0.6443 0.580223 -0.498215
    outer loop
      vertex 19.4811 -4.94268 0.206108
      vertex 18.9732 -4.37869 0.206108
      vertex 19.0108 -4.3514 0.286515
    endloop
  endfacet
  facet normal 0.438155 0.394516 -0.807699
    outer loop
      vertex 19.4126 -5.09634 0.066988
      vertex 18.9167 -4.4198 0.128428
      vertex 19.4811 -5.04663 0.128428
    endloop
  endfacet
  facet normal 0.438155 0.394516 -0.807699
    outer loop
      vertex 18.9167 -4.4198 0.128428
      vertex 19.4126 -5.09634 0.066988
      vertex 18.8482 -4.46951 0.066988
    endloop
  endfacet
  facet normal -0.823931 -0.47568 0.308002
    outer loop
      vertex -18.6666 -8.4222 15.604
      vertex -16.5499 -12.0242 15.7034
      vertex -18.6404 -8.40322 15.7034
    endloop
  endfacet
  facet normal -0.824108 -0.475803 0.307339
    outer loop
      vertex -16.5499 -12.0242 15.7034
      vertex -18.6666 -8.4222 15.604
      vertex -16.576 -12.0432 15.604
    endloop
  endfacet
  facet normal -0.823849 -0.476179 0.30745
    outer loop
      vertex -18.6882 -8.32052 15.7034
      vertex -18.7177 -8.33366 15.604
      vertex -18.6404 -8.40322 15.7034
    endloop
  endfacet
  facet normal -0.750605 -0.433844 0.498369
    outer loop
      vertex -18.6404 -8.29926 15.7939
      vertex -18.6882 -8.32052 15.7034
      vertex -18.6404 -8.40322 15.7034
    endloop
  endfacet
  facet normal -0.155783 -0.140264 0.977782
    outer loop
      vertex -16.2837 -11.8705 15.9755
      vertex -14.3389 -13.8785 15.9973
      vertex -16.2153 -11.7945 15.9973
    endloop
  endfacet
  facet normal -0.155783 -0.140264 0.977782
    outer loop
      vertex -14.3389 -13.8785 15.9973
      vertex -16.2837 -11.8705 15.9755
      vertex -14.4073 -13.9545 15.9755
    endloop
  endfacet
  facet normal -0.30366 0.273426 0.912704
    outer loop
      vertex -18.8482 -4.46951 15.933
      vertex -19.3138 -5.12846 15.9755
      vertex -18.771 -4.52564 15.9755
    endloop
  endfacet
  facet normal -0.303701 0.273454 0.912682
    outer loop
      vertex -19.3138 -5.12846 15.9755
      vertex -18.8482 -4.46951 15.933
      vertex -19.4126 -5.09634 15.933
    endloop
  endfacet
  facet normal -0.155827 -0.140244 0.977778
    outer loop
      vertex -16.2226 -11.7864 15.9973
      vertex -16.3053 -11.8465 15.9755
      vertex -16.2837 -11.8705 15.9755
    endloop
  endfacet
  facet normal -0.510603 -0.2948 0.807699
    outer loop
      vertex -18.5416 -8.33138 15.8716
      vertex -16.4087 -11.8574 15.933
      vertex -18.4993 -8.23642 15.933
    endloop
  endfacet
  facet normal -0.510526 -0.294753 0.807765
    outer loop
      vertex -16.4087 -11.8574 15.933
      vertex -18.5416 -8.33138 15.8716
      vertex -16.451 -11.9524 15.8716
    endloop
  endfacet
  facet normal -0.824812 -0.267914 0.497902
    outer loop
      vertex -18.6666 -8.21883 15.7939
      vertex -18.7177 -8.2297 15.7034
      vertex -18.6882 -8.32052 15.7034
    endloop
  endfacet
  facet normal -0.824288 -0.268511 0.498448
    outer loop
      vertex -18.6666 -8.21883 15.7939
      vertex -18.6882 -8.32052 15.7034
      vertex -18.6404 -8.29926 15.7939
    endloop
  endfacet
  facet normal -0.946314 0.099654 0.307504
    outer loop
      vertex -19.6572 -5.14832 15.7034
      vertex -19.6995 -5.24328 15.604
      vertex -19.6672 -5.24328 15.7034
    endloop
  endfacet
  facet normal -0.862473 0.0908249 0.497887
    outer loop
      vertex -19.6572 -5.14832 15.7034
      vertex -19.6672 -5.24328 15.7034
      vertex -19.6061 -5.15918 15.7939
    endloop
  endfacet
  facet normal -0.741198 0.0775569 0.666792
    outer loop
      vertex -19.6061 -5.15918 15.7939
      vertex -19.6149 -5.24328 15.7939
      vertex -19.545 -5.24328 15.8716
    endloop
  endfacet
  facet normal -0.740426 -0.0787687 0.667507
    outer loop
      vertex -19.545 -5.24328 15.8716
      vertex -19.6061 -5.32739 15.7939
      vertex -19.5376 -5.31284 15.8716
    endloop
  endfacet
  facet normal -0.750854 0.433658 0.498156
    outer loop
      vertex -19.5799 -4.9748 15.7034
      vertex -19.5799 -5.07876 15.7939
      vertex -19.5376 -5.00552 15.7939
    endloop
  endfacet
  facet normal -0.824278 0.268541 0.498449
    outer loop
      vertex -19.5799 -5.07876 15.7939
      vertex -19.6277 -5.0575 15.7034
      vertex -19.6061 -5.15918 15.7939
    endloop
  endfacet
  facet normal 0.155783 -0.140264 0.977782
    outer loop
      vertex 14.3389 -13.8785 15.9973
      vertex 16.2837 -11.8705 15.9755
      vertex 16.2153 -11.7945 15.9973
    endloop
  endfacet
  facet normal 0.155783 -0.140264 0.977782
    outer loop
      vertex 16.2837 -11.8705 15.9755
      vertex 14.3389 -13.8785 15.9973
      vertex 14.4073 -13.9545 15.9755
    endloop
  endfacet
  facet normal -0.388283 -0.126149 0.912865
    outer loop
      vertex -19.4388 -5.34497 15.933
      vertex -18.4121 -8.19758 15.9755
      vertex -19.3515 -5.30613 15.9755
    endloop
  endfacet
  facet normal -0.388602 -0.126266 0.912713
    outer loop
      vertex -18.4121 -8.19758 15.9755
      vertex -19.4388 -5.34497 15.933
      vertex -18.4993 -8.23642 15.933
    endloop
  endfacet
  facet normal -0.388456 -0.126451 0.91275
    outer loop
      vertex -19.3615 -5.27541 15.9755
      vertex -19.4549 -5.29526 15.933
      vertex -19.3515 -5.30613 15.9755
    endloop
  endfacet
  facet normal -0.388456 0.126451 0.91275
    outer loop
      vertex -19.3515 -5.18044 15.9755
      vertex -19.4549 -5.19131 15.933
      vertex -19.3615 -5.21116 15.9755
    endloop
  endfacet
  facet normal -0.586244 -0.0620304 0.807756
    outer loop
      vertex -19.4604 -5.24328 15.933
      vertex -19.545 -5.24328 15.8716
      vertex -19.4549 -5.29526 15.933
    endloop
  endfacet
  facet normal -0.586366 -0.0623794 0.807641
    outer loop
      vertex -19.4549 -5.29526 15.933
      vertex -19.545 -5.24328 15.8716
      vertex -19.5376 -5.31284 15.8716
    endloop
  endfacet
  facet normal 0 -0.589906 -0.807472
    outer loop
      vertex -13.286 -14.1724 0.128428
      vertex -11.7052 -14.0883 0.066988
      vertex -11.714 -14.1724 0.128428
    endloop
  endfacet
  facet normal -0 -0.589906 -0.807472
    outer loop
      vertex -11.7052 -14.0883 0.066988
      vertex -13.286 -14.1724 0.128428
      vertex -13.2948 -14.0883 0.066988
    endloop
  endfacet
  facet normal 0 -0.589906 -0.807472
    outer loop
      vertex 11.714 -14.1724 0.128428
      vertex 13.2948 -14.0883 0.066988
      vertex 13.286 -14.1724 0.128428
    endloop
  endfacet
  facet normal -0 -0.589906 -0.807472
    outer loop
      vertex 13.2948 -14.0883 0.066988
      vertex 11.714 -14.1724 0.128428
      vertex 11.7052 -14.0883 0.066988
    endloop
  endfacet
  facet normal -0.553525 -0.498385 -0.66725
    outer loop
      vertex -16.451 -12.0563 0.206108
      vertex -14.5746 -14.0363 0.128428
      vertex -14.5746 -14.1403 0.206108
    endloop
  endfacet
  facet normal -0.553743 -0.498605 -0.666904
    outer loop
      vertex -14.5746 -14.0363 0.128428
      vertex -16.451 -12.0563 0.206108
      vertex -16.451 -11.9524 0.128428
    endloop
  endfacet
  facet normal -0.438425 -0.39477 -0.807428
    outer loop
      vertex -14.5746 -14.0363 0.128428
      vertex -16.3826 -11.9027 0.066988
      vertex -14.5062 -13.9866 0.066988
    endloop
  endfacet
  facet normal -0.438425 -0.39477 -0.807428
    outer loop
      vertex -16.3826 -11.9027 0.066988
      vertex -14.5746 -14.0363 0.128428
      vertex -16.451 -11.9524 0.128428
    endloop
  endfacet
  facet normal 0 -0.408366 0.912818
    outer loop
      vertex -11.6952 -13.9933 15.9755
      vertex -13.2948 -14.0883 15.933
      vertex -11.7052 -14.0883 15.933
    endloop
  endfacet
  facet normal 0 -0.408366 0.912818
    outer loop
      vertex -13.2948 -14.0883 15.933
      vertex -11.6952 -13.9933 15.9755
      vertex -13.3048 -13.9933 15.9755
    endloop
  endfacet
  facet normal 0 -0.408366 0.912818
    outer loop
      vertex 13.3048 -13.9933 15.9755
      vertex 11.7052 -14.0883 15.933
      vertex 13.2948 -14.0883 15.933
    endloop
  endfacet
  facet normal 0 -0.408366 0.912818
    outer loop
      vertex 11.7052 -14.0883 15.933
      vertex 13.3048 -13.9933 15.9755
      vertex 11.6952 -13.9933 15.9755
    endloop
  endfacet
  facet normal -0.511006 -0.294421 0.807582
    outer loop
      vertex -16.4087 -11.8574 15.933
      vertex -16.451 -11.9524 15.8716
      vertex -16.3826 -11.9027 15.933
    endloop
  endfacet
  facet normal -0.38843 0.125804 0.91285
    outer loop
      vertex -19.4388 -5.1416 15.933
      vertex -19.4549 -5.19131 15.933
      vertex -19.3515 -5.18044 15.9755
    endloop
  endfacet
  facet normal -0.438155 0.394516 -0.807699
    outer loop
      vertex -19.4126 -5.09634 0.066988
      vertex -18.9167 -4.4198 0.128428
      vertex -18.8482 -4.46951 0.066988
    endloop
  endfacet
  facet normal -0.438155 0.394516 -0.807699
    outer loop
      vertex -18.9167 -4.4198 0.128428
      vertex -19.4126 -5.09634 0.066988
      vertex -19.4811 -5.04663 0.128428
    endloop
  endfacet
  facet normal -0.740339 0.0787708 -0.667602
    outer loop
      vertex -19.545 -5.24328 0.128428
      vertex -19.6061 -5.15918 0.206108
      vertex -19.5376 -5.17373 0.128428
    endloop
  endfacet
  facet normal -0.406332 0.0430115 -0.912713
    outer loop
      vertex -19.3649 -5.24328 0.0244722
      vertex -19.4604 -5.24328 0.066988
      vertex -19.3615 -5.21116 0.0244722
    endloop
  endfacet
  facet normal -0.86253 0.0908309 -0.497787
    outer loop
      vertex -19.6061 -5.15918 0.206108
      vertex -19.6672 -5.24328 0.296632
      vertex -19.6572 -5.14832 0.296632
    endloop
  endfacet
  facet normal -0.824879 0.267936 -0.497781
    outer loop
      vertex -19.6061 -5.15918 0.206108
      vertex -19.6572 -5.14832 0.296632
      vertex -19.6277 -5.0575 0.296632
    endloop
  endfacet
  facet normal -0.510188 0.295337 -0.807765
    outer loop
      vertex -19.4388 -5.1416 0.066988
      vertex -19.4811 -5.04663 0.128428
      vertex -19.4126 -5.09634 0.066988
    endloop
  endfacet
  facet normal -0.354313 0.203948 -0.912616
    outer loop
      vertex -19.3515 -5.18044 0.0244722
      vertex -19.4126 -5.09634 0.066988
      vertex -19.3354 -5.15247 0.0244722
    endloop
  endfacet
  facet normal -0.207944 -0.0220046 -0.977893
    outer loop
      vertex -19.3615 -5.27541 0.0244722
      vertex -19.3649 -5.24328 0.0244722
      vertex -19.2627 -5.24328 0.00273991
    endloop
  endfacet
  facet normal -0.40633 0.043002 -0.912714
    outer loop
      vertex -19.3615 -5.21116 0.0244722
      vertex -19.4604 -5.24328 0.066988
      vertex -19.4549 -5.19131 0.066988
    endloop
  endfacet
  facet normal 0.303864 0.273364 -0.912655
    outer loop
      vertex 19.3354 -5.15247 0.0244722
      vertex 19.3138 -5.12846 0.0244722
      vertex 19.4126 -5.09634 0.066988
    endloop
  endfacet
  facet normal 0.303795 0.273538 -0.912626
    outer loop
      vertex 19.3138 -5.12846 0.0244722
      vertex 18.8482 -4.46951 0.066988
      vertex 19.4126 -5.09634 0.066988
    endloop
  endfacet
  facet normal 0.303754 0.27351 -0.912648
    outer loop
      vertex 18.8482 -4.46951 0.066988
      vertex 19.3138 -5.12846 0.0244722
      vertex 18.771 -4.52564 0.0244722
    endloop
  endfacet
  facet normal 0.561452 0.181842 -0.807283
    outer loop
      vertex 19.4549 -5.19131 0.066988
      vertex 19.4388 -5.1416 0.066988
      vertex 19.516 -5.1072 0.128428
    endloop
  endfacet
  facet normal 0.645464 0.371912 -0.667126
    outer loop
      vertex 19.516 -5.1072 0.128428
      vertex 19.4811 -5.04663 0.128428
      vertex 19.5799 -5.07876 0.206108
    endloop
  endfacet
  facet normal 0.741113 0.0775481 -0.666887
    outer loop
      vertex 19.6149 -5.24328 0.206108
      vertex 19.545 -5.24328 0.128428
      vertex 19.6061 -5.15918 0.206108
    endloop
  endfacet
  facet normal 0.862345 -0.0902228 -0.498218
    outer loop
      vertex 19.6672 -5.24328 0.296632
      vertex 19.6061 -5.32739 0.206108
      vertex 19.6149 -5.24328 0.206108
    endloop
  endfacet
  facet normal 0.645045 0.580801 -0.496576
    outer loop
      vertex 19.5799 -4.9748 0.296632
      vertex 19.0108 -4.3514 0.286515
      vertex 19.0155 -4.34797 0.296632
    endloop
  endfacet
  facet normal 0.644615 0.580391 -0.497612
    outer loop
      vertex 19.0108 -4.3514 0.286515
      vertex 19.5799 -4.9748 0.296632
      vertex 19.4811 -4.94268 0.206108
    endloop
  endfacet
  facet normal 0.554187 0.498275 -0.666782
    outer loop
      vertex 19.5376 -5.00552 0.206108
      vertex 19.4811 -5.04663 0.128428
      vertex 19.4811 -4.94268 0.206108
    endloop
  endfacet
  facet normal -0.353912 -0.203909 0.91278
    outer loop
      vertex -16.3215 -11.8185 15.9755
      vertex -16.4087 -11.8574 15.933
      vertex -16.3826 -11.9027 15.933
    endloop
  endfacet
  facet normal -0.30354 -0.273303 0.912781
    outer loop
      vertex -16.2837 -11.8705 15.9755
      vertex -14.5062 -13.9866 15.933
      vertex -14.4073 -13.9545 15.9755
    endloop
  endfacet
  facet normal -0.303359 -0.273152 0.912886
    outer loop
      vertex -14.5062 -13.9866 15.933
      vertex -16.2837 -11.8705 15.9755
      vertex -16.3826 -11.9027 15.933
    endloop
  endfacet
  facet normal -0.438239 -0.394602 0.807611
    outer loop
      vertex -16.3826 -11.9027 15.933
      vertex -14.5746 -14.0363 15.8716
      vertex -14.5062 -13.9866 15.933
    endloop
  endfacet
  facet normal -0.438239 -0.394602 0.807611
    outer loop
      vertex -14.5746 -14.0363 15.8716
      vertex -16.3826 -11.9027 15.933
      vertex -16.451 -11.9524 15.8716
    endloop
  endfacet
  facet normal -0.862288 0.0902275 0.498316
    outer loop
      vertex -19.6061 -5.15918 15.7939
      vertex -19.6672 -5.24328 15.7034
      vertex -19.6149 -5.24328 15.7939
    endloop
  endfacet
  facet normal -0.862288 -0.0902168 0.498317
    outer loop
      vertex -19.6149 -5.24328 15.7939
      vertex -19.6672 -5.24328 15.7034
      vertex -19.6061 -5.32739 15.7939
    endloop
  endfacet
  facet normal -0.904942 0.294078 0.307569
    outer loop
      vertex -19.6572 -5.04436 15.604
      vertex -19.6888 -5.1416 15.604
      vertex -19.6572 -5.14832 15.7034
    endloop
  endfacet
  facet normal -0.946301 0.0995812 0.307568
    outer loop
      vertex -19.6888 -5.1416 15.604
      vertex -19.6995 -5.24328 15.604
      vertex -19.6572 -5.14832 15.7034
    endloop
  endfacet
  facet normal -0.708257 0.229947 0.667456
    outer loop
      vertex -19.516 -5.1072 15.8716
      vertex -19.6061 -5.15918 15.7939
      vertex -19.5376 -5.17373 15.8716
    endloop
  endfacet
  facet normal -0.586244 0.0620423 0.807756
    outer loop
      vertex -19.4549 -5.19131 15.933
      vertex -19.545 -5.24328 15.8716
      vertex -19.4604 -5.24328 15.933
    endloop
  endfacet
  facet normal -0.155797 0.140285 0.977777
    outer loop
      vertex -18.771 -4.52564 15.9755
      vertex -19.2454 -5.20444 15.9973
      vertex -18.6883 -4.58574 15.9973
    endloop
  endfacet
  facet normal -0.155798 0.140286 0.977776
    outer loop
      vertex -19.2454 -5.20444 15.9973
      vertex -18.771 -4.52564 15.9755
      vertex -19.3138 -5.12846 15.9755
    endloop
  endfacet
  facet normal -0.561227 -0.181769 0.807455
    outer loop
      vertex -19.4549 -5.29526 15.933
      vertex -19.516 -5.37936 15.8716
      vertex -19.4388 -5.34497 15.933
    endloop
  endfacet
  facet normal -0.38843 -0.125804 0.91285
    outer loop
      vertex -19.3515 -5.30613 15.9755
      vertex -19.4549 -5.29526 15.933
      vertex -19.4388 -5.34497 15.933
    endloop
  endfacet
  facet normal -0.406204 0.0429887 0.912771
    outer loop
      vertex -19.4549 -5.19131 15.933
      vertex -19.4604 -5.24328 15.933
      vertex -19.3615 -5.21116 15.9755
    endloop
  endfacet
  facet normal -0.199327 0.0648849 0.977783
    outer loop
      vertex -19.3515 -5.18044 15.9755
      vertex -19.3615 -5.21116 15.9755
      vertex -19.2581 -5.22203 15.9973
    endloop
  endfacet
  facet normal -0.406206 -0.0429848 0.91277
    outer loop
      vertex -19.3649 -5.24328 15.9755
      vertex -19.4604 -5.24328 15.933
      vertex -19.3615 -5.27541 15.9755
    endloop
  endfacet
  facet normal -0.208563 -0.0220702 0.97776
    outer loop
      vertex -19.2627 -5.24328 15.9973
      vertex -19.3649 -5.24328 15.9755
      vertex -19.3615 -5.27541 15.9755
    endloop
  endfacet
  facet normal -0.740341 -0.0787597 -0.667602
    outer loop
      vertex -19.5376 -5.31284 0.128428
      vertex -19.6061 -5.32739 0.206108
      vertex -19.545 -5.24328 0.128428
    endloop
  endfacet
  facet normal -0.586615 -0.0624059 -0.807458
    outer loop
      vertex -19.5376 -5.31284 0.128428
      vertex -19.545 -5.24328 0.128428
      vertex -19.4549 -5.29526 0.066988
    endloop
  endfacet
  facet normal -0.586614 0.0624147 -0.807458
    outer loop
      vertex -19.4549 -5.19131 0.066988
      vertex -19.545 -5.24328 0.128428
      vertex -19.5376 -5.17373 0.128428
    endloop
  endfacet
  facet normal -0.824332 0.268559 -0.49835
    outer loop
      vertex -19.6061 -5.15918 0.206108
      vertex -19.6277 -5.0575 0.296632
      vertex -19.5799 -5.07876 0.206108
    endloop
  endfacet
  facet normal -0.708175 0.22992 -0.667551
    outer loop
      vertex -19.5376 -5.17373 0.128428
      vertex -19.6061 -5.15918 0.206108
      vertex -19.516 -5.1072 0.128428
    endloop
  endfacet
  facet normal -0.561133 0.18218 -0.807428
    outer loop
      vertex -19.4549 -5.19131 0.066988
      vertex -19.5376 -5.17373 0.128428
      vertex -19.516 -5.1072 0.128428
    endloop
  endfacet
  facet normal -0.511269 0.29459 -0.807354
    outer loop
      vertex -19.4388 -5.1416 0.066988
      vertex -19.516 -5.1072 0.128428
      vertex -19.4811 -5.04663 0.128428
    endloop
  endfacet
  facet normal -0.561452 0.181842 -0.807283
    outer loop
      vertex -19.4549 -5.19131 0.066988
      vertex -19.516 -5.1072 0.128428
      vertex -19.4388 -5.1416 0.066988
    endloop
  endfacet
  facet normal -0.406332 -0.0429981 -0.912713
    outer loop
      vertex -19.3615 -5.27541 0.0244722
      vertex -19.4604 -5.24328 0.066988
      vertex -19.3649 -5.24328 0.0244722
    endloop
  endfacet
  facet normal -0.406331 -0.0429939 -0.912714
    outer loop
      vertex -19.4549 -5.29526 0.066988
      vertex -19.4604 -5.24328 0.066988
      vertex -19.3615 -5.27541 0.0244722
    endloop
  endfacet
  facet normal 0.353492 0.204629 -0.912782
    outer loop
      vertex 19.4388 -5.1416 0.066988
      vertex 19.3515 -5.18044 0.0244722
      vertex 19.4126 -5.09634 0.066988
    endloop
  endfacet
  facet normal 0.510188 0.295337 -0.807765
    outer loop
      vertex 19.4388 -5.1416 0.066988
      vertex 19.4126 -5.09634 0.066988
      vertex 19.4811 -5.04663 0.128428
    endloop
  endfacet
  facet normal 0.708175 0.22992 -0.667551
    outer loop
      vertex 19.5376 -5.17373 0.128428
      vertex 19.516 -5.1072 0.128428
      vertex 19.6061 -5.15918 0.206108
    endloop
  endfacet
  facet normal 0.708297 0.230756 -0.667133
    outer loop
      vertex 19.6061 -5.15918 0.206108
      vertex 19.516 -5.1072 0.128428
      vertex 19.5799 -5.07876 0.206108
    endloop
  endfacet
  facet normal 0.644826 0.579769 -0.498063
    outer loop
      vertex 19.5376 -5.00552 0.206108
      vertex 19.4811 -4.94268 0.206108
      vertex 19.5799 -4.9748 0.296632
    endloop
  endfacet
  facet normal 0.750903 0.433687 -0.498056
    outer loop
      vertex 19.5799 -5.07876 0.206108
      vertex 19.5376 -5.00552 0.206108
      vertex 19.5799 -4.9748 0.296632
    endloop
  endfacet
  facet normal -0.750605 0.433844 0.498369
    outer loop
      vertex -19.5799 -4.9748 15.7034
      vertex -19.6277 -5.0575 15.7034
      vertex -19.5799 -5.07876 15.7939
    endloop
  endfacet
  facet normal -0.823849 0.476179 0.30745
    outer loop
      vertex -19.5799 -4.9748 15.7034
      vertex -19.6572 -5.04436 15.604
      vertex -19.6277 -5.0575 15.7034
    endloop
  endfacet
  facet normal -0.354203 0.203885 0.912672
    outer loop
      vertex -19.3354 -5.15247 15.9755
      vertex -19.4126 -5.09634 15.933
      vertex -19.3515 -5.18044 15.9755
    endloop
  endfacet
  facet normal -0.353383 0.204565 0.912838
    outer loop
      vertex -19.4126 -5.09634 15.933
      vertex -19.4388 -5.1416 15.933
      vertex -19.3515 -5.18044 15.9755
    endloop
  endfacet
  facet normal -0.561018 -0.182288 0.807484
    outer loop
      vertex -19.516 -5.37936 15.8716
      vertex -18.4993 -8.23642 15.933
      vertex -19.4388 -5.34497 15.933
    endloop
  endfacet
  facet normal -0.561018 -0.182288 0.807484
    outer loop
      vertex -18.4993 -8.23642 15.933
      vertex -19.516 -5.37936 15.8716
      vertex -18.5765 -8.27081 15.8716
    endloop
  endfacet
  facet normal -0.708297 0.230756 -0.667133
    outer loop
      vertex -19.516 -5.1072 0.128428
      vertex -19.6061 -5.15918 0.206108
      vertex -19.5799 -5.07876 0.206108
    endloop
  endfacet
  facet normal -0.645464 0.371912 -0.667126
    outer loop
      vertex -19.516 -5.1072 0.128428
      vertex -19.5799 -5.07876 0.206108
      vertex -19.4811 -5.04663 0.128428
    endloop
  endfacet
  facet normal -0.353754 -0.204246 0.912766
    outer loop
      vertex -18.4121 -8.19758 15.9755
      vertex -16.4087 -11.8574 15.933
      vertex -16.3215 -11.8185 15.9755
    endloop
  endfacet
  facet normal -0.353849 -0.204297 0.912718
    outer loop
      vertex -16.4087 -11.8574 15.933
      vertex -18.4121 -8.19758 15.9755
      vertex -18.4993 -8.23642 15.933
    endloop
  endfacet
  facet normal -0.905018 0.293966 0.307452
    outer loop
      vertex -18.7177 8.33366 15.604
      vertex -18.7177 8.2297 15.7034
      vertex -18.6882 8.32052 15.7034
    endloop
  endfacet
  facet normal -0.994548 0.104276 0
    outer loop
      vertex -19.7104 5.24328 0.5
      vertex -19.6995 5.34724 15.5
      vertex -19.6995 5.34724 0.5
    endloop
  endfacet
  facet normal -0.994548 0.104276 0
    outer loop
      vertex -19.6995 5.34724 15.5
      vertex -19.7104 5.24328 0.5
      vertex -19.7104 5.24328 15.5
    endloop
  endfacet
  facet normal -0.824 0.475564 0.307998
    outer loop
      vertex -18.6666 8.4222 15.604
      vertex -18.7177 8.33366 15.604
      vertex -18.6404 8.40322 15.7034
    endloop
  endfacet
  facet normal -0.951057 -0.309015 0
    outer loop
      vertex -19.6672 5.03992 0.5
      vertex -19.6995 5.13933 15.5
      vertex -19.6995 5.13933 0.5
    endloop
  endfacet
  facet normal -0.951057 -0.309015 0
    outer loop
      vertex -19.6995 5.13933 15.5
      vertex -19.6672 5.03992 0.5
      vertex -19.6672 5.03992 15.5
    endloop
  endfacet
  facet normal -0.639626 0.576521 -0.508431
    outer loop
      vertex -16.451 12.0563 0.206108
      vertex -14.6689 14.1133 0.296632
      vertex -14.6658 14.1143 0.293866
    endloop
  endfacet
  facet normal -0.644342 0.580158 -0.498237
    outer loop
      vertex -14.6689 14.1133 0.296632
      vertex -16.451 12.0563 0.206108
      vertex -16.5499 12.0242 0.296632
    endloop
  endfacet
  facet normal 0.155827 0.140244 0.977778
    outer loop
      vertex 16.2837 11.8705 15.9755
      vertex 16.2226 11.7864 15.9973
      vertex 16.3053 11.8465 15.9755
    endloop
  endfacet
  facet normal -0 0.589655 0.807655
    outer loop
      vertex -13.286 14.1724 15.8716
      vertex -11.7052 14.0883 15.933
      vertex -11.714 14.1724 15.8716
    endloop
  endfacet
  facet normal 0 0.589655 0.807655
    outer loop
      vertex -11.7052 14.0883 15.933
      vertex -13.286 14.1724 15.8716
      vertex -13.2948 14.0883 15.933
    endloop
  endfacet
  facet normal -0 0.589655 0.807655
    outer loop
      vertex 11.714 14.1724 15.8716
      vertex 13.2948 14.0883 15.933
      vertex 13.286 14.1724 15.8716
    endloop
  endfacet
  facet normal 0 0.589655 0.807655
    outer loop
      vertex 13.2948 14.0883 15.933
      vertex 11.714 14.1724 15.8716
      vertex 11.7052 14.0883 15.933
    endloop
  endfacet
  facet normal -0.946327 0.0996448 -0.307468
    outer loop
      vertex -19.6672 5.24328 0.296632
      vertex -19.6995 5.24328 0.396045
      vertex -19.6572 5.33825 0.296632
    endloop
  endfacet
  facet normal 0 0.994647 -0.103335
    outer loop
      vertex -11.7302 14.3261 0.396045
      vertex -13.2687 14.3369 0.5
      vertex -11.7313 14.3369 0.5
    endloop
  endfacet
  facet normal 0 0.994647 -0.103335
    outer loop
      vertex -13.2687 14.3369 0.5
      vertex -11.7302 14.3261 0.396045
      vertex -13.2698 14.3261 0.396045
    endloop
  endfacet
  facet normal 0 0.994647 -0.103335
    outer loop
      vertex 13.2698 14.3261 0.396045
      vertex 11.7313 14.3369 0.5
      vertex 13.2687 14.3369 0.5
    endloop
  endfacet
  facet normal 0 0.994647 -0.103335
    outer loop
      vertex 11.7313 14.3369 0.5
      vertex 13.2698 14.3261 0.396045
      vertex 11.7302 14.3261 0.396045
    endloop
  endfacet
  facet normal -0.750909 0.433522 0.498191
    outer loop
      vertex -18.6404 8.40322 15.7034
      vertex -16.5499 11.9202 15.7939
      vertex -16.5499 12.0242 15.7034
    endloop
  endfacet
  facet normal -0.750977 0.433566 0.49805
    outer loop
      vertex -16.5499 11.9202 15.7939
      vertex -18.6404 8.40322 15.7034
      vertex -18.6404 8.29926 15.7939
    endloop
  endfacet
  facet normal -0.82386 0.476185 -0.307414
    outer loop
      vertex -18.6882 8.32052 0.296632
      vertex -18.7177 8.33366 0.396045
      vertex -18.6404 8.40322 0.296632
    endloop
  endfacet
  facet normal -0.707023 -0.636606 0.307979
    outer loop
      vertex -19.6061 4.95581 15.604
      vertex -19.0155 4.34797 15.7034
      vertex -19.5799 4.9748 15.7034
    endloop
  endfacet
  facet normal -0.706647 -0.635843 0.310408
    outer loop
      vertex -19.0155 4.34797 15.7034
      vertex -19.6061 4.95581 15.604
      vertex -19.0182 4.34604 15.6933
    endloop
  endfacet
  facet normal 0.1554 -0.139801 -0.977909
    outer loop
      vertex 19.3138 5.12846 0.0244722
      vertex 19.2527 5.21256 0.00273991
      vertex 19.3354 5.15247 0.0244722
    endloop
  endfacet
  facet normal -0.353754 0.204246 0.912766
    outer loop
      vertex -16.4087 11.8574 15.933
      vertex -18.4121 8.19758 15.9755
      vertex -16.3215 11.8185 15.9755
    endloop
  endfacet
  facet normal -0.353849 0.204297 0.912718
    outer loop
      vertex -18.4121 8.19758 15.9755
      vertex -16.4087 11.8574 15.933
      vertex -18.4993 8.23642 15.933
    endloop
  endfacet
  facet normal -0.824343 0.268529 -0.498349
    outer loop
      vertex -18.6666 8.21883 0.206108
      vertex -18.6882 8.32052 0.296632
      vertex -18.6404 8.29926 0.206108
    endloop
  endfacet
  facet normal -0.989108 0.104076 -0.104081
    outer loop
      vertex -19.6888 5.34497 0.396045
      vertex -19.6995 5.24328 0.396045
      vertex -19.6995 5.34724 0.5
    endloop
  endfacet
  facet normal 0.181004 0.104724 -0.977891
    outer loop
      vertex 16.3215 11.8185 0.0244722
      vertex 16.2281 11.777 0.00273991
      vertex 16.3053 11.8465 0.0244722
    endloop
  endfacet
  facet normal -0.743136 0.66914 0
    outer loop
      vertex -16.5149 12.1273 0.5
      vertex -14.6385 14.2112 15.5
      vertex -14.6385 14.2112 0.5
    endloop
  endfacet
  facet normal -0.743136 0.66914 0
    outer loop
      vertex -14.6385 14.2112 15.5
      vertex -16.5149 12.1273 0.5
      vertex -16.5149 12.1273 15.5
    endloop
  endfacet
  facet normal -0.561018 0.182288 0.807484
    outer loop
      vertex -19.516 5.37936 15.8716
      vertex -18.4993 8.23642 15.933
      vertex -18.5765 8.27081 15.8716
    endloop
  endfacet
  facet normal -0.561018 0.182288 0.807484
    outer loop
      vertex -18.4993 8.23642 15.933
      vertex -19.516 5.37936 15.8716
      vertex -19.4388 5.34497 15.933
    endloop
  endfacet
  facet normal 0.199289 0.0652148 0.977768
    outer loop
      vertex 19.3615 5.27541 15.9755
      vertex 19.2581 5.26454 15.9973
      vertex 19.2615 5.25415 15.9973
    endloop
  endfacet
  facet normal 0.199327 -0.0648849 0.977783
    outer loop
      vertex 19.3615 5.21116 15.9755
      vertex 19.2581 5.22203 15.9973
      vertex 19.3515 5.18044 15.9755
    endloop
  endfacet
  facet normal -0.553446 0.498806 0.667001
    outer loop
      vertex -16.451 12.0563 15.7939
      vertex -16.5076 11.9935 15.7939
      vertex -16.451 11.9524 15.8716
    endloop
  endfacet
  facet normal -0.511006 0.294421 0.807582
    outer loop
      vertex -16.3826 11.9027 15.933
      vertex -16.451 11.9524 15.8716
      vertex -16.4087 11.8574 15.933
    endloop
  endfacet
  facet normal -0.635446 0.573281 0.517259
    outer loop
      vertex -14.6689 14.1133 15.7034
      vertex -16.451 12.0563 15.7939
      vertex -14.6658 14.1143 15.7061
    endloop
  endfacet
  facet normal -0.6443 0.58012 0.498336
    outer loop
      vertex -16.451 12.0563 15.7939
      vertex -14.6689 14.1133 15.7034
      vertex -16.5499 12.0242 15.7034
    endloop
  endfacet
  facet normal -0.904953 0.294082 -0.307533
    outer loop
      vertex -19.6572 5.33825 0.296632
      vertex -19.6888 5.34497 0.396045
      vertex -19.6572 5.44221 0.396045
    endloop
  endfacet
  facet normal 0.862345 0.0902228 -0.498218
    outer loop
      vertex 19.6149 5.24328 0.206108
      vertex 19.6061 5.32739 0.206108
      vertex 19.6672 5.24328 0.296632
    endloop
  endfacet
  facet normal 0.945888 0.307335 -0.104117
    outer loop
      vertex 18.76 8.23869 0.5
      vertex 18.7177 8.33366 0.396045
      vertex 18.7277 8.3381 0.5
    endloop
  endfacet
  facet normal 0.198783 0.0645823 -0.977913
    outer loop
      vertex 18.3187 8.15599 0.00273991
      vertex 19.3515 5.30613 0.0244722
      vertex 19.2581 5.26454 0.00273991
    endloop
  endfacet
  facet normal 0.198783 0.0645823 -0.977913
    outer loop
      vertex 19.3515 5.30613 0.0244722
      vertex 18.3187 8.15599 0.00273991
      vertex 18.4121 8.19758 0.0244722
    endloop
  endfacet
  facet normal -0.644615 -0.580391 -0.497612
    outer loop
      vertex -19.0108 4.3514 0.286515
      vertex -19.5799 4.9748 0.296632
      vertex -19.4811 4.94268 0.206108
    endloop
  endfacet
  facet normal -0.645045 -0.580801 -0.496576
    outer loop
      vertex -19.5799 4.9748 0.296632
      vertex -19.0108 4.3514 0.286515
      vertex -19.0155 4.34797 0.296632
    endloop
  endfacet
  facet normal -0.904942 0.294078 0.307569
    outer loop
      vertex -19.6572 5.44221 15.604
      vertex -19.6888 5.34497 15.604
      vertex -19.6572 5.33825 15.7034
    endloop
  endfacet
  facet normal -0.989183 -0.103724 -0.103719
    outer loop
      vertex -19.6995 5.13933 0.5
      vertex -19.7104 5.24328 0.5
      vertex -19.6995 5.24328 0.396045
    endloop
  endfacet
  facet normal -0.741198 -0.0775569 0.666792
    outer loop
      vertex -19.545 5.24328 15.8716
      vertex -19.6149 5.24328 15.7939
      vertex -19.6061 5.15918 15.7939
    endloop
  endfacet
  facet normal 0.180852 0.105817 0.977801
    outer loop
      vertex 16.3053 11.8465 15.9755
      vertex 16.2226 11.7864 15.9973
      vertex 16.2281 11.777 15.9973
    endloop
  endfacet
  facet normal -0.388456 -0.126451 0.91275
    outer loop
      vertex -19.3615 5.21116 15.9755
      vertex -19.4549 5.19131 15.933
      vertex -19.3515 5.18044 15.9755
    endloop
  endfacet
  facet normal -0.750605 0.433844 0.498369
    outer loop
      vertex -18.6404 8.40322 15.7034
      vertex -18.6882 8.32052 15.7034
      vertex -18.6404 8.29926 15.7939
    endloop
  endfacet
  facet normal -0.510526 0.294753 0.807765
    outer loop
      vertex -18.5416 8.33138 15.8716
      vertex -16.4087 11.8574 15.933
      vertex -16.451 11.9524 15.8716
    endloop
  endfacet
  facet normal -0.510603 0.2948 0.807699
    outer loop
      vertex -16.4087 11.8574 15.933
      vertex -18.5416 8.33138 15.8716
      vertex -18.4993 8.23642 15.933
    endloop
  endfacet
  facet normal -0.645518 0.371943 0.667057
    outer loop
      vertex -18.5416 8.33138 15.8716
      vertex -18.6404 8.29926 15.7939
      vertex -18.5765 8.27081 15.8716
    endloop
  endfacet
  facet normal -0.945878 0.307381 -0.104071
    outer loop
      vertex -19.6888 5.34497 0.396045
      vertex -19.6995 5.34724 0.5
      vertex -19.6572 5.44221 0.396045
    endloop
  endfacet
  facet normal -0.38855 0.125843 -0.912794
    outer loop
      vertex -19.3515 5.30613 0.0244722
      vertex -19.4549 5.29526 0.066988
      vertex -19.4388 5.34497 0.066988
    endloop
  endfacet
  facet normal 0.904953 0.294082 -0.307533
    outer loop
      vertex 19.6888 5.34497 0.396045
      vertex 19.6572 5.33825 0.296632
      vertex 19.6572 5.44221 0.396045
    endloop
  endfacet
  facet normal -0.945893 0.307337 0.104072
    outer loop
      vertex -18.7277 8.3381 15.5
      vertex -18.76 8.23869 15.5
      vertex -18.7177 8.33366 15.604
    endloop
  endfacet
  facet normal -0.861403 0.49715 0.104052
    outer loop
      vertex -18.6666 8.4222 15.604
      vertex -18.7277 8.3381 15.5
      vertex -18.7177 8.33366 15.604
    endloop
  endfacet
  facet normal 0 1 -0
    outer loop
      vertex -11.7313 14.3369 0.5
      vertex -13.2687 14.3369 15.5
      vertex -11.7313 14.3369 15.5
    endloop
  endfacet
  facet normal 0 1 0
    outer loop
      vertex -13.2687 14.3369 15.5
      vertex -11.7313 14.3369 0.5
      vertex -13.2687 14.3369 0.5
    endloop
  endfacet
  facet normal 0 1 -0
    outer loop
      vertex 13.2687 14.3369 0.5
      vertex 11.7313 14.3369 15.5
      vertex 13.2687 14.3369 15.5
    endloop
  endfacet
  facet normal 0 1 0
    outer loop
      vertex 11.7313 14.3369 15.5
      vertex 13.2687 14.3369 0.5
      vertex 11.7313 14.3369 0.5
    endloop
  endfacet
  facet normal -0.824843 0.268011 -0.497799
    outer loop
      vertex -18.6666 8.21883 0.206108
      vertex -19.6572 5.33825 0.296632
      vertex -18.7177 8.2297 0.296632
    endloop
  endfacet
  facet normal -0.824855 0.268016 -0.497777
    outer loop
      vertex -19.6572 5.33825 0.296632
      vertex -18.6666 8.21883 0.206108
      vertex -19.6061 5.32739 0.206108
    endloop
  endfacet
  facet normal 0.198697 -0.0650211 -0.977902
    outer loop
      vertex 19.3615 5.21116 0.0244722
      vertex 19.2581 5.22203 0.00273991
      vertex 19.2615 5.23242 0.00273991
    endloop
  endfacet
  facet normal 0 0.74478 -0.66731
    outer loop
      vertex 13.286 14.1724 0.128428
      vertex 11.7213 14.242 0.206108
      vertex 13.2787 14.242 0.206108
    endloop
  endfacet
  facet normal 0 0.74478 -0.66731
    outer loop
      vertex 11.7213 14.242 0.206108
      vertex 13.286 14.1724 0.128428
      vertex 11.714 14.1724 0.128428
    endloop
  endfacet
  facet normal 0 0.74478 -0.66731
    outer loop
      vertex -11.714 14.1724 0.128428
      vertex -13.2787 14.242 0.206108
      vertex -11.7213 14.242 0.206108
    endloop
  endfacet
  facet normal 0 0.74478 -0.66731
    outer loop
      vertex -13.2787 14.242 0.206108
      vertex -11.714 14.1724 0.128428
      vertex -13.286 14.1724 0.128428
    endloop
  endfacet
  facet normal 0.155783 0.140264 0.977782
    outer loop
      vertex 14.3389 13.8785 15.9973
      vertex 16.2837 11.8705 15.9755
      vertex 14.4073 13.9545 15.9755
    endloop
  endfacet
  facet normal 0.155783 0.140264 0.977782
    outer loop
      vertex 16.2837 11.8705 15.9755
      vertex 14.3389 13.8785 15.9973
      vertex 16.2153 11.7945 15.9973
    endloop
  endfacet
  facet normal -0.946314 0.0995728 -0.307532
    outer loop
      vertex -19.6572 5.33825 0.296632
      vertex -19.6995 5.24328 0.396045
      vertex -19.6888 5.34497 0.396045
    endloop
  endfacet
  facet normal 0.6443 -0.580223 -0.498215
    outer loop
      vertex 19.0108 4.3514 0.286515
      vertex 18.9732 4.37869 0.206108
      vertex 19.4811 4.94268 0.206108
    endloop
  endfacet
  facet normal -0.743116 -0.669163 0
    outer loop
      vertex -19.0505 4.32256 0.5
      vertex -19.545 4.87171 15.5
      vertex -19.545 4.87171 0.5
    endloop
  endfacet
  facet normal -0.743116 -0.669163 0
    outer loop
      vertex -19.545 4.87171 15.5
      vertex -19.0505 4.32256 0.5
      vertex -19.0505 4.32256 15.5
    endloop
  endfacet
  facet normal 0.198735 -0.0646922 -0.977916
    outer loop
      vertex 19.3515 5.18044 0.0244722
      vertex 19.2581 5.22203 0.00273991
      vertex 19.3615 5.21116 0.0244722
    endloop
  endfacet
  facet normal -0.951055 0.30902 0
    outer loop
      vertex -19.6995 5.34724 0.5
      vertex -18.76 8.23869 15.5
      vertex -18.76 8.23869 0.5
    endloop
  endfacet
  facet normal -0.951055 0.30902 0
    outer loop
      vertex -18.76 8.23869 15.5
      vertex -19.6995 5.34724 0.5
      vertex -19.6995 5.34724 15.5
    endloop
  endfacet
  facet normal -0.945892 0.307342 0.104066
    outer loop
      vertex -18.76 8.23869 15.5
      vertex -19.6572 5.44221 15.604
      vertex -18.7177 8.33366 15.604
    endloop
  endfacet
  facet normal -0.945892 0.307342 0.104066
    outer loop
      vertex -19.6572 5.44221 15.604
      vertex -18.76 8.23869 15.5
      vertex -19.6995 5.34724 15.5
    endloop
  endfacet
  facet normal -0.708378 -0.230782 0.667038
    outer loop
      vertex -19.516 5.1072 15.8716
      vertex -19.6061 5.15918 15.7939
      vertex -19.5799 5.07876 15.7939
    endloop
  endfacet
  facet normal -0.945883 -0.307383 0.104026
    outer loop
      vertex -19.6888 5.1416 15.604
      vertex -19.6995 5.13933 15.5
      vertex -19.6572 5.04436 15.604
    endloop
  endfacet
  facet normal -0.199327 0.0648849 0.977783
    outer loop
      vertex -19.3515 5.30613 15.9755
      vertex -19.3615 5.27541 15.9755
      vertex -19.2581 5.26454 15.9973
    endloop
  endfacet
  facet normal -0.437969 -0.394349 0.807882
    outer loop
      vertex -19.4126 5.09634 15.933
      vertex -18.9167 4.4198 15.8716
      vertex -18.8482 4.46951 15.933
    endloop
  endfacet
  facet normal -0.437969 -0.394349 0.807882
    outer loop
      vertex -18.9167 4.4198 15.8716
      vertex -19.4126 5.09634 15.933
      vertex -19.4811 5.04663 15.8716
    endloop
  endfacet
  facet normal -0.823849 -0.476179 0.30745
    outer loop
      vertex -19.6277 5.0575 15.7034
      vertex -19.6572 5.04436 15.604
      vertex -19.5799 4.9748 15.7034
    endloop
  endfacet
  facet normal -0.861427 -0.497108 0.104052
    outer loop
      vertex -19.6572 5.04436 15.604
      vertex -19.6672 5.03992 15.5
      vertex -19.6061 4.95581 15.604
    endloop
  endfacet
  facet normal 0.353912 0.203909 0.91278
    outer loop
      vertex 16.3826 11.9027 15.933
      vertex 16.3215 11.8185 15.9755
      vertex 16.4087 11.8574 15.933
    endloop
  endfacet
  facet normal 0.388456 -0.126451 0.91275
    outer loop
      vertex 19.3615 5.21116 15.9755
      vertex 19.3515 5.18044 15.9755
      vertex 19.4549 5.19131 15.933
    endloop
  endfacet
  facet normal -0.862288 0.0902168 0.498317
    outer loop
      vertex -19.6061 5.32739 15.7939
      vertex -19.6672 5.24328 15.7034
      vertex -19.6149 5.24328 15.7939
    endloop
  endfacet
  facet normal -0.824288 0.268511 0.498448
    outer loop
      vertex -18.6404 8.29926 15.7939
      vertex -18.6882 8.32052 15.7034
      vertex -18.6666 8.21883 15.7939
    endloop
  endfacet
  facet normal -0.945887 0.307341 -0.104111
    outer loop
      vertex -19.6572 5.44221 0.396045
      vertex -18.76 8.23869 0.5
      vertex -18.7177 8.33366 0.396045
    endloop
  endfacet
  facet normal -0.945887 0.307341 -0.104111
    outer loop
      vertex -18.76 8.23869 0.5
      vertex -19.6572 5.44221 0.396045
      vertex -19.6995 5.34724 0.5
    endloop
  endfacet
  facet normal 0.207654 0.0229241 -0.977934
    outer loop
      vertex 19.2627 5.24328 0.00273991
      vertex 19.2615 5.25415 0.00273991
      vertex 19.3615 5.27541 0.0244722
    endloop
  endfacet
  facet normal -0.561452 -0.181842 -0.807283
    outer loop
      vertex -19.4388 5.1416 0.066988
      vertex -19.516 5.1072 0.128428
      vertex -19.4549 5.19131 0.066988
    endloop
  endfacet
  facet normal -0.861166 0.497668 -0.103538
    outer loop
      vertex -16.576 12.0432 0.396045
      vertex -16.6371 11.9591 0.5
      vertex -16.5848 12.0496 0.5
    endloop
  endfacet
  facet normal 0 0.994651 0.103291
    outer loop
      vertex -11.7313 14.3369 15.5
      vertex -13.2698 14.3261 15.604
      vertex -11.7302 14.3261 15.604
    endloop
  endfacet
  facet normal 0 0.994651 0.103291
    outer loop
      vertex -13.2698 14.3261 15.604
      vertex -11.7313 14.3369 15.5
      vertex -13.2687 14.3369 15.5
    endloop
  endfacet
  facet normal 0 0.994651 0.103291
    outer loop
      vertex 13.2687 14.3369 15.5
      vertex 11.7302 14.3261 15.604
      vertex 13.2698 14.3261 15.604
    endloop
  endfacet
  facet normal 0 0.994651 0.103291
    outer loop
      vertex 11.7302 14.3261 15.604
      vertex 13.2687 14.3369 15.5
      vertex 11.7313 14.3369 15.5
    endloop
  endfacet
  facet normal -0.866024 0.500003 0
    outer loop
      vertex -18.7277 8.3381 0.5
      vertex -16.6371 11.9591 15.5
      vertex -16.6371 11.9591 0.5
    endloop
  endfacet
  facet normal -0.866024 0.500003 0
    outer loop
      vertex -16.6371 11.9591 15.5
      vertex -18.7277 8.3381 0.5
      vertex -18.7277 8.3381 15.5
    endloop
  endfacet
  facet normal -0.644582 0.580371 0.497679
    outer loop
      vertex -14.6658 14.1143 15.7061
      vertex -16.451 12.0563 15.7939
      vertex -14.5746 14.1403 15.7939
    endloop
  endfacet
  facet normal 0.743437 0.668806 0
    outer loop
      vertex 16.5848 12.0496 15.5
      vertex 16.5149 12.1273 0.5
      vertex 16.5149 12.1273 15.5
    endloop
  endfacet
  facet normal 0.743437 0.668806 0
    outer loop
      vertex 16.5149 12.1273 0.5
      vertex 16.5848 12.0496 15.5
      vertex 16.5848 12.0496 0.5
    endloop
  endfacet
  facet normal -0.7511 0.433445 -0.49797
    outer loop
      vertex -16.5076 11.9935 0.206108
      vertex -16.5499 11.9202 0.206108
      vertex -16.5499 12.0242 0.296632
    endloop
  endfacet
  facet normal 0.82386 0.476185 -0.307414
    outer loop
      vertex 18.6882 8.32052 0.296632
      vertex 18.6404 8.40322 0.296632
      vertex 18.7177 8.33366 0.396045
    endloop
  endfacet
  facet normal 0.741113 -0.0775481 -0.666887
    outer loop
      vertex 19.6061 5.15918 0.206108
      vertex 19.545 5.24328 0.128428
      vertex 19.6149 5.24328 0.206108
    endloop
  endfacet
  facet normal 0.586614 -0.0624147 -0.807458
    outer loop
      vertex 19.5376 5.17373 0.128428
      vertex 19.4549 5.19131 0.066988
      vertex 19.545 5.24328 0.128428
    endloop
  endfacet
  facet normal 0.86117 0.49767 0.103494
    outer loop
      vertex 16.5848 12.0496 15.5
      vertex 16.576 12.0432 15.604
      vertex 16.6371 11.9591 15.5
    endloop
  endfacet
  facet normal -0.198783 0.0645823 -0.977913
    outer loop
      vertex -19.3515 5.30613 0.0244722
      vertex -18.3187 8.15599 0.00273991
      vertex -19.2581 5.26454 0.00273991
    endloop
  endfacet
  facet normal -0.198783 0.0645823 -0.977913
    outer loop
      vertex -18.3187 8.15599 0.00273991
      vertex -19.3515 5.30613 0.0244722
      vertex -18.4121 8.19758 0.0244722
    endloop
  endfacet
  facet normal 0.708293 0.230726 -0.667148
    outer loop
      vertex 18.6666 8.21883 0.206108
      vertex 18.5765 8.27081 0.128428
      vertex 18.6404 8.29926 0.206108
    endloop
  endfacet
  facet normal 0.38855 0.125843 -0.912794
    outer loop
      vertex 19.4549 5.29526 0.066988
      vertex 19.3515 5.30613 0.0244722
      vertex 19.4388 5.34497 0.066988
    endloop
  endfacet
  facet normal 0.707491 0.637095 0.305887
    outer loop
      vertex 14.6689 14.1133 15.7034
      vertex 16.576 12.0432 15.604
      vertex 14.6697 14.1139 15.7003
    endloop
  endfacet
  facet normal 0.707169 0.636727 0.307394
    outer loop
      vertex 16.576 12.0432 15.604
      vertex 14.6689 14.1133 15.7034
      vertex 16.5499 12.0242 15.7034
    endloop
  endfacet
  facet normal 0.989188 -0.103724 0.103675
    outer loop
      vertex 19.6995 5.24328 15.604
      vertex 19.6995 5.13933 15.5
      vertex 19.7104 5.24328 15.5
    endloop
  endfacet
  facet normal 0.994548 0.104276 0
    outer loop
      vertex 19.7104 5.24328 15.5
      vertex 19.6995 5.34724 0.5
      vertex 19.6995 5.34724 15.5
    endloop
  endfacet
  facet normal 0.994548 0.104276 0
    outer loop
      vertex 19.6995 5.34724 0.5
      vertex 19.7104 5.24328 15.5
      vertex 19.7104 5.24328 0.5
    endloop
  endfacet
  facet normal -0.750903 -0.433687 -0.498056
    outer loop
      vertex -19.5376 5.00552 0.206108
      vertex -19.5799 4.9748 0.296632
      vertex -19.5799 5.07876 0.206108
    endloop
  endfacet
  facet normal -0.861423 -0.497106 -0.104097
    outer loop
      vertex -19.6061 4.95581 0.396045
      vertex -19.6672 5.03992 0.5
      vertex -19.6572 5.04436 0.396045
    endloop
  endfacet
  facet normal -0.945883 0.307383 0.104026
    outer loop
      vertex -19.6572 5.44221 15.604
      vertex -19.6995 5.34724 15.5
      vertex -19.6888 5.34497 15.604
    endloop
  endfacet
  facet normal -0.904965 0.294044 0.307534
    outer loop
      vertex -19.6572 5.44221 15.604
      vertex -18.7177 8.2297 15.7034
      vertex -18.7177 8.33366 15.604
    endloop
  endfacet
  facet normal -0.904965 0.294044 0.307534
    outer loop
      vertex -18.7177 8.2297 15.7034
      vertex -19.6572 5.44221 15.604
      vertex -19.6572 5.33825 15.7034
    endloop
  endfacet
  facet normal -0.707491 0.637095 0.305887
    outer loop
      vertex -16.576 12.0432 15.604
      vertex -14.6689 14.1133 15.7034
      vertex -14.6697 14.1139 15.7003
    endloop
  endfacet
  facet normal -0.707169 0.636727 0.307394
    outer loop
      vertex -14.6689 14.1133 15.7034
      vertex -16.576 12.0432 15.604
      vertex -16.5499 12.0242 15.7034
    endloop
  endfacet
  facet normal -0.945893 -0.307337 0.104072
    outer loop
      vertex -19.6572 5.04436 15.604
      vertex -19.6995 5.13933 15.5
      vertex -19.6672 5.03992 15.5
    endloop
  endfacet
  facet normal -0.989188 -0.103724 0.103675
    outer loop
      vertex -19.6995 5.24328 15.604
      vertex -19.7104 5.24328 15.5
      vertex -19.6995 5.13933 15.5
    endloop
  endfacet
  facet normal -0.644826 -0.579769 -0.498063
    outer loop
      vertex -19.4811 4.94268 0.206108
      vertex -19.5799 4.9748 0.296632
      vertex -19.5376 5.00552 0.206108
    endloop
  endfacet
  facet normal -0.824012 -0.475517 0.30804
    outer loop
      vertex -19.5799 4.9748 15.7034
      vertex -19.6572 5.04436 15.604
      vertex -19.6061 4.95581 15.604
    endloop
  endfacet
  facet normal -0.586244 0.0620304 0.807756
    outer loop
      vertex -19.4549 5.29526 15.933
      vertex -19.545 5.24328 15.8716
      vertex -19.4604 5.24328 15.933
    endloop
  endfacet
  facet normal -0.989112 -0.104086 0.104036
    outer loop
      vertex -19.6995 5.24328 15.604
      vertex -19.6995 5.13933 15.5
      vertex -19.6888 5.1416 15.604
    endloop
  endfacet
  facet normal -0.905018 -0.293966 0.307452
    outer loop
      vertex -19.6572 5.14832 15.7034
      vertex -19.6572 5.04436 15.604
      vertex -19.6277 5.0575 15.7034
    endloop
  endfacet
  facet normal -0.824812 0.267914 0.497902
    outer loop
      vertex -18.6882 8.32052 15.7034
      vertex -18.7177 8.2297 15.7034
      vertex -18.6666 8.21883 15.7939
    endloop
  endfacet
  facet normal -0.946314 -0.099654 0.307504
    outer loop
      vertex -19.6672 5.24328 15.7034
      vertex -19.6995 5.24328 15.604
      vertex -19.6572 5.14832 15.7034
    endloop
  endfacet
  facet normal -0.861233 -0.497542 0.103587
    outer loop
      vertex -19.6061 4.95581 15.604
      vertex -19.6672 5.03992 15.5
      vertex -19.6149 4.94939 15.5
    endloop
  endfacet
  facet normal -0.708175 -0.22992 -0.667551
    outer loop
      vertex -19.516 5.1072 0.128428
      vertex -19.6061 5.15918 0.206108
      vertex -19.5376 5.17373 0.128428
    endloop
  endfacet
  facet normal -0 0.209792 0.977746
    outer loop
      vertex -13.3048 13.9933 15.9755
      vertex -11.6845 13.8917 15.9973
      vertex -11.6952 13.9933 15.9755
    endloop
  endfacet
  facet normal 0 0.209792 0.977746
    outer loop
      vertex -11.6845 13.8917 15.9973
      vertex -13.3048 13.9933 15.9755
      vertex -13.3155 13.8917 15.9973
    endloop
  endfacet
  facet normal -0 0.209792 0.977746
    outer loop
      vertex 11.6952 13.9933 15.9755
      vertex 13.3155 13.8917 15.9973
      vertex 13.3048 13.9933 15.9755
    endloop
  endfacet
  facet normal 0 0.209792 0.977746
    outer loop
      vertex 13.3155 13.8917 15.9973
      vertex 11.6952 13.9933 15.9755
      vertex 11.6845 13.8917 15.9973
    endloop
  endfacet
  facet normal 0.208272 0.0229923 0.977801
    outer loop
      vertex 19.3615 5.27541 15.9755
      vertex 19.2615 5.25415 15.9973
      vertex 19.2627 5.24328 15.9973
    endloop
  endfacet
  facet normal -0 0.408366 0.912818
    outer loop
      vertex -13.2948 14.0883 15.933
      vertex -11.6952 13.9933 15.9755
      vertex -11.7052 14.0883 15.933
    endloop
  endfacet
  facet normal 0 0.408366 0.912818
    outer loop
      vertex -11.6952 13.9933 15.9755
      vertex -13.2948 14.0883 15.933
      vertex -13.3048 13.9933 15.9755
    endloop
  endfacet
  facet normal -0 0.408366 0.912818
    outer loop
      vertex 11.7052 14.0883 15.933
      vertex 13.3048 13.9933 15.9755
      vertex 13.2948 14.0883 15.933
    endloop
  endfacet
  facet normal 0 0.408366 0.912818
    outer loop
      vertex 13.3048 13.9933 15.9755
      vertex 11.7052 14.0883 15.933
      vertex 11.6952 13.9933 15.9755
    endloop
  endfacet
  facet normal -0.707089 -0.636665 0.307705
    outer loop
      vertex -19.0182 4.34604 15.6933
      vertex -19.6061 4.95581 15.604
      vertex -19.0417 4.32898 15.604
    endloop
  endfacet
  facet normal -0.30366 -0.273426 0.912704
    outer loop
      vertex -19.3138 5.12846 15.9755
      vertex -18.8482 4.46951 15.933
      vertex -18.771 4.52564 15.9755
    endloop
  endfacet
  facet normal -0.303701 -0.273454 0.912682
    outer loop
      vertex -18.8482 4.46951 15.933
      vertex -19.3138 5.12846 15.9755
      vertex -19.4126 5.09634 15.933
    endloop
  endfacet
  facet normal -0.823849 0.476179 0.30745
    outer loop
      vertex -18.6404 8.40322 15.7034
      vertex -18.7177 8.33366 15.604
      vertex -18.6882 8.32052 15.7034
    endloop
  endfacet
  facet normal -0.708285 0.230138 0.66736
    outer loop
      vertex -18.6666 8.21883 15.7939
      vertex -19.516 5.37936 15.8716
      vertex -18.5765 8.27081 15.8716
    endloop
  endfacet
  facet normal -0.708271 0.230135 0.667376
    outer loop
      vertex -19.516 5.37936 15.8716
      vertex -18.6666 8.21883 15.7939
      vertex -19.6061 5.32739 15.7939
    endloop
  endfacet
  facet normal -0.155797 -0.140285 0.977777
    outer loop
      vertex -19.2454 5.20444 15.9973
      vertex -18.771 4.52564 15.9755
      vertex -18.6883 4.58574 15.9973
    endloop
  endfacet
  facet normal -0.155798 -0.140286 0.977776
    outer loop
      vertex -18.771 4.52564 15.9755
      vertex -19.2454 5.20444 15.9973
      vertex -19.3138 5.12846 15.9755
    endloop
  endfacet
  facet normal -0.199289 -0.0652148 0.977768
    outer loop
      vertex -19.2615 5.23242 15.9973
      vertex -19.3615 5.21116 15.9755
      vertex -19.2581 5.22203 15.9973
    endloop
  endfacet
  facet normal -0.388602 0.126266 0.912713
    outer loop
      vertex -19.4388 5.34497 15.933
      vertex -18.4121 8.19758 15.9755
      vertex -18.4993 8.23642 15.933
    endloop
  endfacet
  facet normal -0.388283 0.126149 0.912865
    outer loop
      vertex -18.4121 8.19758 15.9755
      vertex -19.4388 5.34497 15.933
      vertex -19.3515 5.30613 15.9755
    endloop
  endfacet
  facet normal -0.353912 0.203909 0.91278
    outer loop
      vertex -16.3826 11.9027 15.933
      vertex -16.4087 11.8574 15.933
      vertex -16.3215 11.8185 15.9755
    endloop
  endfacet
  facet normal -0.644505 0.580302 -0.497858
    outer loop
      vertex -14.5746 14.1403 0.206108
      vertex -16.451 12.0563 0.206108
      vertex -14.6658 14.1143 0.293866
    endloop
  endfacet
  facet normal -0.353864 0.204309 -0.912709
    outer loop
      vertex -18.4121 8.19758 0.0244722
      vertex -16.4087 11.8574 0.066988
      vertex -16.3215 11.8185 0.0244722
    endloop
  endfacet
  facet normal -0.353958 0.20436 -0.912661
    outer loop
      vertex -16.4087 11.8574 0.066988
      vertex -18.4121 8.19758 0.0244722
      vertex -18.4993 8.23642 0.066988
    endloop
  endfacet
  facet normal -0.561465 0.181847 -0.807272
    outer loop
      vertex -19.4549 5.29526 0.066988
      vertex -19.516 5.37936 0.128428
      vertex -19.4388 5.34497 0.066988
    endloop
  endfacet
  facet normal 0.739444 0.665214 0.103505
    outer loop
      vertex 16.5848 12.0496 15.5
      vertex 16.5149 12.1273 15.5
      vertex 16.576 12.0432 15.604
    endloop
  endfacet
  facet normal -0.707275 0.63685 0.306895
    outer loop
      vertex -14.6996 14.1271 15.604
      vertex -16.576 12.0432 15.604
      vertex -14.6697 14.1139 15.7003
    endloop
  endfacet
  facet normal 0 0.408493 -0.912762
    outer loop
      vertex 13.3048 13.9933 0.0244722
      vertex 11.7052 14.0883 0.066988
      vertex 13.2948 14.0883 0.066988
    endloop
  endfacet
  facet normal 0 0.408493 -0.912762
    outer loop
      vertex 11.7052 14.0883 0.066988
      vertex 13.3048 13.9933 0.0244722
      vertex 11.6952 13.9933 0.0244722
    endloop
  endfacet
  facet normal 0 0.408493 -0.912762
    outer loop
      vertex -11.6952 13.9933 0.0244722
      vertex -13.2948 14.0883 0.066988
      vertex -11.7052 14.0883 0.066988
    endloop
  endfacet
  facet normal 0 0.408493 -0.912762
    outer loop
      vertex -13.2948 14.0883 0.066988
      vertex -11.6952 13.9933 0.0244722
      vertex -13.3048 13.9933 0.0244722
    endloop
  endfacet
  facet normal -0.388404 0.126188 -0.912808
    outer loop
      vertex -19.4388 5.34497 0.066988
      vertex -18.4121 8.19758 0.0244722
      vertex -19.3515 5.30613 0.0244722
    endloop
  endfacet
  facet normal -0.388723 0.126305 -0.912656
    outer loop
      vertex -18.4121 8.19758 0.0244722
      vertex -19.4388 5.34497 0.066988
      vertex -18.4993 8.23642 0.066988
    endloop
  endfacet
  facet normal 0.15532 0.139848 -0.977915
    outer loop
      vertex 14.3389 13.8785 0.00273991
      vertex 16.2837 11.8705 0.0244722
      vertex 16.2153 11.7945 0.00273991
    endloop
  endfacet
  facet normal 0.15532 0.139848 -0.977915
    outer loop
      vertex 16.2837 11.8705 0.0244722
      vertex 14.3389 13.8785 0.00273991
      vertex 14.4073 13.9545 0.0244722
    endloop
  endfacet
  facet normal 0.207944 0.0220046 -0.977893
    outer loop
      vertex 19.3649 5.24328 0.0244722
      vertex 19.2627 5.24328 0.00273991
      vertex 19.3615 5.27541 0.0244722
    endloop
  endfacet
  facet normal 0.739349 -0.6653 0.10363
    outer loop
      vertex 19.6061 4.95581 15.604
      vertex 19.545 4.87171 15.5
      vertex 19.6149 4.94939 15.5
    endloop
  endfacet
  facet normal 0.861427 -0.497108 0.104052
    outer loop
      vertex 19.6572 5.04436 15.604
      vertex 19.6061 4.95581 15.604
      vertex 19.6672 5.03992 15.5
    endloop
  endfacet
  facet normal 0.561133 -0.18218 -0.807428
    outer loop
      vertex 19.516 5.1072 0.128428
      vertex 19.4549 5.19131 0.066988
      vertex 19.5376 5.17373 0.128428
    endloop
  endfacet
  facet normal 0.353958 0.20436 -0.912661
    outer loop
      vertex 18.4121 8.19758 0.0244722
      vertex 16.4087 11.8574 0.066988
      vertex 18.4993 8.23642 0.066988
    endloop
  endfacet
  facet normal 0.353864 0.204309 -0.912709
    outer loop
      vertex 16.4087 11.8574 0.066988
      vertex 18.4121 8.19758 0.0244722
      vertex 16.3215 11.8185 0.0244722
    endloop
  endfacet
  facet normal 0.155457 -0.139759 -0.977906
    outer loop
      vertex 19.3138 5.12846 0.0244722
      vertex 19.2454 5.20444 0.00273991
      vertex 19.2527 5.21256 0.00273991
    endloop
  endfacet
  facet normal 0.945878 0.307381 -0.104071
    outer loop
      vertex 19.6888 5.34497 0.396045
      vertex 19.6572 5.44221 0.396045
      vertex 19.6995 5.34724 0.5
    endloop
  endfacet
  facet normal 0.945887 0.307341 -0.104111
    outer loop
      vertex 18.76 8.23869 0.5
      vertex 19.6572 5.44221 0.396045
      vertex 18.7177 8.33366 0.396045
    endloop
  endfacet
  facet normal 0.945887 0.307341 -0.104111
    outer loop
      vertex 19.6572 5.44221 0.396045
      vertex 18.76 8.23869 0.5
      vertex 19.6995 5.34724 0.5
    endloop
  endfacet
  facet normal 0.861403 0.49715 0.104052
    outer loop
      vertex 18.7277 8.3381 15.5
      vertex 18.6666 8.4222 15.604
      vertex 18.7177 8.33366 15.604
    endloop
  endfacet
  facet normal 0.951057 0.309015 0
    outer loop
      vertex 18.76 8.23869 15.5
      vertex 18.7277 8.3381 0.5
      vertex 18.7277 8.3381 15.5
    endloop
  endfacet
  facet normal 0.951057 0.309015 0
    outer loop
      vertex 18.7277 8.3381 0.5
      vertex 18.76 8.23869 15.5
      vertex 18.76 8.23869 0.5
    endloop
  endfacet
  facet normal 0.989189 0.103715 0.103675
    outer loop
      vertex 19.6995 5.34724 15.5
      vertex 19.6995 5.24328 15.604
      vertex 19.7104 5.24328 15.5
    endloop
  endfacet
  facet normal 0.945883 0.307383 0.104026
    outer loop
      vertex 19.6995 5.34724 15.5
      vertex 19.6572 5.44221 15.604
      vertex 19.6888 5.34497 15.604
    endloop
  endfacet
  facet normal 0.945893 0.307337 0.104072
    outer loop
      vertex 18.7277 8.3381 15.5
      vertex 18.7177 8.33366 15.604
      vertex 18.76 8.23869 15.5
    endloop
  endfacet
  facet normal 0.945892 0.307342 0.104066
    outer loop
      vertex 19.6572 5.44221 15.604
      vertex 18.76 8.23869 15.5
      vertex 18.7177 8.33366 15.604
    endloop
  endfacet
  facet normal 0.945892 0.307342 0.104066
    outer loop
      vertex 18.76 8.23869 15.5
      vertex 19.6572 5.44221 15.604
      vertex 19.6995 5.34724 15.5
    endloop
  endfacet
  facet normal 0.989113 0.104076 0.104036
    outer loop
      vertex 19.6995 5.34724 15.5
      vertex 19.6888 5.34497 15.604
      vertex 19.6995 5.24328 15.604
    endloop
  endfacet
  facet normal 0.553588 0.498442 0.667155
    outer loop
      vertex 14.5746 14.0363 15.8716
      vertex 16.451 12.0563 15.7939
      vertex 14.5746 14.1403 15.7939
    endloop
  endfacet
  facet normal 0.553807 0.498663 0.666809
    outer loop
      vertex 16.451 12.0563 15.7939
      vertex 14.5746 14.0363 15.8716
      vertex 16.451 11.9524 15.8716
    endloop
  endfacet
  facet normal 0.708285 0.230138 0.66736
    outer loop
      vertex 19.516 5.37936 15.8716
      vertex 18.6666 8.21883 15.7939
      vertex 18.5765 8.27081 15.8716
    endloop
  endfacet
  facet normal 0.708271 0.230135 0.667376
    outer loop
      vertex 18.6666 8.21883 15.7939
      vertex 19.516 5.37936 15.8716
      vertex 19.6061 5.32739 15.7939
    endloop
  endfacet
  facet normal -0.181622 0.10486 0.977762
    outer loop
      vertex -16.3215 11.8185 15.9755
      vertex -18.3187 8.15599 15.9973
      vertex -16.2281 11.777 15.9973
    endloop
  endfacet
  facet normal -0.181544 0.104818 0.977781
    outer loop
      vertex -18.3187 8.15599 15.9973
      vertex -16.3215 11.8185 15.9755
      vertex -18.4121 8.19758 15.9755
    endloop
  endfacet
  facet normal -0.155334 -0.139868 -0.97791
    outer loop
      vertex -18.771 4.52564 0.0244722
      vertex -19.2454 5.20444 0.00273991
      vertex -18.6883 4.58574 0.00273991
    endloop
  endfacet
  facet normal -0.155335 -0.139869 -0.97791
    outer loop
      vertex -19.2454 5.20444 0.00273991
      vertex -18.771 4.52564 0.0244722
      vertex -19.3138 5.12846 0.0244722
    endloop
  endfacet
  facet normal -0.645464 -0.371912 -0.667126
    outer loop
      vertex -19.4811 5.04663 0.128428
      vertex -19.5799 5.07876 0.206108
      vertex -19.516 5.1072 0.128428
    endloop
  endfacet
  facet normal -0.904953 -0.294082 -0.307533
    outer loop
      vertex -19.6572 5.04436 0.396045
      vertex -19.6888 5.1416 0.396045
      vertex -19.6572 5.14832 0.296632
    endloop
  endfacet
  facet normal -0.511269 -0.29459 -0.807354
    outer loop
      vertex -19.4811 5.04663 0.128428
      vertex -19.516 5.1072 0.128428
      vertex -19.4388 5.1416 0.066988
    endloop
  endfacet
  facet normal -0.865891 -0.500233 0
    outer loop
      vertex -19.6149 4.94939 0.5
      vertex -19.6672 5.03992 15.5
      vertex -19.6672 5.03992 0.5
    endloop
  endfacet
  facet normal -0.865891 -0.500233 0
    outer loop
      vertex -19.6672 5.03992 15.5
      vertex -19.6149 4.94939 0.5
      vertex -19.6149 4.94939 15.5
    endloop
  endfacet
  facet normal -0.740341 0.0787597 -0.667602
    outer loop
      vertex -19.545 5.24328 0.128428
      vertex -19.6061 5.32739 0.206108
      vertex -19.5376 5.31284 0.128428
    endloop
  endfacet
  facet normal -0.586493 0.0620568 -0.807573
    outer loop
      vertex -19.4604 5.24328 0.066988
      vertex -19.545 5.24328 0.128428
      vertex -19.4549 5.29526 0.066988
    endloop
  endfacet
  facet normal 0.707091 -0.636667 -0.307696
    outer loop
      vertex 19.0417 4.32898 0.396045
      vertex 19.0182 4.34604 0.306742
      vertex 19.6061 4.95581 0.396045
    endloop
  endfacet
  facet normal 0.155335 -0.139869 -0.97791
    outer loop
      vertex 18.771 4.52564 0.0244722
      vertex 19.2454 5.20444 0.00273991
      vertex 19.3138 5.12846 0.0244722
    endloop
  endfacet
  facet normal 0.155334 -0.139868 -0.97791
    outer loop
      vertex 19.2454 5.20444 0.00273991
      vertex 18.771 4.52564 0.0244722
      vertex 18.6883 4.58574 0.00273991
    endloop
  endfacet
  facet normal -0.354021 0.203972 -0.912724
    outer loop
      vertex -16.3215 11.8185 0.0244722
      vertex -16.4087 11.8574 0.066988
      vertex -16.3826 11.9027 0.066988
    endloop
  endfacet
  facet normal -0.181693 -0.103605 -0.977882
    outer loop
      vertex -19.2527 5.21256 0.00273991
      vertex -19.3354 5.15247 0.0244722
      vertex -19.2581 5.22203 0.00273991
    endloop
  endfacet
  facet normal -0.946302 0.0995716 0.307568
    outer loop
      vertex -19.6888 5.34497 15.604
      vertex -19.6995 5.24328 15.604
      vertex -19.6572 5.33825 15.7034
    endloop
  endfacet
  facet normal -0.861333 0.497294 -0.103939
    outer loop
      vertex -18.6666 8.4222 0.396045
      vertex -16.6371 11.9591 0.5
      vertex -16.576 12.0432 0.396045
    endloop
  endfacet
  facet normal -0.861333 0.497294 -0.103939
    outer loop
      vertex -16.6371 11.9591 0.5
      vertex -18.6666 8.4222 0.396045
      vertex -18.7277 8.3381 0.5
    endloop
  endfacet
  facet normal -0.861399 0.497148 -0.104096
    outer loop
      vertex -18.7177 8.33366 0.396045
      vertex -18.7277 8.3381 0.5
      vertex -18.6666 8.4222 0.396045
    endloop
  endfacet
  facet normal -0.739111 0.665515 0.103944
    outer loop
      vertex -16.5149 12.1273 15.5
      vertex -14.6996 14.1271 15.604
      vertex -14.6385 14.2112 15.5
    endloop
  endfacet
  facet normal -0.739111 0.665515 0.103944
    outer loop
      vertex -14.6996 14.1271 15.604
      vertex -16.5149 12.1273 15.5
      vertex -16.576 12.0432 15.604
    endloop
  endfacet
  facet normal -0.739444 0.665214 0.103505
    outer loop
      vertex -16.5149 12.1273 15.5
      vertex -16.5848 12.0496 15.5
      vertex -16.576 12.0432 15.604
    endloop
  endfacet
  facet normal -0.708374 0.230752 0.667053
    outer loop
      vertex -18.6404 8.29926 15.7939
      vertex -18.6666 8.21883 15.7939
      vertex -18.5765 8.27081 15.8716
    endloop
  endfacet
  facet normal -0.824108 0.475803 0.307339
    outer loop
      vertex -18.6666 8.4222 15.604
      vertex -16.5499 12.0242 15.7034
      vertex -16.576 12.0432 15.604
    endloop
  endfacet
  facet normal -0.823931 0.47568 0.308002
    outer loop
      vertex -16.5499 12.0242 15.7034
      vertex -18.6666 8.4222 15.604
      vertex -18.6404 8.40322 15.7034
    endloop
  endfacet
  facet normal -0.989113 0.104076 0.104036
    outer loop
      vertex -19.6995 5.34724 15.5
      vertex -19.6995 5.24328 15.604
      vertex -19.6888 5.34497 15.604
    endloop
  endfacet
  facet normal -0.989189 0.103715 0.103675
    outer loop
      vertex -19.6995 5.34724 15.5
      vertex -19.7104 5.24328 15.5
      vertex -19.6995 5.24328 15.604
    endloop
  endfacet
  facet normal -0.824022 -0.475523 -0.308003
    outer loop
      vertex -19.6061 4.95581 0.396045
      vertex -19.6572 5.04436 0.396045
      vertex -19.5799 4.9748 0.296632
    endloop
  endfacet
  facet normal -0.989107 -0.104086 -0.104081
    outer loop
      vertex -19.6888 5.1416 0.396045
      vertex -19.6995 5.13933 0.5
      vertex -19.6995 5.24328 0.396045
    endloop
  endfacet
  facet normal -0.945878 -0.307381 -0.104071
    outer loop
      vertex -19.6572 5.04436 0.396045
      vertex -19.6995 5.13933 0.5
      vertex -19.6888 5.1416 0.396045
    endloop
  endfacet
  facet normal -0.708167 0.229952 -0.667549
    outer loop
      vertex -19.5376 5.31284 0.128428
      vertex -19.6061 5.32739 0.206108
      vertex -19.516 5.37936 0.128428
    endloop
  endfacet
  facet normal -0.208272 0.0229923 0.977801
    outer loop
      vertex -19.2615 5.25415 15.9973
      vertex -19.3615 5.27541 15.9755
      vertex -19.2627 5.24328 15.9973
    endloop
  endfacet
  facet normal -0.199289 0.0652148 0.977768
    outer loop
      vertex -19.2581 5.26454 15.9973
      vertex -19.3615 5.27541 15.9755
      vertex -19.2615 5.25415 15.9973
    endloop
  endfacet
  facet normal -0.750854 -0.433658 0.498156
    outer loop
      vertex -19.5799 5.07876 15.7939
      vertex -19.5799 4.9748 15.7034
      vertex -19.5376 5.00552 15.7939
    endloop
  endfacet
  facet normal -0.946315 0.0996436 0.307505
    outer loop
      vertex -19.6572 5.33825 15.7034
      vertex -19.6995 5.24328 15.604
      vertex -19.6672 5.24328 15.7034
    endloop
  endfacet
  facet normal -0.862474 0.0908154 0.497886
    outer loop
      vertex -19.6572 5.33825 15.7034
      vertex -19.6672 5.24328 15.7034
      vertex -19.6061 5.32739 15.7939
    endloop
  endfacet
  facet normal 0.824 0.475564 0.307998
    outer loop
      vertex 18.6666 8.4222 15.604
      vertex 18.6404 8.40322 15.7034
      vertex 18.7177 8.33366 15.604
    endloop
  endfacet
  facet normal 0.743351 -0.668901 0
    outer loop
      vertex 19.545 4.87171 15.5
      vertex 19.6149 4.94939 0.5
      vertex 19.6149 4.94939 15.5
    endloop
  endfacet
  facet normal 0.743351 -0.668901 0
    outer loop
      vertex 19.6149 4.94939 0.5
      vertex 19.545 4.87171 15.5
      vertex 19.545 4.87171 0.5
    endloop
  endfacet
  facet normal -0.155783 0.140264 0.977782
    outer loop
      vertex -16.2837 11.8705 15.9755
      vertex -14.3389 13.8785 15.9973
      vertex -14.4073 13.9545 15.9755
    endloop
  endfacet
  facet normal -0.155783 0.140264 0.977782
    outer loop
      vertex -14.3389 13.8785 15.9973
      vertex -16.2837 11.8705 15.9755
      vertex -16.2153 11.7945 15.9973
    endloop
  endfacet
  facet normal -0.740426 0.0787687 0.667507
    outer loop
      vertex -19.5376 5.31284 15.8716
      vertex -19.6061 5.32739 15.7939
      vertex -19.545 5.24328 15.8716
    endloop
  endfacet
  facet normal -0.586366 0.0623794 0.807641
    outer loop
      vertex -19.5376 5.31284 15.8716
      vertex -19.545 5.24328 15.8716
      vertex -19.4549 5.29526 15.933
    endloop
  endfacet
  facet normal -0.511072 0.294476 0.807521
    outer loop
      vertex -18.5416 8.33138 15.8716
      vertex -18.5765 8.27081 15.8716
      vertex -18.4993 8.23642 15.933
    endloop
  endfacet
  facet normal -0.824789 0.267993 0.497898
    outer loop
      vertex -19.6572 5.33825 15.7034
      vertex -18.6666 8.21883 15.7939
      vertex -18.7177 8.2297 15.7034
    endloop
  endfacet
  facet normal -0.824801 0.267998 0.497876
    outer loop
      vertex -18.6666 8.21883 15.7939
      vertex -19.6572 5.33825 15.7034
      vertex -19.6061 5.32739 15.7939
    endloop
  endfacet
  facet normal -0.511052 -0.294464 0.807537
    outer loop
      vertex -19.4388 5.1416 15.933
      vertex -19.516 5.1072 15.8716
      vertex -19.4811 5.04663 15.8716
    endloop
  endfacet
  facet normal -0.353304 0.204412 0.912903
    outer loop
      vertex -16.3053 11.8465 15.9755
      vertex -16.3826 11.9027 15.933
      vertex -16.3215 11.8185 15.9755
    endloop
  endfacet
  facet normal 0.824012 -0.475517 0.30804
    outer loop
      vertex 19.6572 5.04436 15.604
      vertex 19.5799 4.9748 15.7034
      vertex 19.6061 4.95581 15.604
    endloop
  endfacet
  facet normal -0.38843 -0.125804 0.91285
    outer loop
      vertex -19.3515 5.18044 15.9755
      vertex -19.4549 5.19131 15.933
      vertex -19.4388 5.1416 15.933
    endloop
  endfacet
  facet normal -0.181543 0.105036 0.977757
    outer loop
      vertex -16.3053 11.8465 15.9755
      vertex -16.3215 11.8185 15.9755
      vertex -16.2281 11.777 15.9973
    endloop
  endfacet
  facet normal -0.303397 0.273057 0.912902
    outer loop
      vertex -16.2837 11.8705 15.9755
      vertex -16.3826 11.9027 15.933
      vertex -16.3053 11.8465 15.9755
    endloop
  endfacet
  facet normal -0.561256 0.182365 -0.8073
    outer loop
      vertex -19.516 5.37936 0.128428
      vertex -18.4993 8.23642 0.066988
      vertex -19.4388 5.34497 0.066988
    endloop
  endfacet
  facet normal -0.561256 0.182365 -0.8073
    outer loop
      vertex -18.4993 8.23642 0.066988
      vertex -19.516 5.37936 0.128428
      vertex -18.5765 8.27081 0.128428
    endloop
  endfacet
  facet normal -0.750958 0.433551 -0.498092
    outer loop
      vertex -16.5499 11.9202 0.206108
      vertex -18.6404 8.40322 0.296632
      vertex -16.5499 12.0242 0.296632
    endloop
  endfacet
  facet normal -0.751026 0.433595 -0.497951
    outer loop
      vertex -18.6404 8.40322 0.296632
      vertex -16.5499 11.9202 0.206108
      vertex -18.6404 8.29926 0.206108
    endloop
  endfacet
  facet normal -0.82401 0.47557 -0.307962
    outer loop
      vertex -18.6404 8.40322 0.296632
      vertex -18.7177 8.33366 0.396045
      vertex -18.6666 8.4222 0.396045
    endloop
  endfacet
  facet normal -0.553588 0.498442 0.667155
    outer loop
      vertex -16.451 12.0563 15.7939
      vertex -14.5746 14.0363 15.8716
      vertex -14.5746 14.1403 15.7939
    endloop
  endfacet
  facet normal -0.553807 0.498663 0.666809
    outer loop
      vertex -14.5746 14.0363 15.8716
      vertex -16.451 12.0563 15.7939
      vertex -16.451 11.9524 15.8716
    endloop
  endfacet
  facet normal -0.51082 0.294926 -0.807516
    outer loop
      vertex -18.5416 8.33138 0.128428
      vertex -16.4087 11.8574 0.066988
      vertex -18.4993 8.23642 0.066988
    endloop
  endfacet
  facet normal -0.510743 0.294878 -0.807582
    outer loop
      vertex -16.4087 11.8574 0.066988
      vertex -18.5416 8.33138 0.128428
      vertex -16.451 11.9524 0.128428
    endloop
  endfacet
  facet normal -0.750654 0.433873 -0.49827
    outer loop
      vertex -18.6404 8.29926 0.206108
      vertex -18.6882 8.32052 0.296632
      vertex -18.6404 8.40322 0.296632
    endloop
  endfacet
  facet normal -0.73944 0.665211 -0.103549
    outer loop
      vertex -16.576 12.0432 0.396045
      vertex -16.5848 12.0496 0.5
      vertex -16.5149 12.1273 0.5
    endloop
  endfacet
  facet normal -0.706277 0.635704 -0.311535
    outer loop
      vertex -14.6689 14.1133 0.296632
      vertex -16.576 12.0432 0.396045
      vertex -14.6697 14.1139 0.29967
    endloop
  endfacet
  facet normal -0.707178 0.636734 -0.307357
    outer loop
      vertex -16.576 12.0432 0.396045
      vertex -14.6689 14.1133 0.296632
      vertex -16.5499 12.0242 0.296632
    endloop
  endfacet
  facet normal -0.739107 0.665512 -0.103988
    outer loop
      vertex -14.6996 14.1271 0.396045
      vertex -16.5149 12.1273 0.5
      vertex -14.6385 14.2112 0.5
    endloop
  endfacet
  facet normal -0.739107 0.665512 -0.103988
    outer loop
      vertex -16.5149 12.1273 0.5
      vertex -14.6996 14.1271 0.396045
      vertex -16.576 12.0432 0.396045
    endloop
  endfacet
  facet normal -0.743437 0.668806 0
    outer loop
      vertex -16.5848 12.0496 0.5
      vertex -16.5149 12.1273 15.5
      vertex -16.5149 12.1273 0.5
    endloop
  endfacet
  facet normal -0.743437 0.668806 0
    outer loop
      vertex -16.5149 12.1273 15.5
      vertex -16.5848 12.0496 0.5
      vertex -16.5848 12.0496 15.5
    endloop
  endfacet
  facet normal 0.865819 0.500357 0
    outer loop
      vertex 16.6371 11.9591 15.5
      vertex 16.5848 12.0496 0.5
      vertex 16.5848 12.0496 15.5
    endloop
  endfacet
  facet normal 0.865819 0.500357 0
    outer loop
      vertex 16.5848 12.0496 0.5
      vertex 16.6371 11.9591 15.5
      vertex 16.6371 11.9591 0.5
    endloop
  endfacet
  facet normal 0.739107 0.665512 -0.103988
    outer loop
      vertex 16.5149 12.1273 0.5
      vertex 14.6996 14.1271 0.396045
      vertex 14.6385 14.2112 0.5
    endloop
  endfacet
  facet normal 0.739107 0.665512 -0.103988
    outer loop
      vertex 14.6996 14.1271 0.396045
      vertex 16.5149 12.1273 0.5
      vertex 16.576 12.0432 0.396045
    endloop
  endfacet
  facet normal 0.824843 0.268011 -0.497799
    outer loop
      vertex 19.6572 5.33825 0.296632
      vertex 18.6666 8.21883 0.206108
      vertex 18.7177 8.2297 0.296632
    endloop
  endfacet
  facet normal 0.824855 0.268016 -0.497777
    outer loop
      vertex 18.6666 8.21883 0.206108
      vertex 19.6572 5.33825 0.296632
      vertex 19.6061 5.32739 0.206108
    endloop
  endfacet
  facet normal -0.438155 -0.394516 -0.807699
    outer loop
      vertex -18.9167 4.4198 0.128428
      vertex -19.4126 5.09634 0.066988
      vertex -18.8482 4.46951 0.066988
    endloop
  endfacet
  facet normal -0.438155 -0.394516 -0.807699
    outer loop
      vertex -19.4126 5.09634 0.066988
      vertex -18.9167 4.4198 0.128428
      vertex -19.4811 5.04663 0.128428
    endloop
  endfacet
  facet normal 0.388577 0.12649 -0.912693
    outer loop
      vertex 19.3615 5.27541 0.0244722
      vertex 19.3515 5.30613 0.0244722
      vertex 19.4549 5.29526 0.066988
    endloop
  endfacet
  facet normal 0.181119 -0.104255 -0.97792
    outer loop
      vertex 19.3354 5.15247 0.0244722
      vertex 19.2581 5.22203 0.00273991
      vertex 19.3515 5.18044 0.0244722
    endloop
  endfacet
  facet normal 0.207944 -0.0220115 -0.977893
    outer loop
      vertex 19.3615 5.21116 0.0244722
      vertex 19.2627 5.24328 0.00273991
      vertex 19.3649 5.24328 0.0244722
    endloop
  endfacet
  facet normal -0.181119 -0.104255 -0.97792
    outer loop
      vertex -19.3354 5.15247 0.0244722
      vertex -19.3515 5.18044 0.0244722
      vertex -19.2581 5.22203 0.00273991
    endloop
  endfacet
  facet normal 0.951055 0.30902 0
    outer loop
      vertex 19.6995 5.34724 15.5
      vertex 18.76 8.23869 0.5
      vertex 18.76 8.23869 15.5
    endloop
  endfacet
  facet normal 0.951055 0.30902 0
    outer loop
      vertex 18.76 8.23869 0.5
      vertex 19.6995 5.34724 15.5
      vertex 19.6995 5.34724 0.5
    endloop
  endfacet
  facet normal 0.946301 -0.0995812 0.307568
    outer loop
      vertex 19.6995 5.24328 15.604
      vertex 19.6572 5.14832 15.7034
      vertex 19.6888 5.1416 15.604
    endloop
  endfacet
  facet normal 0.645538 -0.371955 0.667031
    outer loop
      vertex 19.516 5.1072 15.8716
      vertex 19.4811 5.04663 15.8716
      vertex 19.5799 5.07876 15.7939
    endloop
  endfacet
  facet normal 0.824288 0.268511 0.498448
    outer loop
      vertex 18.6882 8.32052 15.7034
      vertex 18.6404 8.29926 15.7939
      vertex 18.6666 8.21883 15.7939
    endloop
  endfacet
  facet normal 0.708374 0.230752 0.667053
    outer loop
      vertex 18.6404 8.29926 15.7939
      vertex 18.5765 8.27081 15.8716
      vertex 18.6666 8.21883 15.7939
    endloop
  endfacet
  facet normal -0.406205 0.0429806 0.91277
    outer loop
      vertex -19.4549 5.29526 15.933
      vertex -19.4604 5.24328 15.933
      vertex -19.3615 5.27541 15.9755
    endloop
  endfacet
  facet normal -0.64541 -0.372758 -0.666706
    outer loop
      vertex -19.5376 5.00552 0.206108
      vertex -19.5799 5.07876 0.206108
      vertex -19.4811 5.04663 0.128428
    endloop
  endfacet
  facet normal -0.406331 0.0429939 -0.912714
    outer loop
      vertex -19.3615 5.27541 0.0244722
      vertex -19.4604 5.24328 0.066988
      vertex -19.4549 5.29526 0.066988
    endloop
  endfacet
  facet normal -0.994547 -0.104286 0
    outer loop
      vertex -19.6995 5.13933 0.5
      vertex -19.7104 5.24328 15.5
      vertex -19.7104 5.24328 0.5
    endloop
  endfacet
  facet normal -0.994547 -0.104286 0
    outer loop
      vertex -19.7104 5.24328 15.5
      vertex -19.6995 5.13933 0.5
      vertex -19.6995 5.13933 15.5
    endloop
  endfacet
  facet normal -0.989184 0.103714 -0.103719
    outer loop
      vertex -19.6995 5.24328 0.396045
      vertex -19.7104 5.24328 0.5
      vertex -19.6995 5.34724 0.5
    endloop
  endfacet
  facet normal -0.862531 0.0908214 -0.497787
    outer loop
      vertex -19.6061 5.32739 0.206108
      vertex -19.6672 5.24328 0.296632
      vertex -19.6572 5.33825 0.296632
    endloop
  endfacet
  facet normal -0.904976 0.294048 -0.307497
    outer loop
      vertex -18.7177 8.2297 0.296632
      vertex -19.6572 5.44221 0.396045
      vertex -18.7177 8.33366 0.396045
    endloop
  endfacet
  facet normal -0.904976 0.294048 -0.307497
    outer loop
      vertex -19.6572 5.44221 0.396045
      vertex -18.7177 8.2297 0.296632
      vertex -19.6572 5.33825 0.296632
    endloop
  endfacet
  facet normal -0.388577 0.12649 -0.912693
    outer loop
      vertex -19.3615 5.27541 0.0244722
      vertex -19.4549 5.29526 0.066988
      vertex -19.3515 5.30613 0.0244722
    endloop
  endfacet
  facet normal -0.198735 0.0646922 -0.977916
    outer loop
      vertex -19.2581 5.26454 0.00273991
      vertex -19.3615 5.27541 0.0244722
      vertex -19.3515 5.30613 0.0244722
    endloop
  endfacet
  facet normal -0.554187 -0.498275 -0.666782
    outer loop
      vertex -19.4811 4.94268 0.206108
      vertex -19.5376 5.00552 0.206108
      vertex -19.4811 5.04663 0.128428
    endloop
  endfacet
  facet normal -0.865819 0.500357 0
    outer loop
      vertex -16.6371 11.9591 0.5
      vertex -16.5848 12.0496 15.5
      vertex -16.5848 12.0496 0.5
    endloop
  endfacet
  facet normal -0.865819 0.500357 0
    outer loop
      vertex -16.5848 12.0496 15.5
      vertex -16.6371 11.9591 0.5
      vertex -16.6371 11.9591 15.5
    endloop
  endfacet
  facet normal -0.86117 0.49767 0.103494
    outer loop
      vertex -16.5848 12.0496 15.5
      vertex -16.6371 11.9591 15.5
      vertex -16.576 12.0432 15.604
    endloop
  endfacet
  facet normal -0.861337 0.497297 0.103895
    outer loop
      vertex -16.6371 11.9591 15.5
      vertex -18.6666 8.4222 15.604
      vertex -16.576 12.0432 15.604
    endloop
  endfacet
  facet normal -0.861337 0.497297 0.103895
    outer loop
      vertex -18.6666 8.4222 15.604
      vertex -16.6371 11.9591 15.5
      vertex -18.7277 8.3381 15.5
    endloop
  endfacet
  facet normal -0.904942 -0.294078 0.307569
    outer loop
      vertex -19.6572 5.14832 15.7034
      vertex -19.6888 5.1416 15.604
      vertex -19.6572 5.04436 15.604
    endloop
  endfacet
  facet normal -0.946301 -0.0995812 0.307568
    outer loop
      vertex -19.6572 5.14832 15.7034
      vertex -19.6995 5.24328 15.604
      vertex -19.6888 5.1416 15.604
    endloop
  endfacet
  facet normal -0.743351 -0.668901 0
    outer loop
      vertex -19.545 4.87171 0.5
      vertex -19.6149 4.94939 15.5
      vertex -19.6149 4.94939 0.5
    endloop
  endfacet
  facet normal -0.743351 -0.668901 0
    outer loop
      vertex -19.6149 4.94939 15.5
      vertex -19.545 4.87171 0.5
      vertex -19.545 4.87171 15.5
    endloop
  endfacet
  facet normal -0.861229 -0.49754 -0.103632
    outer loop
      vertex -19.6149 4.94939 0.5
      vertex -19.6672 5.03992 0.5
      vertex -19.6061 4.95581 0.396045
    endloop
  endfacet
  facet normal -0.905029 -0.29397 -0.307416
    outer loop
      vertex -19.6277 5.0575 0.296632
      vertex -19.6572 5.04436 0.396045
      vertex -19.6572 5.14832 0.296632
    endloop
  endfacet
  facet normal -0.199375 0.0647747 0.97778
    outer loop
      vertex -19.3515 5.30613 15.9755
      vertex -18.3187 8.15599 15.9973
      vertex -18.4121 8.19758 15.9755
    endloop
  endfacet
  facet normal -0.199375 0.0647747 0.97778
    outer loop
      vertex -18.3187 8.15599 15.9973
      vertex -19.3515 5.30613 15.9755
      vertex -19.2581 5.26454 15.9973
    endloop
  endfacet
  facet normal -0.862288 -0.0902275 0.498316
    outer loop
      vertex -19.6149 5.24328 15.7939
      vertex -19.6672 5.24328 15.7034
      vertex -19.6061 5.15918 15.7939
    endloop
  endfacet
  facet normal -0.645538 -0.371955 0.667031
    outer loop
      vertex -19.516 5.1072 15.8716
      vertex -19.5799 5.07876 15.7939
      vertex -19.4811 5.04663 15.8716
    endloop
  endfacet
  facet normal 0 0.951329 0.308177
    outer loop
      vertex -11.7302 14.3261 15.604
      vertex -13.2732 14.2939 15.7034
      vertex -11.7268 14.2939 15.7034
    endloop
  endfacet
  facet normal 0 0.951329 0.308177
    outer loop
      vertex -13.2732 14.2939 15.7034
      vertex -11.7302 14.3261 15.604
      vertex -13.2698 14.3261 15.604
    endloop
  endfacet
  facet normal 0 0.951329 0.308177
    outer loop
      vertex 13.2698 14.3261 15.604
      vertex 11.7268 14.2939 15.7034
      vertex 13.2732 14.2939 15.7034
    endloop
  endfacet
  facet normal 0 0.951329 0.308177
    outer loop
      vertex 11.7268 14.2939 15.7034
      vertex 13.2698 14.3261 15.604
      vertex 11.7302 14.3261 15.604
    endloop
  endfacet
  facet normal 0.707275 0.63685 0.306895
    outer loop
      vertex 14.6996 14.1271 15.604
      vertex 14.6697 14.1139 15.7003
      vertex 16.576 12.0432 15.604
    endloop
  endfacet
  facet normal 0.182234 -0.103914 0.977749
    outer loop
      vertex 19.2581 5.22203 15.9973
      vertex 19.2527 5.21256 15.9973
      vertex 19.3354 5.15247 15.9755
    endloop
  endfacet
  facet normal -0.208563 -0.0220771 0.97776
    outer loop
      vertex -19.2627 5.24328 15.9973
      vertex -19.3649 5.24328 15.9755
      vertex -19.3615 5.21116 15.9755
    endloop
  endfacet
  facet normal -0.438239 0.394602 0.807611
    outer loop
      vertex -14.5746 14.0363 15.8716
      vertex -16.3826 11.9027 15.933
      vertex -14.5062 13.9866 15.933
    endloop
  endfacet
  facet normal -0.438239 0.394602 0.807611
    outer loop
      vertex -16.3826 11.9027 15.933
      vertex -14.5746 14.0363 15.8716
      vertex -16.451 11.9524 15.8716
    endloop
  endfacet
  facet normal -0.862473 -0.0908249 0.497887
    outer loop
      vertex -19.6061 5.15918 15.7939
      vertex -19.6672 5.24328 15.7034
      vertex -19.6572 5.14832 15.7034
    endloop
  endfacet
  facet normal -0.741198 0.0775478 0.666792
    outer loop
      vertex -19.6061 5.32739 15.7939
      vertex -19.6149 5.24328 15.7939
      vertex -19.545 5.24328 15.8716
    endloop
  endfacet
  facet normal -0.509971 -0.295211 0.807948
    outer loop
      vertex -19.4388 5.1416 15.933
      vertex -19.4811 5.04663 15.8716
      vertex -19.4126 5.09634 15.933
    endloop
  endfacet
  facet normal -0.181658 -0.104565 0.977786
    outer loop
      vertex -19.2581 5.22203 15.9973
      vertex -19.3515 5.18044 15.9755
      vertex -19.3354 5.15247 15.9755
    endloop
  endfacet
  facet normal -0.560888 0.182128 0.80761
    outer loop
      vertex -19.516 5.37936 15.8716
      vertex -19.5376 5.31284 15.8716
      vertex -19.4549 5.29526 15.933
    endloop
  endfacet
  facet normal -0.708248 0.229978 0.667454
    outer loop
      vertex -19.516 5.37936 15.8716
      vertex -19.6061 5.32739 15.7939
      vertex -19.5376 5.31284 15.8716
    endloop
  endfacet
  facet normal -0.75105 0.433417 0.49807
    outer loop
      vertex -16.5499 12.0242 15.7034
      vertex -16.5499 11.9202 15.7939
      vertex -16.5076 11.9935 15.7939
    endloop
  endfacet
  facet normal -0.645279 0.372552 0.666948
    outer loop
      vertex -16.5499 11.9202 15.7939
      vertex -18.5416 8.33138 15.8716
      vertex -16.451 11.9524 15.8716
    endloop
  endfacet
  facet normal -0.645472 0.372654 0.666705
    outer loop
      vertex -18.5416 8.33138 15.8716
      vertex -16.5499 11.9202 15.7939
      vertex -18.6404 8.29926 15.7939
    endloop
  endfacet
  facet normal -0.561227 0.181769 0.807455
    outer loop
      vertex -19.4388 5.34497 15.933
      vertex -19.516 5.37936 15.8716
      vertex -19.4549 5.29526 15.933
    endloop
  endfacet
  facet normal -0.38843 0.125804 0.91285
    outer loop
      vertex -19.4388 5.34497 15.933
      vertex -19.4549 5.29526 15.933
      vertex -19.3515 5.30613 15.9755
    endloop
  endfacet
  facet normal 0.303359 0.273152 0.912886
    outer loop
      vertex 14.5062 13.9866 15.933
      vertex 16.2837 11.8705 15.9755
      vertex 16.3826 11.9027 15.933
    endloop
  endfacet
  facet normal 0.30354 0.273303 0.912781
    outer loop
      vertex 16.2837 11.8705 15.9755
      vertex 14.5062 13.9866 15.933
      vertex 14.4073 13.9545 15.9755
    endloop
  endfacet
  facet normal 0.388602 0.126266 0.912713
    outer loop
      vertex 18.4121 8.19758 15.9755
      vertex 19.4388 5.34497 15.933
      vertex 18.4993 8.23642 15.933
    endloop
  endfacet
  facet normal 0.388283 0.126149 0.912865
    outer loop
      vertex 19.4388 5.34497 15.933
      vertex 18.4121 8.19758 15.9755
      vertex 19.3515 5.30613 15.9755
    endloop
  endfacet
  facet normal -0.905029 0.29397 -0.307416
    outer loop
      vertex -18.6882 8.32052 0.296632
      vertex -18.7177 8.2297 0.296632
      vertex -18.7177 8.33366 0.396045
    endloop
  endfacet
  facet normal -0.824867 0.267932 -0.497803
    outer loop
      vertex -18.6666 8.21883 0.206108
      vertex -18.7177 8.2297 0.296632
      vertex -18.6882 8.32052 0.296632
    endloop
  endfacet
  facet normal 0 0.951341 -0.308141
    outer loop
      vertex 13.2732 14.2939 0.296632
      vertex 11.7302 14.3261 0.396045
      vertex 13.2698 14.3261 0.396045
    endloop
  endfacet
  facet normal 0 0.951341 -0.308141
    outer loop
      vertex 11.7302 14.3261 0.396045
      vertex 13.2732 14.2939 0.296632
      vertex 11.7268 14.2939 0.296632
    endloop
  endfacet
  facet normal 0 0.951341 -0.308141
    outer loop
      vertex -11.7268 14.2939 0.296632
      vertex -13.2698 14.3261 0.396045
      vertex -11.7302 14.3261 0.396045
    endloop
  endfacet
  facet normal 0 0.951341 -0.308141
    outer loop
      vertex -13.2698 14.3261 0.396045
      vertex -11.7268 14.2939 0.296632
      vertex -13.2732 14.2939 0.296632
    endloop
  endfacet
  facet normal 0.635446 0.573281 0.517259
    outer loop
      vertex 16.451 12.0563 15.7939
      vertex 14.6689 14.1133 15.7034
      vertex 14.6658 14.1143 15.7061
    endloop
  endfacet
  facet normal 0.6443 0.58012 0.498336
    outer loop
      vertex 14.6689 14.1133 15.7034
      vertex 16.451 12.0563 15.7939
      vertex 16.5499 12.0242 15.7034
    endloop
  endfacet
  facet normal -0.708203 0.230112 -0.667455
    outer loop
      vertex -19.516 5.37936 0.128428
      vertex -18.6666 8.21883 0.206108
      vertex -18.5765 8.27081 0.128428
    endloop
  endfacet
  facet normal -0.70819 0.230108 -0.667471
    outer loop
      vertex -18.6666 8.21883 0.206108
      vertex -19.516 5.37936 0.128428
      vertex -19.6061 5.32739 0.206108
    endloop
  endfacet
  facet normal -0.824119 0.475808 -0.307302
    outer loop
      vertex -16.5499 12.0242 0.296632
      vertex -18.6666 8.4222 0.396045
      vertex -16.576 12.0432 0.396045
    endloop
  endfacet
  facet normal -0.823942 0.475686 -0.307966
    outer loop
      vertex -18.6666 8.4222 0.396045
      vertex -16.5499 12.0242 0.296632
      vertex -18.6404 8.40322 0.296632
    endloop
  endfacet
  facet normal -0.644194 0.580595 -0.497919
    outer loop
      vertex -16.5076 11.9935 0.206108
      vertex -16.5499 12.0242 0.296632
      vertex -16.451 12.0563 0.206108
    endloop
  endfacet
  facet normal 0 0.209169 -0.97788
    outer loop
      vertex 13.3155 13.8917 0.00273991
      vertex 11.6952 13.9933 0.0244722
      vertex 13.3048 13.9933 0.0244722
    endloop
  endfacet
  facet normal 0 0.209169 -0.97788
    outer loop
      vertex 11.6952 13.9933 0.0244722
      vertex 13.3155 13.8917 0.00273991
      vertex 11.6845 13.8917 0.00273991
    endloop
  endfacet
  facet normal 0 0.209169 -0.97788
    outer loop
      vertex -11.6845 13.8917 0.00273991
      vertex -13.3048 13.9933 0.0244722
      vertex -11.6952 13.9933 0.0244722
    endloop
  endfacet
  facet normal 0 0.209169 -0.97788
    outer loop
      vertex -13.3048 13.9933 0.0244722
      vertex -11.6845 13.8917 0.00273991
      vertex -13.3155 13.8917 0.00273991
    endloop
  endfacet
  facet normal -0.707327 0.636896 -0.306678
    outer loop
      vertex -14.6697 14.1139 0.29967
      vertex -16.576 12.0432 0.396045
      vertex -14.6996 14.1271 0.396045
    endloop
  endfacet
  facet normal 0.30349 0.273141 -0.912846
    outer loop
      vertex 16.3053 11.8465 0.0244722
      vertex 16.2837 11.8705 0.0244722
      vertex 16.3826 11.9027 0.066988
    endloop
  endfacet
  facet normal 0.861399 0.497148 -0.104096
    outer loop
      vertex 18.7177 8.33366 0.396045
      vertex 18.6666 8.4222 0.396045
      vertex 18.7277 8.3381 0.5
    endloop
  endfacet
  facet normal 0.82401 0.47557 -0.307962
    outer loop
      vertex 18.7177 8.33366 0.396045
      vertex 18.6404 8.40322 0.296632
      vertex 18.6666 8.4222 0.396045
    endloop
  endfacet
  facet normal 0.645216 0.372341 -0.667127
    outer loop
      vertex 16.5499 11.9202 0.206108
      vertex 16.451 11.9524 0.128428
      vertex 16.5076 11.9935 0.206108
    endloop
  endfacet
  facet normal 0.553743 0.498605 -0.666904
    outer loop
      vertex 14.5746 14.0363 0.128428
      vertex 16.451 12.0563 0.206108
      vertex 16.451 11.9524 0.128428
    endloop
  endfacet
  facet normal 0.553525 0.498385 -0.66725
    outer loop
      vertex 16.451 12.0563 0.206108
      vertex 14.5746 14.0363 0.128428
      vertex 14.5746 14.1403 0.206108
    endloop
  endfacet
  facet normal 0.553382 0.498749 -0.667096
    outer loop
      vertex 16.5076 11.9935 0.206108
      vertex 16.451 11.9524 0.128428
      vertex 16.451 12.0563 0.206108
    endloop
  endfacet
  facet normal 0.586615 0.0624059 -0.807458
    outer loop
      vertex 19.545 5.24328 0.128428
      vertex 19.4549 5.29526 0.066988
      vertex 19.5376 5.31284 0.128428
    endloop
  endfacet
  facet normal 0.904976 0.294048 -0.307497
    outer loop
      vertex 19.6572 5.44221 0.396045
      vertex 18.7177 8.2297 0.296632
      vertex 18.7177 8.33366 0.396045
    endloop
  endfacet
  facet normal 0.904976 0.294048 -0.307497
    outer loop
      vertex 18.7177 8.2297 0.296632
      vertex 19.6572 5.44221 0.396045
      vertex 19.6572 5.33825 0.296632
    endloop
  endfacet
  facet normal 0.824879 -0.267936 -0.497781
    outer loop
      vertex 19.6277 5.0575 0.296632
      vertex 19.6061 5.15918 0.206108
      vertex 19.6572 5.14832 0.296632
    endloop
  endfacet
  facet normal 0.741113 0.0775389 -0.666887
    outer loop
      vertex 19.6149 5.24328 0.206108
      vertex 19.545 5.24328 0.128428
      vertex 19.6061 5.32739 0.206108
    endloop
  endfacet
  facet normal 0.51082 0.294926 -0.807516
    outer loop
      vertex 16.4087 11.8574 0.066988
      vertex 18.5416 8.33138 0.128428
      vertex 18.4993 8.23642 0.066988
    endloop
  endfacet
  facet normal 0.510743 0.294878 -0.807582
    outer loop
      vertex 18.5416 8.33138 0.128428
      vertex 16.4087 11.8574 0.066988
      vertex 16.451 11.9524 0.128428
    endloop
  endfacet
  facet normal 0.645398 0.372612 -0.6668
    outer loop
      vertex 18.5416 8.33138 0.128428
      vertex 16.5499 11.9202 0.206108
      vertex 18.6404 8.29926 0.206108
    endloop
  endfacet
  facet normal 0.645205 0.37251 -0.667044
    outer loop
      vertex 16.5499 11.9202 0.206108
      vertex 18.5416 8.33138 0.128428
      vertex 16.451 11.9524 0.128428
    endloop
  endfacet
  facet normal 0.707032 -0.636614 -0.307943
    outer loop
      vertex 19.6061 4.95581 0.396045
      vertex 19.0155 4.34797 0.296632
      vertex 19.5799 4.9748 0.296632
    endloop
  endfacet
  facet normal 0.706693 -0.635928 -0.31013
    outer loop
      vertex 19.0155 4.34797 0.296632
      vertex 19.6061 4.95581 0.396045
      vertex 19.0182 4.34604 0.306742
    endloop
  endfacet
  facet normal 0.553811 -0.498734 -0.666752
    outer loop
      vertex 18.9167 4.4198 0.128428
      vertex 19.4811 4.94268 0.206108
      vertex 18.9732 4.37869 0.206108
    endloop
  endfacet
  facet normal 0.553635 -0.498495 -0.667077
    outer loop
      vertex 19.4811 4.94268 0.206108
      vertex 18.9167 4.4198 0.128428
      vertex 19.4811 5.04663 0.128428
    endloop
  endfacet
  facet normal 0.750654 -0.433873 -0.49827
    outer loop
      vertex 19.6277 5.0575 0.296632
      vertex 19.5799 4.9748 0.296632
      vertex 19.5799 5.07876 0.206108
    endloop
  endfacet
  facet normal 0.438155 -0.394516 -0.807699
    outer loop
      vertex 18.9167 4.4198 0.128428
      vertex 19.4126 5.09634 0.066988
      vertex 19.4811 5.04663 0.128428
    endloop
  endfacet
  facet normal 0.438155 -0.394516 -0.807699
    outer loop
      vertex 19.4126 5.09634 0.066988
      vertex 18.9167 4.4198 0.128428
      vertex 18.8482 4.46951 0.066988
    endloop
  endfacet
  facet normal 0.554187 -0.498275 -0.666782
    outer loop
      vertex 19.5376 5.00552 0.206108
      vertex 19.4811 4.94268 0.206108
      vertex 19.4811 5.04663 0.128428
    endloop
  endfacet
  facet normal 0.181693 -0.103605 -0.977882
    outer loop
      vertex 19.3354 5.15247 0.0244722
      vertex 19.2527 5.21256 0.00273991
      vertex 19.2581 5.22203 0.00273991
    endloop
  endfacet
  facet normal -0.181004 0.104724 -0.977891
    outer loop
      vertex -16.2281 11.777 0.00273991
      vertex -16.3215 11.8185 0.0244722
      vertex -16.3053 11.8465 0.0244722
    endloop
  endfacet
  facet normal 0.354313 -0.203948 -0.912616
    outer loop
      vertex 19.4126 5.09634 0.066988
      vertex 19.3354 5.15247 0.0244722
      vertex 19.3515 5.18044 0.0244722
    endloop
  endfacet
  facet normal 0.388577 -0.12649 -0.912693
    outer loop
      vertex 19.4549 5.19131 0.066988
      vertex 19.3515 5.18044 0.0244722
      vertex 19.3615 5.21116 0.0244722
    endloop
  endfacet
  facet normal 0.181005 0.104506 -0.977914
    outer loop
      vertex 18.3187 8.15599 0.00273991
      vertex 16.3215 11.8185 0.0244722
      vertex 18.4121 8.19758 0.0244722
    endloop
  endfacet
  facet normal 0.181083 0.104549 -0.977895
    outer loop
      vertex 16.3215 11.8185 0.0244722
      vertex 18.3187 8.15599 0.00273991
      vertex 16.2281 11.777 0.00273991
    endloop
  endfacet
  facet normal 0.353414 0.204475 -0.912846
    outer loop
      vertex 16.3215 11.8185 0.0244722
      vertex 16.3053 11.8465 0.0244722
      vertex 16.3826 11.9027 0.066988
    endloop
  endfacet
  facet normal 0.388404 0.126188 -0.912808
    outer loop
      vertex 18.4121 8.19758 0.0244722
      vertex 19.4388 5.34497 0.066988
      vertex 19.3515 5.30613 0.0244722
    endloop
  endfacet
  facet normal 0.388723 0.126305 -0.912656
    outer loop
      vertex 19.4388 5.34497 0.066988
      vertex 18.4121 8.19758 0.0244722
      vertex 18.4993 8.23642 0.066988
    endloop
  endfacet
  facet normal -0.198697 -0.0650211 -0.977902
    outer loop
      vertex -19.2581 5.22203 0.00273991
      vertex -19.3615 5.21116 0.0244722
      vertex -19.2615 5.23242 0.00273991
    endloop
  endfacet
  facet normal 0.862288 0.0902168 0.498317
    outer loop
      vertex 19.6672 5.24328 15.7034
      vertex 19.6061 5.32739 15.7939
      vertex 19.6149 5.24328 15.7939
    endloop
  endfacet
  facet normal 0.989112 -0.104086 0.104036
    outer loop
      vertex 19.6995 5.24328 15.604
      vertex 19.6888 5.1416 15.604
      vertex 19.6995 5.13933 15.5
    endloop
  endfacet
  facet normal 0.862288 -0.0902275 0.498316
    outer loop
      vertex 19.6149 5.24328 15.7939
      vertex 19.6061 5.15918 15.7939
      vertex 19.6672 5.24328 15.7034
    endloop
  endfacet
  facet normal 0.406204 -0.0429887 0.912771
    outer loop
      vertex 19.4604 5.24328 15.933
      vertex 19.3615 5.21116 15.9755
      vertex 19.4549 5.19131 15.933
    endloop
  endfacet
  facet normal 0.708378 -0.230782 0.667038
    outer loop
      vertex 19.6061 5.15918 15.7939
      vertex 19.516 5.1072 15.8716
      vertex 19.5799 5.07876 15.7939
    endloop
  endfacet
  facet normal 0.75105 0.433417 0.49807
    outer loop
      vertex 16.5499 12.0242 15.7034
      vertex 16.5076 11.9935 15.7939
      vertex 16.5499 11.9202 15.7939
    endloop
  endfacet
  facet normal 0.905018 0.293966 0.307452
    outer loop
      vertex 18.7177 8.33366 15.604
      vertex 18.6882 8.32052 15.7034
      vertex 18.7177 8.2297 15.7034
    endloop
  endfacet
  facet normal 0.824108 0.475803 0.307339
    outer loop
      vertex 16.5499 12.0242 15.7034
      vertex 18.6666 8.4222 15.604
      vertex 16.576 12.0432 15.604
    endloop
  endfacet
  facet normal 0.823931 0.47568 0.308002
    outer loop
      vertex 18.6666 8.4222 15.604
      vertex 16.5499 12.0242 15.7034
      vertex 18.6404 8.40322 15.7034
    endloop
  endfacet
  facet normal 0.353304 0.204412 0.912903
    outer loop
      vertex 16.3826 11.9027 15.933
      vertex 16.3053 11.8465 15.9755
      vertex 16.3215 11.8185 15.9755
    endloop
  endfacet
  facet normal -0.155921 -0.140175 0.977773
    outer loop
      vertex -19.2527 5.21256 15.9973
      vertex -19.3138 5.12846 15.9755
      vertex -19.2454 5.20444 15.9973
    endloop
  endfacet
  facet normal -0.707032 -0.636614 -0.307943
    outer loop
      vertex -19.0155 4.34797 0.296632
      vertex -19.6061 4.95581 0.396045
      vertex -19.5799 4.9748 0.296632
    endloop
  endfacet
  facet normal -0.706693 -0.635928 -0.31013
    outer loop
      vertex -19.6061 4.95581 0.396045
      vertex -19.0155 4.34797 0.296632
      vertex -19.0182 4.34604 0.306742
    endloop
  endfacet
  facet normal -0.155457 -0.139759 -0.977906
    outer loop
      vertex -19.2454 5.20444 0.00273991
      vertex -19.3138 5.12846 0.0244722
      vertex -19.2527 5.21256 0.00273991
    endloop
  endfacet
  facet normal -0.353492 -0.204629 -0.912782
    outer loop
      vertex -19.4126 5.09634 0.066988
      vertex -19.4388 5.1416 0.066988
      vertex -19.3515 5.18044 0.0244722
    endloop
  endfacet
  facet normal -0.198735 -0.0646922 -0.977916
    outer loop
      vertex -19.3515 5.18044 0.0244722
      vertex -19.3615 5.21116 0.0244722
      vertex -19.2581 5.22203 0.00273991
    endloop
  endfacet
  facet normal -0.354313 -0.203948 -0.912616
    outer loop
      vertex -19.3354 5.15247 0.0244722
      vertex -19.4126 5.09634 0.066988
      vertex -19.3515 5.18044 0.0244722
    endloop
  endfacet
  facet normal -0.862344 -0.0902334 -0.498217
    outer loop
      vertex -19.6061 5.15918 0.206108
      vertex -19.6672 5.24328 0.296632
      vertex -19.6149 5.24328 0.206108
    endloop
  endfacet
  facet normal -0.862345 0.0902228 -0.498218
    outer loop
      vertex -19.6149 5.24328 0.206108
      vertex -19.6672 5.24328 0.296632
      vertex -19.6061 5.32739 0.206108
    endloop
  endfacet
  facet normal -0.510188 -0.295337 -0.807765
    outer loop
      vertex -19.4126 5.09634 0.066988
      vertex -19.4811 5.04663 0.128428
      vertex -19.4388 5.1416 0.066988
    endloop
  endfacet
  facet normal -0.6443 -0.580223 -0.498215
    outer loop
      vertex -19.0108 4.3514 0.286515
      vertex -19.4811 4.94268 0.206108
      vertex -18.9732 4.37869 0.206108
    endloop
  endfacet
  facet normal -0.155247 0.139914 -0.977917
    outer loop
      vertex -16.2226 11.7864 0.00273991
      vertex -16.2837 11.8705 0.0244722
      vertex -16.2153 11.7945 0.00273991
    endloop
  endfacet
  facet normal -0.945888 0.307335 -0.104117
    outer loop
      vertex -18.7177 8.33366 0.396045
      vertex -18.76 8.23869 0.5
      vertex -18.7277 8.3381 0.5
    endloop
  endfacet
  facet normal -0.951057 0.309015 0
    outer loop
      vertex -18.76 8.23869 0.5
      vertex -18.7277 8.3381 15.5
      vertex -18.7277 8.3381 0.5
    endloop
  endfacet
  facet normal -0.951057 0.309015 0
    outer loop
      vertex -18.7277 8.3381 15.5
      vertex -18.76 8.23869 0.5
      vertex -18.76 8.23869 15.5
    endloop
  endfacet
  facet normal -0.739349 -0.6653 0.10363
    outer loop
      vertex -19.6061 4.95581 15.604
      vertex -19.6149 4.94939 15.5
      vertex -19.545 4.87171 15.5
    endloop
  endfacet
  facet normal -0.73912 -0.665507 0.103931
    outer loop
      vertex -19.545 4.87171 15.5
      vertex -19.0417 4.32898 15.604
      vertex -19.6061 4.95581 15.604
    endloop
  endfacet
  facet normal -0.739115 -0.66556 0.103626
    outer loop
      vertex -19.0417 4.32898 15.604
      vertex -19.545 4.87171 15.5
      vertex -19.0505 4.32256 15.5
    endloop
  endfacet
  facet normal 0.15571 0.140331 0.977784
    outer loop
      vertex 16.2837 11.8705 15.9755
      vertex 16.2153 11.7945 15.9973
      vertex 16.2226 11.7864 15.9973
    endloop
  endfacet
  facet normal -0.554251 -0.498332 0.666687
    outer loop
      vertex -19.4811 5.04663 15.8716
      vertex -19.5376 5.00552 15.7939
      vertex -19.4811 4.94268 15.7939
    endloop
  endfacet
  facet normal -0.644784 -0.579731 0.498162
    outer loop
      vertex -19.5376 5.00552 15.7939
      vertex -19.5799 4.9748 15.7034
      vertex -19.4811 4.94268 15.7939
    endloop
  endfacet
  facet normal 0 0.867475 0.49748
    outer loop
      vertex -11.7268 14.2939 15.7034
      vertex -13.2787 14.242 15.7939
      vertex -11.7213 14.242 15.7939
    endloop
  endfacet
  facet normal 0 0.867475 0.49748
    outer loop
      vertex -13.2787 14.242 15.7939
      vertex -11.7268 14.2939 15.7034
      vertex -13.2732 14.2939 15.7034
    endloop
  endfacet
  facet normal 0 0.867475 0.49748
    outer loop
      vertex 13.2732 14.2939 15.7034
      vertex 11.7213 14.242 15.7939
      vertex 13.2787 14.242 15.7939
    endloop
  endfacet
  facet normal 0 0.867475 0.49748
    outer loop
      vertex 11.7213 14.242 15.7939
      vertex 13.2732 14.2939 15.7034
      vertex 11.7268 14.2939 15.7034
    endloop
  endfacet
  facet normal 0.644286 -0.580211 0.498248
    outer loop
      vertex 19.4811 4.94268 15.7939
      vertex 18.9732 4.37869 15.7939
      vertex 19.0108 4.3514 15.7135
    endloop
  endfacet
  facet normal -0.15571 0.140331 0.977784
    outer loop
      vertex -16.2153 11.7945 15.9973
      vertex -16.2837 11.8705 15.9755
      vertex -16.2226 11.7864 15.9973
    endloop
  endfacet
  facet normal 0 0.744865 0.667215
    outer loop
      vertex -11.7213 14.242 15.7939
      vertex -13.286 14.1724 15.8716
      vertex -11.714 14.1724 15.8716
    endloop
  endfacet
  facet normal 0 0.744865 0.667215
    outer loop
      vertex -13.286 14.1724 15.8716
      vertex -11.7213 14.242 15.7939
      vertex -13.2787 14.242 15.7939
    endloop
  endfacet
  facet normal 0 0.744865 0.667215
    outer loop
      vertex 13.2787 14.242 15.7939
      vertex 11.714 14.1724 15.8716
      vertex 13.286 14.1724 15.8716
    endloop
  endfacet
  facet normal 0 0.744865 0.667215
    outer loop
      vertex 11.714 14.1724 15.8716
      vertex 13.2787 14.242 15.7939
      vertex 11.7213 14.242 15.7939
    endloop
  endfacet
  facet normal -0.824825 -0.267918 0.49788
    outer loop
      vertex -19.6061 5.15918 15.7939
      vertex -19.6572 5.14832 15.7034
      vertex -19.6277 5.0575 15.7034
    endloop
  endfacet
  facet normal -0.645484 -0.372801 0.666611
    outer loop
      vertex -19.4811 5.04663 15.8716
      vertex -19.5799 5.07876 15.7939
      vertex -19.5376 5.00552 15.7939
    endloop
  endfacet
  facet normal -0.388456 0.126451 0.91275
    outer loop
      vertex -19.3515 5.30613 15.9755
      vertex -19.4549 5.29526 15.933
      vertex -19.3615 5.27541 15.9755
    endloop
  endfacet
  facet normal -0.644151 0.580557 0.498019
    outer loop
      vertex -16.451 12.0563 15.7939
      vertex -16.5499 12.0242 15.7034
      vertex -16.5076 11.9935 15.7939
    endloop
  endfacet
  facet normal -0.208268 -0.023013 0.977801
    outer loop
      vertex -19.2627 5.24328 15.9973
      vertex -19.3615 5.21116 15.9755
      vertex -19.2615 5.23242 15.9973
    endloop
  endfacet
  facet normal -0.645205 0.37251 -0.667044
    outer loop
      vertex -18.5416 8.33138 0.128428
      vertex -16.5499 11.9202 0.206108
      vertex -16.451 11.9524 0.128428
    endloop
  endfacet
  facet normal -0.645398 0.372612 -0.6668
    outer loop
      vertex -16.5499 11.9202 0.206108
      vertex -18.5416 8.33138 0.128428
      vertex -18.6404 8.29926 0.206108
    endloop
  endfacet
  facet normal -0.708293 0.230726 -0.667148
    outer loop
      vertex -18.5765 8.27081 0.128428
      vertex -18.6666 8.21883 0.206108
      vertex -18.6404 8.29926 0.206108
    endloop
  endfacet
  facet normal -0.553382 0.498749 -0.667096
    outer loop
      vertex -16.451 11.9524 0.128428
      vertex -16.5076 11.9935 0.206108
      vertex -16.451 12.0563 0.206108
    endloop
  endfacet
  facet normal -0.645216 0.372341 -0.667127
    outer loop
      vertex -16.451 11.9524 0.128428
      vertex -16.5499 11.9202 0.206108
      vertex -16.5076 11.9935 0.206108
    endloop
  endfacet
  facet normal -0.181083 0.104549 -0.977895
    outer loop
      vertex -18.3187 8.15599 0.00273991
      vertex -16.3215 11.8185 0.0244722
      vertex -16.2281 11.777 0.00273991
    endloop
  endfacet
  facet normal -0.181005 0.104506 -0.977914
    outer loop
      vertex -16.3215 11.8185 0.0244722
      vertex -18.3187 8.15599 0.00273991
      vertex -18.4121 8.19758 0.0244722
    endloop
  endfacet
  facet normal -0.15532 0.139848 -0.977915
    outer loop
      vertex -16.2837 11.8705 0.0244722
      vertex -14.3389 13.8785 0.00273991
      vertex -16.2153 11.7945 0.00273991
    endloop
  endfacet
  facet normal -0.15532 0.139848 -0.977915
    outer loop
      vertex -14.3389 13.8785 0.00273991
      vertex -16.2837 11.8705 0.0244722
      vertex -14.4073 13.9545 0.0244722
    endloop
  endfacet
  facet normal 0.639626 0.576521 -0.508431
    outer loop
      vertex 14.6689 14.1133 0.296632
      vertex 16.451 12.0563 0.206108
      vertex 14.6658 14.1143 0.293866
    endloop
  endfacet
  facet normal 0.644342 0.580158 -0.498237
    outer loop
      vertex 16.451 12.0563 0.206108
      vertex 14.6689 14.1133 0.296632
      vertex 16.5499 12.0242 0.296632
    endloop
  endfacet
  facet normal 0 0.589906 -0.807472
    outer loop
      vertex 13.2948 14.0883 0.066988
      vertex 11.714 14.1724 0.128428
      vertex 13.286 14.1724 0.128428
    endloop
  endfacet
  facet normal 0 0.589906 -0.807472
    outer loop
      vertex 11.714 14.1724 0.128428
      vertex 13.2948 14.0883 0.066988
      vertex 11.7052 14.0883 0.066988
    endloop
  endfacet
  facet normal 0 0.589906 -0.807472
    outer loop
      vertex -11.7052 14.0883 0.066988
      vertex -13.286 14.1724 0.128428
      vertex -11.714 14.1724 0.128428
    endloop
  endfacet
  facet normal 0 0.589906 -0.807472
    outer loop
      vertex -13.286 14.1724 0.128428
      vertex -11.7052 14.0883 0.066988
      vertex -13.2948 14.0883 0.066988
    endloop
  endfacet
  facet normal 0.750654 0.433873 -0.49827
    outer loop
      vertex 18.6882 8.32052 0.296632
      vertex 18.6404 8.29926 0.206108
      vertex 18.6404 8.40322 0.296632
    endloop
  endfacet
  facet normal 0.73944 0.665211 -0.103549
    outer loop
      vertex 16.576 12.0432 0.396045
      vertex 16.5149 12.1273 0.5
      vertex 16.5848 12.0496 0.5
    endloop
  endfacet
  facet normal 0.354021 0.203972 -0.912724
    outer loop
      vertex 16.4087 11.8574 0.066988
      vertex 16.3215 11.8185 0.0244722
      vertex 16.3826 11.9027 0.066988
    endloop
  endfacet
  facet normal 0.511223 0.294546 -0.807399
    outer loop
      vertex 16.4087 11.8574 0.066988
      vertex 16.3826 11.9027 0.066988
      vertex 16.451 11.9524 0.128428
    endloop
  endfacet
  facet normal 0.198735 0.0646922 -0.977916
    outer loop
      vertex 19.3615 5.27541 0.0244722
      vertex 19.2581 5.26454 0.00273991
      vertex 19.3515 5.30613 0.0244722
    endloop
  endfacet
  facet normal 0.198697 0.0650211 -0.977902
    outer loop
      vertex 19.2615 5.25415 0.00273991
      vertex 19.2581 5.26454 0.00273991
      vertex 19.3615 5.27541 0.0244722
    endloop
  endfacet
  facet normal 0.438425 0.39477 -0.807428
    outer loop
      vertex 16.3826 11.9027 0.066988
      vertex 14.5746 14.0363 0.128428
      vertex 16.451 11.9524 0.128428
    endloop
  endfacet
  facet normal 0.438425 0.39477 -0.807428
    outer loop
      vertex 14.5746 14.0363 0.128428
      vertex 16.3826 11.9027 0.066988
      vertex 14.5062 13.9866 0.066988
    endloop
  endfacet
  facet normal 0.945893 -0.307337 0.104072
    outer loop
      vertex 19.6995 5.13933 15.5
      vertex 19.6572 5.04436 15.604
      vertex 19.6672 5.03992 15.5
    endloop
  endfacet
  facet normal 0.561452 -0.181842 -0.807283
    outer loop
      vertex 19.516 5.1072 0.128428
      vertex 19.4388 5.1416 0.066988
      vertex 19.4549 5.19131 0.066988
    endloop
  endfacet
  facet normal 0.740341 0.0787597 -0.667602
    outer loop
      vertex 19.545 5.24328 0.128428
      vertex 19.5376 5.31284 0.128428
      vertex 19.6061 5.32739 0.206108
    endloop
  endfacet
  facet normal 0.989108 0.104076 -0.104081
    outer loop
      vertex 19.6995 5.24328 0.396045
      vertex 19.6888 5.34497 0.396045
      vertex 19.6995 5.34724 0.5
    endloop
  endfacet
  facet normal 0.645444 0.3719 -0.667153
    outer loop
      vertex 18.5765 8.27081 0.128428
      vertex 18.5416 8.33138 0.128428
      vertex 18.6404 8.29926 0.206108
    endloop
  endfacet
  facet normal 0.905029 0.29397 -0.307416
    outer loop
      vertex 18.7177 8.2297 0.296632
      vertex 18.6882 8.32052 0.296632
      vertex 18.7177 8.33366 0.396045
    endloop
  endfacet
  facet normal 0.561465 0.181847 -0.807272
    outer loop
      vertex 19.4549 5.29526 0.066988
      vertex 19.4388 5.34497 0.066988
      vertex 19.516 5.37936 0.128428
    endloop
  endfacet
  facet normal 0.561256 0.182365 -0.8073
    outer loop
      vertex 18.4993 8.23642 0.066988
      vertex 19.516 5.37936 0.128428
      vertex 19.4388 5.34497 0.066988
    endloop
  endfacet
  facet normal 0.561256 0.182365 -0.8073
    outer loop
      vertex 19.516 5.37936 0.128428
      vertex 18.4993 8.23642 0.066988
      vertex 18.5765 8.27081 0.128428
    endloop
  endfacet
  facet normal 0.750958 0.433551 -0.498092
    outer loop
      vertex 18.6404 8.40322 0.296632
      vertex 16.5499 11.9202 0.206108
      vertex 16.5499 12.0242 0.296632
    endloop
  endfacet
  facet normal 0.751026 0.433595 -0.497951
    outer loop
      vertex 16.5499 11.9202 0.206108
      vertex 18.6404 8.40322 0.296632
      vertex 18.6404 8.29926 0.206108
    endloop
  endfacet
  facet normal 0.511289 0.294601 -0.807338
    outer loop
      vertex 18.5765 8.27081 0.128428
      vertex 18.4993 8.23642 0.066988
      vertex 18.5416 8.33138 0.128428
    endloop
  endfacet
  facet normal 0.644826 -0.579769 -0.498063
    outer loop
      vertex 19.5799 4.9748 0.296632
      vertex 19.4811 4.94268 0.206108
      vertex 19.5376 5.00552 0.206108
    endloop
  endfacet
  facet normal 0.989107 -0.104086 -0.104081
    outer loop
      vertex 19.6995 5.13933 0.5
      vertex 19.6888 5.1416 0.396045
      vertex 19.6995 5.24328 0.396045
    endloop
  endfacet
  facet normal 0.644615 -0.580391 -0.497612
    outer loop
      vertex 19.5799 4.9748 0.296632
      vertex 19.0108 4.3514 0.286515
      vertex 19.4811 4.94268 0.206108
    endloop
  endfacet
  facet normal 0.645045 -0.580801 -0.496576
    outer loop
      vertex 19.0108 4.3514 0.286515
      vertex 19.5799 4.9748 0.296632
      vertex 19.0155 4.34797 0.296632
    endloop
  endfacet
  facet normal 0.861229 -0.49754 -0.103632
    outer loop
      vertex 19.6149 4.94939 0.5
      vertex 19.6061 4.95581 0.396045
      vertex 19.6672 5.03992 0.5
    endloop
  endfacet
  facet normal 0.40633 -0.043002 -0.912714
    outer loop
      vertex 19.4549 5.19131 0.066988
      vertex 19.3615 5.21116 0.0244722
      vertex 19.4604 5.24328 0.066988
    endloop
  endfacet
  facet normal 0.64541 -0.372758 -0.666706
    outer loop
      vertex 19.5376 5.00552 0.206108
      vertex 19.4811 5.04663 0.128428
      vertex 19.5799 5.07876 0.206108
    endloop
  endfacet
  facet normal 0.645464 -0.371912 -0.667126
    outer loop
      vertex 19.5799 5.07876 0.206108
      vertex 19.4811 5.04663 0.128428
      vertex 19.516 5.1072 0.128428
    endloop
  endfacet
  facet normal 0.180315 0.105503 -0.977934
    outer loop
      vertex 16.2281 11.777 0.00273991
      vertex 16.2226 11.7864 0.00273991
      vertex 16.3053 11.8465 0.0244722
    endloop
  endfacet
  facet normal 0.303453 0.273237 -0.91283
    outer loop
      vertex 16.2837 11.8705 0.0244722
      vertex 14.5062 13.9866 0.066988
      vertex 16.3826 11.9027 0.066988
    endloop
  endfacet
  facet normal 0.303635 0.273388 -0.912724
    outer loop
      vertex 14.5062 13.9866 0.066988
      vertex 16.2837 11.8705 0.0244722
      vertex 14.4073 13.9545 0.0244722
    endloop
  endfacet
  facet normal -0.207944 -0.0220115 -0.977893
    outer loop
      vertex -19.3615 5.21116 0.0244722
      vertex -19.3649 5.24328 0.0244722
      vertex -19.2627 5.24328 0.00273991
    endloop
  endfacet
  facet normal 0.904965 0.294044 0.307534
    outer loop
      vertex 18.7177 8.2297 15.7034
      vertex 19.6572 5.44221 15.604
      vertex 18.7177 8.33366 15.604
    endloop
  endfacet
  facet normal 0.904965 0.294044 0.307534
    outer loop
      vertex 19.6572 5.44221 15.604
      vertex 18.7177 8.2297 15.7034
      vertex 19.6572 5.33825 15.7034
    endloop
  endfacet
  facet normal 0.824789 0.267993 0.497898
    outer loop
      vertex 18.6666 8.21883 15.7939
      vertex 19.6572 5.33825 15.7034
      vertex 18.7177 8.2297 15.7034
    endloop
  endfacet
  facet normal 0.824801 0.267998 0.497876
    outer loop
      vertex 19.6572 5.33825 15.7034
      vertex 18.6666 8.21883 15.7939
      vertex 19.6061 5.32739 15.7939
    endloop
  endfacet
  facet normal 0.945883 -0.307383 0.104026
    outer loop
      vertex 19.6888 5.1416 15.604
      vertex 19.6572 5.04436 15.604
      vertex 19.6995 5.13933 15.5
    endloop
  endfacet
  facet normal 0.904942 -0.294078 0.307569
    outer loop
      vertex 19.6572 5.14832 15.7034
      vertex 19.6572 5.04436 15.604
      vertex 19.6888 5.1416 15.604
    endloop
  endfacet
  facet normal 0.560894 -0.182103 0.807611
    outer loop
      vertex 19.5376 5.17373 15.8716
      vertex 19.4549 5.19131 15.933
      vertex 19.516 5.1072 15.8716
    endloop
  endfacet
  facet normal 0.862473 -0.0908249 0.497887
    outer loop
      vertex 19.6672 5.24328 15.7034
      vertex 19.6061 5.15918 15.7939
      vertex 19.6572 5.14832 15.7034
    endloop
  endfacet
  facet normal 0.708257 -0.229947 0.667456
    outer loop
      vertex 19.5376 5.17373 15.8716
      vertex 19.516 5.1072 15.8716
      vertex 19.6061 5.15918 15.7939
    endloop
  endfacet
  facet normal 0.707023 -0.636606 0.307979
    outer loop
      vertex 19.0155 4.34797 15.7034
      vertex 19.6061 4.95581 15.604
      vertex 19.5799 4.9748 15.7034
    endloop
  endfacet
  facet normal 0.706647 -0.635843 0.310408
    outer loop
      vertex 19.6061 4.95581 15.604
      vertex 19.0155 4.34797 15.7034
      vertex 19.0182 4.34604 15.6933
    endloop
  endfacet
  facet normal 0.994547 -0.104286 0
    outer loop
      vertex 19.6995 5.13933 15.5
      vertex 19.7104 5.24328 0.5
      vertex 19.7104 5.24328 15.5
    endloop
  endfacet
  facet normal 0.994547 -0.104286 0
    outer loop
      vertex 19.7104 5.24328 0.5
      vertex 19.6995 5.13933 15.5
      vertex 19.6995 5.13933 0.5
    endloop
  endfacet
  facet normal 0.586366 0.0623794 0.807641
    outer loop
      vertex 19.5376 5.31284 15.8716
      vertex 19.4549 5.29526 15.933
      vertex 19.545 5.24328 15.8716
    endloop
  endfacet
  facet normal 0.708248 0.229978 0.667454
    outer loop
      vertex 19.6061 5.32739 15.7939
      vertex 19.516 5.37936 15.8716
      vertex 19.5376 5.31284 15.8716
    endloop
  endfacet
  facet normal 0.64529 0.372384 0.667032
    outer loop
      vertex 16.5076 11.9935 15.7939
      vertex 16.451 11.9524 15.8716
      vertex 16.5499 11.9202 15.7939
    endloop
  endfacet
  facet normal 0.511006 0.294421 0.807582
    outer loop
      vertex 16.451 11.9524 15.8716
      vertex 16.3826 11.9027 15.933
      vertex 16.4087 11.8574 15.933
    endloop
  endfacet
  facet normal 0.750909 0.433522 0.498191
    outer loop
      vertex 16.5499 11.9202 15.7939
      vertex 18.6404 8.40322 15.7034
      vertex 16.5499 12.0242 15.7034
    endloop
  endfacet
  facet normal 0.750977 0.433566 0.49805
    outer loop
      vertex 18.6404 8.40322 15.7034
      vertex 16.5499 11.9202 15.7939
      vertex 18.6404 8.29926 15.7939
    endloop
  endfacet
  facet normal 0.644151 0.580557 0.498019
    outer loop
      vertex 16.5499 12.0242 15.7034
      vertex 16.451 12.0563 15.7939
      vertex 16.5076 11.9935 15.7939
    endloop
  endfacet
  facet normal 0.181544 0.104818 0.977781
    outer loop
      vertex 16.3215 11.8185 15.9755
      vertex 18.3187 8.15599 15.9973
      vertex 18.4121 8.19758 15.9755
    endloop
  endfacet
  facet normal 0.181622 0.10486 0.977762
    outer loop
      vertex 18.3187 8.15599 15.9973
      vertex 16.3215 11.8185 15.9755
      vertex 16.2281 11.777 15.9973
    endloop
  endfacet
  facet normal 0.199375 0.0647747 0.97778
    outer loop
      vertex 18.3187 8.15599 15.9973
      vertex 19.3515 5.30613 15.9755
      vertex 18.4121 8.19758 15.9755
    endloop
  endfacet
  facet normal 0.199375 0.0647747 0.97778
    outer loop
      vertex 19.3515 5.30613 15.9755
      vertex 18.3187 8.15599 15.9973
      vertex 19.2581 5.26454 15.9973
    endloop
  endfacet
  facet normal 0.861337 0.497297 0.103895
    outer loop
      vertex 18.6666 8.4222 15.604
      vertex 16.6371 11.9591 15.5
      vertex 16.576 12.0432 15.604
    endloop
  endfacet
  facet normal 0.861337 0.497297 0.103895
    outer loop
      vertex 16.6371 11.9591 15.5
      vertex 18.6666 8.4222 15.604
      vertex 18.7277 8.3381 15.5
    endloop
  endfacet
  facet normal -0.30377 -0.273279 0.912711
    outer loop
      vertex -19.3354 5.15247 15.9755
      vertex -19.4126 5.09634 15.933
      vertex -19.3138 5.12846 15.9755
    endloop
  endfacet
  facet normal 0.181543 0.105036 0.977757
    outer loop
      vertex 16.3053 11.8465 15.9755
      vertex 16.2281 11.777 15.9973
      vertex 16.3215 11.8185 15.9755
    endloop
  endfacet
  facet normal 0.303397 0.273057 0.912902
    outer loop
      vertex 16.3826 11.9027 15.933
      vertex 16.2837 11.8705 15.9755
      vertex 16.3053 11.8465 15.9755
    endloop
  endfacet
  facet normal 0.438239 0.394602 0.807611
    outer loop
      vertex 14.5746 14.0363 15.8716
      vertex 16.3826 11.9027 15.933
      vertex 16.451 11.9524 15.8716
    endloop
  endfacet
  facet normal 0.438239 0.394602 0.807611
    outer loop
      vertex 16.3826 11.9027 15.933
      vertex 14.5746 14.0363 15.8716
      vertex 14.5062 13.9866 15.933
    endloop
  endfacet
  facet normal -0.406332 0.0429981 -0.912713
    outer loop
      vertex -19.3649 5.24328 0.0244722
      vertex -19.4604 5.24328 0.066988
      vertex -19.3615 5.27541 0.0244722
    endloop
  endfacet
  facet normal -0.303864 -0.273364 -0.912655
    outer loop
      vertex -19.3138 5.12846 0.0244722
      vertex -19.4126 5.09634 0.066988
      vertex -19.3354 5.15247 0.0244722
    endloop
  endfacet
  facet normal -0.1554 -0.139801 -0.977909
    outer loop
      vertex -19.3138 5.12846 0.0244722
      vertex -19.3354 5.15247 0.0244722
      vertex -19.2527 5.21256 0.00273991
    endloop
  endfacet
  facet normal -0.38855 -0.125843 -0.912794
    outer loop
      vertex -19.4388 5.1416 0.066988
      vertex -19.4549 5.19131 0.066988
      vertex -19.3515 5.18044 0.0244722
    endloop
  endfacet
  facet normal -0.561133 -0.18218 -0.807428
    outer loop
      vertex -19.516 5.1072 0.128428
      vertex -19.5376 5.17373 0.128428
      vertex -19.4549 5.19131 0.066988
    endloop
  endfacet
  facet normal -0.586493 -0.0620687 -0.807573
    outer loop
      vertex -19.4549 5.19131 0.066988
      vertex -19.545 5.24328 0.128428
      vertex -19.4604 5.24328 0.066988
    endloop
  endfacet
  facet normal -0.388577 -0.12649 -0.912693
    outer loop
      vertex -19.3515 5.18044 0.0244722
      vertex -19.4549 5.19131 0.066988
      vertex -19.3615 5.21116 0.0244722
    endloop
  endfacet
  facet normal -0.739346 -0.665297 -0.103674
    outer loop
      vertex -19.545 4.87171 0.5
      vertex -19.6149 4.94939 0.5
      vertex -19.6061 4.95581 0.396045
    endloop
  endfacet
  facet normal -0.945888 -0.307335 -0.104117
    outer loop
      vertex -19.6672 5.03992 0.5
      vertex -19.6995 5.13933 0.5
      vertex -19.6572 5.04436 0.396045
    endloop
  endfacet
  facet normal -0.561126 0.182206 -0.807427
    outer loop
      vertex -19.4549 5.29526 0.066988
      vertex -19.5376 5.31284 0.128428
      vertex -19.516 5.37936 0.128428
    endloop
  endfacet
  facet normal -0.586615 0.0624059 -0.807458
    outer loop
      vertex -19.4549 5.29526 0.066988
      vertex -19.545 5.24328 0.128428
      vertex -19.5376 5.31284 0.128428
    endloop
  endfacet
  facet normal -0.708297 -0.230756 -0.667133
    outer loop
      vertex -19.5799 5.07876 0.206108
      vertex -19.6061 5.15918 0.206108
      vertex -19.516 5.1072 0.128428
    endloop
  endfacet
  facet normal -0.86253 -0.0908309 -0.497787
    outer loop
      vertex -19.6572 5.14832 0.296632
      vertex -19.6672 5.24328 0.296632
      vertex -19.6061 5.15918 0.206108
    endloop
  endfacet
  facet normal -0.354203 -0.203885 0.912672
    outer loop
      vertex -19.3515 5.18044 15.9755
      vertex -19.4126 5.09634 15.933
      vertex -19.3354 5.15247 15.9755
    endloop
  endfacet
  facet normal 0.199289 -0.0652148 0.977768
    outer loop
      vertex 19.2615 5.23242 15.9973
      vertex 19.2581 5.22203 15.9973
      vertex 19.3615 5.21116 15.9755
    endloop
  endfacet
  facet normal -0.64457 -0.580362 0.497704
    outer loop
      vertex -19.5799 4.9748 15.7034
      vertex -19.0108 4.3514 15.7135
      vertex -19.4811 4.94268 15.7939
    endloop
  endfacet
  facet normal -0.644777 -0.58056 0.497205
    outer loop
      vertex -19.0108 4.3514 15.7135
      vertex -19.5799 4.9748 15.7034
      vertex -19.0155 4.34797 15.7034
    endloop
  endfacet
  facet normal 0.437969 -0.394349 0.807882
    outer loop
      vertex 19.4126 5.09634 15.933
      vertex 18.9167 4.4198 15.8716
      vertex 19.4811 5.04663 15.8716
    endloop
  endfacet
  facet normal 0.437969 -0.394349 0.807882
    outer loop
      vertex 18.9167 4.4198 15.8716
      vertex 19.4126 5.09634 15.933
      vertex 18.8482 4.46951 15.933
    endloop
  endfacet
  facet normal 0.155798 -0.140286 0.977776
    outer loop
      vertex 19.2454 5.20444 15.9973
      vertex 18.771 4.52564 15.9755
      vertex 19.3138 5.12846 15.9755
    endloop
  endfacet
  facet normal 0.155797 -0.140285 0.977777
    outer loop
      vertex 18.771 4.52564 15.9755
      vertex 19.2454 5.20444 15.9973
      vertex 18.6883 4.58574 15.9973
    endloop
  endfacet
  facet normal -0.208563 0.0220702 0.97776
    outer loop
      vertex -19.3615 5.27541 15.9755
      vertex -19.3649 5.24328 15.9755
      vertex -19.2627 5.24328 15.9973
    endloop
  endfacet
  facet normal -0.180852 0.105817 0.977801
    outer loop
      vertex -16.2226 11.7864 15.9973
      vertex -16.3053 11.8465 15.9755
      vertex -16.2281 11.777 15.9973
    endloop
  endfacet
  facet normal -0.155827 0.140244 0.977778
    outer loop
      vertex -16.2837 11.8705 15.9755
      vertex -16.3053 11.8465 15.9755
      vertex -16.2226 11.7864 15.9973
    endloop
  endfacet
  facet normal -0.824278 -0.268541 0.498449
    outer loop
      vertex -19.6061 5.15918 15.7939
      vertex -19.6277 5.0575 15.7034
      vertex -19.5799 5.07876 15.7939
    endloop
  endfacet
  facet normal -0.750605 -0.433844 0.498369
    outer loop
      vertex -19.5799 5.07876 15.7939
      vertex -19.6277 5.0575 15.7034
      vertex -19.5799 4.9748 15.7034
    endloop
  endfacet
  facet normal -0.586365 -0.0623882 0.807641
    outer loop
      vertex -19.4549 5.19131 15.933
      vertex -19.545 5.24328 15.8716
      vertex -19.5376 5.17373 15.8716
    endloop
  endfacet
  facet normal -0.740424 -0.0787799 0.667507
    outer loop
      vertex -19.545 5.24328 15.8716
      vertex -19.6061 5.15918 15.7939
      vertex -19.5376 5.17373 15.8716
    endloop
  endfacet
  facet normal 0.155921 -0.140175 0.977773
    outer loop
      vertex 19.2527 5.21256 15.9973
      vertex 19.2454 5.20444 15.9973
      vertex 19.3138 5.12846 15.9755
    endloop
  endfacet
  facet normal -0.561213 -0.181765 0.807466
    outer loop
      vertex -19.4549 5.19131 15.933
      vertex -19.516 5.1072 15.8716
      vertex -19.4388 5.1416 15.933
    endloop
  endfacet
  facet normal -0.353383 -0.204565 0.912838
    outer loop
      vertex -19.3515 5.18044 15.9755
      vertex -19.4388 5.1416 15.933
      vertex -19.4126 5.09634 15.933
    endloop
  endfacet
  facet normal 0.208268 -0.023013 0.977801
    outer loop
      vertex 19.2627 5.24328 15.9973
      vertex 19.2615 5.23242 15.9973
      vertex 19.3615 5.21116 15.9755
    endloop
  endfacet
  facet normal -0.199327 -0.0648849 0.977783
    outer loop
      vertex -19.2581 5.22203 15.9973
      vertex -19.3615 5.21116 15.9755
      vertex -19.3515 5.18044 15.9755
    endloop
  endfacet
  facet normal -0.64529 0.372384 0.667032
    outer loop
      vertex -16.5076 11.9935 15.7939
      vertex -16.5499 11.9202 15.7939
      vertex -16.451 11.9524 15.8716
    endloop
  endfacet
  facet normal 0.406206 -0.0429982 0.912769
    outer loop
      vertex 19.3649 5.24328 15.9755
      vertex 19.3615 5.21116 15.9755
      vertex 19.4604 5.24328 15.933
    endloop
  endfacet
  facet normal -0.511289 0.294601 -0.807338
    outer loop
      vertex -18.4993 8.23642 0.066988
      vertex -18.5765 8.27081 0.128428
      vertex -18.5416 8.33138 0.128428
    endloop
  endfacet
  facet normal -0.645444 0.3719 -0.667153
    outer loop
      vertex -18.5765 8.27081 0.128428
      vertex -18.6404 8.29926 0.206108
      vertex -18.5416 8.33138 0.128428
    endloop
  endfacet
  facet normal -0.438425 0.39477 -0.807428
    outer loop
      vertex -16.3826 11.9027 0.066988
      vertex -14.5746 14.0363 0.128428
      vertex -14.5062 13.9866 0.066988
    endloop
  endfacet
  facet normal -0.438425 0.39477 -0.807428
    outer loop
      vertex -14.5746 14.0363 0.128428
      vertex -16.3826 11.9027 0.066988
      vertex -16.451 11.9524 0.128428
    endloop
  endfacet
  facet normal -0.353414 0.204475 -0.912846
    outer loop
      vertex -16.3215 11.8185 0.0244722
      vertex -16.3826 11.9027 0.066988
      vertex -16.3053 11.8465 0.0244722
    endloop
  endfacet
  facet normal -0.30349 0.273141 -0.912846
    outer loop
      vertex -16.3053 11.8465 0.0244722
      vertex -16.3826 11.9027 0.066988
      vertex -16.2837 11.8705 0.0244722
    endloop
  endfacet
  facet normal -0.303635 0.273388 -0.912724
    outer loop
      vertex -16.2837 11.8705 0.0244722
      vertex -14.5062 13.9866 0.066988
      vertex -14.4073 13.9545 0.0244722
    endloop
  endfacet
  facet normal -0.303453 0.273237 -0.91283
    outer loop
      vertex -14.5062 13.9866 0.066988
      vertex -16.2837 11.8705 0.0244722
      vertex -16.3826 11.9027 0.066988
    endloop
  endfacet
  facet normal 0.824119 0.475808 -0.307302
    outer loop
      vertex 18.6666 8.4222 0.396045
      vertex 16.5499 12.0242 0.296632
      vertex 16.576 12.0432 0.396045
    endloop
  endfacet
  facet normal 0.823942 0.475686 -0.307966
    outer loop
      vertex 16.5499 12.0242 0.296632
      vertex 18.6666 8.4222 0.396045
      vertex 18.6404 8.40322 0.296632
    endloop
  endfacet
  facet normal 0.707327 0.636896 -0.306678
    outer loop
      vertex 16.576 12.0432 0.396045
      vertex 14.6697 14.1139 0.29967
      vertex 14.6996 14.1271 0.396045
    endloop
  endfacet
  facet normal 0.866024 0.500003 0
    outer loop
      vertex 18.7277 8.3381 15.5
      vertex 16.6371 11.9591 0.5
      vertex 16.6371 11.9591 15.5
    endloop
  endfacet
  facet normal 0.866024 0.500003 0
    outer loop
      vertex 16.6371 11.9591 0.5
      vertex 18.7277 8.3381 15.5
      vertex 18.7277 8.3381 0.5
    endloop
  endfacet
  facet normal 0.862344 -0.0902334 -0.498217
    outer loop
      vertex 19.6672 5.24328 0.296632
      vertex 19.6061 5.15918 0.206108
      vertex 19.6149 5.24328 0.206108
    endloop
  endfacet
  facet normal 0.824022 -0.475523 -0.308003
    outer loop
      vertex 19.6061 4.95581 0.396045
      vertex 19.5799 4.9748 0.296632
      vertex 19.6572 5.04436 0.396045
    endloop
  endfacet
  facet normal 0.989184 0.103714 -0.103719
    outer loop
      vertex 19.7104 5.24328 0.5
      vertex 19.6995 5.24328 0.396045
      vertex 19.6995 5.34724 0.5
    endloop
  endfacet
  facet normal 0.708203 0.230112 -0.667455
    outer loop
      vertex 18.6666 8.21883 0.206108
      vertex 19.516 5.37936 0.128428
      vertex 18.5765 8.27081 0.128428
    endloop
  endfacet
  facet normal 0.70819 0.230108 -0.667471
    outer loop
      vertex 19.516 5.37936 0.128428
      vertex 18.6666 8.21883 0.206108
      vertex 19.6061 5.32739 0.206108
    endloop
  endfacet
  facet normal 0.406332 -0.0430115 -0.912713
    outer loop
      vertex 19.4604 5.24328 0.066988
      vertex 19.3615 5.21116 0.0244722
      vertex 19.3649 5.24328 0.0244722
    endloop
  endfacet
  facet normal 0.740339 -0.0787708 -0.667602
    outer loop
      vertex 19.6061 5.15918 0.206108
      vertex 19.5376 5.17373 0.128428
      vertex 19.545 5.24328 0.128428
    endloop
  endfacet
  facet normal 0.824343 0.268529 -0.498349
    outer loop
      vertex 18.6666 8.21883 0.206108
      vertex 18.6404 8.29926 0.206108
      vertex 18.6882 8.32052 0.296632
    endloop
  endfacet
  facet normal 0.824867 0.267932 -0.497803
    outer loop
      vertex 18.7177 8.2297 0.296632
      vertex 18.6666 8.21883 0.206108
      vertex 18.6882 8.32052 0.296632
    endloop
  endfacet
  facet normal -0.207649 -0.0229447 -0.977934
    outer loop
      vertex -19.2615 5.23242 0.00273991
      vertex -19.3615 5.21116 0.0244722
      vertex -19.2627 5.24328 0.00273991
    endloop
  endfacet
  facet normal 0.207649 -0.0229447 -0.977934
    outer loop
      vertex 19.3615 5.21116 0.0244722
      vertex 19.2615 5.23242 0.00273991
      vertex 19.2627 5.24328 0.00273991
    endloop
  endfacet
  facet normal 0.303795 -0.273538 -0.912626
    outer loop
      vertex 18.8482 4.46951 0.066988
      vertex 19.3138 5.12846 0.0244722
      vertex 19.4126 5.09634 0.066988
    endloop
  endfacet
  facet normal 0.303754 -0.27351 -0.912648
    outer loop
      vertex 19.3138 5.12846 0.0244722
      vertex 18.8482 4.46951 0.066988
      vertex 18.771 4.52564 0.0244722
    endloop
  endfacet
  facet normal 0.303864 -0.273364 -0.912655
    outer loop
      vertex 19.4126 5.09634 0.066988
      vertex 19.3138 5.12846 0.0244722
      vertex 19.3354 5.15247 0.0244722
    endloop
  endfacet
  facet normal 0.406332 0.0429981 -0.912713
    outer loop
      vertex 19.3649 5.24328 0.0244722
      vertex 19.3615 5.27541 0.0244722
      vertex 19.4604 5.24328 0.066988
    endloop
  endfacet
  facet normal 0.406331 0.0429939 -0.912714
    outer loop
      vertex 19.4604 5.24328 0.066988
      vertex 19.3615 5.27541 0.0244722
      vertex 19.4549 5.29526 0.066988
    endloop
  endfacet
  facet normal 0.155364 0.139828 -0.977911
    outer loop
      vertex 16.3053 11.8465 0.0244722
      vertex 16.2226 11.7864 0.00273991
      vertex 16.2837 11.8705 0.0244722
    endloop
  endfacet
  facet normal 0.155247 0.139914 -0.977917
    outer loop
      vertex 16.2226 11.7864 0.00273991
      vertex 16.2153 11.7945 0.00273991
      vertex 16.2837 11.8705 0.0244722
    endloop
  endfacet
  facet normal 0.904942 0.294078 0.307569
    outer loop
      vertex 19.6572 5.44221 15.604
      vertex 19.6572 5.33825 15.7034
      vertex 19.6888 5.34497 15.604
    endloop
  endfacet
  facet normal 0.946314 -0.099654 0.307504
    outer loop
      vertex 19.6672 5.24328 15.7034
      vertex 19.6572 5.14832 15.7034
      vertex 19.6995 5.24328 15.604
    endloop
  endfacet
  facet normal 0.862474 0.0908154 0.497886
    outer loop
      vertex 19.6572 5.33825 15.7034
      vertex 19.6061 5.32739 15.7939
      vertex 19.6672 5.24328 15.7034
    endloop
  endfacet
  facet normal 0.861233 -0.497542 0.103587
    outer loop
      vertex 19.6672 5.03992 15.5
      vertex 19.6061 4.95581 15.604
      vertex 19.6149 4.94939 15.5
    endloop
  endfacet
  facet normal 0.865891 -0.500233 0
    outer loop
      vertex 19.6149 4.94939 15.5
      vertex 19.6672 5.03992 0.5
      vertex 19.6672 5.03992 15.5
    endloop
  endfacet
  facet normal 0.865891 -0.500233 0
    outer loop
      vertex 19.6672 5.03992 0.5
      vertex 19.6149 4.94939 15.5
      vertex 19.6149 4.94939 0.5
    endloop
  endfacet
  facet normal 0.303701 -0.273454 0.912682
    outer loop
      vertex 19.3138 5.12846 15.9755
      vertex 18.8482 4.46951 15.933
      vertex 19.4126 5.09634 15.933
    endloop
  endfacet
  facet normal 0.30366 -0.273426 0.912704
    outer loop
      vertex 18.8482 4.46951 15.933
      vertex 19.3138 5.12846 15.9755
      vertex 18.771 4.52564 15.9755
    endloop
  endfacet
  facet normal 0.38843 0.125804 0.91285
    outer loop
      vertex 19.4388 5.34497 15.933
      vertex 19.3515 5.30613 15.9755
      vertex 19.4549 5.29526 15.933
    endloop
  endfacet
  facet normal 0.645484 -0.372801 0.666611
    outer loop
      vertex 19.5799 5.07876 15.7939
      vertex 19.4811 5.04663 15.8716
      vertex 19.5376 5.00552 15.7939
    endloop
  endfacet
  facet normal 0.553698 -0.498552 0.666982
    outer loop
      vertex 18.9167 4.4198 15.8716
      vertex 19.4811 4.94268 15.7939
      vertex 19.4811 5.04663 15.8716
    endloop
  endfacet
  facet normal 0.553875 -0.498791 0.666656
    outer loop
      vertex 19.4811 4.94268 15.7939
      vertex 18.9167 4.4198 15.8716
      vertex 18.9732 4.37869 15.7939
    endloop
  endfacet
  facet normal 0.823849 -0.476179 0.30745
    outer loop
      vertex 19.6277 5.0575 15.7034
      vertex 19.5799 4.9748 15.7034
      vertex 19.6572 5.04436 15.604
    endloop
  endfacet
  facet normal 0.73912 -0.665507 0.103931
    outer loop
      vertex 19.0417 4.32898 15.604
      vertex 19.545 4.87171 15.5
      vertex 19.6061 4.95581 15.604
    endloop
  endfacet
  facet normal 0.739115 -0.66556 0.103626
    outer loop
      vertex 19.545 4.87171 15.5
      vertex 19.0417 4.32898 15.604
      vertex 19.0505 4.32256 15.5
    endloop
  endfacet
  facet normal 0.743116 -0.669163 0
    outer loop
      vertex 19.0505 4.32256 15.5
      vertex 19.545 4.87171 0.5
      vertex 19.545 4.87171 15.5
    endloop
  endfacet
  facet normal 0.743116 -0.669163 0
    outer loop
      vertex 19.545 4.87171 0.5
      vertex 19.0505 4.32256 15.5
      vertex 19.0505 4.32256 0.5
    endloop
  endfacet
  facet normal 0.740426 0.0787687 0.667507
    outer loop
      vertex 19.6061 5.32739 15.7939
      vertex 19.5376 5.31284 15.8716
      vertex 19.545 5.24328 15.8716
    endloop
  endfacet
  facet normal 0.586244 -0.0620423 0.807756
    outer loop
      vertex 19.4604 5.24328 15.933
      vertex 19.4549 5.19131 15.933
      vertex 19.545 5.24328 15.8716
    endloop
  endfacet
  facet normal 0.561018 0.182288 0.807484
    outer loop
      vertex 18.4993 8.23642 15.933
      vertex 19.516 5.37936 15.8716
      vertex 18.5765 8.27081 15.8716
    endloop
  endfacet
  facet normal 0.561018 0.182288 0.807484
    outer loop
      vertex 19.516 5.37936 15.8716
      vertex 18.4993 8.23642 15.933
      vertex 19.4388 5.34497 15.933
    endloop
  endfacet
  facet normal 0.824812 0.267914 0.497902
    outer loop
      vertex 18.6882 8.32052 15.7034
      vertex 18.6666 8.21883 15.7939
      vertex 18.7177 8.2297 15.7034
    endloop
  endfacet
  facet normal 0.823849 0.476179 0.30745
    outer loop
      vertex 18.7177 8.33366 15.604
      vertex 18.6404 8.40322 15.7034
      vertex 18.6882 8.32052 15.7034
    endloop
  endfacet
  facet normal 0.750605 0.433844 0.498369
    outer loop
      vertex 18.6404 8.40322 15.7034
      vertex 18.6404 8.29926 15.7939
      vertex 18.6882 8.32052 15.7034
    endloop
  endfacet
  facet normal 0.553446 0.498806 0.667001
    outer loop
      vertex 16.451 12.0563 15.7939
      vertex 16.451 11.9524 15.8716
      vertex 16.5076 11.9935 15.7939
    endloop
  endfacet
  facet normal 0.511072 0.294476 0.807521
    outer loop
      vertex 18.5416 8.33138 15.8716
      vertex 18.4993 8.23642 15.933
      vertex 18.5765 8.27081 15.8716
    endloop
  endfacet
  facet normal 0.645518 0.371943 0.667057
    outer loop
      vertex 18.6404 8.29926 15.7939
      vertex 18.5416 8.33138 15.8716
      vertex 18.5765 8.27081 15.8716
    endloop
  endfacet
  facet normal 0.510526 0.294753 0.807765
    outer loop
      vertex 16.4087 11.8574 15.933
      vertex 18.5416 8.33138 15.8716
      vertex 16.451 11.9524 15.8716
    endloop
  endfacet
  facet normal 0.510603 0.2948 0.807699
    outer loop
      vertex 18.5416 8.33138 15.8716
      vertex 16.4087 11.8574 15.933
      vertex 18.4993 8.23642 15.933
    endloop
  endfacet
  facet normal 0.353849 0.204297 0.912718
    outer loop
      vertex 16.4087 11.8574 15.933
      vertex 18.4121 8.19758 15.9755
      vertex 18.4993 8.23642 15.933
    endloop
  endfacet
  facet normal 0.353754 0.204246 0.912766
    outer loop
      vertex 18.4121 8.19758 15.9755
      vertex 16.4087 11.8574 15.933
      vertex 16.3215 11.8185 15.9755
    endloop
  endfacet
  facet normal -0.207944 0.0220046 -0.977893
    outer loop
      vertex -19.2627 5.24328 0.00273991
      vertex -19.3649 5.24328 0.0244722
      vertex -19.3615 5.27541 0.0244722
    endloop
  endfacet
  facet normal -0.740339 -0.0787708 -0.667602
    outer loop
      vertex -19.5376 5.17373 0.128428
      vertex -19.6061 5.15918 0.206108
      vertex -19.545 5.24328 0.128428
    endloop
  endfacet
  facet normal -0.586614 -0.0624147 -0.807458
    outer loop
      vertex -19.5376 5.17373 0.128428
      vertex -19.545 5.24328 0.128428
      vertex -19.4549 5.19131 0.066988
    endloop
  endfacet
  facet normal -0.946313 -0.0995825 -0.307532
    outer loop
      vertex -19.6888 5.1416 0.396045
      vertex -19.6995 5.24328 0.396045
      vertex -19.6572 5.14832 0.296632
    endloop
  endfacet
  facet normal -0.946326 -0.0996552 -0.307468
    outer loop
      vertex -19.6572 5.14832 0.296632
      vertex -19.6995 5.24328 0.396045
      vertex -19.6672 5.24328 0.296632
    endloop
  endfacet
  facet normal -0.707091 -0.636667 -0.307696
    outer loop
      vertex -19.0417 4.32898 0.396045
      vertex -19.6061 4.95581 0.396045
      vertex -19.0182 4.34604 0.306742
    endloop
  endfacet
  facet normal -0.739117 -0.665504 -0.103976
    outer loop
      vertex -19.0417 4.32898 0.396045
      vertex -19.545 4.87171 0.5
      vertex -19.6061 4.95581 0.396045
    endloop
  endfacet
  facet normal -0.739112 -0.665557 -0.10367
    outer loop
      vertex -19.545 4.87171 0.5
      vertex -19.0417 4.32898 0.396045
      vertex -19.0505 4.32256 0.5
    endloop
  endfacet
  facet normal -0.741113 0.0775389 -0.666887
    outer loop
      vertex -19.545 5.24328 0.128428
      vertex -19.6149 5.24328 0.206108
      vertex -19.6061 5.32739 0.206108
    endloop
  endfacet
  facet normal -0.741113 -0.0775481 -0.666887
    outer loop
      vertex -19.6061 5.15918 0.206108
      vertex -19.6149 5.24328 0.206108
      vertex -19.545 5.24328 0.128428
    endloop
  endfacet
  facet normal -0.303754 -0.27351 -0.912648
    outer loop
      vertex -18.8482 4.46951 0.066988
      vertex -19.3138 5.12846 0.0244722
      vertex -18.771 4.52564 0.0244722
    endloop
  endfacet
  facet normal -0.303795 -0.273538 -0.912626
    outer loop
      vertex -19.3138 5.12846 0.0244722
      vertex -18.8482 4.46951 0.066988
      vertex -19.4126 5.09634 0.066988
    endloop
  endfacet
  facet normal -0.553811 -0.498734 -0.666752
    outer loop
      vertex -19.4811 4.94268 0.206108
      vertex -18.9167 4.4198 0.128428
      vertex -18.9732 4.37869 0.206108
    endloop
  endfacet
  facet normal -0.553635 -0.498495 -0.667077
    outer loop
      vertex -18.9167 4.4198 0.128428
      vertex -19.4811 4.94268 0.206108
      vertex -19.4811 5.04663 0.128428
    endloop
  endfacet
  facet normal -0.553698 -0.498552 0.666982
    outer loop
      vertex -19.4811 4.94268 15.7939
      vertex -18.9167 4.4198 15.8716
      vertex -19.4811 5.04663 15.8716
    endloop
  endfacet
  facet normal -0.553875 -0.498791 0.666656
    outer loop
      vertex -18.9167 4.4198 15.8716
      vertex -19.4811 4.94268 15.7939
      vertex -18.9732 4.37869 15.7939
    endloop
  endfacet
  facet normal -0.644286 -0.580211 0.498248
    outer loop
      vertex -18.9732 4.37869 15.7939
      vertex -19.4811 4.94268 15.7939
      vertex -19.0108 4.3514 15.7135
    endloop
  endfacet
  facet normal 0.739111 0.665515 0.103944
    outer loop
      vertex 14.6996 14.1271 15.604
      vertex 16.5149 12.1273 15.5
      vertex 14.6385 14.2112 15.5
    endloop
  endfacet
  facet normal 0.739111 0.665515 0.103944
    outer loop
      vertex 16.5149 12.1273 15.5
      vertex 14.6996 14.1271 15.604
      vertex 16.576 12.0432 15.604
    endloop
  endfacet
  facet normal 0.509971 -0.295211 0.807948
    outer loop
      vertex 19.4388 5.1416 15.933
      vertex 19.4126 5.09634 15.933
      vertex 19.4811 5.04663 15.8716
    endloop
  endfacet
  facet normal 0.353383 -0.204565 0.912838
    outer loop
      vertex 19.4388 5.1416 15.933
      vertex 19.3515 5.18044 15.9755
      vertex 19.4126 5.09634 15.933
    endloop
  endfacet
  facet normal -0.560894 -0.182103 0.807611
    outer loop
      vertex -19.4549 5.19131 15.933
      vertex -19.5376 5.17373 15.8716
      vertex -19.516 5.1072 15.8716
    endloop
  endfacet
  facet normal -0.708257 -0.229947 0.667456
    outer loop
      vertex -19.5376 5.17373 15.8716
      vertex -19.6061 5.15918 15.7939
      vertex -19.516 5.1072 15.8716
    endloop
  endfacet
  facet normal -0.586244 -0.0620423 0.807756
    outer loop
      vertex -19.4604 5.24328 15.933
      vertex -19.545 5.24328 15.8716
      vertex -19.4549 5.19131 15.933
    endloop
  endfacet
  facet normal -0.406204 -0.0429887 0.912771
    outer loop
      vertex -19.3615 5.21116 15.9755
      vertex -19.4604 5.24328 15.933
      vertex -19.4549 5.19131 15.933
    endloop
  endfacet
  facet normal -0.155862 -0.140218 0.977776
    outer loop
      vertex -19.2527 5.21256 15.9973
      vertex -19.3354 5.15247 15.9755
      vertex -19.3138 5.12846 15.9755
    endloop
  endfacet
  facet normal -0.182234 -0.103914 0.977749
    outer loop
      vertex -19.2581 5.22203 15.9973
      vertex -19.3354 5.15247 15.9755
      vertex -19.2527 5.21256 15.9973
    endloop
  endfacet
  facet normal -0.511223 0.294546 -0.807399
    outer loop
      vertex -16.4087 11.8574 0.066988
      vertex -16.451 11.9524 0.128428
      vertex -16.3826 11.9027 0.066988
    endloop
  endfacet
  facet normal -0.155364 0.139828 -0.977911
    outer loop
      vertex -16.2226 11.7864 0.00273991
      vertex -16.3053 11.8465 0.0244722
      vertex -16.2837 11.8705 0.0244722
    endloop
  endfacet
  facet normal -0.180315 0.105503 -0.977934
    outer loop
      vertex -16.2281 11.777 0.00273991
      vertex -16.3053 11.8465 0.0244722
      vertex -16.2226 11.7864 0.00273991
    endloop
  endfacet
  facet normal -0.553743 0.498605 -0.666904
    outer loop
      vertex -16.451 12.0563 0.206108
      vertex -14.5746 14.0363 0.128428
      vertex -16.451 11.9524 0.128428
    endloop
  endfacet
  facet normal -0.553525 0.498385 -0.66725
    outer loop
      vertex -14.5746 14.0363 0.128428
      vertex -16.451 12.0563 0.206108
      vertex -14.5746 14.1403 0.206108
    endloop
  endfacet
  facet normal 0 0.867532 -0.497381
    outer loop
      vertex 13.2787 14.242 0.206108
      vertex 11.7268 14.2939 0.296632
      vertex 13.2732 14.2939 0.296632
    endloop
  endfacet
  facet normal 0 0.867532 -0.497381
    outer loop
      vertex 11.7268 14.2939 0.296632
      vertex 13.2787 14.242 0.206108
      vertex 11.7213 14.242 0.206108
    endloop
  endfacet
  facet normal 0 0.867532 -0.497381
    outer loop
      vertex -11.7213 14.242 0.206108
      vertex -13.2732 14.2939 0.296632
      vertex -11.7268 14.2939 0.296632
    endloop
  endfacet
  facet normal 0 0.867532 -0.497381
    outer loop
      vertex -13.2732 14.2939 0.296632
      vertex -11.7213 14.242 0.206108
      vertex -13.2787 14.242 0.206108
    endloop
  endfacet
  facet normal 0.706277 0.635704 -0.311535
    outer loop
      vertex 16.576 12.0432 0.396045
      vertex 14.6689 14.1133 0.296632
      vertex 14.6697 14.1139 0.29967
    endloop
  endfacet
  facet normal 0.707178 0.636734 -0.307357
    outer loop
      vertex 14.6689 14.1133 0.296632
      vertex 16.576 12.0432 0.396045
      vertex 16.5499 12.0242 0.296632
    endloop
  endfacet
  facet normal 0.743136 0.66914 0
    outer loop
      vertex 16.5149 12.1273 15.5
      vertex 14.6385 14.2112 0.5
      vertex 14.6385 14.2112 15.5
    endloop
  endfacet
  facet normal 0.743136 0.66914 0
    outer loop
      vertex 14.6385 14.2112 0.5
      vertex 16.5149 12.1273 15.5
      vertex 16.5149 12.1273 0.5
    endloop
  endfacet
  facet normal 0.644505 0.580302 -0.497858
    outer loop
      vertex 16.451 12.0563 0.206108
      vertex 14.5746 14.1403 0.206108
      vertex 14.6658 14.1143 0.293866
    endloop
  endfacet
  facet normal 0.750903 -0.433687 -0.498056
    outer loop
      vertex 19.5799 4.9748 0.296632
      vertex 19.5376 5.00552 0.206108
      vertex 19.5799 5.07876 0.206108
    endloop
  endfacet
  facet normal 0.905029 -0.29397 -0.307416
    outer loop
      vertex 19.6572 5.04436 0.396045
      vertex 19.6277 5.0575 0.296632
      vertex 19.6572 5.14832 0.296632
    endloop
  endfacet
  facet normal 0.946313 -0.0995825 -0.307532
    outer loop
      vertex 19.6888 5.1416 0.396045
      vertex 19.6572 5.14832 0.296632
      vertex 19.6995 5.24328 0.396045
    endloop
  endfacet
  facet normal 0.824332 -0.268559 -0.49835
    outer loop
      vertex 19.6277 5.0575 0.296632
      vertex 19.5799 5.07876 0.206108
      vertex 19.6061 5.15918 0.206108
    endloop
  endfacet
  facet normal 0.862531 0.0908214 -0.497787
    outer loop
      vertex 19.6672 5.24328 0.296632
      vertex 19.6061 5.32739 0.206108
      vertex 19.6572 5.33825 0.296632
    endloop
  endfacet
  facet normal 0.989183 -0.103724 -0.103719
    outer loop
      vertex 19.7104 5.24328 0.5
      vertex 19.6995 5.13933 0.5
      vertex 19.6995 5.24328 0.396045
    endloop
  endfacet
  facet normal 0.708167 0.229952 -0.667549
    outer loop
      vertex 19.5376 5.31284 0.128428
      vertex 19.516 5.37936 0.128428
      vertex 19.6061 5.32739 0.206108
    endloop
  endfacet
  facet normal 0.561126 0.182206 -0.807427
    outer loop
      vertex 19.5376 5.31284 0.128428
      vertex 19.4549 5.29526 0.066988
      vertex 19.516 5.37936 0.128428
    endloop
  endfacet
  facet normal 0.586493 -0.0620687 -0.807573
    outer loop
      vertex 19.545 5.24328 0.128428
      vertex 19.4549 5.19131 0.066988
      vertex 19.4604 5.24328 0.066988
    endloop
  endfacet
  facet normal 0.586493 0.0620568 -0.807573
    outer loop
      vertex 19.4604 5.24328 0.066988
      vertex 19.4549 5.29526 0.066988
      vertex 19.545 5.24328 0.128428
    endloop
  endfacet
  facet normal 0.353492 -0.204629 -0.912782
    outer loop
      vertex 19.4126 5.09634 0.066988
      vertex 19.3515 5.18044 0.0244722
      vertex 19.4388 5.1416 0.066988
    endloop
  endfacet
  facet normal 0.38855 -0.125843 -0.912794
    outer loop
      vertex 19.4388 5.1416 0.066988
      vertex 19.3515 5.18044 0.0244722
      vertex 19.4549 5.19131 0.066988
    endloop
  endfacet
  facet normal 0.946315 0.0996436 0.307505
    outer loop
      vertex 19.6995 5.24328 15.604
      vertex 19.6572 5.33825 15.7034
      vertex 19.6672 5.24328 15.7034
    endloop
  endfacet
  facet normal 0.946302 0.0995716 0.307568
    outer loop
      vertex 19.6888 5.34497 15.604
      vertex 19.6572 5.33825 15.7034
      vertex 19.6995 5.24328 15.604
    endloop
  endfacet
  facet normal 0.905018 -0.293966 0.307452
    outer loop
      vertex 19.6572 5.14832 15.7034
      vertex 19.6277 5.0575 15.7034
      vertex 19.6572 5.04436 15.604
    endloop
  endfacet
  facet normal 0.824825 -0.267918 0.49788
    outer loop
      vertex 19.6572 5.14832 15.7034
      vertex 19.6061 5.15918 15.7939
      vertex 19.6277 5.0575 15.7034
    endloop
  endfacet
  facet normal 0.951057 -0.309015 0
    outer loop
      vertex 19.6672 5.03992 15.5
      vertex 19.6995 5.13933 0.5
      vertex 19.6995 5.13933 15.5
    endloop
  endfacet
  facet normal 0.951057 -0.309015 0
    outer loop
      vertex 19.6995 5.13933 0.5
      vertex 19.6672 5.03992 15.5
      vertex 19.6672 5.03992 0.5
    endloop
  endfacet
  facet normal 0.199327 0.0648849 0.977783
    outer loop
      vertex 19.3515 5.30613 15.9755
      vertex 19.2581 5.26454 15.9973
      vertex 19.3615 5.27541 15.9755
    endloop
  endfacet
  facet normal 0.406205 0.0429806 0.91277
    outer loop
      vertex 19.4549 5.29526 15.933
      vertex 19.3615 5.27541 15.9755
      vertex 19.4604 5.24328 15.933
    endloop
  endfacet
  facet normal 0.155862 -0.140218 0.977776
    outer loop
      vertex 19.3354 5.15247 15.9755
      vertex 19.2527 5.21256 15.9973
      vertex 19.3138 5.12846 15.9755
    endloop
  endfacet
  facet normal 0.38843 -0.125804 0.91285
    outer loop
      vertex 19.4549 5.19131 15.933
      vertex 19.3515 5.18044 15.9755
      vertex 19.4388 5.1416 15.933
    endloop
  endfacet
  facet normal 0.586244 0.0620304 0.807756
    outer loop
      vertex 19.545 5.24328 15.8716
      vertex 19.4549 5.29526 15.933
      vertex 19.4604 5.24328 15.933
    endloop
  endfacet
  facet normal 0.388456 0.126451 0.91275
    outer loop
      vertex 19.4549 5.29526 15.933
      vertex 19.3515 5.30613 15.9755
      vertex 19.3615 5.27541 15.9755
    endloop
  endfacet
  facet normal 0.707089 -0.636665 0.307705
    outer loop
      vertex 19.6061 4.95581 15.604
      vertex 19.0182 4.34604 15.6933
      vertex 19.0417 4.32898 15.604
    endloop
  endfacet
  facet normal 0.740424 -0.0787799 0.667507
    outer loop
      vertex 19.545 5.24328 15.8716
      vertex 19.5376 5.17373 15.8716
      vertex 19.6061 5.15918 15.7939
    endloop
  endfacet
  facet normal 0.586365 -0.0623882 0.807641
    outer loop
      vertex 19.545 5.24328 15.8716
      vertex 19.4549 5.19131 15.933
      vertex 19.5376 5.17373 15.8716
    endloop
  endfacet
  facet normal 0.741198 0.0775478 0.666792
    outer loop
      vertex 19.6061 5.32739 15.7939
      vertex 19.545 5.24328 15.8716
      vertex 19.6149 5.24328 15.7939
    endloop
  endfacet
  facet normal 0.741198 -0.0775569 0.666792
    outer loop
      vertex 19.6149 5.24328 15.7939
      vertex 19.545 5.24328 15.8716
      vertex 19.6061 5.15918 15.7939
    endloop
  endfacet
  facet normal 0.644582 0.580371 0.497679
    outer loop
      vertex 14.6658 14.1143 15.7061
      vertex 14.5746 14.1403 15.7939
      vertex 16.451 12.0563 15.7939
    endloop
  endfacet
  facet normal 0.645472 0.372654 0.666705
    outer loop
      vertex 16.5499 11.9202 15.7939
      vertex 18.5416 8.33138 15.8716
      vertex 18.6404 8.29926 15.7939
    endloop
  endfacet
  facet normal 0.645279 0.372552 0.666948
    outer loop
      vertex 18.5416 8.33138 15.8716
      vertex 16.5499 11.9202 15.7939
      vertex 16.451 11.9524 15.8716
    endloop
  endfacet
  facet normal -0.40633 -0.043002 -0.912714
    outer loop
      vertex -19.4549 5.19131 0.066988
      vertex -19.4604 5.24328 0.066988
      vertex -19.3615 5.21116 0.0244722
    endloop
  endfacet
  facet normal -0.406332 -0.0430115 -0.912713
    outer loop
      vertex -19.3615 5.21116 0.0244722
      vertex -19.4604 5.24328 0.066988
      vertex -19.3649 5.24328 0.0244722
    endloop
  endfacet
  facet normal -0.207654 0.0229241 -0.977934
    outer loop
      vertex -19.2627 5.24328 0.00273991
      vertex -19.3615 5.27541 0.0244722
      vertex -19.2615 5.25415 0.00273991
    endloop
  endfacet
  facet normal -0.198697 0.0650211 -0.977902
    outer loop
      vertex -19.2615 5.25415 0.00273991
      vertex -19.3615 5.27541 0.0244722
      vertex -19.2581 5.26454 0.00273991
    endloop
  endfacet
  facet normal -0.824879 -0.267936 -0.497781
    outer loop
      vertex -19.6277 5.0575 0.296632
      vertex -19.6572 5.14832 0.296632
      vertex -19.6061 5.15918 0.206108
    endloop
  endfacet
  facet normal -0.824332 -0.268559 -0.49835
    outer loop
      vertex -19.5799 5.07876 0.206108
      vertex -19.6277 5.0575 0.296632
      vertex -19.6061 5.15918 0.206108
    endloop
  endfacet
  facet normal -0.30354 0.273303 0.912781
    outer loop
      vertex -14.5062 13.9866 15.933
      vertex -16.2837 11.8705 15.9755
      vertex -14.4073 13.9545 15.9755
    endloop
  endfacet
  facet normal -0.303359 0.273152 0.912886
    outer loop
      vertex -16.2837 11.8705 15.9755
      vertex -14.5062 13.9866 15.933
      vertex -16.3826 11.9027 15.933
    endloop
  endfacet
  facet normal -0.406206 0.0429848 0.91277
    outer loop
      vertex -19.3615 5.27541 15.9755
      vertex -19.4604 5.24328 15.933
      vertex -19.3649 5.24328 15.9755
    endloop
  endfacet
  facet normal -0.406206 -0.0429982 0.912769
    outer loop
      vertex -19.3649 5.24328 15.9755
      vertex -19.4604 5.24328 15.933
      vertex -19.3615 5.21116 15.9755
    endloop
  endfacet
  facet normal 0.644194 0.580595 -0.497919
    outer loop
      vertex 16.5076 11.9935 0.206108
      vertex 16.451 12.0563 0.206108
      vertex 16.5499 12.0242 0.296632
    endloop
  endfacet
  facet normal 0.7511 0.433445 -0.49797
    outer loop
      vertex 16.5499 11.9202 0.206108
      vertex 16.5076 11.9935 0.206108
      vertex 16.5499 12.0242 0.296632
    endloop
  endfacet
  facet normal 0.861166 0.497668 -0.103538
    outer loop
      vertex 16.6371 11.9591 0.5
      vertex 16.576 12.0432 0.396045
      vertex 16.5848 12.0496 0.5
    endloop
  endfacet
  facet normal 0.861333 0.497294 -0.103939
    outer loop
      vertex 16.6371 11.9591 0.5
      vertex 18.6666 8.4222 0.396045
      vertex 16.576 12.0432 0.396045
    endloop
  endfacet
  facet normal 0.861333 0.497294 -0.103939
    outer loop
      vertex 18.6666 8.4222 0.396045
      vertex 16.6371 11.9591 0.5
      vertex 18.7277 8.3381 0.5
    endloop
  endfacet
  facet normal 0.739346 -0.665297 -0.103674
    outer loop
      vertex 19.6149 4.94939 0.5
      vertex 19.545 4.87171 0.5
      vertex 19.6061 4.95581 0.396045
    endloop
  endfacet
  facet normal 0.739117 -0.665504 -0.103976
    outer loop
      vertex 19.545 4.87171 0.5
      vertex 19.0417 4.32898 0.396045
      vertex 19.6061 4.95581 0.396045
    endloop
  endfacet
  facet normal 0.739112 -0.665557 -0.10367
    outer loop
      vertex 19.0417 4.32898 0.396045
      vertex 19.545 4.87171 0.5
      vertex 19.0505 4.32256 0.5
    endloop
  endfacet
  facet normal 0.946327 0.0996448 -0.307468
    outer loop
      vertex 19.6672 5.24328 0.296632
      vertex 19.6572 5.33825 0.296632
      vertex 19.6995 5.24328 0.396045
    endloop
  endfacet
  facet normal 0.946314 0.0995728 -0.307532
    outer loop
      vertex 19.6995 5.24328 0.396045
      vertex 19.6572 5.33825 0.296632
      vertex 19.6888 5.34497 0.396045
    endloop
  endfacet
  facet normal 0.708175 -0.22992 -0.667551
    outer loop
      vertex 19.6061 5.15918 0.206108
      vertex 19.516 5.1072 0.128428
      vertex 19.5376 5.17373 0.128428
    endloop
  endfacet
  facet normal 0.708297 -0.230756 -0.667133
    outer loop
      vertex 19.5799 5.07876 0.206108
      vertex 19.516 5.1072 0.128428
      vertex 19.6061 5.15918 0.206108
    endloop
  endfacet
  facet normal 0.750605 -0.433844 0.498369
    outer loop
      vertex 19.5799 5.07876 15.7939
      vertex 19.5799 4.9748 15.7034
      vertex 19.6277 5.0575 15.7034
    endloop
  endfacet
  facet normal 0.824278 -0.268541 0.498449
    outer loop
      vertex 19.6061 5.15918 15.7939
      vertex 19.5799 5.07876 15.7939
      vertex 19.6277 5.0575 15.7034
    endloop
  endfacet
  facet normal 0.904953 -0.294082 -0.307533
    outer loop
      vertex 19.6888 5.1416 0.396045
      vertex 19.6572 5.04436 0.396045
      vertex 19.6572 5.14832 0.296632
    endloop
  endfacet
  facet normal 0.354203 -0.203885 0.912672
    outer loop
      vertex 19.3515 5.18044 15.9755
      vertex 19.3354 5.15247 15.9755
      vertex 19.4126 5.09634 15.933
    endloop
  endfacet
  facet normal 0.181658 -0.104565 0.977786
    outer loop
      vertex 19.3515 5.18044 15.9755
      vertex 19.2581 5.22203 15.9973
      vertex 19.3354 5.15247 15.9755
    endloop
  endfacet
  facet normal 0.511052 -0.294464 0.807537
    outer loop
      vertex 19.516 5.1072 15.8716
      vertex 19.4388 5.1416 15.933
      vertex 19.4811 5.04663 15.8716
    endloop
  endfacet
  facet normal 0.561213 -0.181765 0.807466
    outer loop
      vertex 19.4549 5.19131 15.933
      vertex 19.4388 5.1416 15.933
      vertex 19.516 5.1072 15.8716
    endloop
  endfacet
  facet normal 0.560888 0.182128 0.80761
    outer loop
      vertex 19.516 5.37936 15.8716
      vertex 19.4549 5.29526 15.933
      vertex 19.5376 5.31284 15.8716
    endloop
  endfacet
  facet normal 0.561227 0.181769 0.807455
    outer loop
      vertex 19.516 5.37936 15.8716
      vertex 19.4388 5.34497 15.933
      vertex 19.4549 5.29526 15.933
    endloop
  endfacet
  facet normal 0.406206 0.0429848 0.91277
    outer loop
      vertex 19.4604 5.24328 15.933
      vertex 19.3615 5.27541 15.9755
      vertex 19.3649 5.24328 15.9755
    endloop
  endfacet
  facet normal 0.64457 -0.580362 0.497704
    outer loop
      vertex 19.0108 4.3514 15.7135
      vertex 19.5799 4.9748 15.7034
      vertex 19.4811 4.94268 15.7939
    endloop
  endfacet
  facet normal 0.644777 -0.58056 0.497205
    outer loop
      vertex 19.5799 4.9748 15.7034
      vertex 19.0108 4.3514 15.7135
      vertex 19.0155 4.34797 15.7034
    endloop
  endfacet
  facet normal 0.554251 -0.498332 0.666687
    outer loop
      vertex 19.4811 5.04663 15.8716
      vertex 19.4811 4.94268 15.7939
      vertex 19.5376 5.00552 15.7939
    endloop
  endfacet
  facet normal -0.750654 -0.433873 -0.49827
    outer loop
      vertex -19.5799 4.9748 0.296632
      vertex -19.6277 5.0575 0.296632
      vertex -19.5799 5.07876 0.206108
    endloop
  endfacet
  facet normal -0.82386 -0.476185 -0.307414
    outer loop
      vertex -19.5799 4.9748 0.296632
      vertex -19.6572 5.04436 0.396045
      vertex -19.6277 5.0575 0.296632
    endloop
  endfacet
  facet normal 0.945878 -0.307381 -0.104071
    outer loop
      vertex 19.6995 5.13933 0.5
      vertex 19.6572 5.04436 0.396045
      vertex 19.6888 5.1416 0.396045
    endloop
  endfacet
  facet normal 0.82386 -0.476185 -0.307414
    outer loop
      vertex 19.6572 5.04436 0.396045
      vertex 19.5799 4.9748 0.296632
      vertex 19.6277 5.0575 0.296632
    endloop
  endfacet
  facet normal 0.510188 -0.295337 -0.807765
    outer loop
      vertex 19.4811 5.04663 0.128428
      vertex 19.4126 5.09634 0.066988
      vertex 19.4388 5.1416 0.066988
    endloop
  endfacet
  facet normal 0.511269 -0.29459 -0.807354
    outer loop
      vertex 19.4811 5.04663 0.128428
      vertex 19.4388 5.1416 0.066988
      vertex 19.516 5.1072 0.128428
    endloop
  endfacet
  facet normal 0.30377 -0.273279 0.912711
    outer loop
      vertex 19.3354 5.15247 15.9755
      vertex 19.3138 5.12846 15.9755
      vertex 19.4126 5.09634 15.933
    endloop
  endfacet
  facet normal 0.208563 0.0220702 0.97776
    outer loop
      vertex 19.3615 5.27541 15.9755
      vertex 19.2627 5.24328 15.9973
      vertex 19.3649 5.24328 15.9755
    endloop
  endfacet
  facet normal 0.208563 -0.0220771 0.97776
    outer loop
      vertex 19.3649 5.24328 15.9755
      vertex 19.2627 5.24328 15.9973
      vertex 19.3615 5.21116 15.9755
    endloop
  endfacet
  facet normal 0.644784 -0.579731 0.498162
    outer loop
      vertex 19.5376 5.00552 15.7939
      vertex 19.4811 4.94268 15.7939
      vertex 19.5799 4.9748 15.7034
    endloop
  endfacet
  facet normal 0.750854 -0.433658 0.498156
    outer loop
      vertex 19.5799 5.07876 15.7939
      vertex 19.5376 5.00552 15.7939
      vertex 19.5799 4.9748 15.7034
    endloop
  endfacet
  facet normal 0.945888 -0.307335 -0.104117
    outer loop
      vertex 19.6672 5.03992 0.5
      vertex 19.6572 5.04436 0.396045
      vertex 19.6995 5.13933 0.5
    endloop
  endfacet
  facet normal 0.861423 -0.497106 -0.104097
    outer loop
      vertex 19.6672 5.03992 0.5
      vertex 19.6061 4.95581 0.396045
      vertex 19.6572 5.04436 0.396045
    endloop
  endfacet
  facet normal 0.86253 -0.0908309 -0.497787
    outer loop
      vertex 19.6572 5.14832 0.296632
      vertex 19.6061 5.15918 0.206108
      vertex 19.6672 5.24328 0.296632
    endloop
  endfacet
  facet normal 0.946326 -0.0996552 -0.307468
    outer loop
      vertex 19.6995 5.24328 0.396045
      vertex 19.6572 5.14832 0.296632
      vertex 19.6672 5.24328 0.296632
    endloop
  endfacet
  facet normal -0.206783 0.972843 0.104005
    outer loop
      vertex -2.24508 20.366 15.5
      vertex -5.21551 19.7235 15.604
      vertex -2.2417 20.3556 15.604
    endloop
  endfacet
  facet normal -0.206783 0.972843 0.104005
    outer loop
      vertex -5.21551 19.7235 15.604
      vertex -2.24508 20.366 15.5
      vertex -5.21889 19.7339 15.5
    endloop
  endfacet
  facet normal 0.75086 0.433796 0.498027
    outer loop
      vertex 5.43392 19.5268 15.7034
      vertex 5.39163 19.4961 15.7939
      vertex 5.43392 19.4229 15.7939
    endloop
  endfacet
  facet normal -0.155519 0.728703 0.666938
    outer loop
      vertex -5.09935 19.5911 15.8716
      vertex -5.18938 19.643 15.7939
      vertex -5.16776 19.5765 15.8716
    endloop
  endfacet
  facet normal 0 0.589655 0.807655
    outer loop
      vertex 2.12554 20.2232 15.8716
      vertex -2.1167 20.1391 15.933
      vertex 2.1167 20.1391 15.933
    endloop
  endfacet
  facet normal 0 0.589655 0.807655
    outer loop
      vertex -2.1167 20.1391 15.933
      vertex 2.12554 20.2232 15.8716
      vertex -2.12554 20.2232 15.8716
    endloop
  endfacet
  facet normal -0.155501 0.728619 -0.667033
    outer loop
      vertex -5.16776 19.5765 0.128428
      vertex -5.18938 19.643 0.206108
      vertex -5.09935 19.5911 0.128428
    endloop
  endfacet
  facet normal 0.180258 0.84805 0.498316
    outer loop
      vertex 5.11212 19.7126 15.7034
      vertex 2.21557 20.2751 15.7939
      vertex 5.18938 19.643 15.7939
    endloop
  endfacet
  facet normal 0.180258 0.84805 0.498316
    outer loop
      vertex 2.21557 20.2751 15.7939
      vertex 5.11212 19.7126 15.7034
      vertex 2.13831 20.3447 15.7034
    endloop
  endfacet
  facet normal -0.19822 0.930439 0.308207
    outer loop
      vertex -5.11212 19.7126 15.7034
      vertex -5.21551 19.7235 15.604
      vertex -5.20553 19.6927 15.7034
    endloop
  endfacet
  facet normal 0.18102 0.10441 -0.977922
    outer loop
      vertex 5.20553 19.3212 0.0244722
      vertex 5.11212 19.2796 0.00273991
      vertex 5.18938 19.3492 0.0244722
    endloop
  endfacet
  facet normal -0.0433419 0.204354 -0.977937
    outer loop
      vertex -5.08053 19.308 0.00273991
      vertex -5.11212 19.4053 0.0244722
      vertex -5.08053 19.412 0.0244722
    endloop
  endfacet
  facet normal 0.0849294 0.399563 0.912763
    outer loop
      vertex 2.16782 20.1282 15.933
      vertex 5.08053 19.412 15.9755
      vertex 5.14163 19.4961 15.933
    endloop
  endfacet
  facet normal 0.0849294 0.399563 0.912763
    outer loop
      vertex 5.08053 19.412 15.9755
      vertex 2.16782 20.1282 15.933
      vertex 2.10672 20.0441 15.9755
    endloop
  endfacet
  facet normal -0.302617 0.680888 0.666945
    outer loop
      vertex -5.18938 19.643 15.7939
      vertex -5.23166 19.5481 15.8716
      vertex -5.16776 19.5765 15.8716
    endloop
  endfacet
  facet normal 0.206241 0.972934 0.104232
    outer loop
      vertex 2.14283 20.3877 15.5
      vertex 2.14169 20.3768 15.604
      vertex 2.2417 20.3556 15.604
    endloop
  endfacet
  facet normal -0.239483 0.538837 -0.807652
    outer loop
      vertex -5.18938 19.4748 0.066988
      vertex -5.23166 19.5481 0.128428
      vertex -5.16776 19.5765 0.128428
    endloop
  endfacet
  facet normal -0.0847662 0.399666 0.912733
    outer loop
      vertex -5.08053 19.412 15.9755
      vertex -5.14163 19.4961 15.933
      vertex -5.11212 19.4053 15.9755
    endloop
  endfacet
  facet normal 0.19822 0.930439 0.308207
    outer loop
      vertex 5.21551 19.7235 15.604
      vertex 5.11212 19.7126 15.7034
      vertex 5.20553 19.6927 15.7034
    endloop
  endfacet
  facet normal 0.12297 0.576716 0.807637
    outer loop
      vertex 2.12554 20.2232 15.8716
      vertex 2.1167 20.1391 15.933
      vertex 2.16782 20.1282 15.933
    endloop
  endfacet
  facet normal -0.197334 0.930915 0.307338
    outer loop
      vertex -2.14169 20.3768 15.604
      vertex -2.2417 20.3556 15.604
      vertex -2.13831 20.3447 15.7034
    endloop
  endfacet
  facet normal -0.206476 0.972909 0.104001
    outer loop
      vertex -2.14283 20.3877 15.5
      vertex -2.24508 20.366 15.5
      vertex -2.2417 20.3556 15.604
    endloop
  endfacet
  facet normal -0.206241 0.972934 0.104232
    outer loop
      vertex -2.14283 20.3877 15.5
      vertex -2.2417 20.3556 15.604
      vertex -2.14169 20.3768 15.604
    endloop
  endfacet
  facet normal 0.708614 0.230242 0.666974
    outer loop
      vertex 5.63067 18.5922 15.8716
      vertex 5.46005 19.3424 15.7939
      vertex 5.37002 19.3944 15.8716
    endloop
  endfacet
  facet normal 0.708493 0.230228 0.667107
    outer loop
      vertex 5.46005 19.3424 15.7939
      vertex 5.63067 18.5922 15.8716
      vertex 5.69457 18.6207 15.7939
    endloop
  endfacet
  facet normal -0.404649 0.908611 0.103369
    outer loop
      vertex -5.21551 19.7235 15.604
      vertex -5.31438 19.6913 15.5
      vertex -5.30892 19.6819 15.604
    endloop
  endfacet
  facet normal -0.559358 0.769792 0.307472
    outer loop
      vertex -5.30892 19.6819 15.604
      vertex -5.39163 19.6218 15.604
      vertex -5.37002 19.5978 15.7034
    endloop
  endfacet
  facet normal -0.155094 0.728941 -0.666776
    outer loop
      vertex -2.12554 20.2232 0.128428
      vertex -2.21557 20.2751 0.206108
      vertex -2.13285 20.2927 0.206108
    endloop
  endfacet
  facet normal 0.207601 0.978214 -0
    outer loop
      vertex 2.24508 20.366 0.5
      vertex 2.14283 20.3877 15.5
      vertex 2.24508 20.366 15.5
    endloop
  endfacet
  facet normal 0.207601 0.978214 0
    outer loop
      vertex 2.14283 20.3877 15.5
      vertex 2.24508 20.366 0.5
      vertex 2.14283 20.3877 0.5
    endloop
  endfacet
  facet normal 0.180456 0.848143 -0.498086
    outer loop
      vertex 2.21557 20.2751 0.206108
      vertex 2.13285 20.2927 0.206108
      vertex 2.13831 20.3447 0.296632
    endloop
  endfacet
  facet normal 0.707267 0.63654 -0.307557
    outer loop
      vertex 5.43392 19.5268 0.296632
      vertex 5.37002 19.5978 0.296632
      vertex 5.46005 19.5458 0.396045
    endloop
  endfacet
  facet normal -0.122868 0.16987 0.977777
    outer loop
      vertex -5.14163 19.3921 15.9755
      vertex -5.16776 19.3732 15.9755
      vertex -5.09935 19.2972 15.9973
    endloop
  endfacet
  facet normal 0.155112 0.729025 0.666681
    outer loop
      vertex 2.13285 20.2927 15.7939
      vertex 2.12554 20.2232 15.8716
      vertex 2.21557 20.2751 15.7939
    endloop
  endfacet
  facet normal 0.15498 0.729129 0.666598
    outer loop
      vertex 2.21557 20.2751 15.7939
      vertex 5.09935 19.5911 15.8716
      vertex 5.18938 19.643 15.7939
    endloop
  endfacet
  facet normal 0.15498 0.729129 0.666598
    outer loop
      vertex 5.09935 19.5911 15.8716
      vertex 2.21557 20.2751 15.7939
      vertex 2.12554 20.2232 15.8716
    endloop
  endfacet
  facet normal -0.197816 0.930656 0.307811
    outer loop
      vertex -2.2417 20.3556 15.604
      vertex -5.11212 19.7126 15.7034
      vertex -2.13831 20.3447 15.7034
    endloop
  endfacet
  facet normal -0.197816 0.930656 0.307811
    outer loop
      vertex -5.11212 19.7126 15.7034
      vertex -2.2417 20.3556 15.604
      vertex -5.21551 19.7235 15.604
    endloop
  endfacet
  facet normal 0.951048 0.309043 0
    outer loop
      vertex 5.55345 19.3623 15.5
      vertex 5.52115 19.4617 0.5
      vertex 5.52115 19.4617 15.5
    endloop
  endfacet
  facet normal 0.951048 0.309043 0
    outer loop
      vertex 5.52115 19.4617 0.5
      vertex 5.55345 19.3623 15.5
      vertex 5.55345 19.3623 0.5
    endloop
  endfacet
  facet normal -0.180258 0.84805 0.498316
    outer loop
      vertex -5.11212 19.7126 15.7034
      vertex -2.21557 20.2751 15.7939
      vertex -2.13831 20.3447 15.7034
    endloop
  endfacet
  facet normal -0.180258 0.84805 0.498316
    outer loop
      vertex -2.21557 20.2751 15.7939
      vertex -5.11212 19.7126 15.7034
      vertex -5.18938 19.643 15.7939
    endloop
  endfacet
  facet normal 0.207911 0.978148 -0
    outer loop
      vertex 5.21889 19.7339 0.5
      vertex 2.24508 20.366 15.5
      vertex 5.21889 19.7339 15.5
    endloop
  endfacet
  facet normal 0.207911 0.978148 0
    outer loop
      vertex 2.24508 20.366 15.5
      vertex 5.21889 19.7339 0.5
      vertex 2.24508 20.366 0.5
    endloop
  endfacet
  facet normal -0.823957 0.47594 -0.307534
    outer loop
      vertex -5.43392 19.5268 0.296632
      vertex -5.51117 19.4573 0.396045
      vertex -5.46005 19.5458 0.396045
    endloop
  endfacet
  facet normal 0 0.208972 -0.977922
    outer loop
      vertex -2.09603 19.9424 0.00273991
      vertex 2.10672 20.0441 0.0244722
      vertex 2.09603 19.9424 0.00273991
    endloop
  endfacet
  facet normal 0 0.208972 -0.977922
    outer loop
      vertex 2.10672 20.0441 0.0244722
      vertex -2.09603 19.9424 0.00273991
      vertex -2.10672 20.0441 0.0244722
    endloop
  endfacet
  facet normal 0.82402 0.47568 -0.307765
    outer loop
      vertex 5.48166 19.4441 0.296632
      vertex 5.43392 19.5268 0.296632
      vertex 5.51117 19.4573 0.396045
    endloop
  endfacet
  facet normal 0.197334 0.930915 0.307338
    outer loop
      vertex 2.14169 20.3768 15.604
      vertex 2.13831 20.3447 15.7034
      vertex 2.2417 20.3556 15.604
    endloop
  endfacet
  facet normal -0.240115 0.330687 0.912683
    outer loop
      vertex -5.18938 19.4748 15.933
      vertex -5.23166 19.4441 15.933
      vertex -5.16776 19.3732 15.9755
    endloop
  endfacet
  facet normal -0.123088 0.576744 0.807598
    outer loop
      vertex -5.09935 19.5911 15.8716
      vertex -5.16776 19.5765 15.8716
      vertex -5.14163 19.4961 15.933
    endloop
  endfacet
  facet normal -0.0440974 0.204957 0.977777
    outer loop
      vertex -2.10672 20.0441 15.9755
      vertex -2.10672 19.9401 15.9973
      vertex -2.09603 19.9424 15.9973
    endloop
  endfacet
  facet normal 0.0435658 0.204962 0.9778
    outer loop
      vertex 2.10672 19.9401 15.9973
      vertex 5.08053 19.412 15.9755
      vertex 2.10672 20.0441 15.9755
    endloop
  endfacet
  facet normal 0.0435658 0.204962 0.9778
    outer loop
      vertex 5.08053 19.412 15.9755
      vertex 2.10672 19.9401 15.9973
      vertex 5.08053 19.308 15.9973
    endloop
  endfacet
  facet normal 0 0.951609 0.30731
    outer loop
      vertex 2.14169 20.3768 15.604
      vertex -2.13831 20.3447 15.7034
      vertex 2.13831 20.3447 15.7034
    endloop
  endfacet
  facet normal 0 0.951609 0.30731
    outer loop
      vertex -2.13831 20.3447 15.7034
      vertex 2.14169 20.3768 15.604
      vertex -2.14169 20.3768 15.604
    endloop
  endfacet
  facet normal -0.405207 0.908291 0.103998
    outer loop
      vertex -5.21889 19.7339 15.5
      vertex -5.31438 19.6913 15.5
      vertex -5.21551 19.7235 15.604
    endloop
  endfacet
  facet normal -0.407416 0.913243 0
    outer loop
      vertex -5.21889 19.7339 0.5
      vertex -5.31438 19.6913 15.5
      vertex -5.21889 19.7339 15.5
    endloop
  endfacet
  facet normal -0.407416 0.913243 0
    outer loop
      vertex -5.31438 19.6913 15.5
      vertex -5.21889 19.7339 0.5
      vertex -5.31438 19.6913 0.5
    endloop
  endfacet
  facet normal 0.0847925 0.39979 -0.912676
    outer loop
      vertex 5.11212 19.4053 0.0244722
      vertex 5.08053 19.412 0.0244722
      vertex 5.14163 19.4961 0.066988
    endloop
  endfacet
  facet normal 0.0439664 0.204348 -0.97791
    outer loop
      vertex 2.10672 19.9401 0.00273991
      vertex 2.09603 19.9424 0.00273991
      vertex 2.10672 20.0441 0.0244722
    endloop
  endfacet
  facet normal -0.438148 0.394334 0.807791
    outer loop
      vertex -5.28825 19.507 15.8716
      vertex -5.33505 19.455 15.8716
      vertex -5.23166 19.4441 15.933
    endloop
  endfacet
  facet normal -0.180686 0.848135 0.498015
    outer loop
      vertex -5.11212 19.7126 15.7034
      vertex -5.20553 19.6927 15.7034
      vertex -5.18938 19.643 15.7939
    endloop
  endfacet
  facet normal 0.0851646 0.399414 0.912806
    outer loop
      vertex 2.1167 20.1391 15.933
      vertex 2.10672 20.0441 15.9755
      vertex 2.16782 20.1282 15.933
    endloop
  endfacet
  facet normal -0.12297 0.576716 0.807637
    outer loop
      vertex -2.12554 20.2232 15.8716
      vertex -2.16782 20.1282 15.933
      vertex -2.1167 20.1391 15.933
    endloop
  endfacet
  facet normal -0.20624 0.972929 -0.104276
    outer loop
      vertex -2.14169 20.3768 0.396045
      vertex -2.2417 20.3556 0.396045
      vertex -2.14283 20.3877 0.5
    endloop
  endfacet
  facet normal -0.207911 0.978148 0
    outer loop
      vertex -2.24508 20.366 0.5
      vertex -5.21889 19.7339 15.5
      vertex -2.24508 20.366 15.5
    endloop
  endfacet
  facet normal -0.207911 0.978148 0
    outer loop
      vertex -5.21889 19.7339 15.5
      vertex -2.24508 20.366 0.5
      vertex -5.21889 19.7339 0.5
    endloop
  endfacet
  facet normal 0.206475 0.972904 -0.104046
    outer loop
      vertex 2.2417 20.3556 0.396045
      vertex 2.14283 20.3877 0.5
      vertex 2.24508 20.366 0.5
    endloop
  endfacet
  facet normal 0 1 -0
    outer loop
      vertex 2.14283 20.3877 0.5
      vertex -2.14283 20.3877 15.5
      vertex 2.14283 20.3877 15.5
    endloop
  endfacet
  facet normal 0 1 0
    outer loop
      vertex -2.14283 20.3877 15.5
      vertex 2.14283 20.3877 0.5
      vertex -2.14283 20.3877 0.5
    endloop
  endfacet
  facet normal 0.206476 0.972909 0.104001
    outer loop
      vertex 2.24508 20.366 15.5
      vertex 2.14283 20.3877 15.5
      vertex 2.2417 20.3556 15.604
    endloop
  endfacet
  facet normal -0.0843805 0.19139 -0.97788
    outer loop
      vertex -5.09051 19.3036 0.00273991
      vertex -5.14163 19.3921 0.0244722
      vertex -5.08053 19.308 0.00273991
    endloop
  endfacet
  facet normal 0.707195 0.636662 0.307468
    outer loop
      vertex 5.39163 19.6218 15.604
      vertex 5.37002 19.5978 15.7034
      vertex 5.46005 19.5458 15.604
    endloop
  endfacet
  facet normal 0.739186 0.665457 0.103782
    outer loop
      vertex 5.46889 19.5522 15.5
      vertex 5.39894 19.6299 15.5
      vertex 5.46005 19.5458 15.604
    endloop
  endfacet
  facet normal 0.0847662 0.399666 0.912733
    outer loop
      vertex 5.14163 19.4961 15.933
      vertex 5.08053 19.412 15.9755
      vertex 5.11212 19.4053 15.9755
    endloop
  endfacet
  facet normal -0.240268 0.53863 0.807558
    outer loop
      vertex -5.16776 19.5765 15.8716
      vertex -5.18938 19.4748 15.933
      vertex -5.14163 19.4961 15.933
    endloop
  endfacet
  facet normal -0.043471 0.204963 0.977804
    outer loop
      vertex -5.08053 19.412 15.9755
      vertex -5.11212 19.4053 15.9755
      vertex -5.08053 19.308 15.9973
    endloop
  endfacet
  facet normal -0.0851646 0.399414 0.912806
    outer loop
      vertex -2.1167 20.1391 15.933
      vertex -2.16782 20.1282 15.933
      vertex -2.10672 20.0441 15.9755
    endloop
  endfacet
  facet normal 0.180686 0.848135 0.498015
    outer loop
      vertex 5.20553 19.6927 15.7034
      vertex 5.11212 19.7126 15.7034
      vertex 5.18938 19.643 15.7939
    endloop
  endfacet
  facet normal 0.346362 0.476902 0.807835
    outer loop
      vertex 5.23166 19.5481 15.8716
      vertex 5.18938 19.4748 15.933
      vertex 5.28825 19.507 15.8716
    endloop
  endfacet
  facet normal -0.180444 0.848087 0.498185
    outer loop
      vertex -2.13831 20.3447 15.7034
      vertex -2.21557 20.2751 15.7939
      vertex -2.13285 20.2927 15.7939
    endloop
  endfacet
  facet normal 0.0440974 0.204957 0.977777
    outer loop
      vertex 2.10672 20.0441 15.9755
      vertex 2.09603 19.9424 15.9973
      vertex 2.10672 19.9401 15.9973
    endloop
  endfacet
  facet normal 0.206783 0.972843 0.104005
    outer loop
      vertex 2.24508 20.366 15.5
      vertex 5.21551 19.7235 15.604
      vertex 5.21889 19.7339 15.5
    endloop
  endfacet
  facet normal 0.206783 0.972843 0.104005
    outer loop
      vertex 5.21551 19.7235 15.604
      vertex 2.24508 20.366 15.5
      vertex 2.2417 20.3556 15.604
    endloop
  endfacet
  facet normal -0.707204 0.63667 -0.307432
    outer loop
      vertex -5.37002 19.5978 0.296632
      vertex -5.46005 19.5458 0.396045
      vertex -5.39163 19.6218 0.396045
    endloop
  endfacet
  facet normal -0.751173 0.433628 -0.497701
    outer loop
      vertex -5.43392 19.4229 0.206108
      vertex -5.48166 19.4441 0.296632
      vertex -5.43392 19.5268 0.296632
    endloop
  endfacet
  facet normal -0.743199 0.66907 0
    outer loop
      vertex -5.46889 19.5522 0.5
      vertex -5.39894 19.6299 15.5
      vertex -5.39894 19.6299 0.5
    endloop
  endfacet
  facet normal -0.743199 0.66907 0
    outer loop
      vertex -5.39894 19.6299 15.5
      vertex -5.46889 19.5522 0.5
      vertex -5.46889 19.5522 15.5
    endloop
  endfacet
  facet normal -0.739186 0.665457 0.103782
    outer loop
      vertex -5.39894 19.6299 15.5
      vertex -5.46889 19.5522 15.5
      vertex -5.46005 19.5458 15.604
    endloop
  endfacet
  facet normal 0.0846319 0.19196 0.977747
    outer loop
      vertex 5.14163 19.3921 15.9755
      vertex 5.08053 19.308 15.9973
      vertex 5.09051 19.3036 15.9973
    endloop
  endfacet
  facet normal 0.823946 0.475934 0.30757
    outer loop
      vertex 5.46005 19.5458 15.604
      vertex 5.43392 19.5268 15.7034
      vertex 5.51117 19.4573 15.604
    endloop
  endfacet
  facet normal -0.387081 0.869165 0.307765
    outer loop
      vertex -5.21551 19.7235 15.604
      vertex -5.30892 19.6819 15.604
      vertex -5.29276 19.6539 15.7034
    endloop
  endfacet
  facet normal -0.559043 0.769905 0.307761
    outer loop
      vertex -5.30892 19.6819 15.604
      vertex -5.37002 19.5978 15.7034
      vertex -5.29276 19.6539 15.7034
    endloop
  endfacet
  facet normal -0.15498 0.729129 0.666598
    outer loop
      vertex -2.21557 20.2751 15.7939
      vertex -5.09935 19.5911 15.8716
      vertex -2.12554 20.2232 15.8716
    endloop
  endfacet
  facet normal -0.15498 0.729129 0.666598
    outer loop
      vertex -5.09935 19.5911 15.8716
      vertex -2.21557 20.2751 15.7939
      vertex -5.18938 19.643 15.7939
    endloop
  endfacet
  facet normal -0.352698 0.792032 0.498287
    outer loop
      vertex -5.18938 19.643 15.7939
      vertex -5.29276 19.6539 15.7034
      vertex -5.26663 19.6086 15.7939
    endloop
  endfacet
  facet normal -0.553989 0.49859 0.666712
    outer loop
      vertex -5.33505 19.5589 15.7939
      vertex -5.33505 19.455 15.8716
      vertex -5.28825 19.507 15.8716
    endloop
  endfacet
  facet normal -0.16644 0.373122 0.912731
    outer loop
      vertex -5.14163 19.4961 15.933
      vertex -5.18938 19.4748 15.933
      vertex -5.11212 19.4053 15.9755
    endloop
  endfacet
  facet normal -0.303215 0.680912 0.666648
    outer loop
      vertex -5.18938 19.643 15.7939
      vertex -5.26663 19.6086 15.7939
      vertex -5.23166 19.5481 15.8716
    endloop
  endfacet
  facet normal -0.405205 0.908286 -0.104043
    outer loop
      vertex -5.21551 19.7235 0.396045
      vertex -5.31438 19.6913 0.5
      vertex -5.21889 19.7339 0.5
    endloop
  endfacet
  facet normal -0.207601 0.978214 0
    outer loop
      vertex -2.14283 20.3877 0.5
      vertex -2.24508 20.366 15.5
      vertex -2.14283 20.3877 15.5
    endloop
  endfacet
  facet normal -0.207601 0.978214 0
    outer loop
      vertex -2.24508 20.366 15.5
      vertex -2.14283 20.3877 0.5
      vertex -2.24508 20.366 0.5
    endloop
  endfacet
  facet normal 0 0.951621 -0.307274
    outer loop
      vertex 2.13831 20.3447 0.296632
      vertex -2.14169 20.3768 0.396045
      vertex 2.14169 20.3768 0.396045
    endloop
  endfacet
  facet normal 0 0.951621 -0.307274
    outer loop
      vertex -2.14169 20.3768 0.396045
      vertex 2.13831 20.3447 0.296632
      vertex -2.13831 20.3447 0.296632
    endloop
  endfacet
  facet normal 0 0.994553 0.104237
    outer loop
      vertex 2.14283 20.3877 15.5
      vertex -2.14169 20.3768 15.604
      vertex 2.14169 20.3768 15.604
    endloop
  endfacet
  facet normal 0 0.994553 0.104237
    outer loop
      vertex -2.14169 20.3768 15.604
      vertex 2.14283 20.3877 15.5
      vertex -2.14283 20.3877 15.5
    endloop
  endfacet
  facet normal -0.197819 0.930668 -0.307774
    outer loop
      vertex -5.11212 19.7126 0.296632
      vertex -2.2417 20.3556 0.396045
      vertex -2.13831 20.3447 0.296632
    endloop
  endfacet
  facet normal -0.197819 0.930668 -0.307774
    outer loop
      vertex -2.2417 20.3556 0.396045
      vertex -5.11212 19.7126 0.296632
      vertex -5.21551 19.7235 0.396045
    endloop
  endfacet
  facet normal 0.86125 0.497481 -0.103739
    outer loop
      vertex 5.51117 19.4573 0.396045
      vertex 5.46005 19.5458 0.396045
      vertex 5.52115 19.4617 0.5
    endloop
  endfacet
  facet normal 0.354009 0.2042 -0.912677
    outer loop
      vertex 5.29276 19.36 0.066988
      vertex 5.20553 19.3212 0.0244722
      vertex 5.26663 19.4053 0.066988
    endloop
  endfacet
  facet normal 0.303614 0.273643 -0.912654
    outer loop
      vertex 5.26663 19.4053 0.066988
      vertex 5.16776 19.3732 0.0244722
      vertex 5.23166 19.4441 0.066988
    endloop
  endfacet
  facet normal -0.24037 0.538858 -0.807375
    outer loop
      vertex -5.14163 19.4961 0.066988
      vertex -5.18938 19.4748 0.066988
      vertex -5.16776 19.5765 0.128428
    endloop
  endfacet
  facet normal -0.0439664 0.204348 -0.97791
    outer loop
      vertex -2.09603 19.9424 0.00273991
      vertex -2.10672 19.9401 0.00273991
      vertex -2.10672 20.0441 0.0244722
    endloop
  endfacet
  facet normal 0.181237 0.104164 -0.977907
    outer loop
      vertex 5.11212 19.2796 0.00273991
      vertex 5.10666 19.2891 0.00273991
      vertex 5.18938 19.3492 0.0244722
    endloop
  endfacet
  facet normal 0.865985 0.50007 0
    outer loop
      vertex 5.52115 19.4617 15.5
      vertex 5.46889 19.5522 0.5
      vertex 5.46889 19.5522 15.5
    endloop
  endfacet
  facet normal 0.865985 0.50007 0
    outer loop
      vertex 5.46889 19.5522 0.5
      vertex 5.52115 19.4617 15.5
      vertex 5.52115 19.4617 0.5
    endloop
  endfacet
  facet normal 0.559043 0.769905 0.307761
    outer loop
      vertex 5.30892 19.6819 15.604
      vertex 5.29276 19.6539 15.7034
      vertex 5.37002 19.5978 15.7034
    endloop
  endfacet
  facet normal 0.043471 0.204963 0.977804
    outer loop
      vertex 5.08053 19.412 15.9755
      vertex 5.08053 19.308 15.9973
      vertex 5.11212 19.4053 15.9755
    endloop
  endfacet
  facet normal 0.16644 0.373122 0.912731
    outer loop
      vertex 5.14163 19.4961 15.933
      vertex 5.11212 19.4053 15.9755
      vertex 5.18938 19.4748 15.933
    endloop
  endfacet
  facet normal -0.155593 0.140418 0.97779
    outer loop
      vertex -5.09935 19.2972 15.9973
      vertex -5.16776 19.3732 15.9755
      vertex -5.10666 19.2891 15.9973
    endloop
  endfacet
  facet normal 0.122868 0.16987 0.977777
    outer loop
      vertex 5.14163 19.3921 15.9755
      vertex 5.09935 19.2972 15.9973
      vertex 5.16776 19.3732 15.9755
    endloop
  endfacet
  facet normal -0.0855669 0.191294 0.977796
    outer loop
      vertex -5.11212 19.4053 15.9755
      vertex -5.14163 19.3921 15.9755
      vertex -5.08053 19.308 15.9973
    endloop
  endfacet
  facet normal -0.0435658 0.204962 0.9778
    outer loop
      vertex -5.08053 19.412 15.9755
      vertex -2.10672 19.9401 15.9973
      vertex -2.10672 20.0441 15.9755
    endloop
  endfacet
  facet normal -0.0435658 0.204962 0.9778
    outer loop
      vertex -2.10672 19.9401 15.9973
      vertex -5.08053 19.412 15.9755
      vertex -5.08053 19.308 15.9973
    endloop
  endfacet
  facet normal 0.123088 0.576744 0.807598
    outer loop
      vertex 5.16776 19.5765 15.8716
      vertex 5.09935 19.5911 15.8716
      vertex 5.14163 19.4961 15.933
    endloop
  endfacet
  facet normal 0.155519 0.728703 0.666938
    outer loop
      vertex 5.18938 19.643 15.7939
      vertex 5.09935 19.5911 15.8716
      vertex 5.16776 19.5765 15.8716
    endloop
  endfacet
  facet normal 0.405207 0.908291 0.103998
    outer loop
      vertex 5.21889 19.7339 15.5
      vertex 5.21551 19.7235 15.604
      vertex 5.31438 19.6913 15.5
    endloop
  endfacet
  facet normal 0.743199 0.66907 0
    outer loop
      vertex 5.46889 19.5522 15.5
      vertex 5.39894 19.6299 0.5
      vertex 5.39894 19.6299 15.5
    endloop
  endfacet
  facet normal 0.743199 0.66907 0
    outer loop
      vertex 5.39894 19.6299 0.5
      vertex 5.46889 19.5522 15.5
      vertex 5.46889 19.5522 0.5
    endloop
  endfacet
  facet normal 0.181777 0.104474 0.977774
    outer loop
      vertex 5.18938 19.3492 15.9755
      vertex 5.10666 19.2891 15.9973
      vertex 5.11212 19.2796 15.9973
    endloop
  endfacet
  facet normal 0.180444 0.848087 0.498185
    outer loop
      vertex 2.13831 20.3447 15.7034
      vertex 2.13285 20.2927 15.7939
      vertex 2.21557 20.2751 15.7939
    endloop
  endfacet
  facet normal 0 0.867062 0.498201
    outer loop
      vertex 2.13831 20.3447 15.7034
      vertex -2.13285 20.2927 15.7939
      vertex 2.13285 20.2927 15.7939
    endloop
  endfacet
  facet normal 0 0.867062 0.498201
    outer loop
      vertex -2.13285 20.2927 15.7939
      vertex 2.13831 20.3447 15.7034
      vertex -2.13831 20.3447 15.7034
    endloop
  endfacet
  facet normal 0 0.408366 0.912818
    outer loop
      vertex 2.1167 20.1391 15.933
      vertex -2.10672 20.0441 15.9755
      vertex 2.10672 20.0441 15.9755
    endloop
  endfacet
  facet normal 0 0.408366 0.912818
    outer loop
      vertex -2.10672 20.0441 15.9755
      vertex 2.1167 20.1391 15.933
      vertex -2.1167 20.1391 15.933
    endloop
  endfacet
  facet normal 0 0.209595 0.977788
    outer loop
      vertex 2.10672 20.0441 15.9755
      vertex -2.09603 19.9424 15.9973
      vertex 2.09603 19.9424 15.9973
    endloop
  endfacet
  facet normal 0 0.209595 0.977788
    outer loop
      vertex -2.09603 19.9424 15.9973
      vertex 2.10672 20.0441 15.9755
      vertex -2.10672 20.0441 15.9755
    endloop
  endfacet
  facet normal 0.645191 0.372316 0.667165
    outer loop
      vertex 5.43392 19.4229 15.7939
      vertex 5.33505 19.455 15.8716
      vertex 5.37002 19.3944 15.8716
    endloop
  endfacet
  facet normal -0.43804 0.603032 0.666688
    outer loop
      vertex -5.26663 19.6086 15.7939
      vertex -5.33505 19.5589 15.7939
      vertex -5.23166 19.5481 15.8716
    endloop
  endfacet
  facet normal -0.707258 0.636532 0.307593
    outer loop
      vertex -5.37002 19.5978 15.7034
      vertex -5.46005 19.5458 15.604
      vertex -5.43392 19.5268 15.7034
    endloop
  endfacet
  facet normal -0.865985 0.50007 0
    outer loop
      vertex -5.52115 19.4617 0.5
      vertex -5.46889 19.5522 15.5
      vertex -5.46889 19.5522 0.5
    endloop
  endfacet
  facet normal -0.865985 0.50007 0
    outer loop
      vertex -5.46889 19.5522 15.5
      vertex -5.52115 19.4617 0.5
      vertex -5.52115 19.4617 15.5
    endloop
  endfacet
  facet normal -0.352427 0.792324 0.498013
    outer loop
      vertex -5.20553 19.6927 15.7034
      vertex -5.29276 19.6539 15.7034
      vertex -5.18938 19.643 15.7939
    endloop
  endfacet
  facet normal -0.386633 0.869226 0.308157
    outer loop
      vertex -5.21551 19.7235 15.604
      vertex -5.29276 19.6539 15.7034
      vertex -5.20553 19.6927 15.7034
    endloop
  endfacet
  facet normal 0 0.745342 0.666683
    outer loop
      vertex 2.13285 20.2927 15.7939
      vertex -2.12554 20.2232 15.8716
      vertex 2.12554 20.2232 15.8716
    endloop
  endfacet
  facet normal 0 0.745342 0.666683
    outer loop
      vertex -2.12554 20.2232 15.8716
      vertex 2.13285 20.2927 15.7939
      vertex -2.13285 20.2927 15.7939
    endloop
  endfacet
  facet normal -0.155112 0.729025 0.666681
    outer loop
      vertex -2.13285 20.2927 15.7939
      vertex -2.21557 20.2751 15.7939
      vertex -2.12554 20.2232 15.8716
    endloop
  endfacet
  facet normal -0.239344 0.330903 0.912808
    outer loop
      vertex -5.14163 19.3921 15.9755
      vertex -5.18938 19.4748 15.933
      vertex -5.16776 19.3732 15.9755
    endloop
  endfacet
  facet normal -0.166759 0.372809 0.912801
    outer loop
      vertex -5.11212 19.4053 15.9755
      vertex -5.18938 19.4748 15.933
      vertex -5.14163 19.3921 15.9755
    endloop
  endfacet
  facet normal 0.0434364 0.204353 -0.977933
    outer loop
      vertex 2.10672 19.9401 0.00273991
      vertex 5.08053 19.412 0.0244722
      vertex 5.08053 19.308 0.00273991
    endloop
  endfacet
  facet normal 0.0434364 0.204353 -0.977933
    outer loop
      vertex 5.08053 19.412 0.0244722
      vertex 2.10672 19.9401 0.00273991
      vertex 2.10672 20.0441 0.0244722
    endloop
  endfacet
  facet normal 0.155094 0.728941 -0.666776
    outer loop
      vertex 2.21557 20.2751 0.206108
      vertex 2.12554 20.2232 0.128428
      vertex 2.13285 20.2927 0.206108
    endloop
  endfacet
  facet normal -0.180456 0.848143 -0.498086
    outer loop
      vertex -2.13285 20.2927 0.206108
      vertex -2.21557 20.2751 0.206108
      vertex -2.13831 20.3447 0.296632
    endloop
  endfacet
  facet normal 0 0.589906 -0.807472
    outer loop
      vertex -2.1167 20.1391 0.066988
      vertex 2.12554 20.2232 0.128428
      vertex 2.1167 20.1391 0.066988
    endloop
  endfacet
  facet normal 0 0.589906 -0.807472
    outer loop
      vertex 2.12554 20.2232 0.128428
      vertex -2.1167 20.1391 0.066988
      vertex -2.12554 20.2232 0.128428
    endloop
  endfacet
  facet normal -0.386638 0.869237 -0.30812
    outer loop
      vertex -5.20553 19.6927 0.296632
      vertex -5.29276 19.6539 0.296632
      vertex -5.21551 19.7235 0.396045
    endloop
  endfacet
  facet normal 0.35245 0.792377 -0.497914
    outer loop
      vertex 5.29276 19.6539 0.296632
      vertex 5.18938 19.643 0.206108
      vertex 5.20553 19.6927 0.296632
    endloop
  endfacet
  facet normal 0.198223 0.930451 -0.30817
    outer loop
      vertex 5.20553 19.6927 0.296632
      vertex 5.11212 19.7126 0.296632
      vertex 5.21551 19.7235 0.396045
    endloop
  endfacet
  facet normal -0.0847925 0.39979 -0.912676
    outer loop
      vertex -5.11212 19.4053 0.0244722
      vertex -5.14163 19.4961 0.066988
      vertex -5.08053 19.412 0.0244722
    endloop
  endfacet
  facet normal -0.0853127 0.190726 -0.977929
    outer loop
      vertex -5.08053 19.308 0.00273991
      vertex -5.14163 19.3921 0.0244722
      vertex -5.11212 19.4053 0.0244722
    endloop
  endfacet
  facet normal -0.122503 0.169366 -0.97791
    outer loop
      vertex -5.09935 19.2972 0.00273991
      vertex -5.16776 19.3732 0.0244722
      vertex -5.14163 19.3921 0.0244722
    endloop
  endfacet
  facet normal 0.707258 0.636532 0.307593
    outer loop
      vertex 5.46005 19.5458 15.604
      vertex 5.37002 19.5978 15.7034
      vertex 5.43392 19.5268 15.7034
    endloop
  endfacet
  facet normal 0.904934 0.29403 0.307637
    outer loop
      vertex 5.51117 19.3533 15.7034
      vertex 5.77182 18.6551 15.604
      vertex 5.51117 19.4573 15.604
    endloop
  endfacet
  facet normal 0.904918 0.294016 0.307698
    outer loop
      vertex 5.77182 18.6551 15.604
      vertex 5.51117 19.3533 15.7034
      vertex 5.74231 18.6419 15.7034
    endloop
  endfacet
  facet normal 0.240115 0.330687 0.912683
    outer loop
      vertex 5.18938 19.4748 15.933
      vertex 5.16776 19.3732 15.9755
      vertex 5.23166 19.4441 15.933
    endloop
  endfacet
  facet normal 0.388546 0.126251 0.912739
    outer loop
      vertex 5.20553 19.3212 15.9755
      vertex 5.55342 18.5578 15.933
      vertex 5.29276 19.36 15.933
    endloop
  endfacet
  facet normal 0.388516 0.126236 0.912754
    outer loop
      vertex 5.55342 18.5578 15.933
      vertex 5.20553 19.3212 15.9755
      vertex 5.46618 18.519 15.9755
    endloop
  endfacet
  facet normal 0.346329 0.476963 0.807813
    outer loop
      vertex 5.28825 19.507 15.8716
      vertex 5.18938 19.4748 15.933
      vertex 5.23166 19.4441 15.933
    endloop
  endfacet
  facet normal 0.353909 0.204129 0.912732
    outer loop
      vertex 5.26663 19.4053 15.933
      vertex 5.18938 19.3492 15.9755
      vertex 5.20553 19.3212 15.9755
    endloop
  endfacet
  facet normal 0.199349 0.0647723 0.977786
    outer loop
      vertex 5.11212 19.2796 15.9973
      vertex 5.46618 18.519 15.9755
      vertex 5.20553 19.3212 15.9755
    endloop
  endfacet
  facet normal 0.199366 0.0647803 0.977782
    outer loop
      vertex 5.46618 18.519 15.9755
      vertex 5.11212 19.2796 15.9973
      vertex 5.37278 18.4774 15.9973
    endloop
  endfacet
  facet normal -0.0846319 0.19196 0.977747
    outer loop
      vertex -5.08053 19.308 15.9973
      vertex -5.14163 19.3921 15.9755
      vertex -5.09051 19.3036 15.9973
    endloop
  endfacet
  facet normal 0.3539 0.204137 0.912734
    outer loop
      vertex 5.26663 19.4053 15.933
      vertex 5.20553 19.3212 15.9755
      vertex 5.29276 19.36 15.933
    endloop
  endfacet
  facet normal -0.122564 0.57662 0.807767
    outer loop
      vertex -5.09935 19.5911 15.8716
      vertex -2.16782 20.1282 15.933
      vertex -2.12554 20.2232 15.8716
    endloop
  endfacet
  facet normal -0.122564 0.57662 0.807767
    outer loop
      vertex -2.16782 20.1282 15.933
      vertex -5.09935 19.5911 15.8716
      vertex -5.14163 19.4961 15.933
    endloop
  endfacet
  facet normal -0.0849294 0.399563 0.912763
    outer loop
      vertex -2.16782 20.1282 15.933
      vertex -5.08053 19.412 15.9755
      vertex -2.10672 20.0441 15.9755
    endloop
  endfacet
  facet normal -0.0849294 0.399563 0.912763
    outer loop
      vertex -5.08053 19.412 15.9755
      vertex -2.16782 20.1282 15.933
      vertex -5.14163 19.4961 15.933
    endloop
  endfacet
  facet normal 0.122564 0.57662 0.807767
    outer loop
      vertex 5.09935 19.5911 15.8716
      vertex 2.16782 20.1282 15.933
      vertex 5.14163 19.4961 15.933
    endloop
  endfacet
  facet normal 0.122564 0.57662 0.807767
    outer loop
      vertex 2.16782 20.1282 15.933
      vertex 5.09935 19.5911 15.8716
      vertex 2.12554 20.2232 15.8716
    endloop
  endfacet
  facet normal 0.352698 0.792032 0.498287
    outer loop
      vertex 5.29276 19.6539 15.7034
      vertex 5.18938 19.643 15.7939
      vertex 5.26663 19.6086 15.7939
    endloop
  endfacet
  facet normal 0.644433 0.57999 0.498314
    outer loop
      vertex 5.37002 19.5978 15.7034
      vertex 5.33505 19.5589 15.7939
      vertex 5.43392 19.5268 15.7034
    endloop
  endfacet
  facet normal 0.405205 0.908286 -0.104043
    outer loop
      vertex 5.31438 19.6913 0.5
      vertex 5.21551 19.7235 0.396045
      vertex 5.21889 19.7339 0.5
    endloop
  endfacet
  facet normal 0.404647 0.908607 -0.103413
    outer loop
      vertex 5.30892 19.6819 0.396045
      vertex 5.21551 19.7235 0.396045
      vertex 5.31438 19.6913 0.5
    endloop
  endfacet
  facet normal 0.387081 0.869165 0.307765
    outer loop
      vertex 5.30892 19.6819 15.604
      vertex 5.21551 19.7235 15.604
      vertex 5.29276 19.6539 15.7034
    endloop
  endfacet
  facet normal 0.559358 0.769792 0.307472
    outer loop
      vertex 5.39163 19.6218 15.604
      vertex 5.30892 19.6819 15.604
      vertex 5.37002 19.5978 15.7034
    endloop
  endfacet
  facet normal -0.50956 0.70149 0.498257
    outer loop
      vertex -5.29276 19.6539 15.7034
      vertex -5.33505 19.5589 15.7939
      vertex -5.26663 19.6086 15.7939
    endloop
  endfacet
  facet normal -0.509393 0.701528 0.498375
    outer loop
      vertex -5.29276 19.6539 15.7034
      vertex -5.37002 19.5978 15.7034
      vertex -5.33505 19.5589 15.7939
    endloop
  endfacet
  facet normal -0.861305 0.497368 0.103818
    outer loop
      vertex -5.46889 19.5522 15.5
      vertex -5.52115 19.4617 15.5
      vertex -5.46005 19.5458 15.604
    endloop
  endfacet
  facet normal -0.707195 0.636662 0.307468
    outer loop
      vertex -5.39163 19.6218 15.604
      vertex -5.46005 19.5458 15.604
      vertex -5.37002 19.5978 15.7034
    endloop
  endfacet
  facet normal -0.438015 0.394778 0.807646
    outer loop
      vertex -5.23166 19.4441 15.933
      vertex -5.33505 19.455 15.8716
      vertex -5.26663 19.4053 15.933
    endloop
  endfacet
  facet normal -0.951048 0.309043 0
    outer loop
      vertex -5.55345 19.3623 0.5
      vertex -5.52115 19.4617 15.5
      vertex -5.52115 19.4617 0.5
    endloop
  endfacet
  facet normal -0.951048 0.309043 0
    outer loop
      vertex -5.52115 19.4617 15.5
      vertex -5.55345 19.3623 0.5
      vertex -5.55345 19.3623 15.5
    endloop
  endfacet
  facet normal 0.122589 0.169326 -0.977906
    outer loop
      vertex 5.09935 19.2972 0.00273991
      vertex 5.09051 19.3036 0.00273991
      vertex 5.14163 19.3921 0.0244722
    endloop
  endfacet
  facet normal -0.553518 0.498695 -0.667024
    outer loop
      vertex -5.33505 19.455 0.128428
      vertex -5.39163 19.4961 0.206108
      vertex -5.33505 19.5589 0.206108
    endloop
  endfacet
  facet normal 0.945919 0.307343 -0.10382
    outer loop
      vertex 5.77182 18.6551 0.396045
      vertex 5.55345 19.3623 0.5
      vertex 5.7818 18.6595 0.5
    endloop
  endfacet
  facet normal 0.945915 0.307346 -0.103847
    outer loop
      vertex 5.55345 19.3623 0.5
      vertex 5.77182 18.6551 0.396045
      vertex 5.51117 19.4573 0.396045
    endloop
  endfacet
  facet normal -0.346329 0.476963 0.807813
    outer loop
      vertex -5.18938 19.4748 15.933
      vertex -5.28825 19.507 15.8716
      vertex -5.23166 19.4441 15.933
    endloop
  endfacet
  facet normal -0.239382 0.538609 0.807835
    outer loop
      vertex -5.16776 19.5765 15.8716
      vertex -5.23166 19.5481 15.8716
      vertex -5.18938 19.4748 15.933
    endloop
  endfacet
  facet normal -0.346476 0.477166 -0.80763
    outer loop
      vertex -5.23166 19.4441 0.066988
      vertex -5.28825 19.507 0.128428
      vertex -5.18938 19.4748 0.066988
    endloop
  endfacet
  facet normal -0.584659 0.804611 -0.103806
    outer loop
      vertex -5.39163 19.6218 0.396045
      vertex -5.39894 19.6299 0.5
      vertex -5.30892 19.6819 0.396045
    endloop
  endfacet
  facet normal -0.739183 0.66546 0.103785
    outer loop
      vertex -5.39894 19.6299 15.5
      vertex -5.46005 19.5458 15.604
      vertex -5.39163 19.6218 15.604
    endloop
  endfacet
  facet normal -0.587557 0.809183 0
    outer loop
      vertex -5.31438 19.6913 0.5
      vertex -5.39894 19.6299 15.5
      vertex -5.31438 19.6913 15.5
    endloop
  endfacet
  facet normal -0.587557 0.809183 0
    outer loop
      vertex -5.39894 19.6299 15.5
      vertex -5.31438 19.6913 0.5
      vertex -5.39894 19.6299 0.5
    endloop
  endfacet
  facet normal -0.584403 0.804839 -0.103471
    outer loop
      vertex -5.30892 19.6819 0.396045
      vertex -5.39894 19.6299 0.5
      vertex -5.31438 19.6913 0.5
    endloop
  endfacet
  facet normal -0.404647 0.908607 -0.103413
    outer loop
      vertex -5.30892 19.6819 0.396045
      vertex -5.31438 19.6913 0.5
      vertex -5.21551 19.7235 0.396045
    endloop
  endfacet
  facet normal -0.206782 0.972839 -0.104049
    outer loop
      vertex -5.21551 19.7235 0.396045
      vertex -2.24508 20.366 0.5
      vertex -2.2417 20.3556 0.396045
    endloop
  endfacet
  facet normal -0.206782 0.972839 -0.104049
    outer loop
      vertex -2.24508 20.366 0.5
      vertex -5.21551 19.7235 0.396045
      vertex -5.21889 19.7339 0.5
    endloop
  endfacet
  facet normal 0.197337 0.930927 -0.307301
    outer loop
      vertex 2.2417 20.3556 0.396045
      vertex 2.13831 20.3447 0.296632
      vertex 2.14169 20.3768 0.396045
    endloop
  endfacet
  facet normal -0.206475 0.972904 -0.104046
    outer loop
      vertex -2.2417 20.3556 0.396045
      vertex -2.24508 20.366 0.5
      vertex -2.14283 20.3877 0.5
    endloop
  endfacet
  facet normal -0.123022 0.576961 -0.807454
    outer loop
      vertex -2.1167 20.1391 0.066988
      vertex -2.16782 20.1282 0.066988
      vertex -2.12554 20.2232 0.128428
    endloop
  endfacet
  facet normal -0.0851909 0.399538 -0.91275
    outer loop
      vertex -2.10672 20.0441 0.0244722
      vertex -2.16782 20.1282 0.066988
      vertex -2.1167 20.1391 0.066988
    endloop
  endfacet
  facet normal -0.35245 0.792377 -0.497914
    outer loop
      vertex -5.18938 19.643 0.206108
      vertex -5.29276 19.6539 0.296632
      vertex -5.20553 19.6927 0.296632
    endloop
  endfacet
  facet normal -0.509427 0.701574 -0.498275
    outer loop
      vertex -5.33505 19.5589 0.206108
      vertex -5.37002 19.5978 0.296632
      vertex -5.29276 19.6539 0.296632
    endloop
  endfacet
  facet normal -0.154963 0.729045 -0.666693
    outer loop
      vertex -5.09935 19.5911 0.128428
      vertex -2.21557 20.2751 0.206108
      vertex -2.12554 20.2232 0.128428
    endloop
  endfacet
  facet normal -0.154963 0.729045 -0.666693
    outer loop
      vertex -2.21557 20.2751 0.206108
      vertex -5.09935 19.5911 0.128428
      vertex -5.18938 19.643 0.206108
    endloop
  endfacet
  facet normal -0.18027 0.848106 -0.498216
    outer loop
      vertex -2.21557 20.2751 0.206108
      vertex -5.11212 19.7126 0.296632
      vertex -2.13831 20.3447 0.296632
    endloop
  endfacet
  facet normal -0.18027 0.848106 -0.498216
    outer loop
      vertex -5.11212 19.7126 0.296632
      vertex -2.21557 20.2751 0.206108
      vertex -5.18938 19.643 0.206108
    endloop
  endfacet
  facet normal -0.0849557 0.399687 -0.912706
    outer loop
      vertex -5.08053 19.412 0.0244722
      vertex -2.16782 20.1282 0.066988
      vertex -2.10672 20.0441 0.0244722
    endloop
  endfacet
  facet normal -0.0849557 0.399687 -0.912706
    outer loop
      vertex -2.16782 20.1282 0.066988
      vertex -5.08053 19.412 0.0244722
      vertex -5.14163 19.4961 0.066988
    endloop
  endfacet
  facet normal -0.123141 0.576989 -0.807415
    outer loop
      vertex -5.14163 19.4961 0.066988
      vertex -5.16776 19.5765 0.128428
      vertex -5.09935 19.5911 0.128428
    endloop
  endfacet
  facet normal 0.438201 0.394946 -0.807463
    outer loop
      vertex 5.26663 19.4053 0.066988
      vertex 5.23166 19.4441 0.066988
      vertex 5.33505 19.455 0.128428
    endloop
  endfacet
  facet normal 0.587557 0.809183 -0
    outer loop
      vertex 5.39894 19.6299 0.5
      vertex 5.31438 19.6913 15.5
      vertex 5.39894 19.6299 15.5
    endloop
  endfacet
  facet normal 0.587557 0.809183 0
    outer loop
      vertex 5.31438 19.6913 15.5
      vertex 5.39894 19.6299 0.5
      vertex 5.31438 19.6913 0.5
    endloop
  endfacet
  facet normal 0.154963 0.729045 -0.666693
    outer loop
      vertex 5.09935 19.5911 0.128428
      vertex 2.21557 20.2751 0.206108
      vertex 5.18938 19.643 0.206108
    endloop
  endfacet
  facet normal 0.154963 0.729045 -0.666693
    outer loop
      vertex 2.21557 20.2751 0.206108
      vertex 5.09935 19.5911 0.128428
      vertex 2.12554 20.2232 0.128428
    endloop
  endfacet
  facet normal -0.198774 0.0645879 -0.977915
    outer loop
      vertex -5.46618 18.519 0.0244722
      vertex -5.11212 19.2796 0.00273991
      vertex -5.37278 18.4774 0.00273991
    endloop
  endfacet
  facet normal -0.198757 0.0645799 -0.977919
    outer loop
      vertex -5.11212 19.2796 0.00273991
      vertex -5.46618 18.519 0.0244722
      vertex -5.20553 19.3212 0.0244722
    endloop
  endfacet
  facet normal -0.0434364 0.204353 -0.977933
    outer loop
      vertex -5.08053 19.412 0.0244722
      vertex -2.10672 19.9401 0.00273991
      vertex -5.08053 19.308 0.00273991
    endloop
  endfacet
  facet normal -0.0434364 0.204353 -0.977933
    outer loop
      vertex -2.10672 19.9401 0.00273991
      vertex -5.08053 19.412 0.0244722
      vertex -2.10672 20.0441 0.0244722
    endloop
  endfacet
  facet normal -0.708533 0.230216 -0.66707
    outer loop
      vertex -5.63067 18.5922 0.128428
      vertex -5.46005 19.3424 0.206108
      vertex -5.37002 19.3944 0.128428
    endloop
  endfacet
  facet normal -0.708412 0.230202 -0.667203
    outer loop
      vertex -5.46005 19.3424 0.206108
      vertex -5.63067 18.5922 0.128428
      vertex -5.69457 18.6207 0.206108
    endloop
  endfacet
  facet normal -0.155131 0.140001 -0.977924
    outer loop
      vertex -5.10666 19.2891 0.00273991
      vertex -5.16776 19.3732 0.0244722
      vertex -5.09935 19.2972 0.00273991
    endloop
  endfacet
  facet normal 0.644273 0.580462 0.497972
    outer loop
      vertex 5.43392 19.5268 15.7034
      vertex 5.33505 19.5589 15.7939
      vertex 5.39163 19.4961 15.7939
    endloop
  endfacet
  facet normal 0.861254 0.497483 0.103695
    outer loop
      vertex 5.52115 19.4617 15.5
      vertex 5.46005 19.5458 15.604
      vertex 5.51117 19.4573 15.604
    endloop
  endfacet
  facet normal 0.824888 0.267756 0.497863
    outer loop
      vertex 5.48166 19.4441 15.7034
      vertex 5.43392 19.4229 15.7939
      vertex 5.46005 19.3424 15.7939
    endloop
  endfacet
  facet normal 0.708579 0.230002 0.667095
    outer loop
      vertex 5.43392 19.4229 15.7939
      vertex 5.37002 19.3944 15.8716
      vertex 5.46005 19.3424 15.7939
    endloop
  endfacet
  facet normal 0.560757 0.182201 0.807684
    outer loop
      vertex 5.29276 19.36 15.933
      vertex 5.63067 18.5922 15.8716
      vertex 5.37002 19.3944 15.8716
    endloop
  endfacet
  facet normal 0.560796 0.18222 0.807653
    outer loop
      vertex 5.63067 18.5922 15.8716
      vertex 5.29276 19.36 15.933
      vertex 5.55342 18.5578 15.933
    endloop
  endfacet
  facet normal 0.0855669 0.191294 0.977796
    outer loop
      vertex 5.11212 19.4053 15.9755
      vertex 5.08053 19.308 15.9973
      vertex 5.14163 19.3921 15.9755
    endloop
  endfacet
  facet normal 0.239344 0.330903 0.912808
    outer loop
      vertex 5.18938 19.4748 15.933
      vertex 5.14163 19.3921 15.9755
      vertex 5.16776 19.3732 15.9755
    endloop
  endfacet
  facet normal 0.30356 0.273457 0.912728
    outer loop
      vertex 5.26663 19.4053 15.933
      vertex 5.16776 19.3732 15.9755
      vertex 5.18938 19.3492 15.9755
    endloop
  endfacet
  facet normal 0.166759 0.372809 0.912801
    outer loop
      vertex 5.18938 19.4748 15.933
      vertex 5.11212 19.4053 15.9755
      vertex 5.14163 19.3921 15.9755
    endloop
  endfacet
  facet normal 0.302617 0.680888 0.666945
    outer loop
      vertex 5.18938 19.643 15.7939
      vertex 5.16776 19.5765 15.8716
      vertex 5.23166 19.5481 15.8716
    endloop
  endfacet
  facet normal 0.510676 0.294692 0.807692
    outer loop
      vertex 5.33505 19.455 15.8716
      vertex 5.29276 19.36 15.933
      vertex 5.37002 19.3944 15.8716
    endloop
  endfacet
  facet normal 0.181559 0.104721 0.977788
    outer loop
      vertex 5.18938 19.3492 15.9755
      vertex 5.11212 19.2796 15.9973
      vertex 5.20553 19.3212 15.9755
    endloop
  endfacet
  facet normal -0.122954 0.169831 0.977773
    outer loop
      vertex -5.09051 19.3036 15.9973
      vertex -5.14163 19.3921 15.9755
      vertex -5.09935 19.2972 15.9973
    endloop
  endfacet
  facet normal -0.30352 0.273559 0.912711
    outer loop
      vertex -5.23166 19.4441 15.933
      vertex -5.26663 19.4053 15.933
      vertex -5.16776 19.3732 15.9755
    endloop
  endfacet
  facet normal 0.386633 0.869226 0.308157
    outer loop
      vertex 5.21551 19.7235 15.604
      vertex 5.20553 19.6927 15.7034
      vertex 5.29276 19.6539 15.7034
    endloop
  endfacet
  facet normal 0.352427 0.792324 0.498013
    outer loop
      vertex 5.20553 19.6927 15.7034
      vertex 5.18938 19.643 15.7939
      vertex 5.29276 19.6539 15.7034
    endloop
  endfacet
  facet normal 0.197816 0.930656 0.307811
    outer loop
      vertex 2.2417 20.3556 15.604
      vertex 5.11212 19.7126 15.7034
      vertex 5.21551 19.7235 15.604
    endloop
  endfacet
  facet normal 0.197816 0.930656 0.307811
    outer loop
      vertex 5.11212 19.7126 15.7034
      vertex 2.2417 20.3556 15.604
      vertex 2.13831 20.3447 15.7034
    endloop
  endfacet
  facet normal -0.645191 0.372316 0.667165
    outer loop
      vertex -5.33505 19.455 15.8716
      vertex -5.43392 19.4229 15.7939
      vertex -5.37002 19.3944 15.8716
    endloop
  endfacet
  facet normal -0.945923 0.307344 0.103775
    outer loop
      vertex -5.77182 18.6551 15.604
      vertex -5.55345 19.3623 15.5
      vertex -5.7818 18.6595 15.5
    endloop
  endfacet
  facet normal -0.945919 0.307347 0.103803
    outer loop
      vertex -5.55345 19.3623 15.5
      vertex -5.77182 18.6551 15.604
      vertex -5.51117 19.4573 15.604
    endloop
  endfacet
  facet normal -0.584661 0.804615 0.103762
    outer loop
      vertex -5.30892 19.6819 15.604
      vertex -5.39894 19.6299 15.5
      vertex -5.39163 19.6218 15.604
    endloop
  endfacet
  facet normal -0.584406 0.804843 0.103427
    outer loop
      vertex -5.31438 19.6913 15.5
      vertex -5.39894 19.6299 15.5
      vertex -5.30892 19.6819 15.604
    endloop
  endfacet
  facet normal -0.861254 0.497483 0.103695
    outer loop
      vertex -5.46005 19.5458 15.604
      vertex -5.52115 19.4617 15.5
      vertex -5.51117 19.4573 15.604
    endloop
  endfacet
  facet normal -0.644273 0.580462 0.497972
    outer loop
      vertex -5.33505 19.5589 15.7939
      vertex -5.43392 19.5268 15.7034
      vertex -5.39163 19.4961 15.7939
    endloop
  endfacet
  facet normal 0.751173 0.433628 -0.497701
    outer loop
      vertex 5.48166 19.4441 0.296632
      vertex 5.43392 19.4229 0.206108
      vertex 5.43392 19.5268 0.296632
    endloop
  endfacet
  facet normal 0.559365 0.769801 -0.307436
    outer loop
      vertex 5.37002 19.5978 0.296632
      vertex 5.30892 19.6819 0.396045
      vertex 5.39163 19.6218 0.396045
    endloop
  endfacet
  facet normal -0.346362 0.476902 0.807835
    outer loop
      vertex -5.23166 19.5481 15.8716
      vertex -5.28825 19.507 15.8716
      vertex -5.18938 19.4748 15.933
    endloop
  endfacet
  facet normal -0.43801 0.603089 0.666656
    outer loop
      vertex -5.23166 19.5481 15.8716
      vertex -5.33505 19.5589 15.7939
      vertex -5.28825 19.507 15.8716
    endloop
  endfacet
  facet normal -0.354009 0.2042 -0.912677
    outer loop
      vertex -5.20553 19.3212 0.0244722
      vertex -5.29276 19.36 0.066988
      vertex -5.26663 19.4053 0.066988
    endloop
  endfacet
  facet normal -0.510991 0.29475 -0.807472
    outer loop
      vertex -5.29276 19.36 0.066988
      vertex -5.33505 19.455 0.128428
      vertex -5.26663 19.4053 0.066988
    endloop
  endfacet
  facet normal -0.352721 0.792084 -0.498188
    outer loop
      vertex -5.26663 19.6086 0.206108
      vertex -5.29276 19.6539 0.296632
      vertex -5.18938 19.643 0.206108
    endloop
  endfacet
  facet normal -0.438201 0.394946 -0.807463
    outer loop
      vertex -5.26663 19.4053 0.066988
      vertex -5.33505 19.455 0.128428
      vertex -5.23166 19.4441 0.066988
    endloop
  endfacet
  facet normal -0.166491 0.373237 -0.912674
    outer loop
      vertex -5.11212 19.4053 0.0244722
      vertex -5.18938 19.4748 0.066988
      vertex -5.14163 19.4961 0.066988
    endloop
  endfacet
  facet normal -0.166811 0.372924 -0.912744
    outer loop
      vertex -5.14163 19.3921 0.0244722
      vertex -5.18938 19.4748 0.066988
      vertex -5.11212 19.4053 0.0244722
    endloop
  endfacet
  facet normal -0.750909 0.433825 -0.497927
    outer loop
      vertex -5.39163 19.4961 0.206108
      vertex -5.43392 19.4229 0.206108
      vertex -5.43392 19.5268 0.296632
    endloop
  endfacet
  facet normal -0.945915 0.307346 -0.103847
    outer loop
      vertex -5.77182 18.6551 0.396045
      vertex -5.55345 19.3623 0.5
      vertex -5.51117 19.4573 0.396045
    endloop
  endfacet
  facet normal -0.945919 0.307343 -0.10382
    outer loop
      vertex -5.55345 19.3623 0.5
      vertex -5.77182 18.6551 0.396045
      vertex -5.7818 18.6595 0.5
    endloop
  endfacet
  facet normal -0.904945 0.294034 -0.307601
    outer loop
      vertex -5.51117 19.3533 0.296632
      vertex -5.77182 18.6551 0.396045
      vertex -5.51117 19.4573 0.396045
    endloop
  endfacet
  facet normal -0.904929 0.294019 -0.307661
    outer loop
      vertex -5.77182 18.6551 0.396045
      vertex -5.51117 19.3533 0.296632
      vertex -5.74231 18.6419 0.296632
    endloop
  endfacet
  facet normal -0.644316 0.5805 -0.497873
    outer loop
      vertex -5.39163 19.4961 0.206108
      vertex -5.43392 19.5268 0.296632
      vertex -5.33505 19.5589 0.206108
    endloop
  endfacet
  facet normal -0.559365 0.769801 -0.307436
    outer loop
      vertex -5.37002 19.5978 0.296632
      vertex -5.39163 19.6218 0.396045
      vertex -5.30892 19.6819 0.396045
    endloop
  endfacet
  facet normal -0.707267 0.63654 -0.307557
    outer loop
      vertex -5.43392 19.5268 0.296632
      vertex -5.46005 19.5458 0.396045
      vertex -5.37002 19.5978 0.296632
    endloop
  endfacet
  facet normal 0.0853127 0.190726 -0.977929
    outer loop
      vertex 5.14163 19.3921 0.0244722
      vertex 5.08053 19.308 0.00273991
      vertex 5.11212 19.4053 0.0244722
    endloop
  endfacet
  facet normal 0.20624 0.972929 -0.104276
    outer loop
      vertex 2.2417 20.3556 0.396045
      vertex 2.14169 20.3768 0.396045
      vertex 2.14283 20.3877 0.5
    endloop
  endfacet
  facet normal 0.206782 0.972839 -0.104049
    outer loop
      vertex 5.21551 19.7235 0.396045
      vertex 2.24508 20.366 0.5
      vertex 5.21889 19.7339 0.5
    endloop
  endfacet
  facet normal 0.206782 0.972839 -0.104049
    outer loop
      vertex 2.24508 20.366 0.5
      vertex 5.21551 19.7235 0.396045
      vertex 2.2417 20.3556 0.396045
    endloop
  endfacet
  facet normal 0.166811 0.372924 -0.912744
    outer loop
      vertex 5.14163 19.3921 0.0244722
      vertex 5.11212 19.4053 0.0244722
      vertex 5.18938 19.4748 0.066988
    endloop
  endfacet
  facet normal 0 0.408493 -0.912762
    outer loop
      vertex -2.10672 20.0441 0.0244722
      vertex 2.1167 20.1391 0.066988
      vertex 2.10672 20.0441 0.0244722
    endloop
  endfacet
  facet normal 0 0.408493 -0.912762
    outer loop
      vertex 2.1167 20.1391 0.066988
      vertex -2.10672 20.0441 0.0244722
      vertex -2.1167 20.1391 0.066988
    endloop
  endfacet
  facet normal 0 0.867119 -0.498102
    outer loop
      vertex 2.13285 20.2927 0.206108
      vertex -2.13831 20.3447 0.296632
      vertex 2.13831 20.3447 0.296632
    endloop
  endfacet
  facet normal 0 0.867119 -0.498102
    outer loop
      vertex -2.13831 20.3447 0.296632
      vertex 2.13285 20.2927 0.206108
      vertex -2.13285 20.2927 0.206108
    endloop
  endfacet
  facet normal -0.197337 0.930927 -0.307301
    outer loop
      vertex -2.13831 20.3447 0.296632
      vertex -2.2417 20.3556 0.396045
      vertex -2.14169 20.3768 0.396045
    endloop
  endfacet
  facet normal -0.122616 0.576865 -0.807584
    outer loop
      vertex -2.16782 20.1282 0.066988
      vertex -5.09935 19.5911 0.128428
      vertex -2.12554 20.2232 0.128428
    endloop
  endfacet
  facet normal -0.122616 0.576865 -0.807584
    outer loop
      vertex -5.09935 19.5911 0.128428
      vertex -2.16782 20.1282 0.066988
      vertex -5.14163 19.4961 0.066988
    endloop
  endfacet
  facet normal -0.180698 0.848191 -0.497916
    outer loop
      vertex -5.18938 19.643 0.206108
      vertex -5.20553 19.6927 0.296632
      vertex -5.11212 19.7126 0.296632
    endloop
  endfacet
  facet normal -0.198223 0.930451 -0.30817
    outer loop
      vertex -5.20553 19.6927 0.296632
      vertex -5.21551 19.7235 0.396045
      vertex -5.11212 19.7126 0.296632
    endloop
  endfacet
  facet normal -0.55905 0.769915 -0.307725
    outer loop
      vertex -5.29276 19.6539 0.296632
      vertex -5.37002 19.5978 0.296632
      vertex -5.30892 19.6819 0.396045
    endloop
  endfacet
  facet normal -0.387086 0.869176 -0.307729
    outer loop
      vertex -5.29276 19.6539 0.296632
      vertex -5.30892 19.6819 0.396045
      vertex -5.21551 19.7235 0.396045
    endloop
  endfacet
  facet normal 0.644316 0.5805 -0.497873
    outer loop
      vertex 5.39163 19.4961 0.206108
      vertex 5.33505 19.5589 0.206108
      vertex 5.43392 19.5268 0.296632
    endloop
  endfacet
  facet normal 0.387086 0.869176 -0.307729
    outer loop
      vertex 5.29276 19.6539 0.296632
      vertex 5.21551 19.7235 0.396045
      vertex 5.30892 19.6819 0.396045
    endloop
  endfacet
  facet normal 0.0843805 0.19139 -0.97788
    outer loop
      vertex 5.09051 19.3036 0.00273991
      vertex 5.08053 19.308 0.00273991
      vertex 5.14163 19.3921 0.0244722
    endloop
  endfacet
  facet normal 0.122503 0.169366 -0.97791
    outer loop
      vertex 5.16776 19.3732 0.0244722
      vertex 5.09935 19.2972 0.00273991
      vertex 5.14163 19.3921 0.0244722
    endloop
  endfacet
  facet normal -0.122589 0.169326 -0.977906
    outer loop
      vertex -5.09935 19.2972 0.00273991
      vertex -5.14163 19.3921 0.0244722
      vertex -5.09051 19.3036 0.00273991
    endloop
  endfacet
  facet normal -0.24019 0.330789 -0.912627
    outer loop
      vertex -5.16776 19.3732 0.0244722
      vertex -5.23166 19.4441 0.066988
      vertex -5.18938 19.4748 0.066988
    endloop
  endfacet
  facet normal -0.181237 0.104164 -0.977907
    outer loop
      vertex -5.11212 19.2796 0.00273991
      vertex -5.18938 19.3492 0.0244722
      vertex -5.10666 19.2891 0.00273991
    endloop
  endfacet
  facet normal 0.951058 0.309013 0
    outer loop
      vertex 5.7818 18.6595 15.5
      vertex 5.55345 19.3623 0.5
      vertex 5.55345 19.3623 15.5
    endloop
  endfacet
  facet normal 0.951058 0.309013 0
    outer loop
      vertex 5.55345 19.3623 0.5
      vertex 5.7818 18.6595 15.5
      vertex 5.7818 18.6595 0.5
    endloop
  endfacet
  facet normal 0.861305 0.497368 0.103818
    outer loop
      vertex 5.46889 19.5522 15.5
      vertex 5.46005 19.5458 15.604
      vertex 5.52115 19.4617 15.5
    endloop
  endfacet
  facet normal 0.945919 0.307347 0.103803
    outer loop
      vertex 5.77182 18.6551 15.604
      vertex 5.55345 19.3623 15.5
      vertex 5.51117 19.4573 15.604
    endloop
  endfacet
  facet normal 0.945923 0.307344 0.103775
    outer loop
      vertex 5.55345 19.3623 15.5
      vertex 5.77182 18.6551 15.604
      vertex 5.7818 18.6595 15.5
    endloop
  endfacet
  facet normal 0.945913 0.307374 0.103776
    outer loop
      vertex 5.52115 19.4617 15.5
      vertex 5.51117 19.4573 15.604
      vertex 5.55345 19.3623 15.5
    endloop
  endfacet
  facet normal 0.553989 0.49859 0.666712
    outer loop
      vertex 5.33505 19.5589 15.7939
      vertex 5.28825 19.507 15.8716
      vertex 5.33505 19.455 15.8716
    endloop
  endfacet
  facet normal 0.553581 0.498752 0.666929
    outer loop
      vertex 5.33505 19.5589 15.7939
      vertex 5.33505 19.455 15.8716
      vertex 5.39163 19.4961 15.7939
    endloop
  endfacet
  facet normal 0.824681 0.267946 0.498103
    outer loop
      vertex 5.46005 19.3424 15.7939
      vertex 5.74231 18.6419 15.7034
      vertex 5.51117 19.3533 15.7034
    endloop
  endfacet
  facet normal 0.824794 0.268021 0.497875
    outer loop
      vertex 5.74231 18.6419 15.7034
      vertex 5.46005 19.3424 15.7939
      vertex 5.69457 18.6207 15.7939
    endloop
  endfacet
  facet normal 0.239382 0.538609 0.807835
    outer loop
      vertex 5.23166 19.5481 15.8716
      vertex 5.16776 19.5765 15.8716
      vertex 5.18938 19.4748 15.933
    endloop
  endfacet
  facet normal 0.240268 0.53863 0.807558
    outer loop
      vertex 5.16776 19.5765 15.8716
      vertex 5.14163 19.4961 15.933
      vertex 5.18938 19.4748 15.933
    endloop
  endfacet
  facet normal 0.645164 0.372732 0.666959
    outer loop
      vertex 5.39163 19.4961 15.7939
      vertex 5.33505 19.455 15.8716
      vertex 5.43392 19.4229 15.7939
    endloop
  endfacet
  facet normal 0.509393 0.701528 0.498375
    outer loop
      vertex 5.37002 19.5978 15.7034
      vertex 5.29276 19.6539 15.7034
      vertex 5.33505 19.5589 15.7939
    endloop
  endfacet
  facet normal 0.50956 0.70149 0.498257
    outer loop
      vertex 5.29276 19.6539 15.7034
      vertex 5.26663 19.6086 15.7939
      vertex 5.33505 19.5589 15.7939
    endloop
  endfacet
  facet normal 0.303215 0.680912 0.666648
    outer loop
      vertex 5.26663 19.6086 15.7939
      vertex 5.18938 19.643 15.7939
      vertex 5.23166 19.5481 15.8716
    endloop
  endfacet
  facet normal 0.122954 0.169831 0.977773
    outer loop
      vertex 5.14163 19.3921 15.9755
      vertex 5.09051 19.3036 15.9973
      vertex 5.09935 19.2972 15.9973
    endloop
  endfacet
  facet normal 0.584406 0.804843 0.103427
    outer loop
      vertex 5.31438 19.6913 15.5
      vertex 5.30892 19.6819 15.604
      vertex 5.39894 19.6299 15.5
    endloop
  endfacet
  facet normal 0.404649 0.908611 0.103369
    outer loop
      vertex 5.31438 19.6913 15.5
      vertex 5.21551 19.7235 15.604
      vertex 5.30892 19.6819 15.604
    endloop
  endfacet
  facet normal 0.155131 0.140001 -0.977924
    outer loop
      vertex 5.10666 19.2891 0.00273991
      vertex 5.09935 19.2972 0.00273991
      vertex 5.16776 19.3732 0.0244722
    endloop
  endfacet
  facet normal 0.945909 0.307373 -0.10382
    outer loop
      vertex 5.55345 19.3623 0.5
      vertex 5.51117 19.4573 0.396045
      vertex 5.52115 19.4617 0.5
    endloop
  endfacet
  facet normal 0.708498 0.229976 -0.66719
    outer loop
      vertex 5.46005 19.3424 0.206108
      vertex 5.37002 19.3944 0.128428
      vertex 5.43392 19.4229 0.206108
    endloop
  endfacet
  facet normal 0.824942 0.267773 -0.497763
    outer loop
      vertex 5.46005 19.3424 0.206108
      vertex 5.43392 19.4229 0.206108
      vertex 5.48166 19.4441 0.296632
    endloop
  endfacet
  facet normal 0.561034 0.182298 -0.80747
    outer loop
      vertex 5.29276 19.36 0.066988
      vertex 5.63067 18.5922 0.128428
      vertex 5.55342 18.5578 0.066988
    endloop
  endfacet
  facet normal 0.560996 0.182278 -0.807501
    outer loop
      vertex 5.63067 18.5922 0.128428
      vertex 5.29276 19.36 0.066988
      vertex 5.37002 19.3944 0.128428
    endloop
  endfacet
  facet normal -0.509593 0.701536 -0.498158
    outer loop
      vertex -5.26663 19.6086 0.206108
      vertex -5.33505 19.5589 0.206108
      vertex -5.29276 19.6539 0.296632
    endloop
  endfacet
  facet normal -0.302582 0.68081 -0.66704
    outer loop
      vertex -5.16776 19.5765 0.128428
      vertex -5.23166 19.5481 0.128428
      vertex -5.18938 19.643 0.206108
    endloop
  endfacet
  facet normal -0.510893 0.294818 -0.807509
    outer loop
      vertex -5.29276 19.36 0.066988
      vertex -5.37002 19.3944 0.128428
      vertex -5.33505 19.455 0.128428
    endloop
  endfacet
  facet normal -0.86125 0.497481 -0.103739
    outer loop
      vertex -5.51117 19.4573 0.396045
      vertex -5.52115 19.4617 0.5
      vertex -5.46005 19.5458 0.396045
    endloop
  endfacet
  facet normal -0.945913 0.307374 0.103776
    outer loop
      vertex -5.52115 19.4617 15.5
      vertex -5.55345 19.3623 15.5
      vertex -5.51117 19.4573 15.604
    endloop
  endfacet
  facet normal -0.824942 0.267773 -0.497763
    outer loop
      vertex -5.46005 19.3424 0.206108
      vertex -5.48166 19.4441 0.296632
      vertex -5.43392 19.4229 0.206108
    endloop
  endfacet
  facet normal -0.824735 0.267964 -0.498003
    outer loop
      vertex -5.46005 19.3424 0.206108
      vertex -5.74231 18.6419 0.296632
      vertex -5.51117 19.3533 0.296632
    endloop
  endfacet
  facet normal -0.824848 0.268039 -0.497776
    outer loop
      vertex -5.74231 18.6419 0.296632
      vertex -5.46005 19.3424 0.206108
      vertex -5.69457 18.6207 0.206108
    endloop
  endfacet
  facet normal 0 0.994548 -0.104281
    outer loop
      vertex 2.14169 20.3768 0.396045
      vertex -2.14283 20.3877 0.5
      vertex 2.14283 20.3877 0.5
    endloop
  endfacet
  facet normal 0 0.994548 -0.104281
    outer loop
      vertex -2.14283 20.3877 0.5
      vertex 2.14169 20.3768 0.396045
      vertex -2.14169 20.3768 0.396045
    endloop
  endfacet
  facet normal 0.438335 0.394501 -0.807609
    outer loop
      vertex 5.33505 19.455 0.128428
      vertex 5.23166 19.4441 0.066988
      vertex 5.28825 19.507 0.128428
    endloop
  endfacet
  facet normal 0.645117 0.372273 -0.66726
    outer loop
      vertex 5.37002 19.3944 0.128428
      vertex 5.33505 19.455 0.128428
      vertex 5.43392 19.4229 0.206108
    endloop
  endfacet
  facet normal 0 0.745256 -0.666778
    outer loop
      vertex 2.12554 20.2232 0.128428
      vertex -2.13285 20.2927 0.206108
      vertex 2.13285 20.2927 0.206108
    endloop
  endfacet
  facet normal 0 0.745256 -0.666778
    outer loop
      vertex -2.13285 20.2927 0.206108
      vertex 2.12554 20.2232 0.128428
      vertex -2.12554 20.2232 0.128428
    endloop
  endfacet
  facet normal -0.18102 0.10441 -0.977922
    outer loop
      vertex -5.11212 19.2796 0.00273991
      vertex -5.20553 19.3212 0.0244722
      vertex -5.18938 19.3492 0.0244722
    endloop
  endfacet
  facet normal -0.239418 0.331005 -0.912751
    outer loop
      vertex -5.16776 19.3732 0.0244722
      vertex -5.18938 19.4748 0.066988
      vertex -5.14163 19.3921 0.0244722
    endloop
  endfacet
  facet normal -0.43796 0.60302 -0.666752
    outer loop
      vertex -5.28825 19.507 0.128428
      vertex -5.33505 19.5589 0.206108
      vertex -5.23166 19.5481 0.128428
    endloop
  endfacet
  facet normal -0.34651 0.477104 -0.807653
    outer loop
      vertex -5.18938 19.4748 0.066988
      vertex -5.28825 19.507 0.128428
      vertex -5.23166 19.5481 0.128428
    endloop
  endfacet
  facet normal 0.82401 0.475674 0.307801
    outer loop
      vertex 5.51117 19.4573 15.604
      vertex 5.43392 19.5268 15.7034
      vertex 5.48166 19.4441 15.7034
    endloop
  endfacet
  facet normal 0.751124 0.433599 0.4978
    outer loop
      vertex 5.43392 19.5268 15.7034
      vertex 5.43392 19.4229 15.7939
      vertex 5.48166 19.4441 15.7034
    endloop
  endfacet
  facet normal 0.43804 0.603032 0.666688
    outer loop
      vertex 5.26663 19.6086 15.7939
      vertex 5.23166 19.5481 15.8716
      vertex 5.33505 19.5589 15.7939
    endloop
  endfacet
  facet normal 0.43801 0.603089 0.666656
    outer loop
      vertex 5.33505 19.5589 15.7939
      vertex 5.23166 19.5481 15.8716
      vertex 5.28825 19.507 15.8716
    endloop
  endfacet
  facet normal 0.510774 0.294625 0.807655
    outer loop
      vertex 5.33505 19.455 15.8716
      vertex 5.26663 19.4053 15.933
      vertex 5.29276 19.36 15.933
    endloop
  endfacet
  facet normal 0.30352 0.273559 0.912711
    outer loop
      vertex 5.23166 19.4441 15.933
      vertex 5.16776 19.3732 15.9755
      vertex 5.26663 19.4053 15.933
    endloop
  endfacet
  facet normal 0.155593 0.140418 0.97779
    outer loop
      vertex 5.16776 19.3732 15.9755
      vertex 5.09935 19.2972 15.9973
      vertex 5.10666 19.2891 15.9973
    endloop
  endfacet
  facet normal 0.155748 0.140303 0.977782
    outer loop
      vertex 5.16776 19.3732 15.9755
      vertex 5.10666 19.2891 15.9973
      vertex 5.18938 19.3492 15.9755
    endloop
  endfacet
  facet normal 0.407416 0.913243 -0
    outer loop
      vertex 5.31438 19.6913 0.5
      vertex 5.21889 19.7339 15.5
      vertex 5.31438 19.6913 15.5
    endloop
  endfacet
  facet normal 0.407416 0.913243 0
    outer loop
      vertex 5.21889 19.7339 15.5
      vertex 5.31438 19.6913 0.5
      vertex 5.21889 19.7339 0.5
    endloop
  endfacet
  facet normal 0.739183 0.66546 0.103785
    outer loop
      vertex 5.39894 19.6299 15.5
      vertex 5.39163 19.6218 15.604
      vertex 5.46005 19.5458 15.604
    endloop
  endfacet
  facet normal 0.584661 0.804615 0.103762
    outer loop
      vertex 5.39894 19.6299 15.5
      vertex 5.30892 19.6819 15.604
      vertex 5.39163 19.6218 15.604
    endloop
  endfacet
  facet normal -0.510676 0.294692 0.807692
    outer loop
      vertex -5.33505 19.455 15.8716
      vertex -5.37002 19.3944 15.8716
      vertex -5.29276 19.36 15.933
    endloop
  endfacet
  facet normal -0.644433 0.57999 0.498314
    outer loop
      vertex -5.37002 19.5978 15.7034
      vertex -5.43392 19.5268 15.7034
      vertex -5.33505 19.5589 15.7939
    endloop
  endfacet
  facet normal -0.708579 0.230002 0.667095
    outer loop
      vertex -5.43392 19.4229 15.7939
      vertex -5.46005 19.3424 15.7939
      vertex -5.37002 19.3944 15.8716
    endloop
  endfacet
  facet normal -0.823946 0.475934 0.30757
    outer loop
      vertex -5.46005 19.5458 15.604
      vertex -5.51117 19.4573 15.604
      vertex -5.43392 19.5268 15.7034
    endloop
  endfacet
  facet normal -0.945909 0.307373 -0.10382
    outer loop
      vertex -5.51117 19.4573 0.396045
      vertex -5.55345 19.3623 0.5
      vertex -5.52115 19.4617 0.5
    endloop
  endfacet
  facet normal 0.904904 0.294094 -0.307664
    outer loop
      vertex 5.51117 19.3533 0.296632
      vertex 5.48166 19.4441 0.296632
      vertex 5.51117 19.4573 0.396045
    endloop
  endfacet
  facet normal 0.509593 0.701536 -0.498158
    outer loop
      vertex 5.33505 19.5589 0.206108
      vertex 5.26663 19.6086 0.206108
      vertex 5.29276 19.6539 0.296632
    endloop
  endfacet
  facet normal 0.904945 0.294034 -0.307601
    outer loop
      vertex 5.77182 18.6551 0.396045
      vertex 5.51117 19.3533 0.296632
      vertex 5.51117 19.4573 0.396045
    endloop
  endfacet
  facet normal 0.904929 0.294019 -0.307661
    outer loop
      vertex 5.51117 19.3533 0.296632
      vertex 5.77182 18.6551 0.396045
      vertex 5.74231 18.6419 0.296632
    endloop
  endfacet
  facet normal 0.584403 0.804839 -0.103471
    outer loop
      vertex 5.39894 19.6299 0.5
      vertex 5.30892 19.6819 0.396045
      vertex 5.31438 19.6913 0.5
    endloop
  endfacet
  facet normal 0.824715 0.268032 -0.498
    outer loop
      vertex 5.51117 19.3533 0.296632
      vertex 5.46005 19.3424 0.206108
      vertex 5.48166 19.4441 0.296632
    endloop
  endfacet
  facet normal -0.30318 0.680834 -0.666744
    outer loop
      vertex -5.23166 19.5481 0.128428
      vertex -5.26663 19.6086 0.206108
      vertex -5.18938 19.643 0.206108
    endloop
  endfacet
  facet normal -0.43799 0.602963 -0.666784
    outer loop
      vertex -5.23166 19.5481 0.128428
      vertex -5.33505 19.5589 0.206108
      vertex -5.26663 19.6086 0.206108
    endloop
  endfacet
  facet normal -0.82402 0.47568 -0.307765
    outer loop
      vertex -5.48166 19.4441 0.296632
      vertex -5.51117 19.4573 0.396045
      vertex -5.43392 19.5268 0.296632
    endloop
  endfacet
  facet normal -0.645117 0.372273 -0.66726
    outer loop
      vertex -5.37002 19.3944 0.128428
      vertex -5.43392 19.4229 0.206108
      vertex -5.33505 19.455 0.128428
    endloop
  endfacet
  facet normal -0.951058 0.309013 0
    outer loop
      vertex -5.7818 18.6595 0.5
      vertex -5.55345 19.3623 15.5
      vertex -5.55345 19.3623 0.5
    endloop
  endfacet
  facet normal -0.951058 0.309013 0
    outer loop
      vertex -5.55345 19.3623 15.5
      vertex -5.7818 18.6595 0.5
      vertex -5.7818 18.6595 15.5
    endloop
  endfacet
  facet normal -0.861301 0.497366 -0.103863
    outer loop
      vertex -5.46005 19.5458 0.396045
      vertex -5.52115 19.4617 0.5
      vertex -5.46889 19.5522 0.5
    endloop
  endfacet
  facet normal -0.644476 0.580028 -0.498215
    outer loop
      vertex -5.33505 19.5589 0.206108
      vertex -5.43392 19.5268 0.296632
      vertex -5.37002 19.5978 0.296632
    endloop
  endfacet
  facet normal 0.510893 0.294818 -0.807509
    outer loop
      vertex 5.37002 19.3944 0.128428
      vertex 5.29276 19.36 0.066988
      vertex 5.33505 19.455 0.128428
    endloop
  endfacet
  facet normal 0.166491 0.373237 -0.912674
    outer loop
      vertex 5.18938 19.4748 0.066988
      vertex 5.11212 19.4053 0.0244722
      vertex 5.14163 19.4961 0.066988
    endloop
  endfacet
  facet normal 0.24019 0.330789 -0.912627
    outer loop
      vertex 5.23166 19.4441 0.066988
      vertex 5.16776 19.3732 0.0244722
      vertex 5.18938 19.4748 0.066988
    endloop
  endfacet
  facet normal 0.239418 0.331005 -0.912751
    outer loop
      vertex 5.16776 19.3732 0.0244722
      vertex 5.14163 19.3921 0.0244722
      vertex 5.18938 19.4748 0.066988
    endloop
  endfacet
  facet normal 0.155501 0.728619 -0.667033
    outer loop
      vertex 5.16776 19.5765 0.128428
      vertex 5.09935 19.5911 0.128428
      vertex 5.18938 19.643 0.206108
    endloop
  endfacet
  facet normal -0.303614 0.273643 -0.912654
    outer loop
      vertex -5.16776 19.3732 0.0244722
      vertex -5.26663 19.4053 0.066988
      vertex -5.23166 19.4441 0.066988
    endloop
  endfacet
  facet normal -0.155285 0.139886 -0.977915
    outer loop
      vertex -5.10666 19.2891 0.00273991
      vertex -5.18938 19.3492 0.0244722
      vertex -5.16776 19.3732 0.0244722
    endloop
  endfacet
  facet normal -0.388636 0.126275 -0.912698
    outer loop
      vertex -5.55342 18.5578 0.066988
      vertex -5.20553 19.3212 0.0244722
      vertex -5.46618 18.519 0.0244722
    endloop
  endfacet
  facet normal -0.388666 0.12629 -0.912682
    outer loop
      vertex -5.20553 19.3212 0.0244722
      vertex -5.55342 18.5578 0.066988
      vertex -5.29276 19.36 0.066988
    endloop
  endfacet
  facet normal -0.438335 0.394501 -0.807609
    outer loop
      vertex -5.23166 19.4441 0.066988
      vertex -5.33505 19.455 0.128428
      vertex -5.28825 19.507 0.128428
    endloop
  endfacet
  facet normal -0.553925 0.498533 -0.666807
    outer loop
      vertex -5.28825 19.507 0.128428
      vertex -5.33505 19.455 0.128428
      vertex -5.33505 19.5589 0.206108
    endloop
  endfacet
  facet normal 0.824661 0.268015 0.4981
    outer loop
      vertex 5.48166 19.4441 15.7034
      vertex 5.46005 19.3424 15.7939
      vertex 5.51117 19.3533 15.7034
    endloop
  endfacet
  facet normal 0.904893 0.29409 0.3077
    outer loop
      vertex 5.51117 19.4573 15.604
      vertex 5.48166 19.4441 15.7034
      vertex 5.51117 19.3533 15.7034
    endloop
  endfacet
  facet normal 0.438015 0.394778 0.807646
    outer loop
      vertex 5.33505 19.455 15.8716
      vertex 5.23166 19.4441 15.933
      vertex 5.26663 19.4053 15.933
    endloop
  endfacet
  facet normal 0.438148 0.394334 0.807791
    outer loop
      vertex 5.28825 19.507 15.8716
      vertex 5.23166 19.4441 15.933
      vertex 5.33505 19.455 15.8716
    endloop
  endfacet
  facet normal -0.199349 0.0647723 0.977786
    outer loop
      vertex -5.46618 18.519 15.9755
      vertex -5.11212 19.2796 15.9973
      vertex -5.20553 19.3212 15.9755
    endloop
  endfacet
  facet normal -0.199366 0.0647803 0.977782
    outer loop
      vertex -5.11212 19.2796 15.9973
      vertex -5.46618 18.519 15.9755
      vertex -5.37278 18.4774 15.9973
    endloop
  endfacet
  facet normal -0.388546 0.126251 0.912739
    outer loop
      vertex -5.55342 18.5578 15.933
      vertex -5.20553 19.3212 15.9755
      vertex -5.29276 19.36 15.933
    endloop
  endfacet
  facet normal -0.388516 0.126236 0.912754
    outer loop
      vertex -5.20553 19.3212 15.9755
      vertex -5.55342 18.5578 15.933
      vertex -5.46618 18.519 15.9755
    endloop
  endfacet
  facet normal -0.3539 0.204137 0.912734
    outer loop
      vertex -5.26663 19.4053 15.933
      vertex -5.29276 19.36 15.933
      vertex -5.20553 19.3212 15.9755
    endloop
  endfacet
  facet normal -0.75086 0.433796 0.498027
    outer loop
      vertex -5.43392 19.5268 15.7034
      vertex -5.43392 19.4229 15.7939
      vertex -5.39163 19.4961 15.7939
    endloop
  endfacet
  facet normal -0.751124 0.433599 0.4978
    outer loop
      vertex -5.43392 19.5268 15.7034
      vertex -5.48166 19.4441 15.7034
      vertex -5.43392 19.4229 15.7939
    endloop
  endfacet
  facet normal -0.904934 0.29403 0.307637
    outer loop
      vertex -5.77182 18.6551 15.604
      vertex -5.51117 19.3533 15.7034
      vertex -5.51117 19.4573 15.604
    endloop
  endfacet
  facet normal -0.904918 0.294016 0.307698
    outer loop
      vertex -5.51117 19.3533 15.7034
      vertex -5.77182 18.6551 15.604
      vertex -5.74231 18.6419 15.7034
    endloop
  endfacet
  facet normal -0.82401 0.475674 0.307801
    outer loop
      vertex -5.43392 19.5268 15.7034
      vertex -5.51117 19.4573 15.604
      vertex -5.48166 19.4441 15.7034
    endloop
  endfacet
  facet normal -0.904893 0.29409 0.3077
    outer loop
      vertex -5.51117 19.4573 15.604
      vertex -5.51117 19.3533 15.7034
      vertex -5.48166 19.4441 15.7034
    endloop
  endfacet
  facet normal 0.824735 0.267964 -0.498003
    outer loop
      vertex 5.74231 18.6419 0.296632
      vertex 5.46005 19.3424 0.206108
      vertex 5.51117 19.3533 0.296632
    endloop
  endfacet
  facet normal 0.824848 0.268039 -0.497776
    outer loop
      vertex 5.46005 19.3424 0.206108
      vertex 5.74231 18.6419 0.296632
      vertex 5.69457 18.6207 0.206108
    endloop
  endfacet
  facet normal 0.64509 0.372689 -0.667054
    outer loop
      vertex 5.43392 19.4229 0.206108
      vertex 5.33505 19.455 0.128428
      vertex 5.39163 19.4961 0.206108
    endloop
  endfacet
  facet normal 0.73918 0.665457 -0.10383
    outer loop
      vertex 5.46005 19.5458 0.396045
      vertex 5.39163 19.6218 0.396045
      vertex 5.39894 19.6299 0.5
    endloop
  endfacet
  facet normal 0.739182 0.665454 -0.103826
    outer loop
      vertex 5.46005 19.5458 0.396045
      vertex 5.39894 19.6299 0.5
      vertex 5.46889 19.5522 0.5
    endloop
  endfacet
  facet normal 0.861301 0.497366 -0.103863
    outer loop
      vertex 5.52115 19.4617 0.5
      vertex 5.46005 19.5458 0.396045
      vertex 5.46889 19.5522 0.5
    endloop
  endfacet
  facet normal 0.197819 0.930668 -0.307774
    outer loop
      vertex 5.11212 19.7126 0.296632
      vertex 2.2417 20.3556 0.396045
      vertex 5.21551 19.7235 0.396045
    endloop
  endfacet
  facet normal 0.197819 0.930668 -0.307774
    outer loop
      vertex 2.2417 20.3556 0.396045
      vertex 5.11212 19.7126 0.296632
      vertex 2.13831 20.3447 0.296632
    endloop
  endfacet
  facet normal -0.904904 0.294094 -0.307664
    outer loop
      vertex -5.48166 19.4441 0.296632
      vertex -5.51117 19.3533 0.296632
      vertex -5.51117 19.4573 0.396045
    endloop
  endfacet
  facet normal -0.824715 0.268032 -0.498
    outer loop
      vertex -5.46005 19.3424 0.206108
      vertex -5.51117 19.3533 0.296632
      vertex -5.48166 19.4441 0.296632
    endloop
  endfacet
  facet normal -0.64509 0.372689 -0.667054
    outer loop
      vertex -5.33505 19.455 0.128428
      vertex -5.43392 19.4229 0.206108
      vertex -5.39163 19.4961 0.206108
    endloop
  endfacet
  facet normal -0.708498 0.229976 -0.66719
    outer loop
      vertex -5.37002 19.3944 0.128428
      vertex -5.46005 19.3424 0.206108
      vertex -5.43392 19.4229 0.206108
    endloop
  endfacet
  facet normal 0.198774 0.0645879 -0.977915
    outer loop
      vertex 5.11212 19.2796 0.00273991
      vertex 5.46618 18.519 0.0244722
      vertex 5.37278 18.4774 0.00273991
    endloop
  endfacet
  facet normal 0.198757 0.0645799 -0.977919
    outer loop
      vertex 5.46618 18.519 0.0244722
      vertex 5.11212 19.2796 0.00273991
      vertex 5.20553 19.3212 0.0244722
    endloop
  endfacet
  facet normal 0.303654 0.273542 -0.912671
    outer loop
      vertex 5.18938 19.3492 0.0244722
      vertex 5.16776 19.3732 0.0244722
      vertex 5.26663 19.4053 0.066988
    endloop
  endfacet
  facet normal 0.354018 0.204193 -0.912675
    outer loop
      vertex 5.20553 19.3212 0.0244722
      vertex 5.18938 19.3492 0.0244722
      vertex 5.26663 19.4053 0.066988
    endloop
  endfacet
  facet normal 0.155285 0.139886 -0.977915
    outer loop
      vertex 5.18938 19.3492 0.0244722
      vertex 5.10666 19.2891 0.00273991
      vertex 5.16776 19.3732 0.0244722
    endloop
  endfacet
  facet normal 0.24037 0.538858 -0.807375
    outer loop
      vertex 5.18938 19.4748 0.066988
      vertex 5.14163 19.4961 0.066988
      vertex 5.16776 19.5765 0.128428
    endloop
  endfacet
  facet normal 0.0433419 0.204354 -0.977937
    outer loop
      vertex 5.11212 19.4053 0.0244722
      vertex 5.08053 19.308 0.00273991
      vertex 5.08053 19.412 0.0244722
    endloop
  endfacet
  facet normal 0.123022 0.576961 -0.807454
    outer loop
      vertex 2.16782 20.1282 0.066988
      vertex 2.1167 20.1391 0.066988
      vertex 2.12554 20.2232 0.128428
    endloop
  endfacet
  facet normal 0.0849557 0.399687 -0.912706
    outer loop
      vertex 5.08053 19.412 0.0244722
      vertex 2.16782 20.1282 0.066988
      vertex 5.14163 19.4961 0.066988
    endloop
  endfacet
  facet normal 0.0849557 0.399687 -0.912706
    outer loop
      vertex 2.16782 20.1282 0.066988
      vertex 5.08053 19.412 0.0244722
      vertex 2.10672 20.0441 0.0244722
    endloop
  endfacet
  facet normal -0.561034 0.182298 -0.80747
    outer loop
      vertex -5.63067 18.5922 0.128428
      vertex -5.29276 19.36 0.066988
      vertex -5.55342 18.5578 0.066988
    endloop
  endfacet
  facet normal -0.560996 0.182278 -0.807501
    outer loop
      vertex -5.29276 19.36 0.066988
      vertex -5.63067 18.5922 0.128428
      vertex -5.37002 19.3944 0.128428
    endloop
  endfacet
  facet normal -0.303654 0.273542 -0.912671
    outer loop
      vertex -5.18938 19.3492 0.0244722
      vertex -5.26663 19.4053 0.066988
      vertex -5.16776 19.3732 0.0244722
    endloop
  endfacet
  facet normal -0.354018 0.204193 -0.912675
    outer loop
      vertex -5.20553 19.3212 0.0244722
      vertex -5.26663 19.4053 0.066988
      vertex -5.18938 19.3492 0.0244722
    endloop
  endfacet
  facet normal -0.510774 0.294625 0.807655
    outer loop
      vertex -5.26663 19.4053 15.933
      vertex -5.33505 19.455 15.8716
      vertex -5.29276 19.36 15.933
    endloop
  endfacet
  facet normal -0.30356 0.273457 0.912728
    outer loop
      vertex -5.16776 19.3732 15.9755
      vertex -5.26663 19.4053 15.933
      vertex -5.18938 19.3492 15.9755
    endloop
  endfacet
  facet normal -0.824888 0.267756 0.497863
    outer loop
      vertex -5.43392 19.4229 15.7939
      vertex -5.48166 19.4441 15.7034
      vertex -5.46005 19.3424 15.7939
    endloop
  endfacet
  facet normal -0.824661 0.268015 0.4981
    outer loop
      vertex -5.48166 19.4441 15.7034
      vertex -5.51117 19.3533 15.7034
      vertex -5.46005 19.3424 15.7939
    endloop
  endfacet
  facet normal -0.645164 0.372732 0.666959
    outer loop
      vertex -5.39163 19.4961 15.7939
      vertex -5.43392 19.4229 15.7939
      vertex -5.33505 19.455 15.8716
    endloop
  endfacet
  facet normal -0.553581 0.498752 0.666929
    outer loop
      vertex -5.33505 19.5589 15.7939
      vertex -5.39163 19.4961 15.7939
      vertex -5.33505 19.455 15.8716
    endloop
  endfacet
  facet normal 0.180698 0.848191 -0.497916
    outer loop
      vertex 5.18938 19.643 0.206108
      vertex 5.11212 19.7126 0.296632
      vertex 5.20553 19.6927 0.296632
    endloop
  endfacet
  facet normal 0.386638 0.869237 -0.30812
    outer loop
      vertex 5.29276 19.6539 0.296632
      vertex 5.20553 19.6927 0.296632
      vertex 5.21551 19.7235 0.396045
    endloop
  endfacet
  facet normal 0.750909 0.433825 -0.497927
    outer loop
      vertex 5.43392 19.4229 0.206108
      vertex 5.39163 19.4961 0.206108
      vertex 5.43392 19.5268 0.296632
    endloop
  endfacet
  facet normal 0.510991 0.29475 -0.807472
    outer loop
      vertex 5.29276 19.36 0.066988
      vertex 5.26663 19.4053 0.066988
      vertex 5.33505 19.455 0.128428
    endloop
  endfacet
  facet normal 0.346476 0.477166 -0.80763
    outer loop
      vertex 5.23166 19.4441 0.066988
      vertex 5.18938 19.4748 0.066988
      vertex 5.28825 19.507 0.128428
    endloop
  endfacet
  facet normal 0.43796 0.60302 -0.666752
    outer loop
      vertex 5.28825 19.507 0.128428
      vertex 5.23166 19.5481 0.128428
      vertex 5.33505 19.5589 0.206108
    endloop
  endfacet
  facet normal 0.55905 0.769915 -0.307725
    outer loop
      vertex 5.37002 19.5978 0.296632
      vertex 5.29276 19.6539 0.296632
      vertex 5.30892 19.6819 0.396045
    endloop
  endfacet
  facet normal 0.823957 0.47594 -0.307534
    outer loop
      vertex 5.51117 19.4573 0.396045
      vertex 5.43392 19.5268 0.296632
      vertex 5.46005 19.5458 0.396045
    endloop
  endfacet
  facet normal 0.388636 0.126275 -0.912698
    outer loop
      vertex 5.20553 19.3212 0.0244722
      vertex 5.55342 18.5578 0.066988
      vertex 5.46618 18.519 0.0244722
    endloop
  endfacet
  facet normal 0.388666 0.12629 -0.912682
    outer loop
      vertex 5.55342 18.5578 0.066988
      vertex 5.20553 19.3212 0.0244722
      vertex 5.29276 19.36 0.066988
    endloop
  endfacet
  facet normal 0.708412 0.230202 -0.667203
    outer loop
      vertex 5.63067 18.5922 0.128428
      vertex 5.46005 19.3424 0.206108
      vertex 5.69457 18.6207 0.206108
    endloop
  endfacet
  facet normal 0.708533 0.230216 -0.66707
    outer loop
      vertex 5.46005 19.3424 0.206108
      vertex 5.63067 18.5922 0.128428
      vertex 5.37002 19.3944 0.128428
    endloop
  endfacet
  facet normal -0.739182 0.665454 -0.103826
    outer loop
      vertex -5.46005 19.5458 0.396045
      vertex -5.46889 19.5522 0.5
      vertex -5.39894 19.6299 0.5
    endloop
  endfacet
  facet normal -0.73918 0.665457 -0.10383
    outer loop
      vertex -5.39163 19.6218 0.396045
      vertex -5.46005 19.5458 0.396045
      vertex -5.39894 19.6299 0.5
    endloop
  endfacet
  facet normal 0.122616 0.576865 -0.807584
    outer loop
      vertex 2.16782 20.1282 0.066988
      vertex 5.09935 19.5911 0.128428
      vertex 5.14163 19.4961 0.066988
    endloop
  endfacet
  facet normal 0.122616 0.576865 -0.807584
    outer loop
      vertex 5.09935 19.5911 0.128428
      vertex 2.16782 20.1282 0.066988
      vertex 2.12554 20.2232 0.128428
    endloop
  endfacet
  facet normal 0.123141 0.576989 -0.807415
    outer loop
      vertex 5.14163 19.4961 0.066988
      vertex 5.09935 19.5911 0.128428
      vertex 5.16776 19.5765 0.128428
    endloop
  endfacet
  facet normal -0.181559 0.104721 0.977788
    outer loop
      vertex -5.18938 19.3492 15.9755
      vertex -5.20553 19.3212 15.9755
      vertex -5.11212 19.2796 15.9973
    endloop
  endfacet
  facet normal -0.353909 0.204129 0.912732
    outer loop
      vertex -5.18938 19.3492 15.9755
      vertex -5.26663 19.4053 15.933
      vertex -5.20553 19.3212 15.9755
    endloop
  endfacet
  facet normal -0.708493 0.230228 0.667107
    outer loop
      vertex -5.63067 18.5922 15.8716
      vertex -5.46005 19.3424 15.7939
      vertex -5.69457 18.6207 15.7939
    endloop
  endfacet
  facet normal -0.708614 0.230242 0.666974
    outer loop
      vertex -5.46005 19.3424 15.7939
      vertex -5.63067 18.5922 15.8716
      vertex -5.37002 19.3944 15.8716
    endloop
  endfacet
  facet normal 0.352721 0.792084 -0.498188
    outer loop
      vertex 5.26663 19.6086 0.206108
      vertex 5.18938 19.643 0.206108
      vertex 5.29276 19.6539 0.296632
    endloop
  endfacet
  facet normal 0.43799 0.602963 -0.666784
    outer loop
      vertex 5.33505 19.5589 0.206108
      vertex 5.23166 19.5481 0.128428
      vertex 5.26663 19.6086 0.206108
    endloop
  endfacet
  facet normal 0.707204 0.63667 -0.307432
    outer loop
      vertex 5.46005 19.5458 0.396045
      vertex 5.37002 19.5978 0.296632
      vertex 5.39163 19.6218 0.396045
    endloop
  endfacet
  facet normal 0.584659 0.804611 -0.103806
    outer loop
      vertex 5.39163 19.6218 0.396045
      vertex 5.30892 19.6819 0.396045
      vertex 5.39894 19.6299 0.5
    endloop
  endfacet
  facet normal 0.302582 0.68081 -0.66704
    outer loop
      vertex 5.23166 19.5481 0.128428
      vertex 5.16776 19.5765 0.128428
      vertex 5.18938 19.643 0.206108
    endloop
  endfacet
  facet normal 0.30318 0.680834 -0.666744
    outer loop
      vertex 5.23166 19.5481 0.128428
      vertex 5.18938 19.643 0.206108
      vertex 5.26663 19.6086 0.206108
    endloop
  endfacet
  facet normal 0.553925 0.498533 -0.666807
    outer loop
      vertex 5.33505 19.455 0.128428
      vertex 5.28825 19.507 0.128428
      vertex 5.33505 19.5589 0.206108
    endloop
  endfacet
  facet normal 0.553518 0.498695 -0.667024
    outer loop
      vertex 5.39163 19.4961 0.206108
      vertex 5.33505 19.455 0.128428
      vertex 5.33505 19.5589 0.206108
    endloop
  endfacet
  facet normal 0.0851909 0.399538 -0.91275
    outer loop
      vertex 2.16782 20.1282 0.066988
      vertex 2.10672 20.0441 0.0244722
      vertex 2.1167 20.1391 0.066988
    endloop
  endfacet
  facet normal -0.181777 0.104474 0.977774
    outer loop
      vertex -5.10666 19.2891 15.9973
      vertex -5.18938 19.3492 15.9755
      vertex -5.11212 19.2796 15.9973
    endloop
  endfacet
  facet normal -0.155748 0.140303 0.977782
    outer loop
      vertex -5.16776 19.3732 15.9755
      vertex -5.18938 19.3492 15.9755
      vertex -5.10666 19.2891 15.9973
    endloop
  endfacet
  facet normal -0.824681 0.267946 0.498103
    outer loop
      vertex -5.74231 18.6419 15.7034
      vertex -5.46005 19.3424 15.7939
      vertex -5.51117 19.3533 15.7034
    endloop
  endfacet
  facet normal -0.824794 0.268021 0.497875
    outer loop
      vertex -5.46005 19.3424 15.7939
      vertex -5.74231 18.6419 15.7034
      vertex -5.69457 18.6207 15.7939
    endloop
  endfacet
  facet normal -0.560757 0.182201 0.807684
    outer loop
      vertex -5.63067 18.5922 15.8716
      vertex -5.29276 19.36 15.933
      vertex -5.37002 19.3944 15.8716
    endloop
  endfacet
  facet normal -0.560796 0.18222 0.807653
    outer loop
      vertex -5.29276 19.36 15.933
      vertex -5.63067 18.5922 15.8716
      vertex -5.55342 18.5578 15.933
    endloop
  endfacet
  facet normal 0.644476 0.580028 -0.498215
    outer loop
      vertex 5.43392 19.5268 0.296632
      vertex 5.33505 19.5589 0.206108
      vertex 5.37002 19.5978 0.296632
    endloop
  endfacet
  facet normal 0.509427 0.701574 -0.498275
    outer loop
      vertex 5.33505 19.5589 0.206108
      vertex 5.29276 19.6539 0.296632
      vertex 5.37002 19.5978 0.296632
    endloop
  endfacet
  facet normal 0.18027 0.848106 -0.498216
    outer loop
      vertex 2.21557 20.2751 0.206108
      vertex 5.11212 19.7126 0.296632
      vertex 5.18938 19.643 0.206108
    endloop
  endfacet
  facet normal 0.18027 0.848106 -0.498216
    outer loop
      vertex 5.11212 19.7126 0.296632
      vertex 2.21557 20.2751 0.206108
      vertex 2.13831 20.3447 0.296632
    endloop
  endfacet
  facet normal 0.34651 0.477104 -0.807653
    outer loop
      vertex 5.28825 19.507 0.128428
      vertex 5.18938 19.4748 0.066988
      vertex 5.23166 19.5481 0.128428
    endloop
  endfacet
  facet normal 0.239483 0.538837 -0.807652
    outer loop
      vertex 5.18938 19.4748 0.066988
      vertex 5.16776 19.5765 0.128428
      vertex 5.23166 19.5481 0.128428
    endloop
  endfacet
  facet normal -0.155094 -0.728941 -0.666776
    outer loop
      vertex -2.13285 -20.2927 0.206108
      vertex -2.21557 -20.2751 0.206108
      vertex -2.12554 -20.2232 0.128428
    endloop
  endfacet
  facet normal -0.197819 -0.930668 -0.307774
    outer loop
      vertex -5.11212 -19.7126 0.296632
      vertex -2.2417 -20.3556 0.396045
      vertex -5.21551 -19.7235 0.396045
    endloop
  endfacet
  facet normal -0.197819 -0.930668 -0.307774
    outer loop
      vertex -2.2417 -20.3556 0.396045
      vertex -5.11212 -19.7126 0.296632
      vertex -2.13831 -20.3447 0.296632
    endloop
  endfacet
  facet normal 0.155094 -0.728941 -0.666776
    outer loop
      vertex 2.13285 -20.2927 0.206108
      vertex 2.12554 -20.2232 0.128428
      vertex 2.21557 -20.2751 0.206108
    endloop
  endfacet
  facet normal 0.155519 -0.728703 0.666938
    outer loop
      vertex 5.16776 -19.5765 15.8716
      vertex 5.09935 -19.5911 15.8716
      vertex 5.18938 -19.643 15.7939
    endloop
  endfacet
  facet normal -0.405207 -0.908291 0.103998
    outer loop
      vertex -5.21551 -19.7235 15.604
      vertex -5.31438 -19.6913 15.5
      vertex -5.21889 -19.7339 15.5
    endloop
  endfacet
  facet normal -0.166811 -0.372924 -0.912744
    outer loop
      vertex -5.11212 -19.4053 0.0244722
      vertex -5.18938 -19.4748 0.066988
      vertex -5.14163 -19.3921 0.0244722
    endloop
  endfacet
  facet normal 0.180456 -0.848143 -0.498086
    outer loop
      vertex 2.13831 -20.3447 0.296632
      vertex 2.13285 -20.2927 0.206108
      vertex 2.21557 -20.2751 0.206108
    endloop
  endfacet
  facet normal 0.123141 -0.576989 -0.807415
    outer loop
      vertex 5.16776 -19.5765 0.128428
      vertex 5.09935 -19.5911 0.128428
      vertex 5.14163 -19.4961 0.066988
    endloop
  endfacet
  facet normal -0.155112 -0.729025 0.666681
    outer loop
      vertex -2.12554 -20.2232 15.8716
      vertex -2.21557 -20.2751 15.7939
      vertex -2.13285 -20.2927 15.7939
    endloop
  endfacet
  facet normal -0.20624 -0.972929 -0.104276
    outer loop
      vertex -2.14283 -20.3877 0.5
      vertex -2.2417 -20.3556 0.396045
      vertex -2.14169 -20.3768 0.396045
    endloop
  endfacet
  facet normal -0.0843805 -0.19139 -0.97788
    outer loop
      vertex -5.08053 -19.308 0.00273991
      vertex -5.14163 -19.3921 0.0244722
      vertex -5.09051 -19.3036 0.00273991
    endloop
  endfacet
  facet normal -0.43799 -0.602963 -0.666784
    outer loop
      vertex -5.26663 -19.6086 0.206108
      vertex -5.33505 -19.5589 0.206108
      vertex -5.23166 -19.5481 0.128428
    endloop
  endfacet
  facet normal -0.155285 -0.139886 -0.977915
    outer loop
      vertex -5.16776 -19.3732 0.0244722
      vertex -5.18938 -19.3492 0.0244722
      vertex -5.10666 -19.2891 0.00273991
    endloop
  endfacet
  facet normal 0 -0.589906 -0.807472
    outer loop
      vertex 2.12554 -20.2232 0.128428
      vertex -2.1167 -20.1391 0.066988
      vertex 2.1167 -20.1391 0.066988
    endloop
  endfacet
  facet normal 0 -0.589906 -0.807472
    outer loop
      vertex -2.1167 -20.1391 0.066988
      vertex 2.12554 -20.2232 0.128428
      vertex -2.12554 -20.2232 0.128428
    endloop
  endfacet
  facet normal 0.352721 -0.792084 -0.498188
    outer loop
      vertex 5.29276 -19.6539 0.296632
      vertex 5.18938 -19.643 0.206108
      vertex 5.26663 -19.6086 0.206108
    endloop
  endfacet
  facet normal 0 -0.994553 0.104237
    outer loop
      vertex -2.14283 -20.3877 15.5
      vertex 2.14169 -20.3768 15.604
      vertex -2.14169 -20.3768 15.604
    endloop
  endfacet
  facet normal 0 -0.994553 0.104237
    outer loop
      vertex 2.14169 -20.3768 15.604
      vertex -2.14283 -20.3877 15.5
      vertex 2.14283 -20.3877 15.5
    endloop
  endfacet
  facet normal 0 -0.867119 -0.498102
    outer loop
      vertex -2.13285 -20.2927 0.206108
      vertex 2.13831 -20.3447 0.296632
      vertex -2.13831 -20.3447 0.296632
    endloop
  endfacet
  facet normal 0 -0.867119 -0.498102
    outer loop
      vertex 2.13831 -20.3447 0.296632
      vertex -2.13285 -20.2927 0.206108
      vertex 2.13285 -20.2927 0.206108
    endloop
  endfacet
  facet normal -0.154963 -0.729045 -0.666693
    outer loop
      vertex -5.09935 -19.5911 0.128428
      vertex -2.21557 -20.2751 0.206108
      vertex -5.18938 -19.643 0.206108
    endloop
  endfacet
  facet normal -0.154963 -0.729045 -0.666693
    outer loop
      vertex -2.21557 -20.2751 0.206108
      vertex -5.09935 -19.5911 0.128428
      vertex -2.12554 -20.2232 0.128428
    endloop
  endfacet
  facet normal -0.18102 -0.10441 -0.977922
    outer loop
      vertex -5.18938 -19.3492 0.0244722
      vertex -5.20553 -19.3212 0.0244722
      vertex -5.11212 -19.2796 0.00273991
    endloop
  endfacet
  facet normal -0.739183 -0.66546 0.103785
    outer loop
      vertex -5.39163 -19.6218 15.604
      vertex -5.46005 -19.5458 15.604
      vertex -5.39894 -19.6299 15.5
    endloop
  endfacet
  facet normal 0.743199 -0.66907 0
    outer loop
      vertex 5.39894 -19.6299 15.5
      vertex 5.46889 -19.5522 0.5
      vertex 5.46889 -19.5522 15.5
    endloop
  endfacet
  facet normal 0.743199 -0.66907 0
    outer loop
      vertex 5.46889 -19.5522 0.5
      vertex 5.39894 -19.6299 15.5
      vertex 5.39894 -19.6299 0.5
    endloop
  endfacet
  facet normal 0.407416 -0.913243 0
    outer loop
      vertex 5.21889 -19.7339 0.5
      vertex 5.31438 -19.6913 15.5
      vertex 5.21889 -19.7339 15.5
    endloop
  endfacet
  facet normal 0.407416 -0.913243 0
    outer loop
      vertex 5.31438 -19.6913 15.5
      vertex 5.21889 -19.7339 0.5
      vertex 5.31438 -19.6913 0.5
    endloop
  endfacet
  facet normal 0.122616 -0.576865 -0.807584
    outer loop
      vertex 5.09935 -19.5911 0.128428
      vertex 2.16782 -20.1282 0.066988
      vertex 5.14163 -19.4961 0.066988
    endloop
  endfacet
  facet normal 0.122616 -0.576865 -0.807584
    outer loop
      vertex 2.16782 -20.1282 0.066988
      vertex 5.09935 -19.5911 0.128428
      vertex 2.12554 -20.2232 0.128428
    endloop
  endfacet
  facet normal -0.197337 -0.930927 -0.307301
    outer loop
      vertex -2.14169 -20.3768 0.396045
      vertex -2.2417 -20.3556 0.396045
      vertex -2.13831 -20.3447 0.296632
    endloop
  endfacet
  facet normal -0.180456 -0.848143 -0.498086
    outer loop
      vertex -2.13831 -20.3447 0.296632
      vertex -2.21557 -20.2751 0.206108
      vertex -2.13285 -20.2927 0.206108
    endloop
  endfacet
  facet normal 0.197337 -0.930927 -0.307301
    outer loop
      vertex 2.14169 -20.3768 0.396045
      vertex 2.13831 -20.3447 0.296632
      vertex 2.2417 -20.3556 0.396045
    endloop
  endfacet
  facet normal -0.207601 -0.978214 0
    outer loop
      vertex -2.24508 -20.366 0.5
      vertex -2.14283 -20.3877 15.5
      vertex -2.24508 -20.366 15.5
    endloop
  endfacet
  facet normal -0.207601 -0.978214 -0
    outer loop
      vertex -2.14283 -20.3877 15.5
      vertex -2.24508 -20.366 0.5
      vertex -2.14283 -20.3877 0.5
    endloop
  endfacet
  facet normal 0 -0.745256 -0.666778
    outer loop
      vertex -2.12554 -20.2232 0.128428
      vertex 2.13285 -20.2927 0.206108
      vertex -2.13285 -20.2927 0.206108
    endloop
  endfacet
  facet normal 0 -0.745256 -0.666778
    outer loop
      vertex 2.13285 -20.2927 0.206108
      vertex -2.12554 -20.2232 0.128428
      vertex 2.12554 -20.2232 0.128428
    endloop
  endfacet
  facet normal -0.553518 -0.498695 -0.667024
    outer loop
      vertex -5.33505 -19.5589 0.206108
      vertex -5.39163 -19.4961 0.206108
      vertex -5.33505 -19.455 0.128428
    endloop
  endfacet
  facet normal -0.122616 -0.576865 -0.807584
    outer loop
      vertex -5.09935 -19.5911 0.128428
      vertex -2.16782 -20.1282 0.066988
      vertex -2.12554 -20.2232 0.128428
    endloop
  endfacet
  facet normal -0.122616 -0.576865 -0.807584
    outer loop
      vertex -2.16782 -20.1282 0.066988
      vertex -5.09935 -19.5911 0.128428
      vertex -5.14163 -19.4961 0.066988
    endloop
  endfacet
  facet normal -0.86125 -0.497481 -0.103739
    outer loop
      vertex -5.46005 -19.5458 0.396045
      vertex -5.52115 -19.4617 0.5
      vertex -5.51117 -19.4573 0.396045
    endloop
  endfacet
  facet normal -0.739182 -0.665454 -0.103826
    outer loop
      vertex -5.39894 -19.6299 0.5
      vertex -5.46889 -19.5522 0.5
      vertex -5.46005 -19.5458 0.396045
    endloop
  endfacet
  facet normal 0 -0.745342 0.666683
    outer loop
      vertex -2.13285 -20.2927 15.7939
      vertex 2.12554 -20.2232 15.8716
      vertex -2.12554 -20.2232 15.8716
    endloop
  endfacet
  facet normal 0 -0.745342 0.666683
    outer loop
      vertex 2.12554 -20.2232 15.8716
      vertex -2.13285 -20.2927 15.7939
      vertex 2.13285 -20.2927 15.7939
    endloop
  endfacet
  facet normal -0.387086 -0.869176 -0.307729
    outer loop
      vertex -5.21551 -19.7235 0.396045
      vertex -5.30892 -19.6819 0.396045
      vertex -5.29276 -19.6539 0.296632
    endloop
  endfacet
  facet normal -0.207911 -0.978148 0
    outer loop
      vertex -5.21889 -19.7339 0.5
      vertex -2.24508 -20.366 15.5
      vertex -5.21889 -19.7339 15.5
    endloop
  endfacet
  facet normal -0.207911 -0.978148 -0
    outer loop
      vertex -2.24508 -20.366 15.5
      vertex -5.21889 -19.7339 0.5
      vertex -2.24508 -20.366 0.5
    endloop
  endfacet
  facet normal -0.166491 -0.373237 -0.912674
    outer loop
      vertex -5.14163 -19.4961 0.066988
      vertex -5.18938 -19.4748 0.066988
      vertex -5.11212 -19.4053 0.0244722
    endloop
  endfacet
  facet normal -0.35245 -0.792377 -0.497914
    outer loop
      vertex -5.20553 -19.6927 0.296632
      vertex -5.29276 -19.6539 0.296632
      vertex -5.18938 -19.643 0.206108
    endloop
  endfacet
  facet normal -0.951058 -0.309013 0
    outer loop
      vertex -5.55345 -19.3623 0.5
      vertex -5.7818 -18.6595 15.5
      vertex -5.7818 -18.6595 0.5
    endloop
  endfacet
  facet normal -0.951058 -0.309013 0
    outer loop
      vertex -5.7818 -18.6595 15.5
      vertex -5.55345 -19.3623 0.5
      vertex -5.55345 -19.3623 15.5
    endloop
  endfacet
  facet normal 0.405207 -0.908291 0.103998
    outer loop
      vertex 5.31438 -19.6913 15.5
      vertex 5.21551 -19.7235 15.604
      vertex 5.21889 -19.7339 15.5
    endloop
  endfacet
  facet normal -0.239418 -0.331005 -0.912751
    outer loop
      vertex -5.14163 -19.3921 0.0244722
      vertex -5.18938 -19.4748 0.066988
      vertex -5.16776 -19.3732 0.0244722
    endloop
  endfacet
  facet normal 0 -0.994548 -0.104281
    outer loop
      vertex -2.14169 -20.3768 0.396045
      vertex 2.14283 -20.3877 0.5
      vertex -2.14283 -20.3877 0.5
    endloop
  endfacet
  facet normal 0 -0.994548 -0.104281
    outer loop
      vertex 2.14283 -20.3877 0.5
      vertex -2.14169 -20.3768 0.396045
      vertex 2.14169 -20.3768 0.396045
    endloop
  endfacet
  facet normal 0.206782 -0.972839 -0.104049
    outer loop
      vertex 5.21551 -19.7235 0.396045
      vertex 2.24508 -20.366 0.5
      vertex 2.2417 -20.3556 0.396045
    endloop
  endfacet
  facet normal 0.206782 -0.972839 -0.104049
    outer loop
      vertex 2.24508 -20.366 0.5
      vertex 5.21551 -19.7235 0.396045
      vertex 5.21889 -19.7339 0.5
    endloop
  endfacet
  facet normal -0.155501 -0.728619 -0.667033
    outer loop
      vertex -5.09935 -19.5911 0.128428
      vertex -5.18938 -19.643 0.206108
      vertex -5.16776 -19.5765 0.128428
    endloop
  endfacet
  facet normal -0.123022 -0.576961 -0.807454
    outer loop
      vertex -2.12554 -20.2232 0.128428
      vertex -2.16782 -20.1282 0.066988
      vertex -2.1167 -20.1391 0.066988
    endloop
  endfacet
  facet normal -0.123141 -0.576989 -0.807415
    outer loop
      vertex -5.09935 -19.5911 0.128428
      vertex -5.16776 -19.5765 0.128428
      vertex -5.14163 -19.4961 0.066988
    endloop
  endfacet
  facet normal -0.386638 -0.869237 -0.30812
    outer loop
      vertex -5.21551 -19.7235 0.396045
      vertex -5.29276 -19.6539 0.296632
      vertex -5.20553 -19.6927 0.296632
    endloop
  endfacet
  facet normal -0.346476 -0.477166 -0.80763
    outer loop
      vertex -5.18938 -19.4748 0.066988
      vertex -5.28825 -19.507 0.128428
      vertex -5.23166 -19.4441 0.066988
    endloop
  endfacet
  facet normal -0.861254 -0.497483 0.103695
    outer loop
      vertex -5.51117 -19.4573 15.604
      vertex -5.52115 -19.4617 15.5
      vertex -5.46005 -19.5458 15.604
    endloop
  endfacet
  facet normal 0 -0.408366 0.912818
    outer loop
      vertex -2.10672 -20.0441 15.9755
      vertex 2.1167 -20.1391 15.933
      vertex 2.10672 -20.0441 15.9755
    endloop
  endfacet
  facet normal 0 -0.408366 0.912818
    outer loop
      vertex 2.1167 -20.1391 15.933
      vertex -2.10672 -20.0441 15.9755
      vertex -2.1167 -20.1391 15.933
    endloop
  endfacet
  facet normal 0.122954 -0.169831 0.977773
    outer loop
      vertex 5.09935 -19.2972 15.9973
      vertex 5.09051 -19.3036 15.9973
      vertex 5.14163 -19.3921 15.9755
    endloop
  endfacet
  facet normal -0.197334 -0.930915 0.307338
    outer loop
      vertex -2.13831 -20.3447 15.7034
      vertex -2.2417 -20.3556 15.604
      vertex -2.14169 -20.3768 15.604
    endloop
  endfacet
  facet normal -0.865985 -0.50007 0
    outer loop
      vertex -5.46889 -19.5522 0.5
      vertex -5.52115 -19.4617 15.5
      vertex -5.52115 -19.4617 0.5
    endloop
  endfacet
  facet normal -0.865985 -0.50007 0
    outer loop
      vertex -5.52115 -19.4617 15.5
      vertex -5.46889 -19.5522 0.5
      vertex -5.46889 -19.5522 15.5
    endloop
  endfacet
  facet normal -0.302582 -0.68081 -0.66704
    outer loop
      vertex -5.18938 -19.643 0.206108
      vertex -5.23166 -19.5481 0.128428
      vertex -5.16776 -19.5765 0.128428
    endloop
  endfacet
  facet normal 0.708493 -0.230228 0.667107
    outer loop
      vertex 5.63067 -18.5922 15.8716
      vertex 5.46005 -19.3424 15.7939
      vertex 5.69457 -18.6207 15.7939
    endloop
  endfacet
  facet normal 0.708614 -0.230242 0.666974
    outer loop
      vertex 5.46005 -19.3424 15.7939
      vertex 5.63067 -18.5922 15.8716
      vertex 5.37002 -19.3944 15.8716
    endloop
  endfacet
  facet normal 0.181777 -0.104474 0.977774
    outer loop
      vertex 5.11212 -19.2796 15.9973
      vertex 5.10666 -19.2891 15.9973
      vertex 5.18938 -19.3492 15.9755
    endloop
  endfacet
  facet normal 0.207601 -0.978214 0
    outer loop
      vertex 2.14283 -20.3877 0.5
      vertex 2.24508 -20.366 15.5
      vertex 2.14283 -20.3877 15.5
    endloop
  endfacet
  facet normal 0.207601 -0.978214 0
    outer loop
      vertex 2.24508 -20.366 15.5
      vertex 2.14283 -20.3877 0.5
      vertex 2.24508 -20.366 0.5
    endloop
  endfacet
  facet normal 0.197816 -0.930656 0.307811
    outer loop
      vertex 2.2417 -20.3556 15.604
      vertex 5.11212 -19.7126 15.7034
      vertex 2.13831 -20.3447 15.7034
    endloop
  endfacet
  facet normal 0.197816 -0.930656 0.307811
    outer loop
      vertex 5.11212 -19.7126 15.7034
      vertex 2.2417 -20.3556 15.604
      vertex 5.21551 -19.7235 15.604
    endloop
  endfacet
  facet normal 0.207911 -0.978148 0
    outer loop
      vertex 2.24508 -20.366 0.5
      vertex 5.21889 -19.7339 15.5
      vertex 2.24508 -20.366 15.5
    endloop
  endfacet
  facet normal 0.207911 -0.978148 0
    outer loop
      vertex 5.21889 -19.7339 15.5
      vertex 2.24508 -20.366 0.5
      vertex 5.21889 -19.7339 0.5
    endloop
  endfacet
  facet normal 0.0434364 -0.204353 -0.977933
    outer loop
      vertex 2.10672 -19.9401 0.00273991
      vertex 5.08053 -19.412 0.0244722
      vertex 2.10672 -20.0441 0.0244722
    endloop
  endfacet
  facet normal 0.0434364 -0.204353 -0.977933
    outer loop
      vertex 5.08053 -19.412 0.0244722
      vertex 2.10672 -19.9401 0.00273991
      vertex 5.08053 -19.308 0.00273991
    endloop
  endfacet
  facet normal 0 -0.951621 -0.307274
    outer loop
      vertex -2.13831 -20.3447 0.296632
      vertex 2.14169 -20.3768 0.396045
      vertex -2.14169 -20.3768 0.396045
    endloop
  endfacet
  facet normal 0 -0.951621 -0.307274
    outer loop
      vertex 2.14169 -20.3768 0.396045
      vertex -2.13831 -20.3447 0.296632
      vertex 2.13831 -20.3447 0.296632
    endloop
  endfacet
  facet normal 0 -1 0
    outer loop
      vertex -2.14283 -20.3877 0.5
      vertex 2.14283 -20.3877 15.5
      vertex -2.14283 -20.3877 15.5
    endloop
  endfacet
  facet normal 0 -1 -0
    outer loop
      vertex 2.14283 -20.3877 15.5
      vertex -2.14283 -20.3877 0.5
      vertex 2.14283 -20.3877 0.5
    endloop
  endfacet
  facet normal 0.206475 -0.972904 -0.104046
    outer loop
      vertex 2.24508 -20.366 0.5
      vertex 2.14283 -20.3877 0.5
      vertex 2.2417 -20.3556 0.396045
    endloop
  endfacet
  facet normal 0.20624 -0.972929 -0.104276
    outer loop
      vertex 2.14283 -20.3877 0.5
      vertex 2.14169 -20.3768 0.396045
      vertex 2.2417 -20.3556 0.396045
    endloop
  endfacet
  facet normal -0.180698 -0.848191 -0.497916
    outer loop
      vertex -5.11212 -19.7126 0.296632
      vertex -5.20553 -19.6927 0.296632
      vertex -5.18938 -19.643 0.206108
    endloop
  endfacet
  facet normal -0.18027 -0.848106 -0.498216
    outer loop
      vertex -2.21557 -20.2751 0.206108
      vertex -5.11212 -19.7126 0.296632
      vertex -5.18938 -19.643 0.206108
    endloop
  endfacet
  facet normal -0.18027 -0.848106 -0.498216
    outer loop
      vertex -5.11212 -19.7126 0.296632
      vertex -2.21557 -20.2751 0.206108
      vertex -2.13831 -20.3447 0.296632
    endloop
  endfacet
  facet normal -0.405205 -0.908286 -0.104043
    outer loop
      vertex -5.21889 -19.7339 0.5
      vertex -5.31438 -19.6913 0.5
      vertex -5.21551 -19.7235 0.396045
    endloop
  endfacet
  facet normal -0.584659 -0.804611 -0.103806
    outer loop
      vertex -5.30892 -19.6819 0.396045
      vertex -5.39894 -19.6299 0.5
      vertex -5.39163 -19.6218 0.396045
    endloop
  endfacet
  facet normal -0.0851909 -0.399538 -0.91275
    outer loop
      vertex -2.1167 -20.1391 0.066988
      vertex -2.16782 -20.1282 0.066988
      vertex -2.10672 -20.0441 0.0244722
    endloop
  endfacet
  facet normal 0.123022 -0.576961 -0.807454
    outer loop
      vertex 2.12554 -20.2232 0.128428
      vertex 2.1167 -20.1391 0.066988
      vertex 2.16782 -20.1282 0.066988
    endloop
  endfacet
  facet normal 0.0433419 -0.204354 -0.977937
    outer loop
      vertex 5.11212 -19.4053 0.0244722
      vertex 5.08053 -19.412 0.0244722
      vertex 5.08053 -19.308 0.00273991
    endloop
  endfacet
  facet normal -0.0847925 -0.39979 -0.912676
    outer loop
      vertex -5.08053 -19.412 0.0244722
      vertex -5.14163 -19.4961 0.066988
      vertex -5.11212 -19.4053 0.0244722
    endloop
  endfacet
  facet normal 0 -0.208972 -0.977922
    outer loop
      vertex 2.10672 -20.0441 0.0244722
      vertex -2.09603 -19.9424 0.00273991
      vertex 2.09603 -19.9424 0.00273991
    endloop
  endfacet
  facet normal 0 -0.208972 -0.977922
    outer loop
      vertex -2.09603 -19.9424 0.00273991
      vertex 2.10672 -20.0441 0.0244722
      vertex -2.10672 -20.0441 0.0244722
    endloop
  endfacet
  facet normal -0.0439664 -0.204348 -0.97791
    outer loop
      vertex -2.09603 -19.9424 0.00273991
      vertex -2.10672 -20.0441 0.0244722
      vertex -2.10672 -19.9401 0.00273991
    endloop
  endfacet
  facet normal -0.198223 -0.930451 -0.30817
    outer loop
      vertex -5.11212 -19.7126 0.296632
      vertex -5.21551 -19.7235 0.396045
      vertex -5.20553 -19.6927 0.296632
    endloop
  endfacet
  facet normal -0.206475 -0.972904 -0.104046
    outer loop
      vertex -2.14283 -20.3877 0.5
      vertex -2.24508 -20.366 0.5
      vertex -2.2417 -20.3556 0.396045
    endloop
  endfacet
  facet normal -0.15498 -0.729129 0.666598
    outer loop
      vertex -2.21557 -20.2751 15.7939
      vertex -5.09935 -19.5911 15.8716
      vertex -5.18938 -19.643 15.7939
    endloop
  endfacet
  facet normal -0.15498 -0.729129 0.666598
    outer loop
      vertex -5.09935 -19.5911 15.8716
      vertex -2.21557 -20.2751 15.7939
      vertex -2.12554 -20.2232 15.8716
    endloop
  endfacet
  facet normal -0.407416 -0.913243 0
    outer loop
      vertex -5.31438 -19.6913 0.5
      vertex -5.21889 -19.7339 15.5
      vertex -5.31438 -19.6913 15.5
    endloop
  endfacet
  facet normal -0.407416 -0.913243 -0
    outer loop
      vertex -5.21889 -19.7339 15.5
      vertex -5.31438 -19.6913 0.5
      vertex -5.21889 -19.7339 0.5
    endloop
  endfacet
  facet normal 0.122589 -0.169326 -0.977906
    outer loop
      vertex 5.14163 -19.3921 0.0244722
      vertex 5.09051 -19.3036 0.00273991
      vertex 5.09935 -19.2972 0.00273991
    endloop
  endfacet
  facet normal 0.0853127 -0.190726 -0.977929
    outer loop
      vertex 5.11212 -19.4053 0.0244722
      vertex 5.08053 -19.308 0.00273991
      vertex 5.14163 -19.3921 0.0244722
    endloop
  endfacet
  facet normal -0.180258 -0.84805 0.498316
    outer loop
      vertex -5.11212 -19.7126 15.7034
      vertex -2.21557 -20.2751 15.7939
      vertex -5.18938 -19.643 15.7939
    endloop
  endfacet
  facet normal -0.180258 -0.84805 0.498316
    outer loop
      vertex -2.21557 -20.2751 15.7939
      vertex -5.11212 -19.7126 15.7034
      vertex -2.13831 -20.3447 15.7034
    endloop
  endfacet
  facet normal -0.206783 -0.972843 0.104005
    outer loop
      vertex -2.24508 -20.366 15.5
      vertex -5.21551 -19.7235 15.604
      vertex -5.21889 -19.7339 15.5
    endloop
  endfacet
  facet normal -0.206783 -0.972843 0.104005
    outer loop
      vertex -5.21551 -19.7235 15.604
      vertex -2.24508 -20.366 15.5
      vertex -2.2417 -20.3556 15.604
    endloop
  endfacet
  facet normal -0.180686 -0.848135 0.498015
    outer loop
      vertex -5.18938 -19.643 15.7939
      vertex -5.20553 -19.6927 15.7034
      vertex -5.11212 -19.7126 15.7034
    endloop
  endfacet
  facet normal -0.155519 -0.728703 0.666938
    outer loop
      vertex -5.16776 -19.5765 15.8716
      vertex -5.18938 -19.643 15.7939
      vertex -5.09935 -19.5911 15.8716
    endloop
  endfacet
  facet normal 0.0846319 -0.19196 0.977747
    outer loop
      vertex 5.09051 -19.3036 15.9973
      vertex 5.08053 -19.308 15.9973
      vertex 5.14163 -19.3921 15.9755
    endloop
  endfacet
  facet normal 0.16644 -0.373122 0.912731
    outer loop
      vertex 5.18938 -19.4748 15.933
      vertex 5.11212 -19.4053 15.9755
      vertex 5.14163 -19.4961 15.933
    endloop
  endfacet
  facet normal -0.206476 -0.972909 0.104001
    outer loop
      vertex -2.2417 -20.3556 15.604
      vertex -2.24508 -20.366 15.5
      vertex -2.14283 -20.3877 15.5
    endloop
  endfacet
  facet normal -0.206241 -0.972934 0.104232
    outer loop
      vertex -2.14169 -20.3768 15.604
      vertex -2.2417 -20.3556 15.604
      vertex -2.14283 -20.3877 15.5
    endloop
  endfacet
  facet normal -0.904904 -0.294094 -0.307664
    outer loop
      vertex -5.48166 -19.4441 0.296632
      vertex -5.51117 -19.4573 0.396045
      vertex -5.51117 -19.3533 0.296632
    endloop
  endfacet
  facet normal 0.945913 -0.307374 0.103776
    outer loop
      vertex 5.55345 -19.3623 15.5
      vertex 5.51117 -19.4573 15.604
      vertex 5.52115 -19.4617 15.5
    endloop
  endfacet
  facet normal -0.861305 -0.497368 0.103818
    outer loop
      vertex -5.46005 -19.5458 15.604
      vertex -5.52115 -19.4617 15.5
      vertex -5.46889 -19.5522 15.5
    endloop
  endfacet
  facet normal -0.180444 -0.848087 0.498185
    outer loop
      vertex -2.13285 -20.2927 15.7939
      vertex -2.21557 -20.2751 15.7939
      vertex -2.13831 -20.3447 15.7034
    endloop
  endfacet
  facet normal 0.19822 -0.930439 0.308207
    outer loop
      vertex 5.20553 -19.6927 15.7034
      vertex 5.11212 -19.7126 15.7034
      vertex 5.21551 -19.7235 15.604
    endloop
  endfacet
  facet normal 0.386638 -0.869237 -0.30812
    outer loop
      vertex 5.21551 -19.7235 0.396045
      vertex 5.20553 -19.6927 0.296632
      vertex 5.29276 -19.6539 0.296632
    endloop
  endfacet
  facet normal 0.35245 -0.792377 -0.497914
    outer loop
      vertex 5.20553 -19.6927 0.296632
      vertex 5.18938 -19.643 0.206108
      vertex 5.29276 -19.6539 0.296632
    endloop
  endfacet
  facet normal -0.559365 -0.769801 -0.307436
    outer loop
      vertex -5.30892 -19.6819 0.396045
      vertex -5.39163 -19.6218 0.396045
      vertex -5.37002 -19.5978 0.296632
    endloop
  endfacet
  facet normal -0.55905 -0.769915 -0.307725
    outer loop
      vertex -5.30892 -19.6819 0.396045
      vertex -5.37002 -19.5978 0.296632
      vertex -5.29276 -19.6539 0.296632
    endloop
  endfacet
  facet normal 0.0439664 -0.204348 -0.97791
    outer loop
      vertex 2.10672 -20.0441 0.0244722
      vertex 2.09603 -19.9424 0.00273991
      vertex 2.10672 -19.9401 0.00273991
    endloop
  endfacet
  facet normal -0.509593 -0.701536 -0.498158
    outer loop
      vertex -5.29276 -19.6539 0.296632
      vertex -5.33505 -19.5589 0.206108
      vertex -5.26663 -19.6086 0.206108
    endloop
  endfacet
  facet normal -0.30318 -0.680834 -0.666744
    outer loop
      vertex -5.18938 -19.643 0.206108
      vertex -5.26663 -19.6086 0.206108
      vertex -5.23166 -19.5481 0.128428
    endloop
  endfacet
  facet normal -0.0849557 -0.399687 -0.912706
    outer loop
      vertex -2.16782 -20.1282 0.066988
      vertex -5.08053 -19.412 0.0244722
      vertex -2.10672 -20.0441 0.0244722
    endloop
  endfacet
  facet normal -0.0849557 -0.399687 -0.912706
    outer loop
      vertex -5.08053 -19.412 0.0244722
      vertex -2.16782 -20.1282 0.066988
      vertex -5.14163 -19.4961 0.066988
    endloop
  endfacet
  facet normal 0 -0.408493 -0.912762
    outer loop
      vertex 2.1167 -20.1391 0.066988
      vertex -2.10672 -20.0441 0.0244722
      vertex 2.10672 -20.0441 0.0244722
    endloop
  endfacet
  facet normal 0 -0.408493 -0.912762
    outer loop
      vertex -2.10672 -20.0441 0.0244722
      vertex 2.1167 -20.1391 0.066988
      vertex -2.1167 -20.1391 0.066988
    endloop
  endfacet
  facet normal -0.904893 -0.29409 0.3077
    outer loop
      vertex -5.51117 -19.3533 15.7034
      vertex -5.51117 -19.4573 15.604
      vertex -5.48166 -19.4441 15.7034
    endloop
  endfacet
  facet normal 0.180444 -0.848087 0.498185
    outer loop
      vertex 2.21557 -20.2751 15.7939
      vertex 2.13285 -20.2927 15.7939
      vertex 2.13831 -20.3447 15.7034
    endloop
  endfacet
  facet normal -0.708579 -0.230002 0.667095
    outer loop
      vertex -5.37002 -19.3944 15.8716
      vertex -5.46005 -19.3424 15.7939
      vertex -5.43392 -19.4229 15.7939
    endloop
  endfacet
  facet normal -0.82402 -0.47568 -0.307765
    outer loop
      vertex -5.43392 -19.5268 0.296632
      vertex -5.51117 -19.4573 0.396045
      vertex -5.48166 -19.4441 0.296632
    endloop
  endfacet
  facet normal -0.346329 -0.476963 0.807813
    outer loop
      vertex -5.23166 -19.4441 15.933
      vertex -5.28825 -19.507 15.8716
      vertex -5.18938 -19.4748 15.933
    endloop
  endfacet
  facet normal -0.239382 -0.538609 0.807835
    outer loop
      vertex -5.18938 -19.4748 15.933
      vertex -5.23166 -19.5481 15.8716
      vertex -5.16776 -19.5765 15.8716
    endloop
  endfacet
  facet normal -0.0440974 -0.204957 0.977777
    outer loop
      vertex -2.10672 -19.9401 15.9973
      vertex -2.10672 -20.0441 15.9755
      vertex -2.09603 -19.9424 15.9973
    endloop
  endfacet
  facet normal 0 -0.209595 0.977788
    outer loop
      vertex -2.09603 -19.9424 15.9973
      vertex 2.10672 -20.0441 15.9755
      vertex 2.09603 -19.9424 15.9973
    endloop
  endfacet
  facet normal 0 -0.209595 0.977788
    outer loop
      vertex 2.10672 -20.0441 15.9755
      vertex -2.09603 -19.9424 15.9973
      vertex -2.10672 -20.0441 15.9755
    endloop
  endfacet
  facet normal 0.155593 -0.140418 0.97779
    outer loop
      vertex 5.10666 -19.2891 15.9973
      vertex 5.09935 -19.2972 15.9973
      vertex 5.16776 -19.3732 15.9755
    endloop
  endfacet
  facet normal 0.0435658 -0.204962 0.9778
    outer loop
      vertex 2.10672 -19.9401 15.9973
      vertex 5.08053 -19.412 15.9755
      vertex 5.08053 -19.308 15.9973
    endloop
  endfacet
  facet normal 0.0435658 -0.204962 0.9778
    outer loop
      vertex 5.08053 -19.412 15.9755
      vertex 2.10672 -19.9401 15.9973
      vertex 2.10672 -20.0441 15.9755
    endloop
  endfacet
  facet normal 0.197334 -0.930915 0.307338
    outer loop
      vertex 2.2417 -20.3556 15.604
      vertex 2.13831 -20.3447 15.7034
      vertex 2.14169 -20.3768 15.604
    endloop
  endfacet
  facet normal 0.206241 -0.972934 0.104232
    outer loop
      vertex 2.2417 -20.3556 15.604
      vertex 2.14169 -20.3768 15.604
      vertex 2.14283 -20.3877 15.5
    endloop
  endfacet
  facet normal -0.240268 -0.53863 0.807558
    outer loop
      vertex -5.14163 -19.4961 15.933
      vertex -5.18938 -19.4748 15.933
      vertex -5.16776 -19.5765 15.8716
    endloop
  endfacet
  facet normal 0.904918 -0.294016 0.307698
    outer loop
      vertex 5.51117 -19.3533 15.7034
      vertex 5.77182 -18.6551 15.604
      vertex 5.74231 -18.6419 15.7034
    endloop
  endfacet
  facet normal 0.904934 -0.29403 0.307637
    outer loop
      vertex 5.77182 -18.6551 15.604
      vertex 5.51117 -19.3533 15.7034
      vertex 5.51117 -19.4573 15.604
    endloop
  endfacet
  facet normal 0.560796 -0.18222 0.807653
    outer loop
      vertex 5.29276 -19.36 15.933
      vertex 5.63067 -18.5922 15.8716
      vertex 5.55342 -18.5578 15.933
    endloop
  endfacet
  facet normal 0.560757 -0.182201 0.807684
    outer loop
      vertex 5.63067 -18.5922 15.8716
      vertex 5.29276 -19.36 15.933
      vertex 5.37002 -19.3944 15.8716
    endloop
  endfacet
  facet normal 0 -0.951609 0.30731
    outer loop
      vertex -2.14169 -20.3768 15.604
      vertex 2.13831 -20.3447 15.7034
      vertex -2.13831 -20.3447 15.7034
    endloop
  endfacet
  facet normal 0 -0.951609 0.30731
    outer loop
      vertex 2.13831 -20.3447 15.7034
      vertex -2.14169 -20.3768 15.604
      vertex 2.14169 -20.3768 15.604
    endloop
  endfacet
  facet normal 0 -0.867062 0.498201
    outer loop
      vertex -2.13831 -20.3447 15.7034
      vertex 2.13285 -20.2927 15.7939
      vertex -2.13285 -20.2927 15.7939
    endloop
  endfacet
  facet normal 0 -0.867062 0.498201
    outer loop
      vertex 2.13285 -20.2927 15.7939
      vertex -2.13831 -20.3447 15.7034
      vertex 2.13831 -20.3447 15.7034
    endloop
  endfacet
  facet normal 0.0851909 -0.399538 -0.91275
    outer loop
      vertex 2.1167 -20.1391 0.066988
      vertex 2.10672 -20.0441 0.0244722
      vertex 2.16782 -20.1282 0.066988
    endloop
  endfacet
  facet normal 0.24037 -0.538858 -0.807375
    outer loop
      vertex 5.16776 -19.5765 0.128428
      vertex 5.14163 -19.4961 0.066988
      vertex 5.18938 -19.4748 0.066988
    endloop
  endfacet
  facet normal 0.198223 -0.930451 -0.30817
    outer loop
      vertex 5.21551 -19.7235 0.396045
      vertex 5.11212 -19.7126 0.296632
      vertex 5.20553 -19.6927 0.296632
    endloop
  endfacet
  facet normal 0.404647 -0.908607 -0.103413
    outer loop
      vertex 5.31438 -19.6913 0.5
      vertex 5.21551 -19.7235 0.396045
      vertex 5.30892 -19.6819 0.396045
    endloop
  endfacet
  facet normal 0.945919 -0.307343 -0.10382
    outer loop
      vertex 5.55345 -19.3623 0.5
      vertex 5.77182 -18.6551 0.396045
      vertex 5.7818 -18.6595 0.5
    endloop
  endfacet
  facet normal 0.945915 -0.307346 -0.103847
    outer loop
      vertex 5.77182 -18.6551 0.396045
      vertex 5.55345 -19.3623 0.5
      vertex 5.51117 -19.4573 0.396045
    endloop
  endfacet
  facet normal 0.904904 -0.294094 -0.307664
    outer loop
      vertex 5.51117 -19.4573 0.396045
      vertex 5.48166 -19.4441 0.296632
      vertex 5.51117 -19.3533 0.296632
    endloop
  endfacet
  facet normal -0.64509 -0.372689 -0.667054
    outer loop
      vertex -5.39163 -19.4961 0.206108
      vertex -5.43392 -19.4229 0.206108
      vertex -5.33505 -19.455 0.128428
    endloop
  endfacet
  facet normal -0.644476 -0.580028 -0.498215
    outer loop
      vertex -5.37002 -19.5978 0.296632
      vertex -5.43392 -19.5268 0.296632
      vertex -5.33505 -19.5589 0.206108
    endloop
  endfacet
  facet normal -0.404647 -0.908607 -0.103413
    outer loop
      vertex -5.21551 -19.7235 0.396045
      vertex -5.31438 -19.6913 0.5
      vertex -5.30892 -19.6819 0.396045
    endloop
  endfacet
  facet normal -0.584403 -0.804839 -0.103471
    outer loop
      vertex -5.31438 -19.6913 0.5
      vertex -5.39894 -19.6299 0.5
      vertex -5.30892 -19.6819 0.396045
    endloop
  endfacet
  facet normal -0.509427 -0.701574 -0.498275
    outer loop
      vertex -5.29276 -19.6539 0.296632
      vertex -5.37002 -19.5978 0.296632
      vertex -5.33505 -19.5589 0.206108
    endloop
  endfacet
  facet normal -0.352721 -0.792084 -0.498188
    outer loop
      vertex -5.18938 -19.643 0.206108
      vertex -5.29276 -19.6539 0.296632
      vertex -5.26663 -19.6086 0.206108
    endloop
  endfacet
  facet normal -0.644316 -0.5805 -0.497873
    outer loop
      vertex -5.33505 -19.5589 0.206108
      vertex -5.43392 -19.5268 0.296632
      vertex -5.39163 -19.4961 0.206108
    endloop
  endfacet
  facet normal -0.43796 -0.60302 -0.666752
    outer loop
      vertex -5.23166 -19.5481 0.128428
      vertex -5.33505 -19.5589 0.206108
      vertex -5.28825 -19.507 0.128428
    endloop
  endfacet
  facet normal -0.24037 -0.538858 -0.807375
    outer loop
      vertex -5.16776 -19.5765 0.128428
      vertex -5.18938 -19.4748 0.066988
      vertex -5.14163 -19.4961 0.066988
    endloop
  endfacet
  facet normal -0.239483 -0.538837 -0.807652
    outer loop
      vertex -5.16776 -19.5765 0.128428
      vertex -5.23166 -19.5481 0.128428
      vertex -5.18938 -19.4748 0.066988
    endloop
  endfacet
  facet normal -0.0853127 -0.190726 -0.977929
    outer loop
      vertex -5.11212 -19.4053 0.0244722
      vertex -5.14163 -19.3921 0.0244722
      vertex -5.08053 -19.308 0.00273991
    endloop
  endfacet
  facet normal -0.510893 -0.294818 -0.807509
    outer loop
      vertex -5.33505 -19.455 0.128428
      vertex -5.37002 -19.3944 0.128428
      vertex -5.29276 -19.36 0.066988
    endloop
  endfacet
  facet normal -0.861301 -0.497366 -0.103863
    outer loop
      vertex -5.46889 -19.5522 0.5
      vertex -5.52115 -19.4617 0.5
      vertex -5.46005 -19.5458 0.396045
    endloop
  endfacet
  facet normal -0.122589 -0.169326 -0.977906
    outer loop
      vertex -5.09051 -19.3036 0.00273991
      vertex -5.14163 -19.3921 0.0244722
      vertex -5.09935 -19.2972 0.00273991
    endloop
  endfacet
  facet normal -0.510774 -0.294625 0.807655
    outer loop
      vertex -5.29276 -19.36 15.933
      vertex -5.33505 -19.455 15.8716
      vertex -5.26663 -19.4053 15.933
    endloop
  endfacet
  facet normal -0.404649 -0.908611 0.103369
    outer loop
      vertex -5.30892 -19.6819 15.604
      vertex -5.31438 -19.6913 15.5
      vertex -5.21551 -19.7235 15.604
    endloop
  endfacet
  facet normal -0.587557 -0.809183 0
    outer loop
      vertex -5.39894 -19.6299 0.5
      vertex -5.31438 -19.6913 15.5
      vertex -5.39894 -19.6299 15.5
    endloop
  endfacet
  facet normal -0.587557 -0.809183 -0
    outer loop
      vertex -5.31438 -19.6913 15.5
      vertex -5.39894 -19.6299 0.5
      vertex -5.31438 -19.6913 0.5
    endloop
  endfacet
  facet normal -0.823957 -0.47594 -0.307534
    outer loop
      vertex -5.46005 -19.5458 0.396045
      vertex -5.51117 -19.4573 0.396045
      vertex -5.43392 -19.5268 0.296632
    endloop
  endfacet
  facet normal -0.739186 -0.665457 0.103782
    outer loop
      vertex -5.46005 -19.5458 15.604
      vertex -5.46889 -19.5522 15.5
      vertex -5.39894 -19.6299 15.5
    endloop
  endfacet
  facet normal -0.945909 -0.307373 -0.10382
    outer loop
      vertex -5.52115 -19.4617 0.5
      vertex -5.55345 -19.3623 0.5
      vertex -5.51117 -19.4573 0.396045
    endloop
  endfacet
  facet normal -0.951048 -0.309043 0
    outer loop
      vertex -5.52115 -19.4617 0.5
      vertex -5.55345 -19.3623 15.5
      vertex -5.55345 -19.3623 0.5
    endloop
  endfacet
  facet normal -0.951048 -0.309043 0
    outer loop
      vertex -5.55345 -19.3623 15.5
      vertex -5.52115 -19.4617 0.5
      vertex -5.52115 -19.4617 15.5
    endloop
  endfacet
  facet normal -0.904918 -0.294016 0.307698
    outer loop
      vertex -5.77182 -18.6551 15.604
      vertex -5.51117 -19.3533 15.7034
      vertex -5.74231 -18.6419 15.7034
    endloop
  endfacet
  facet normal -0.904934 -0.29403 0.307637
    outer loop
      vertex -5.51117 -19.3533 15.7034
      vertex -5.77182 -18.6551 15.604
      vertex -5.51117 -19.4573 15.604
    endloop
  endfacet
  facet normal -0.945923 -0.307344 0.103775
    outer loop
      vertex -5.55345 -19.3623 15.5
      vertex -5.77182 -18.6551 15.604
      vertex -5.7818 -18.6595 15.5
    endloop
  endfacet
  facet normal -0.945919 -0.307347 0.103803
    outer loop
      vertex -5.77182 -18.6551 15.604
      vertex -5.55345 -19.3623 15.5
      vertex -5.51117 -19.4573 15.604
    endloop
  endfacet
  facet normal 0.240115 -0.330687 0.912683
    outer loop
      vertex 5.23166 -19.4441 15.933
      vertex 5.16776 -19.3732 15.9755
      vertex 5.18938 -19.4748 15.933
    endloop
  endfacet
  facet normal -0.0435658 -0.204962 0.9778
    outer loop
      vertex -5.08053 -19.412 15.9755
      vertex -2.10672 -19.9401 15.9973
      vertex -5.08053 -19.308 15.9973
    endloop
  endfacet
  facet normal -0.0435658 -0.204962 0.9778
    outer loop
      vertex -2.10672 -19.9401 15.9973
      vertex -5.08053 -19.412 15.9755
      vertex -2.10672 -20.0441 15.9755
    endloop
  endfacet
  facet normal 0.155748 -0.140303 0.977782
    outer loop
      vertex 5.18938 -19.3492 15.9755
      vertex 5.10666 -19.2891 15.9973
      vertex 5.16776 -19.3732 15.9755
    endloop
  endfacet
  facet normal 0.199366 -0.0647803 0.977782
    outer loop
      vertex 5.11212 -19.2796 15.9973
      vertex 5.46618 -18.519 15.9755
      vertex 5.37278 -18.4774 15.9973
    endloop
  endfacet
  facet normal 0.199349 -0.0647723 0.977786
    outer loop
      vertex 5.46618 -18.519 15.9755
      vertex 5.11212 -19.2796 15.9973
      vertex 5.20553 -19.3212 15.9755
    endloop
  endfacet
  facet normal 0 -0.589655 0.807655
    outer loop
      vertex -2.1167 -20.1391 15.933
      vertex 2.12554 -20.2232 15.8716
      vertex 2.1167 -20.1391 15.933
    endloop
  endfacet
  facet normal 0 -0.589655 0.807655
    outer loop
      vertex 2.12554 -20.2232 15.8716
      vertex -2.1167 -20.1391 15.933
      vertex -2.12554 -20.2232 15.8716
    endloop
  endfacet
  facet normal -0.122954 -0.169831 0.977773
    outer loop
      vertex -5.09935 -19.2972 15.9973
      vertex -5.14163 -19.3921 15.9755
      vertex -5.09051 -19.3036 15.9973
    endloop
  endfacet
  facet normal 0.180686 -0.848135 0.498015
    outer loop
      vertex 5.18938 -19.643 15.7939
      vertex 5.11212 -19.7126 15.7034
      vertex 5.20553 -19.6927 15.7034
    endloop
  endfacet
  facet normal 0.644433 -0.57999 0.498314
    outer loop
      vertex 5.43392 -19.5268 15.7034
      vertex 5.33505 -19.5589 15.7939
      vertex 5.37002 -19.5978 15.7034
    endloop
  endfacet
  facet normal -0.123088 -0.576744 0.807598
    outer loop
      vertex -5.14163 -19.4961 15.933
      vertex -5.16776 -19.5765 15.8716
      vertex -5.09935 -19.5911 15.8716
    endloop
  endfacet
  facet normal -0.0849294 -0.399563 0.912763
    outer loop
      vertex -5.08053 -19.412 15.9755
      vertex -2.16782 -20.1282 15.933
      vertex -2.10672 -20.0441 15.9755
    endloop
  endfacet
  facet normal -0.0849294 -0.399563 0.912763
    outer loop
      vertex -2.16782 -20.1282 15.933
      vertex -5.08053 -19.412 15.9755
      vertex -5.14163 -19.4961 15.933
    endloop
  endfacet
  facet normal 0.0440974 -0.204957 0.977777
    outer loop
      vertex 2.10672 -19.9401 15.9973
      vertex 2.09603 -19.9424 15.9973
      vertex 2.10672 -20.0441 15.9755
    endloop
  endfacet
  facet normal 0.584406 -0.804843 0.103427
    outer loop
      vertex 5.39894 -19.6299 15.5
      vertex 5.30892 -19.6819 15.604
      vertex 5.31438 -19.6913 15.5
    endloop
  endfacet
  facet normal 0.303215 -0.680912 0.666648
    outer loop
      vertex 5.23166 -19.5481 15.8716
      vertex 5.18938 -19.643 15.7939
      vertex 5.26663 -19.6086 15.7939
    endloop
  endfacet
  facet normal 0.122868 -0.16987 0.977777
    outer loop
      vertex 5.16776 -19.3732 15.9755
      vertex 5.09935 -19.2972 15.9973
      vertex 5.14163 -19.3921 15.9755
    endloop
  endfacet
  facet normal 0.239382 -0.538609 0.807835
    outer loop
      vertex 5.18938 -19.4748 15.933
      vertex 5.16776 -19.5765 15.8716
      vertex 5.23166 -19.5481 15.8716
    endloop
  endfacet
  facet normal 0.82401 -0.475674 0.307801
    outer loop
      vertex 5.48166 -19.4441 15.7034
      vertex 5.43392 -19.5268 15.7034
      vertex 5.51117 -19.4573 15.604
    endloop
  endfacet
  facet normal 0.739186 -0.665457 0.103782
    outer loop
      vertex 5.46005 -19.5458 15.604
      vertex 5.39894 -19.6299 15.5
      vertex 5.46889 -19.5522 15.5
    endloop
  endfacet
  facet normal 0.206476 -0.972909 0.104001
    outer loop
      vertex 2.2417 -20.3556 15.604
      vertex 2.14283 -20.3877 15.5
      vertex 2.24508 -20.366 15.5
    endloop
  endfacet
  facet normal 0.0847925 -0.39979 -0.912676
    outer loop
      vertex 5.14163 -19.4961 0.066988
      vertex 5.08053 -19.412 0.0244722
      vertex 5.11212 -19.4053 0.0244722
    endloop
  endfacet
  facet normal 0.303614 -0.273643 -0.912654
    outer loop
      vertex 5.23166 -19.4441 0.066988
      vertex 5.16776 -19.3732 0.0244722
      vertex 5.26663 -19.4053 0.066988
    endloop
  endfacet
  facet normal 0.0849557 -0.399687 -0.912706
    outer loop
      vertex 2.16782 -20.1282 0.066988
      vertex 5.08053 -19.412 0.0244722
      vertex 5.14163 -19.4961 0.066988
    endloop
  endfacet
  facet normal 0.0849557 -0.399687 -0.912706
    outer loop
      vertex 5.08053 -19.412 0.0244722
      vertex 2.16782 -20.1282 0.066988
      vertex 2.10672 -20.0441 0.0244722
    endloop
  endfacet
  facet normal 0.154963 -0.729045 -0.666693
    outer loop
      vertex 5.09935 -19.5911 0.128428
      vertex 2.21557 -20.2751 0.206108
      vertex 2.12554 -20.2232 0.128428
    endloop
  endfacet
  facet normal 0.154963 -0.729045 -0.666693
    outer loop
      vertex 2.21557 -20.2751 0.206108
      vertex 5.09935 -19.5911 0.128428
      vertex 5.18938 -19.643 0.206108
    endloop
  endfacet
  facet normal 0.55905 -0.769915 -0.307725
    outer loop
      vertex 5.30892 -19.6819 0.396045
      vertex 5.29276 -19.6539 0.296632
      vertex 5.37002 -19.5978 0.296632
    endloop
  endfacet
  facet normal 0.405205 -0.908286 -0.104043
    outer loop
      vertex 5.21889 -19.7339 0.5
      vertex 5.21551 -19.7235 0.396045
      vertex 5.31438 -19.6913 0.5
    endloop
  endfacet
  facet normal 0.510991 -0.29475 -0.807472
    outer loop
      vertex 5.33505 -19.455 0.128428
      vertex 5.26663 -19.4053 0.066988
      vertex 5.29276 -19.36 0.066988
    endloop
  endfacet
  facet normal 0.34651 -0.477104 -0.807653
    outer loop
      vertex 5.23166 -19.5481 0.128428
      vertex 5.18938 -19.4748 0.066988
      vertex 5.28825 -19.507 0.128428
    endloop
  endfacet
  facet normal 0.645117 -0.372273 -0.66726
    outer loop
      vertex 5.43392 -19.4229 0.206108
      vertex 5.33505 -19.455 0.128428
      vertex 5.37002 -19.3944 0.128428
    endloop
  endfacet
  facet normal 0.751173 -0.433628 -0.497701
    outer loop
      vertex 5.48166 -19.4441 0.296632
      vertex 5.43392 -19.5268 0.296632
      vertex 5.43392 -19.4229 0.206108
    endloop
  endfacet
  facet normal 0.644476 -0.580028 -0.498215
    outer loop
      vertex 5.37002 -19.5978 0.296632
      vertex 5.33505 -19.5589 0.206108
      vertex 5.43392 -19.5268 0.296632
    endloop
  endfacet
  facet normal 0.739183 -0.66546 0.103785
    outer loop
      vertex 5.46005 -19.5458 15.604
      vertex 5.39163 -19.6218 15.604
      vertex 5.39894 -19.6299 15.5
    endloop
  endfacet
  facet normal 0.559365 -0.769801 -0.307436
    outer loop
      vertex 5.39163 -19.6218 0.396045
      vertex 5.30892 -19.6819 0.396045
      vertex 5.37002 -19.5978 0.296632
    endloop
  endfacet
  facet normal -0.206782 -0.972839 -0.104049
    outer loop
      vertex -5.21551 -19.7235 0.396045
      vertex -2.24508 -20.366 0.5
      vertex -5.21889 -19.7339 0.5
    endloop
  endfacet
  facet normal -0.206782 -0.972839 -0.104049
    outer loop
      vertex -2.24508 -20.366 0.5
      vertex -5.21551 -19.7235 0.396045
      vertex -2.2417 -20.3556 0.396045
    endloop
  endfacet
  facet normal -0.34651 -0.477104 -0.807653
    outer loop
      vertex -5.23166 -19.5481 0.128428
      vertex -5.28825 -19.507 0.128428
      vertex -5.18938 -19.4748 0.066988
    endloop
  endfacet
  facet normal -0.0433419 -0.204354 -0.977937
    outer loop
      vertex -5.08053 -19.412 0.0244722
      vertex -5.11212 -19.4053 0.0244722
      vertex -5.08053 -19.308 0.00273991
    endloop
  endfacet
  facet normal -0.0434364 -0.204353 -0.977933
    outer loop
      vertex -5.08053 -19.412 0.0244722
      vertex -2.10672 -19.9401 0.00273991
      vertex -2.10672 -20.0441 0.0244722
    endloop
  endfacet
  facet normal -0.0434364 -0.204353 -0.977933
    outer loop
      vertex -2.10672 -19.9401 0.00273991
      vertex -5.08053 -19.412 0.0244722
      vertex -5.08053 -19.308 0.00273991
    endloop
  endfacet
  facet normal -0.122503 -0.169366 -0.97791
    outer loop
      vertex -5.14163 -19.3921 0.0244722
      vertex -5.16776 -19.3732 0.0244722
      vertex -5.09935 -19.2972 0.00273991
    endloop
  endfacet
  facet normal 0.155285 -0.139886 -0.977915
    outer loop
      vertex 5.16776 -19.3732 0.0244722
      vertex 5.10666 -19.2891 0.00273991
      vertex 5.18938 -19.3492 0.0244722
    endloop
  endfacet
  facet normal 0.122503 -0.169366 -0.97791
    outer loop
      vertex 5.14163 -19.3921 0.0244722
      vertex 5.09935 -19.2972 0.00273991
      vertex 5.16776 -19.3732 0.0244722
    endloop
  endfacet
  facet normal -0.560996 -0.182278 -0.807501
    outer loop
      vertex -5.63067 -18.5922 0.128428
      vertex -5.29276 -19.36 0.066988
      vertex -5.37002 -19.3944 0.128428
    endloop
  endfacet
  facet normal -0.561034 -0.182298 -0.80747
    outer loop
      vertex -5.29276 -19.36 0.066988
      vertex -5.63067 -18.5922 0.128428
      vertex -5.55342 -18.5578 0.066988
    endloop
  endfacet
  facet normal -0.824942 -0.267773 -0.497763
    outer loop
      vertex -5.43392 -19.4229 0.206108
      vertex -5.48166 -19.4441 0.296632
      vertex -5.46005 -19.3424 0.206108
    endloop
  endfacet
  facet normal 0.0843805 -0.19139 -0.97788
    outer loop
      vertex 5.14163 -19.3921 0.0244722
      vertex 5.08053 -19.308 0.00273991
      vertex 5.09051 -19.3036 0.00273991
    endloop
  endfacet
  facet normal -0.75086 -0.433796 0.498027
    outer loop
      vertex -5.43392 -19.4229 15.7939
      vertex -5.43392 -19.5268 15.7034
      vertex -5.39163 -19.4961 15.7939
    endloop
  endfacet
  facet normal -0.197816 -0.930656 0.307811
    outer loop
      vertex -2.2417 -20.3556 15.604
      vertex -5.11212 -19.7126 15.7034
      vertex -5.21551 -19.7235 15.604
    endloop
  endfacet
  facet normal -0.197816 -0.930656 0.307811
    outer loop
      vertex -5.11212 -19.7126 15.7034
      vertex -2.2417 -20.3556 15.604
      vertex -2.13831 -20.3447 15.7034
    endloop
  endfacet
  facet normal -0.945919 -0.307343 -0.10382
    outer loop
      vertex -5.77182 -18.6551 0.396045
      vertex -5.55345 -19.3623 0.5
      vertex -5.7818 -18.6595 0.5
    endloop
  endfacet
  facet normal -0.945915 -0.307346 -0.103847
    outer loop
      vertex -5.55345 -19.3623 0.5
      vertex -5.77182 -18.6551 0.396045
      vertex -5.51117 -19.4573 0.396045
    endloop
  endfacet
  facet normal -0.707267 -0.63654 -0.307557
    outer loop
      vertex -5.37002 -19.5978 0.296632
      vertex -5.46005 -19.5458 0.396045
      vertex -5.43392 -19.5268 0.296632
    endloop
  endfacet
  facet normal -0.904929 -0.294019 -0.307661
    outer loop
      vertex -5.51117 -19.3533 0.296632
      vertex -5.77182 -18.6551 0.396045
      vertex -5.74231 -18.6419 0.296632
    endloop
  endfacet
  facet normal -0.904945 -0.294034 -0.307601
    outer loop
      vertex -5.77182 -18.6551 0.396045
      vertex -5.51117 -19.3533 0.296632
      vertex -5.51117 -19.4573 0.396045
    endloop
  endfacet
  facet normal -0.945913 -0.307374 0.103776
    outer loop
      vertex -5.51117 -19.4573 15.604
      vertex -5.55345 -19.3623 15.5
      vertex -5.52115 -19.4617 15.5
    endloop
  endfacet
  facet normal -0.743199 -0.66907 0
    outer loop
      vertex -5.39894 -19.6299 0.5
      vertex -5.46889 -19.5522 15.5
      vertex -5.46889 -19.5522 0.5
    endloop
  endfacet
  facet normal -0.743199 -0.66907 0
    outer loop
      vertex -5.46889 -19.5522 15.5
      vertex -5.39894 -19.6299 0.5
      vertex -5.39894 -19.6299 15.5
    endloop
  endfacet
  facet normal -0.30352 -0.273559 0.912711
    outer loop
      vertex -5.16776 -19.3732 15.9755
      vertex -5.26663 -19.4053 15.933
      vertex -5.23166 -19.4441 15.933
    endloop
  endfacet
  facet normal 0.0849294 -0.399563 0.912763
    outer loop
      vertex 5.08053 -19.412 15.9755
      vertex 2.16782 -20.1282 15.933
      vertex 5.14163 -19.4961 15.933
    endloop
  endfacet
  facet normal 0.0849294 -0.399563 0.912763
    outer loop
      vertex 2.16782 -20.1282 15.933
      vertex 5.08053 -19.412 15.9755
      vertex 2.10672 -20.0441 15.9755
    endloop
  endfacet
  facet normal -0.155748 -0.140303 0.977782
    outer loop
      vertex -5.10666 -19.2891 15.9973
      vertex -5.18938 -19.3492 15.9755
      vertex -5.16776 -19.3732 15.9755
    endloop
  endfacet
  facet normal -0.12297 -0.576716 0.807637
    outer loop
      vertex -2.1167 -20.1391 15.933
      vertex -2.16782 -20.1282 15.933
      vertex -2.12554 -20.2232 15.8716
    endloop
  endfacet
  facet normal -0.0851646 -0.399414 0.912806
    outer loop
      vertex -2.10672 -20.0441 15.9755
      vertex -2.16782 -20.1282 15.933
      vertex -2.1167 -20.1391 15.933
    endloop
  endfacet
  facet normal 0.155112 -0.729025 0.666681
    outer loop
      vertex 2.21557 -20.2751 15.7939
      vertex 2.12554 -20.2232 15.8716
      vertex 2.13285 -20.2927 15.7939
    endloop
  endfacet
  facet normal -0.0847662 -0.399666 0.912733
    outer loop
      vertex -5.11212 -19.4053 15.9755
      vertex -5.14163 -19.4961 15.933
      vertex -5.08053 -19.412 15.9755
    endloop
  endfacet
  facet normal -0.166759 -0.372809 0.912801
    outer loop
      vertex -5.14163 -19.3921 15.9755
      vertex -5.18938 -19.4748 15.933
      vertex -5.11212 -19.4053 15.9755
    endloop
  endfacet
  facet normal -0.043471 -0.204963 0.977804
    outer loop
      vertex -5.08053 -19.308 15.9973
      vertex -5.11212 -19.4053 15.9755
      vertex -5.08053 -19.412 15.9755
    endloop
  endfacet
  facet normal -0.16644 -0.373122 0.912731
    outer loop
      vertex -5.11212 -19.4053 15.9755
      vertex -5.18938 -19.4748 15.933
      vertex -5.14163 -19.4961 15.933
    endloop
  endfacet
  facet normal 0.824661 -0.268015 0.4981
    outer loop
      vertex 5.51117 -19.3533 15.7034
      vertex 5.46005 -19.3424 15.7939
      vertex 5.48166 -19.4441 15.7034
    endloop
  endfacet
  facet normal 0.510774 -0.294625 0.807655
    outer loop
      vertex 5.29276 -19.36 15.933
      vertex 5.26663 -19.4053 15.933
      vertex 5.33505 -19.455 15.8716
    endloop
  endfacet
  facet normal 0.180258 -0.84805 0.498316
    outer loop
      vertex 5.11212 -19.7126 15.7034
      vertex 2.21557 -20.2751 15.7939
      vertex 2.13831 -20.3447 15.7034
    endloop
  endfacet
  facet normal 0.180258 -0.84805 0.498316
    outer loop
      vertex 2.21557 -20.2751 15.7939
      vertex 5.11212 -19.7126 15.7034
      vertex 5.18938 -19.643 15.7939
    endloop
  endfacet
  facet normal 0.751124 -0.433599 0.4978
    outer loop
      vertex 5.43392 -19.4229 15.7939
      vertex 5.43392 -19.5268 15.7034
      vertex 5.48166 -19.4441 15.7034
    endloop
  endfacet
  facet normal 0.510676 -0.294692 0.807692
    outer loop
      vertex 5.37002 -19.3944 15.8716
      vertex 5.29276 -19.36 15.933
      vertex 5.33505 -19.455 15.8716
    endloop
  endfacet
  facet normal 0.240268 -0.53863 0.807558
    outer loop
      vertex 5.18938 -19.4748 15.933
      vertex 5.14163 -19.4961 15.933
      vertex 5.16776 -19.5765 15.8716
    endloop
  endfacet
  facet normal 0.824888 -0.267756 0.497863
    outer loop
      vertex 5.46005 -19.3424 15.7939
      vertex 5.43392 -19.4229 15.7939
      vertex 5.48166 -19.4441 15.7034
    endloop
  endfacet
  facet normal 0.945923 -0.307344 0.103775
    outer loop
      vertex 5.77182 -18.6551 15.604
      vertex 5.55345 -19.3623 15.5
      vertex 5.7818 -18.6595 15.5
    endloop
  endfacet
  facet normal 0.945919 -0.307347 0.103803
    outer loop
      vertex 5.55345 -19.3623 15.5
      vertex 5.77182 -18.6551 15.604
      vertex 5.51117 -19.4573 15.604
    endloop
  endfacet
  facet normal 0.951048 -0.309043 0
    outer loop
      vertex 5.52115 -19.4617 15.5
      vertex 5.55345 -19.3623 0.5
      vertex 5.55345 -19.3623 15.5
    endloop
  endfacet
  facet normal 0.951048 -0.309043 0
    outer loop
      vertex 5.55345 -19.3623 0.5
      vertex 5.52115 -19.4617 15.5
      vertex 5.52115 -19.4617 0.5
    endloop
  endfacet
  facet normal 0.945909 -0.307373 -0.10382
    outer loop
      vertex 5.52115 -19.4617 0.5
      vertex 5.51117 -19.4573 0.396045
      vertex 5.55345 -19.3623 0.5
    endloop
  endfacet
  facet normal 0.352698 -0.792032 0.498287
    outer loop
      vertex 5.26663 -19.6086 15.7939
      vertex 5.18938 -19.643 15.7939
      vertex 5.29276 -19.6539 15.7034
    endloop
  endfacet
  facet normal 0.75086 -0.433796 0.498027
    outer loop
      vertex 5.43392 -19.4229 15.7939
      vertex 5.39163 -19.4961 15.7939
      vertex 5.43392 -19.5268 15.7034
    endloop
  endfacet
  facet normal 0.438335 -0.394501 -0.807609
    outer loop
      vertex 5.28825 -19.507 0.128428
      vertex 5.23166 -19.4441 0.066988
      vertex 5.33505 -19.455 0.128428
    endloop
  endfacet
  facet normal 0.180698 -0.848191 -0.497916
    outer loop
      vertex 5.20553 -19.6927 0.296632
      vertex 5.11212 -19.7126 0.296632
      vertex 5.18938 -19.643 0.206108
    endloop
  endfacet
  facet normal 0.43799 -0.602963 -0.666784
    outer loop
      vertex 5.26663 -19.6086 0.206108
      vertex 5.23166 -19.5481 0.128428
      vertex 5.33505 -19.5589 0.206108
    endloop
  endfacet
  facet normal 0.239483 -0.538837 -0.807652
    outer loop
      vertex 5.23166 -19.5481 0.128428
      vertex 5.16776 -19.5765 0.128428
      vertex 5.18938 -19.4748 0.066988
    endloop
  endfacet
  facet normal 0.30318 -0.680834 -0.666744
    outer loop
      vertex 5.26663 -19.6086 0.206108
      vertex 5.18938 -19.643 0.206108
      vertex 5.23166 -19.5481 0.128428
    endloop
  endfacet
  facet normal 0.346476 -0.477166 -0.80763
    outer loop
      vertex 5.28825 -19.507 0.128428
      vertex 5.18938 -19.4748 0.066988
      vertex 5.23166 -19.4441 0.066988
    endloop
  endfacet
  facet normal -0.155131 -0.140001 -0.977924
    outer loop
      vertex -5.09935 -19.2972 0.00273991
      vertex -5.16776 -19.3732 0.0244722
      vertex -5.10666 -19.2891 0.00273991
    endloop
  endfacet
  facet normal -0.645117 -0.372273 -0.66726
    outer loop
      vertex -5.33505 -19.455 0.128428
      vertex -5.43392 -19.4229 0.206108
      vertex -5.37002 -19.3944 0.128428
    endloop
  endfacet
  facet normal 0.18102 -0.10441 -0.977922
    outer loop
      vertex 5.18938 -19.3492 0.0244722
      vertex 5.11212 -19.2796 0.00273991
      vertex 5.20553 -19.3212 0.0244722
    endloop
  endfacet
  facet normal 0.354009 -0.2042 -0.912677
    outer loop
      vertex 5.26663 -19.4053 0.066988
      vertex 5.20553 -19.3212 0.0244722
      vertex 5.29276 -19.36 0.066988
    endloop
  endfacet
  facet normal 0.388666 -0.12629 -0.912682
    outer loop
      vertex 5.20553 -19.3212 0.0244722
      vertex 5.55342 -18.5578 0.066988
      vertex 5.29276 -19.36 0.066988
    endloop
  endfacet
  facet normal 0.388636 -0.126275 -0.912698
    outer loop
      vertex 5.55342 -18.5578 0.066988
      vertex 5.20553 -19.3212 0.0244722
      vertex 5.46618 -18.519 0.0244722
    endloop
  endfacet
  facet normal 0.707204 -0.63667 -0.307432
    outer loop
      vertex 5.39163 -19.6218 0.396045
      vertex 5.37002 -19.5978 0.296632
      vertex 5.46005 -19.5458 0.396045
    endloop
  endfacet
  facet normal 0.86125 -0.497481 -0.103739
    outer loop
      vertex 5.52115 -19.4617 0.5
      vertex 5.46005 -19.5458 0.396045
      vertex 5.51117 -19.4573 0.396045
    endloop
  endfacet
  facet normal 0.823957 -0.47594 -0.307534
    outer loop
      vertex 5.46005 -19.5458 0.396045
      vertex 5.43392 -19.5268 0.296632
      vertex 5.51117 -19.4573 0.396045
    endloop
  endfacet
  facet normal 0.861301 -0.497366 -0.103863
    outer loop
      vertex 5.46889 -19.5522 0.5
      vertex 5.46005 -19.5458 0.396045
      vertex 5.52115 -19.4617 0.5
    endloop
  endfacet
  facet normal 0.865985 -0.50007 0
    outer loop
      vertex 5.46889 -19.5522 15.5
      vertex 5.52115 -19.4617 0.5
      vertex 5.52115 -19.4617 15.5
    endloop
  endfacet
  facet normal 0.865985 -0.50007 0
    outer loop
      vertex 5.52115 -19.4617 0.5
      vertex 5.46889 -19.5522 15.5
      vertex 5.46889 -19.5522 0.5
    endloop
  endfacet
  facet normal 0.587557 -0.809183 0
    outer loop
      vertex 5.31438 -19.6913 0.5
      vertex 5.39894 -19.6299 15.5
      vertex 5.31438 -19.6913 15.5
    endloop
  endfacet
  facet normal 0.587557 -0.809183 0
    outer loop
      vertex 5.39894 -19.6299 15.5
      vertex 5.31438 -19.6913 0.5
      vertex 5.39894 -19.6299 0.5
    endloop
  endfacet
  facet normal -0.510991 -0.29475 -0.807472
    outer loop
      vertex -5.26663 -19.4053 0.066988
      vertex -5.33505 -19.455 0.128428
      vertex -5.29276 -19.36 0.066988
    endloop
  endfacet
  facet normal -0.553925 -0.498533 -0.666807
    outer loop
      vertex -5.28825 -19.507 0.128428
      vertex -5.33505 -19.5589 0.206108
      vertex -5.33505 -19.455 0.128428
    endloop
  endfacet
  facet normal 0.181237 -0.104164 -0.977907
    outer loop
      vertex 5.18938 -19.3492 0.0244722
      vertex 5.10666 -19.2891 0.00273991
      vertex 5.11212 -19.2796 0.00273991
    endloop
  endfacet
  facet normal -0.354018 -0.204193 -0.912675
    outer loop
      vertex -5.18938 -19.3492 0.0244722
      vertex -5.26663 -19.4053 0.066988
      vertex -5.20553 -19.3212 0.0244722
    endloop
  endfacet
  facet normal 0.155131 -0.140001 -0.977924
    outer loop
      vertex 5.16776 -19.3732 0.0244722
      vertex 5.09935 -19.2972 0.00273991
      vertex 5.10666 -19.2891 0.00273991
    endloop
  endfacet
  facet normal 0.198757 -0.0645799 -0.977919
    outer loop
      vertex 5.11212 -19.2796 0.00273991
      vertex 5.46618 -18.519 0.0244722
      vertex 5.20553 -19.3212 0.0244722
    endloop
  endfacet
  facet normal 0.198774 -0.0645879 -0.977915
    outer loop
      vertex 5.46618 -18.519 0.0244722
      vertex 5.11212 -19.2796 0.00273991
      vertex 5.37278 -18.4774 0.00273991
    endloop
  endfacet
  facet normal -0.824848 -0.268039 -0.497776
    outer loop
      vertex -5.46005 -19.3424 0.206108
      vertex -5.74231 -18.6419 0.296632
      vertex -5.69457 -18.6207 0.206108
    endloop
  endfacet
  facet normal -0.824735 -0.267964 -0.498003
    outer loop
      vertex -5.74231 -18.6419 0.296632
      vertex -5.46005 -19.3424 0.206108
      vertex -5.51117 -19.3533 0.296632
    endloop
  endfacet
  facet normal -0.824715 -0.268032 -0.498
    outer loop
      vertex -5.48166 -19.4441 0.296632
      vertex -5.51117 -19.3533 0.296632
      vertex -5.46005 -19.3424 0.206108
    endloop
  endfacet
  facet normal -0.387081 -0.869165 0.307765
    outer loop
      vertex -5.29276 -19.6539 15.7034
      vertex -5.30892 -19.6819 15.604
      vertex -5.21551 -19.7235 15.604
    endloop
  endfacet
  facet normal -0.352427 -0.792324 0.498013
    outer loop
      vertex -5.18938 -19.643 15.7939
      vertex -5.29276 -19.6539 15.7034
      vertex -5.20553 -19.6927 15.7034
    endloop
  endfacet
  facet normal -0.707204 -0.63667 -0.307432
    outer loop
      vertex -5.39163 -19.6218 0.396045
      vertex -5.46005 -19.5458 0.396045
      vertex -5.37002 -19.5978 0.296632
    endloop
  endfacet
  facet normal -0.73918 -0.665457 -0.10383
    outer loop
      vertex -5.39894 -19.6299 0.5
      vertex -5.46005 -19.5458 0.396045
      vertex -5.39163 -19.6218 0.396045
    endloop
  endfacet
  facet normal -0.82401 -0.475674 0.307801
    outer loop
      vertex -5.48166 -19.4441 15.7034
      vertex -5.51117 -19.4573 15.604
      vertex -5.43392 -19.5268 15.7034
    endloop
  endfacet
  facet normal -0.30356 -0.273457 0.912728
    outer loop
      vertex -5.18938 -19.3492 15.9755
      vertex -5.26663 -19.4053 15.933
      vertex -5.16776 -19.3732 15.9755
    endloop
  endfacet
  facet normal -0.122564 -0.57662 0.807767
    outer loop
      vertex -2.16782 -20.1282 15.933
      vertex -5.09935 -19.5911 15.8716
      vertex -2.12554 -20.2232 15.8716
    endloop
  endfacet
  facet normal -0.122564 -0.57662 0.807767
    outer loop
      vertex -5.09935 -19.5911 15.8716
      vertex -2.16782 -20.1282 15.933
      vertex -5.14163 -19.4961 15.933
    endloop
  endfacet
  facet normal -0.239344 -0.330903 0.912808
    outer loop
      vertex -5.16776 -19.3732 15.9755
      vertex -5.18938 -19.4748 15.933
      vertex -5.14163 -19.3921 15.9755
    endloop
  endfacet
  facet normal -0.644433 -0.57999 0.498314
    outer loop
      vertex -5.33505 -19.5589 15.7939
      vertex -5.43392 -19.5268 15.7034
      vertex -5.37002 -19.5978 15.7034
    endloop
  endfacet
  facet normal -0.0855669 -0.191294 0.977796
    outer loop
      vertex -5.08053 -19.308 15.9973
      vertex -5.14163 -19.3921 15.9755
      vertex -5.11212 -19.4053 15.9755
    endloop
  endfacet
  facet normal -0.0846319 -0.19196 0.977747
    outer loop
      vertex -5.09051 -19.3036 15.9973
      vertex -5.14163 -19.3921 15.9755
      vertex -5.08053 -19.308 15.9973
    endloop
  endfacet
  facet normal 0.302617 -0.680888 0.666945
    outer loop
      vertex 5.23166 -19.5481 15.8716
      vertex 5.16776 -19.5765 15.8716
      vertex 5.18938 -19.643 15.7939
    endloop
  endfacet
  facet normal 0.15498 -0.729129 0.666598
    outer loop
      vertex 2.21557 -20.2751 15.7939
      vertex 5.09935 -19.5911 15.8716
      vertex 2.12554 -20.2232 15.8716
    endloop
  endfacet
  facet normal 0.15498 -0.729129 0.666598
    outer loop
      vertex 5.09935 -19.5911 15.8716
      vertex 2.21557 -20.2751 15.7939
      vertex 5.18938 -19.643 15.7939
    endloop
  endfacet
  facet normal 0.206783 -0.972843 0.104005
    outer loop
      vertex 2.24508 -20.366 15.5
      vertex 5.21551 -19.7235 15.604
      vertex 2.2417 -20.3556 15.604
    endloop
  endfacet
  facet normal 0.206783 -0.972843 0.104005
    outer loop
      vertex 5.21551 -19.7235 15.604
      vertex 2.24508 -20.366 15.5
      vertex 5.21889 -19.7339 15.5
    endloop
  endfacet
  facet normal 0.559358 -0.769792 0.307472
    outer loop
      vertex 5.37002 -19.5978 15.7034
      vertex 5.30892 -19.6819 15.604
      vertex 5.39163 -19.6218 15.604
    endloop
  endfacet
  facet normal 0.584661 -0.804615 0.103762
    outer loop
      vertex 5.39163 -19.6218 15.604
      vertex 5.30892 -19.6819 15.604
      vertex 5.39894 -19.6299 15.5
    endloop
  endfacet
  facet normal 0.122564 -0.57662 0.807767
    outer loop
      vertex 2.16782 -20.1282 15.933
      vertex 5.09935 -19.5911 15.8716
      vertex 5.14163 -19.4961 15.933
    endloop
  endfacet
  facet normal 0.122564 -0.57662 0.807767
    outer loop
      vertex 5.09935 -19.5911 15.8716
      vertex 2.16782 -20.1282 15.933
      vertex 2.12554 -20.2232 15.8716
    endloop
  endfacet
  facet normal 0.904893 -0.29409 0.3077
    outer loop
      vertex 5.51117 -19.3533 15.7034
      vertex 5.48166 -19.4441 15.7034
      vertex 5.51117 -19.4573 15.604
    endloop
  endfacet
  facet normal 0.708579 -0.230002 0.667095
    outer loop
      vertex 5.46005 -19.3424 15.7939
      vertex 5.37002 -19.3944 15.8716
      vertex 5.43392 -19.4229 15.7939
    endloop
  endfacet
  facet normal 0.509393 -0.701528 0.498375
    outer loop
      vertex 5.33505 -19.5589 15.7939
      vertex 5.29276 -19.6539 15.7034
      vertex 5.37002 -19.5978 15.7034
    endloop
  endfacet
  facet normal 0.197819 -0.930668 -0.307774
    outer loop
      vertex 5.11212 -19.7126 0.296632
      vertex 2.2417 -20.3556 0.396045
      vertex 2.13831 -20.3447 0.296632
    endloop
  endfacet
  facet normal 0.197819 -0.930668 -0.307774
    outer loop
      vertex 2.2417 -20.3556 0.396045
      vertex 5.11212 -19.7126 0.296632
      vertex 5.21551 -19.7235 0.396045
    endloop
  endfacet
  facet normal 0.18027 -0.848106 -0.498216
    outer loop
      vertex 2.21557 -20.2751 0.206108
      vertex 5.11212 -19.7126 0.296632
      vertex 2.13831 -20.3447 0.296632
    endloop
  endfacet
  facet normal 0.18027 -0.848106 -0.498216
    outer loop
      vertex 5.11212 -19.7126 0.296632
      vertex 2.21557 -20.2751 0.206108
      vertex 5.18938 -19.643 0.206108
    endloop
  endfacet
  facet normal 0.644316 -0.5805 -0.497873
    outer loop
      vertex 5.43392 -19.5268 0.296632
      vertex 5.33505 -19.5589 0.206108
      vertex 5.39163 -19.4961 0.206108
    endloop
  endfacet
  facet normal 0.387086 -0.869176 -0.307729
    outer loop
      vertex 5.30892 -19.6819 0.396045
      vertex 5.21551 -19.7235 0.396045
      vertex 5.29276 -19.6539 0.296632
    endloop
  endfacet
  facet normal 0.553518 -0.498695 -0.667024
    outer loop
      vertex 5.39163 -19.4961 0.206108
      vertex 5.33505 -19.5589 0.206108
      vertex 5.33505 -19.455 0.128428
    endloop
  endfacet
  facet normal 0.510893 -0.294818 -0.807509
    outer loop
      vertex 5.33505 -19.455 0.128428
      vertex 5.29276 -19.36 0.066988
      vertex 5.37002 -19.3944 0.128428
    endloop
  endfacet
  facet normal 0.302582 -0.68081 -0.66704
    outer loop
      vertex 5.18938 -19.643 0.206108
      vertex 5.16776 -19.5765 0.128428
      vertex 5.23166 -19.5481 0.128428
    endloop
  endfacet
  facet normal 0.155501 -0.728619 -0.667033
    outer loop
      vertex 5.18938 -19.643 0.206108
      vertex 5.09935 -19.5911 0.128428
      vertex 5.16776 -19.5765 0.128428
    endloop
  endfacet
  facet normal 0.166491 -0.373237 -0.912674
    outer loop
      vertex 5.14163 -19.4961 0.066988
      vertex 5.11212 -19.4053 0.0244722
      vertex 5.18938 -19.4748 0.066988
    endloop
  endfacet
  facet normal 0.166811 -0.372924 -0.912744
    outer loop
      vertex 5.18938 -19.4748 0.066988
      vertex 5.11212 -19.4053 0.0244722
      vertex 5.14163 -19.3921 0.0244722
    endloop
  endfacet
  facet normal 0.553925 -0.498533 -0.666807
    outer loop
      vertex 5.33505 -19.5589 0.206108
      vertex 5.28825 -19.507 0.128428
      vertex 5.33505 -19.455 0.128428
    endloop
  endfacet
  facet normal 0.43796 -0.60302 -0.666752
    outer loop
      vertex 5.33505 -19.5589 0.206108
      vertex 5.23166 -19.5481 0.128428
      vertex 5.28825 -19.507 0.128428
    endloop
  endfacet
  facet normal -0.181237 -0.104164 -0.977907
    outer loop
      vertex -5.10666 -19.2891 0.00273991
      vertex -5.18938 -19.3492 0.0244722
      vertex -5.11212 -19.2796 0.00273991
    endloop
  endfacet
  facet normal 0.438201 -0.394946 -0.807463
    outer loop
      vertex 5.33505 -19.455 0.128428
      vertex 5.23166 -19.4441 0.066988
      vertex 5.26663 -19.4053 0.066988
    endloop
  endfacet
  facet normal 0.354018 -0.204193 -0.912675
    outer loop
      vertex 5.26663 -19.4053 0.066988
      vertex 5.18938 -19.3492 0.0244722
      vertex 5.20553 -19.3212 0.0244722
    endloop
  endfacet
  facet normal 0.303654 -0.273542 -0.912671
    outer loop
      vertex 5.26663 -19.4053 0.066988
      vertex 5.16776 -19.3732 0.0244722
      vertex 5.18938 -19.3492 0.0244722
    endloop
  endfacet
  facet normal 0.824848 -0.268039 -0.497776
    outer loop
      vertex 5.74231 -18.6419 0.296632
      vertex 5.46005 -19.3424 0.206108
      vertex 5.69457 -18.6207 0.206108
    endloop
  endfacet
  facet normal 0.824735 -0.267964 -0.498003
    outer loop
      vertex 5.46005 -19.3424 0.206108
      vertex 5.74231 -18.6419 0.296632
      vertex 5.51117 -19.3533 0.296632
    endloop
  endfacet
  facet normal 0.824715 -0.268032 -0.498
    outer loop
      vertex 5.48166 -19.4441 0.296632
      vertex 5.46005 -19.3424 0.206108
      vertex 5.51117 -19.3533 0.296632
    endloop
  endfacet
  facet normal 0.82402 -0.47568 -0.307765
    outer loop
      vertex 5.51117 -19.4573 0.396045
      vertex 5.43392 -19.5268 0.296632
      vertex 5.48166 -19.4441 0.296632
    endloop
  endfacet
  facet normal 0.707267 -0.63654 -0.307557
    outer loop
      vertex 5.46005 -19.5458 0.396045
      vertex 5.37002 -19.5978 0.296632
      vertex 5.43392 -19.5268 0.296632
    endloop
  endfacet
  facet normal 0.904929 -0.294019 -0.307661
    outer loop
      vertex 5.77182 -18.6551 0.396045
      vertex 5.51117 -19.3533 0.296632
      vertex 5.74231 -18.6419 0.296632
    endloop
  endfacet
  facet normal 0.904945 -0.294034 -0.307601
    outer loop
      vertex 5.51117 -19.3533 0.296632
      vertex 5.77182 -18.6551 0.396045
      vertex 5.51117 -19.4573 0.396045
    endloop
  endfacet
  facet normal 0.951058 -0.309013 0
    outer loop
      vertex 5.55345 -19.3623 15.5
      vertex 5.7818 -18.6595 0.5
      vertex 5.7818 -18.6595 15.5
    endloop
  endfacet
  facet normal 0.951058 -0.309013 0
    outer loop
      vertex 5.7818 -18.6595 0.5
      vertex 5.55345 -19.3623 15.5
      vertex 5.55345 -19.3623 0.5
    endloop
  endfacet
  facet normal -0.750909 -0.433825 -0.497927
    outer loop
      vertex -5.39163 -19.4961 0.206108
      vertex -5.43392 -19.5268 0.296632
      vertex -5.43392 -19.4229 0.206108
    endloop
  endfacet
  facet normal -0.751173 -0.433628 -0.497701
    outer loop
      vertex -5.43392 -19.5268 0.296632
      vertex -5.48166 -19.4441 0.296632
      vertex -5.43392 -19.4229 0.206108
    endloop
  endfacet
  facet normal -0.354009 -0.2042 -0.912677
    outer loop
      vertex -5.26663 -19.4053 0.066988
      vertex -5.29276 -19.36 0.066988
      vertex -5.20553 -19.3212 0.0244722
    endloop
  endfacet
  facet normal -0.438335 -0.394501 -0.807609
    outer loop
      vertex -5.28825 -19.507 0.128428
      vertex -5.33505 -19.455 0.128428
      vertex -5.23166 -19.4441 0.066988
    endloop
  endfacet
  facet normal -0.346362 -0.476902 0.807835
    outer loop
      vertex -5.18938 -19.4748 15.933
      vertex -5.28825 -19.507 15.8716
      vertex -5.23166 -19.5481 15.8716
    endloop
  endfacet
  facet normal -0.438148 -0.394334 0.807791
    outer loop
      vertex -5.23166 -19.4441 15.933
      vertex -5.33505 -19.455 15.8716
      vertex -5.28825 -19.507 15.8716
    endloop
  endfacet
  facet normal -0.707195 -0.636662 0.307468
    outer loop
      vertex -5.37002 -19.5978 15.7034
      vertex -5.46005 -19.5458 15.604
      vertex -5.39163 -19.6218 15.604
    endloop
  endfacet
  facet normal -0.584406 -0.804843 0.103427
    outer loop
      vertex -5.30892 -19.6819 15.604
      vertex -5.39894 -19.6299 15.5
      vertex -5.31438 -19.6913 15.5
    endloop
  endfacet
  facet normal -0.824661 -0.268015 0.4981
    outer loop
      vertex -5.46005 -19.3424 15.7939
      vertex -5.51117 -19.3533 15.7034
      vertex -5.48166 -19.4441 15.7034
    endloop
  endfacet
  facet normal -0.645191 -0.372316 0.667165
    outer loop
      vertex -5.37002 -19.3944 15.8716
      vertex -5.43392 -19.4229 15.7939
      vertex -5.33505 -19.455 15.8716
    endloop
  endfacet
  facet normal -0.707258 -0.636532 0.307593
    outer loop
      vertex -5.43392 -19.5268 15.7034
      vertex -5.46005 -19.5458 15.604
      vertex -5.37002 -19.5978 15.7034
    endloop
  endfacet
  facet normal -0.823946 -0.475934 0.30757
    outer loop
      vertex -5.43392 -19.5268 15.7034
      vertex -5.51117 -19.4573 15.604
      vertex -5.46005 -19.5458 15.604
    endloop
  endfacet
  facet normal 0.645164 -0.372732 0.666959
    outer loop
      vertex 5.43392 -19.4229 15.7939
      vertex 5.33505 -19.455 15.8716
      vertex 5.39163 -19.4961 15.7939
    endloop
  endfacet
  facet normal 0.181559 -0.104721 0.977788
    outer loop
      vertex 5.20553 -19.3212 15.9755
      vertex 5.11212 -19.2796 15.9973
      vertex 5.18938 -19.3492 15.9755
    endloop
  endfacet
  facet normal -0.510676 -0.294692 0.807692
    outer loop
      vertex -5.29276 -19.36 15.933
      vertex -5.37002 -19.3944 15.8716
      vertex -5.33505 -19.455 15.8716
    endloop
  endfacet
  facet normal -0.240115 -0.330687 0.912683
    outer loop
      vertex -5.16776 -19.3732 15.9755
      vertex -5.23166 -19.4441 15.933
      vertex -5.18938 -19.4748 15.933
    endloop
  endfacet
  facet normal -0.438015 -0.394778 0.807646
    outer loop
      vertex -5.26663 -19.4053 15.933
      vertex -5.33505 -19.455 15.8716
      vertex -5.23166 -19.4441 15.933
    endloop
  endfacet
  facet normal 0.386633 -0.869226 0.308157
    outer loop
      vertex 5.29276 -19.6539 15.7034
      vertex 5.20553 -19.6927 15.7034
      vertex 5.21551 -19.7235 15.604
    endloop
  endfacet
  facet normal 0.352427 -0.792324 0.498013
    outer loop
      vertex 5.29276 -19.6539 15.7034
      vertex 5.18938 -19.643 15.7939
      vertex 5.20553 -19.6927 15.7034
    endloop
  endfacet
  facet normal 0.123088 -0.576744 0.807598
    outer loop
      vertex 5.14163 -19.4961 15.933
      vertex 5.09935 -19.5911 15.8716
      vertex 5.16776 -19.5765 15.8716
    endloop
  endfacet
  facet normal 0.387081 -0.869165 0.307765
    outer loop
      vertex 5.29276 -19.6539 15.7034
      vertex 5.21551 -19.7235 15.604
      vertex 5.30892 -19.6819 15.604
    endloop
  endfacet
  facet normal 0.404649 -0.908611 0.103369
    outer loop
      vertex 5.30892 -19.6819 15.604
      vertex 5.21551 -19.7235 15.604
      vertex 5.31438 -19.6913 15.5
    endloop
  endfacet
  facet normal 0.861305 -0.497368 0.103818
    outer loop
      vertex 5.52115 -19.4617 15.5
      vertex 5.46005 -19.5458 15.604
      vertex 5.46889 -19.5522 15.5
    endloop
  endfacet
  facet normal 0.861254 -0.497483 0.103695
    outer loop
      vertex 5.51117 -19.4573 15.604
      vertex 5.46005 -19.5458 15.604
      vertex 5.52115 -19.4617 15.5
    endloop
  endfacet
  facet normal 0.166759 -0.372809 0.912801
    outer loop
      vertex 5.14163 -19.3921 15.9755
      vertex 5.11212 -19.4053 15.9755
      vertex 5.18938 -19.4748 15.933
    endloop
  endfacet
  facet normal 0.0855669 -0.191294 0.977796
    outer loop
      vertex 5.14163 -19.3921 15.9755
      vertex 5.08053 -19.308 15.9973
      vertex 5.11212 -19.4053 15.9755
    endloop
  endfacet
  facet normal 0.0851646 -0.399414 0.912806
    outer loop
      vertex 2.16782 -20.1282 15.933
      vertex 2.10672 -20.0441 15.9755
      vertex 2.1167 -20.1391 15.933
    endloop
  endfacet
  facet normal 0.12297 -0.576716 0.807637
    outer loop
      vertex 2.16782 -20.1282 15.933
      vertex 2.1167 -20.1391 15.933
      vertex 2.12554 -20.2232 15.8716
    endloop
  endfacet
  facet normal 0.438148 -0.394334 0.807791
    outer loop
      vertex 5.33505 -19.455 15.8716
      vertex 5.23166 -19.4441 15.933
      vertex 5.28825 -19.507 15.8716
    endloop
  endfacet
  facet normal 0.346329 -0.476963 0.807813
    outer loop
      vertex 5.23166 -19.4441 15.933
      vertex 5.18938 -19.4748 15.933
      vertex 5.28825 -19.507 15.8716
    endloop
  endfacet
  facet normal 0.824794 -0.268021 0.497875
    outer loop
      vertex 5.46005 -19.3424 15.7939
      vertex 5.74231 -18.6419 15.7034
      vertex 5.69457 -18.6207 15.7939
    endloop
  endfacet
  facet normal 0.824681 -0.267946 0.498103
    outer loop
      vertex 5.74231 -18.6419 15.7034
      vertex 5.46005 -19.3424 15.7939
      vertex 5.51117 -19.3533 15.7034
    endloop
  endfacet
  facet normal 0.584659 -0.804611 -0.103806
    outer loop
      vertex 5.39894 -19.6299 0.5
      vertex 5.30892 -19.6819 0.396045
      vertex 5.39163 -19.6218 0.396045
    endloop
  endfacet
  facet normal 0.584403 -0.804839 -0.103471
    outer loop
      vertex 5.31438 -19.6913 0.5
      vertex 5.30892 -19.6819 0.396045
      vertex 5.39894 -19.6299 0.5
    endloop
  endfacet
  facet normal 0.708412 -0.230202 -0.667203
    outer loop
      vertex 5.46005 -19.3424 0.206108
      vertex 5.63067 -18.5922 0.128428
      vertex 5.69457 -18.6207 0.206108
    endloop
  endfacet
  facet normal 0.708533 -0.230216 -0.66707
    outer loop
      vertex 5.63067 -18.5922 0.128428
      vertex 5.46005 -19.3424 0.206108
      vertex 5.37002 -19.3944 0.128428
    endloop
  endfacet
  facet normal 0.560996 -0.182278 -0.807501
    outer loop
      vertex 5.29276 -19.36 0.066988
      vertex 5.63067 -18.5922 0.128428
      vertex 5.37002 -19.3944 0.128428
    endloop
  endfacet
  facet normal 0.561034 -0.182298 -0.80747
    outer loop
      vertex 5.63067 -18.5922 0.128428
      vertex 5.29276 -19.36 0.066988
      vertex 5.55342 -18.5578 0.066988
    endloop
  endfacet
  facet normal 0.509427 -0.701574 -0.498275
    outer loop
      vertex 5.37002 -19.5978 0.296632
      vertex 5.29276 -19.6539 0.296632
      vertex 5.33505 -19.5589 0.206108
    endloop
  endfacet
  facet normal 0.509593 -0.701536 -0.498158
    outer loop
      vertex 5.29276 -19.6539 0.296632
      vertex 5.26663 -19.6086 0.206108
      vertex 5.33505 -19.5589 0.206108
    endloop
  endfacet
  facet normal 0.24019 -0.330789 -0.912627
    outer loop
      vertex 5.18938 -19.4748 0.066988
      vertex 5.16776 -19.3732 0.0244722
      vertex 5.23166 -19.4441 0.066988
    endloop
  endfacet
  facet normal 0.239418 -0.331005 -0.912751
    outer loop
      vertex 5.18938 -19.4748 0.066988
      vertex 5.14163 -19.3921 0.0244722
      vertex 5.16776 -19.3732 0.0244722
    endloop
  endfacet
  facet normal 0.739182 -0.665454 -0.103826
    outer loop
      vertex 5.46889 -19.5522 0.5
      vertex 5.39894 -19.6299 0.5
      vertex 5.46005 -19.5458 0.396045
    endloop
  endfacet
  facet normal 0.73918 -0.665457 -0.10383
    outer loop
      vertex 5.39894 -19.6299 0.5
      vertex 5.39163 -19.6218 0.396045
      vertex 5.46005 -19.5458 0.396045
    endloop
  endfacet
  facet normal 0.708498 -0.229976 -0.66719
    outer loop
      vertex 5.43392 -19.4229 0.206108
      vertex 5.37002 -19.3944 0.128428
      vertex 5.46005 -19.3424 0.206108
    endloop
  endfacet
  facet normal 0.824942 -0.267773 -0.497763
    outer loop
      vertex 5.48166 -19.4441 0.296632
      vertex 5.43392 -19.4229 0.206108
      vertex 5.46005 -19.3424 0.206108
    endloop
  endfacet
  facet normal -0.708498 -0.229976 -0.66719
    outer loop
      vertex -5.43392 -19.4229 0.206108
      vertex -5.46005 -19.3424 0.206108
      vertex -5.37002 -19.3944 0.128428
    endloop
  endfacet
  facet normal -0.303654 -0.273542 -0.912671
    outer loop
      vertex -5.16776 -19.3732 0.0244722
      vertex -5.26663 -19.4053 0.066988
      vertex -5.18938 -19.3492 0.0244722
    endloop
  endfacet
  facet normal -0.438201 -0.394946 -0.807463
    outer loop
      vertex -5.23166 -19.4441 0.066988
      vertex -5.33505 -19.455 0.128428
      vertex -5.26663 -19.4053 0.066988
    endloop
  endfacet
  facet normal -0.388666 -0.12629 -0.912682
    outer loop
      vertex -5.55342 -18.5578 0.066988
      vertex -5.20553 -19.3212 0.0244722
      vertex -5.29276 -19.36 0.066988
    endloop
  endfacet
  facet normal -0.388636 -0.126275 -0.912698
    outer loop
      vertex -5.20553 -19.3212 0.0244722
      vertex -5.55342 -18.5578 0.066988
      vertex -5.46618 -18.519 0.0244722
    endloop
  endfacet
  facet normal -0.198757 -0.0645799 -0.977919
    outer loop
      vertex -5.46618 -18.519 0.0244722
      vertex -5.11212 -19.2796 0.00273991
      vertex -5.20553 -19.3212 0.0244722
    endloop
  endfacet
  facet normal -0.198774 -0.0645879 -0.977915
    outer loop
      vertex -5.11212 -19.2796 0.00273991
      vertex -5.46618 -18.519 0.0244722
      vertex -5.37278 -18.4774 0.00273991
    endloop
  endfacet
  facet normal -0.181777 -0.104474 0.977774
    outer loop
      vertex -5.11212 -19.2796 15.9973
      vertex -5.18938 -19.3492 15.9755
      vertex -5.10666 -19.2891 15.9973
    endloop
  endfacet
  facet normal -0.386633 -0.869226 0.308157
    outer loop
      vertex -5.20553 -19.6927 15.7034
      vertex -5.29276 -19.6539 15.7034
      vertex -5.21551 -19.7235 15.604
    endloop
  endfacet
  facet normal -0.19822 -0.930439 0.308207
    outer loop
      vertex -5.20553 -19.6927 15.7034
      vertex -5.21551 -19.7235 15.604
      vertex -5.11212 -19.7126 15.7034
    endloop
  endfacet
  facet normal -0.43801 -0.603089 0.666656
    outer loop
      vertex -5.28825 -19.507 15.8716
      vertex -5.33505 -19.5589 15.7939
      vertex -5.23166 -19.5481 15.8716
    endloop
  endfacet
  facet normal -0.50956 -0.70149 0.498257
    outer loop
      vertex -5.26663 -19.6086 15.7939
      vertex -5.33505 -19.5589 15.7939
      vertex -5.29276 -19.6539 15.7034
    endloop
  endfacet
  facet normal -0.559043 -0.769905 0.307761
    outer loop
      vertex -5.29276 -19.6539 15.7034
      vertex -5.37002 -19.5978 15.7034
      vertex -5.30892 -19.6819 15.604
    endloop
  endfacet
  facet normal -0.509393 -0.701528 0.498375
    outer loop
      vertex -5.33505 -19.5589 15.7939
      vertex -5.37002 -19.5978 15.7034
      vertex -5.29276 -19.6539 15.7034
    endloop
  endfacet
  facet normal -0.352698 -0.792032 0.498287
    outer loop
      vertex -5.26663 -19.6086 15.7939
      vertex -5.29276 -19.6539 15.7034
      vertex -5.18938 -19.643 15.7939
    endloop
  endfacet
  facet normal -0.43804 -0.603032 0.666688
    outer loop
      vertex -5.23166 -19.5481 15.8716
      vertex -5.33505 -19.5589 15.7939
      vertex -5.26663 -19.6086 15.7939
    endloop
  endfacet
  facet normal -0.644273 -0.580462 0.497972
    outer loop
      vertex -5.39163 -19.4961 15.7939
      vertex -5.43392 -19.5268 15.7034
      vertex -5.33505 -19.5589 15.7939
    endloop
  endfacet
  facet normal -0.645164 -0.372732 0.666959
    outer loop
      vertex -5.33505 -19.455 15.8716
      vertex -5.43392 -19.4229 15.7939
      vertex -5.39163 -19.4961 15.7939
    endloop
  endfacet
  facet normal -0.560796 -0.18222 0.807653
    outer loop
      vertex -5.63067 -18.5922 15.8716
      vertex -5.29276 -19.36 15.933
      vertex -5.55342 -18.5578 15.933
    endloop
  endfacet
  facet normal -0.560757 -0.182201 0.807684
    outer loop
      vertex -5.29276 -19.36 15.933
      vertex -5.63067 -18.5922 15.8716
      vertex -5.37002 -19.3944 15.8716
    endloop
  endfacet
  facet normal -0.824794 -0.268021 0.497875
    outer loop
      vertex -5.74231 -18.6419 15.7034
      vertex -5.46005 -19.3424 15.7939
      vertex -5.69457 -18.6207 15.7939
    endloop
  endfacet
  facet normal -0.824681 -0.267946 0.498103
    outer loop
      vertex -5.46005 -19.3424 15.7939
      vertex -5.74231 -18.6419 15.7034
      vertex -5.51117 -19.3533 15.7034
    endloop
  endfacet
  facet normal -0.751124 -0.433599 0.4978
    outer loop
      vertex -5.43392 -19.4229 15.7939
      vertex -5.48166 -19.4441 15.7034
      vertex -5.43392 -19.5268 15.7034
    endloop
  endfacet
  facet normal -0.824888 -0.267756 0.497863
    outer loop
      vertex -5.46005 -19.3424 15.7939
      vertex -5.48166 -19.4441 15.7034
      vertex -5.43392 -19.4229 15.7939
    endloop
  endfacet
  facet normal -0.584661 -0.804615 0.103762
    outer loop
      vertex -5.39163 -19.6218 15.604
      vertex -5.39894 -19.6299 15.5
      vertex -5.30892 -19.6819 15.604
    endloop
  endfacet
  facet normal -0.559358 -0.769792 0.307472
    outer loop
      vertex -5.37002 -19.5978 15.7034
      vertex -5.39163 -19.6218 15.604
      vertex -5.30892 -19.6819 15.604
    endloop
  endfacet
  facet normal 0.239344 -0.330903 0.912808
    outer loop
      vertex 5.16776 -19.3732 15.9755
      vertex 5.14163 -19.3921 15.9755
      vertex 5.18938 -19.4748 15.933
    endloop
  endfacet
  facet normal 0.346362 -0.476902 0.807835
    outer loop
      vertex 5.28825 -19.507 15.8716
      vertex 5.18938 -19.4748 15.933
      vertex 5.23166 -19.5481 15.8716
    endloop
  endfacet
  facet normal 0.353909 -0.204129 0.912732
    outer loop
      vertex 5.20553 -19.3212 15.9755
      vertex 5.18938 -19.3492 15.9755
      vertex 5.26663 -19.4053 15.933
    endloop
  endfacet
  facet normal 0.30356 -0.273457 0.912728
    outer loop
      vertex 5.18938 -19.3492 15.9755
      vertex 5.16776 -19.3732 15.9755
      vertex 5.26663 -19.4053 15.933
    endloop
  endfacet
  facet normal -0.122868 -0.16987 0.977777
    outer loop
      vertex -5.09935 -19.2972 15.9973
      vertex -5.16776 -19.3732 15.9755
      vertex -5.14163 -19.3921 15.9755
    endloop
  endfacet
  facet normal -0.155593 -0.140418 0.97779
    outer loop
      vertex -5.10666 -19.2891 15.9973
      vertex -5.16776 -19.3732 15.9755
      vertex -5.09935 -19.2972 15.9973
    endloop
  endfacet
  facet normal -0.3539 -0.204137 0.912734
    outer loop
      vertex -5.20553 -19.3212 15.9755
      vertex -5.29276 -19.36 15.933
      vertex -5.26663 -19.4053 15.933
    endloop
  endfacet
  facet normal 0.559043 -0.769905 0.307761
    outer loop
      vertex 5.37002 -19.5978 15.7034
      vertex 5.29276 -19.6539 15.7034
      vertex 5.30892 -19.6819 15.604
    endloop
  endfacet
  facet normal 0.823946 -0.475934 0.30757
    outer loop
      vertex 5.51117 -19.4573 15.604
      vertex 5.43392 -19.5268 15.7034
      vertex 5.46005 -19.5458 15.604
    endloop
  endfacet
  facet normal 0.0847662 -0.399666 0.912733
    outer loop
      vertex 5.11212 -19.4053 15.9755
      vertex 5.08053 -19.412 15.9755
      vertex 5.14163 -19.4961 15.933
    endloop
  endfacet
  facet normal 0.043471 -0.204963 0.977804
    outer loop
      vertex 5.08053 -19.308 15.9973
      vertex 5.08053 -19.412 15.9755
      vertex 5.11212 -19.4053 15.9755
    endloop
  endfacet
  facet normal 0.50956 -0.70149 0.498257
    outer loop
      vertex 5.33505 -19.5589 15.7939
      vertex 5.26663 -19.6086 15.7939
      vertex 5.29276 -19.6539 15.7034
    endloop
  endfacet
  facet normal 0.43804 -0.603032 0.666688
    outer loop
      vertex 5.33505 -19.5589 15.7939
      vertex 5.23166 -19.5481 15.8716
      vertex 5.26663 -19.6086 15.7939
    endloop
  endfacet
  facet normal 0.645191 -0.372316 0.667165
    outer loop
      vertex 5.37002 -19.3944 15.8716
      vertex 5.33505 -19.455 15.8716
      vertex 5.43392 -19.4229 15.7939
    endloop
  endfacet
  facet normal 0.64509 -0.372689 -0.667054
    outer loop
      vertex 5.39163 -19.4961 0.206108
      vertex 5.33505 -19.455 0.128428
      vertex 5.43392 -19.4229 0.206108
    endloop
  endfacet
  facet normal 0.750909 -0.433825 -0.497927
    outer loop
      vertex 5.43392 -19.5268 0.296632
      vertex 5.39163 -19.4961 0.206108
      vertex 5.43392 -19.4229 0.206108
    endloop
  endfacet
  facet normal -0.303614 -0.273643 -0.912654
    outer loop
      vertex -5.23166 -19.4441 0.066988
      vertex -5.26663 -19.4053 0.066988
      vertex -5.16776 -19.3732 0.0244722
    endloop
  endfacet
  facet normal -0.24019 -0.330789 -0.912627
    outer loop
      vertex -5.18938 -19.4748 0.066988
      vertex -5.23166 -19.4441 0.066988
      vertex -5.16776 -19.3732 0.0244722
    endloop
  endfacet
  facet normal -0.303215 -0.680912 0.666648
    outer loop
      vertex -5.23166 -19.5481 15.8716
      vertex -5.26663 -19.6086 15.7939
      vertex -5.18938 -19.643 15.7939
    endloop
  endfacet
  facet normal -0.302617 -0.680888 0.666945
    outer loop
      vertex -5.16776 -19.5765 15.8716
      vertex -5.23166 -19.5481 15.8716
      vertex -5.18938 -19.643 15.7939
    endloop
  endfacet
  facet normal -0.553581 -0.498752 0.666929
    outer loop
      vertex -5.33505 -19.455 15.8716
      vertex -5.39163 -19.4961 15.7939
      vertex -5.33505 -19.5589 15.7939
    endloop
  endfacet
  facet normal -0.553989 -0.49859 0.666712
    outer loop
      vertex -5.33505 -19.455 15.8716
      vertex -5.33505 -19.5589 15.7939
      vertex -5.28825 -19.507 15.8716
    endloop
  endfacet
  facet normal 0.438015 -0.394778 0.807646
    outer loop
      vertex 5.26663 -19.4053 15.933
      vertex 5.23166 -19.4441 15.933
      vertex 5.33505 -19.455 15.8716
    endloop
  endfacet
  facet normal 0.30352 -0.273559 0.912711
    outer loop
      vertex 5.26663 -19.4053 15.933
      vertex 5.16776 -19.3732 15.9755
      vertex 5.23166 -19.4441 15.933
    endloop
  endfacet
  facet normal 0.388516 -0.126236 0.912754
    outer loop
      vertex 5.20553 -19.3212 15.9755
      vertex 5.55342 -18.5578 15.933
      vertex 5.46618 -18.519 15.9755
    endloop
  endfacet
  facet normal 0.388546 -0.126251 0.912739
    outer loop
      vertex 5.55342 -18.5578 15.933
      vertex 5.20553 -19.3212 15.9755
      vertex 5.29276 -19.36 15.933
    endloop
  endfacet
  facet normal 0.3539 -0.204137 0.912734
    outer loop
      vertex 5.29276 -19.36 15.933
      vertex 5.20553 -19.3212 15.9755
      vertex 5.26663 -19.4053 15.933
    endloop
  endfacet
  facet normal -0.353909 -0.204129 0.912732
    outer loop
      vertex -5.20553 -19.3212 15.9755
      vertex -5.26663 -19.4053 15.933
      vertex -5.18938 -19.3492 15.9755
    endloop
  endfacet
  facet normal 0.553581 -0.498752 0.666929
    outer loop
      vertex 5.33505 -19.455 15.8716
      vertex 5.33505 -19.5589 15.7939
      vertex 5.39163 -19.4961 15.7939
    endloop
  endfacet
  facet normal 0.644273 -0.580462 0.497972
    outer loop
      vertex 5.39163 -19.4961 15.7939
      vertex 5.33505 -19.5589 15.7939
      vertex 5.43392 -19.5268 15.7034
    endloop
  endfacet
  facet normal 0.707195 -0.636662 0.307468
    outer loop
      vertex 5.46005 -19.5458 15.604
      vertex 5.37002 -19.5978 15.7034
      vertex 5.39163 -19.6218 15.604
    endloop
  endfacet
  facet normal 0.707258 -0.636532 0.307593
    outer loop
      vertex 5.43392 -19.5268 15.7034
      vertex 5.37002 -19.5978 15.7034
      vertex 5.46005 -19.5458 15.604
    endloop
  endfacet
  facet normal 0.43801 -0.603089 0.666656
    outer loop
      vertex 5.28825 -19.507 15.8716
      vertex 5.23166 -19.5481 15.8716
      vertex 5.33505 -19.5589 15.7939
    endloop
  endfacet
  facet normal 0.553989 -0.49859 0.666712
    outer loop
      vertex 5.33505 -19.455 15.8716
      vertex 5.28825 -19.507 15.8716
      vertex 5.33505 -19.5589 15.7939
    endloop
  endfacet
  facet normal -0.181559 -0.104721 0.977788
    outer loop
      vertex -5.11212 -19.2796 15.9973
      vertex -5.20553 -19.3212 15.9755
      vertex -5.18938 -19.3492 15.9755
    endloop
  endfacet
  facet normal -0.199366 -0.0647803 0.977782
    outer loop
      vertex -5.46618 -18.519 15.9755
      vertex -5.11212 -19.2796 15.9973
      vertex -5.37278 -18.4774 15.9973
    endloop
  endfacet
  facet normal -0.199349 -0.0647723 0.977786
    outer loop
      vertex -5.11212 -19.2796 15.9973
      vertex -5.46618 -18.519 15.9755
      vertex -5.20553 -19.3212 15.9755
    endloop
  endfacet
  facet normal -0.388516 -0.126236 0.912754
    outer loop
      vertex -5.55342 -18.5578 15.933
      vertex -5.20553 -19.3212 15.9755
      vertex -5.46618 -18.519 15.9755
    endloop
  endfacet
  facet normal -0.388546 -0.126251 0.912739
    outer loop
      vertex -5.20553 -19.3212 15.9755
      vertex -5.55342 -18.5578 15.933
      vertex -5.29276 -19.36 15.933
    endloop
  endfacet
  facet normal -0.708412 -0.230202 -0.667203
    outer loop
      vertex -5.63067 -18.5922 0.128428
      vertex -5.46005 -19.3424 0.206108
      vertex -5.69457 -18.6207 0.206108
    endloop
  endfacet
  facet normal -0.708533 -0.230216 -0.66707
    outer loop
      vertex -5.46005 -19.3424 0.206108
      vertex -5.63067 -18.5922 0.128428
      vertex -5.37002 -19.3944 0.128428
    endloop
  endfacet
  facet normal -0.708493 -0.230228 0.667107
    outer loop
      vertex -5.46005 -19.3424 15.7939
      vertex -5.63067 -18.5922 15.8716
      vertex -5.69457 -18.6207 15.7939
    endloop
  endfacet
  facet normal -0.708614 -0.230242 0.666974
    outer loop
      vertex -5.63067 -18.5922 15.8716
      vertex -5.46005 -19.3424 15.7939
      vertex -5.37002 -19.3944 15.8716
    endloop
  endfacet
  facet normal 0.0852924 -0.191565 0.977767
    outer loop
      vertex 10.0891 -14.2308 15.9973
      vertex 8.65026 -14.9827 15.9755
      vertex 10.1207 -14.328 15.9755
    endloop
  endfacet
  facet normal 0.0852164 -0.19142 0.977802
    outer loop
      vertex 8.65026 -14.9827 15.9755
      vertex 10.0891 -14.2308 15.9973
      vertex 8.59914 -14.8941 15.9973
    endloop
  endfacet
  facet normal 0.302995 -0.680535 0.667132
    outer loop
      vertex 8.77526 -15.1992 15.7939
      vertex 10.1764 -14.4992 15.8716
      vertex 8.74029 -15.1386 15.8716
    endloop
  endfacet
  facet normal 0.302892 -0.680355 0.667363
    outer loop
      vertex 10.1764 -14.4992 15.8716
      vertex 8.77526 -15.1992 15.7939
      vertex 10.198 -14.5658 15.7939
    endloop
  endfacet
  facet normal 0.404498 -0.908576 0.10427
    outer loop
      vertex 8.82301 -15.2819 15.5
      vertex 10.2241 -14.6462 15.604
      vertex 8.81754 -15.2724 15.604
    endloop
  endfacet
  facet normal 0.404517 -0.908588 0.104083
    outer loop
      vertex 10.2241 -14.6462 15.604
      vertex 8.82301 -15.2819 15.5
      vertex 10.2275 -14.6566 15.5
    endloop
  endfacet
  facet normal -0.406726 -0.91355 0
    outer loop
      vertex -10.2275 -14.6566 0.5
      vertex -8.82301 -15.2819 15.5
      vertex -10.2275 -14.6566 15.5
    endloop
  endfacet
  facet normal -0.406726 -0.91355 -0
    outer loop
      vertex -8.82301 -15.2819 15.5
      vertex -10.2275 -14.6566 0.5
      vertex -8.82301 -15.2819 0.5
    endloop
  endfacet
  facet normal 0.0850391 -0.190996 -0.9779
    outer loop
      vertex 8.65026 -14.9827 0.0244722
      vertex 10.0891 -14.2308 0.00273991
      vertex 10.1207 -14.328 0.0244722
    endloop
  endfacet
  facet normal 0.0849632 -0.190852 -0.977935
    outer loop
      vertex 10.0891 -14.2308 0.00273991
      vertex 8.65026 -14.9827 0.0244722
      vertex 8.59914 -14.8941 0.00273991
    endloop
  endfacet
  facet normal 0.239825 -0.538653 0.807673
    outer loop
      vertex 10.1502 -14.4188 15.933
      vertex 8.74029 -15.1386 15.8716
      vertex 10.1764 -14.4992 15.8716
    endloop
  endfacet
  facet normal 0.239906 -0.538802 0.80755
    outer loop
      vertex 8.74029 -15.1386 15.8716
      vertex 10.1502 -14.4188 15.933
      vertex 8.69801 -15.0654 15.933
    endloop
  endfacet
  facet normal -0.404517 -0.908588 0.104083
    outer loop
      vertex -8.82301 -15.2819 15.5
      vertex -10.2241 -14.6462 15.604
      vertex -10.2275 -14.6566 15.5
    endloop
  endfacet
  facet normal -0.404498 -0.908576 0.10427
    outer loop
      vertex -10.2241 -14.6462 15.604
      vertex -8.82301 -15.2819 15.5
      vertex -8.81754 -15.2724 15.604
    endloop
  endfacet
  facet normal -0.387018 -0.869314 0.307426
    outer loop
      vertex -8.81754 -15.2724 15.604
      vertex -10.2141 -14.6155 15.7034
      vertex -10.2241 -14.6462 15.604
    endloop
  endfacet
  facet normal -0.387114 -0.869444 0.306935
    outer loop
      vertex -10.2141 -14.6155 15.7034
      vertex -8.81754 -15.2724 15.604
      vertex -8.80139 -15.2445 15.7034
    endloop
  endfacet
  facet normal -0.352757 -0.792279 0.497852
    outer loop
      vertex -8.80139 -15.2445 15.7034
      vertex -10.198 -14.5658 15.7939
      vertex -10.2141 -14.6155 15.7034
    endloop
  endfacet
  facet normal -0.352626 -0.792066 0.498284
    outer loop
      vertex -10.198 -14.5658 15.7939
      vertex -8.80139 -15.2445 15.7034
      vertex -8.77526 -15.1992 15.7939
    endloop
  endfacet
  facet normal -0.302892 -0.680355 0.667363
    outer loop
      vertex -8.77526 -15.1992 15.7939
      vertex -10.1764 -14.4992 15.8716
      vertex -10.198 -14.5658 15.7939
    endloop
  endfacet
  facet normal -0.302995 -0.680535 0.667132
    outer loop
      vertex -10.1764 -14.4992 15.8716
      vertex -8.77526 -15.1992 15.7939
      vertex -8.74029 -15.1386 15.8716
    endloop
  endfacet
  facet normal 0.166182 -0.373226 0.912736
    outer loop
      vertex 10.1207 -14.328 15.9755
      vertex 8.69801 -15.0654 15.933
      vertex 10.1502 -14.4188 15.933
    endloop
  endfacet
  facet normal 0.166142 -0.373151 0.912773
    outer loop
      vertex 8.69801 -15.0654 15.933
      vertex 10.1207 -14.328 15.9755
      vertex 8.65026 -14.9827 15.9755
    endloop
  endfacet
  facet normal 0.406726 -0.91355 0
    outer loop
      vertex 8.82301 -15.2819 0.5
      vertex 10.2275 -14.6566 15.5
      vertex 8.82301 -15.2819 15.5
    endloop
  endfacet
  facet normal 0.406726 -0.91355 0
    outer loop
      vertex 10.2275 -14.6566 15.5
      vertex 8.82301 -15.2819 0.5
      vertex 10.2275 -14.6566 0.5
    endloop
  endfacet
  facet normal 0.387114 -0.869444 0.306935
    outer loop
      vertex 8.81754 -15.2724 15.604
      vertex 10.2141 -14.6155 15.7034
      vertex 8.80139 -15.2445 15.7034
    endloop
  endfacet
  facet normal 0.387018 -0.869314 0.307426
    outer loop
      vertex 10.2141 -14.6155 15.7034
      vertex 8.81754 -15.2724 15.604
      vertex 10.2241 -14.6462 15.604
    endloop
  endfacet
  facet normal -0.239906 -0.538802 0.80755
    outer loop
      vertex -10.1502 -14.4188 15.933
      vertex -8.74029 -15.1386 15.8716
      vertex -8.69801 -15.0654 15.933
    endloop
  endfacet
  facet normal -0.239825 -0.538653 0.807673
    outer loop
      vertex -8.74029 -15.1386 15.8716
      vertex -10.1502 -14.4188 15.933
      vertex -10.1764 -14.4992 15.8716
    endloop
  endfacet
  facet normal -0.0852164 -0.19142 0.977802
    outer loop
      vertex -10.0891 -14.2308 15.9973
      vertex -8.65026 -14.9827 15.9755
      vertex -8.59914 -14.8941 15.9973
    endloop
  endfacet
  facet normal -0.0852924 -0.191565 0.977767
    outer loop
      vertex -8.65026 -14.9827 15.9755
      vertex -10.0891 -14.2308 15.9973
      vertex -10.1207 -14.328 15.9755
    endloop
  endfacet
  facet normal -0.166194 -0.373267 -0.912717
    outer loop
      vertex -8.69801 -15.0654 0.066988
      vertex -10.1207 -14.328 0.0244722
      vertex -8.65026 -14.9827 0.0244722
    endloop
  endfacet
  facet normal -0.166233 -0.373341 -0.912679
    outer loop
      vertex -10.1207 -14.328 0.0244722
      vertex -8.69801 -15.0654 0.066988
      vertex -10.1502 -14.4188 0.066988
    endloop
  endfacet
  facet normal -0.404515 -0.908584 -0.104128
    outer loop
      vertex -10.2241 -14.6462 0.396045
      vertex -8.82301 -15.2819 0.5
      vertex -10.2275 -14.6566 0.5
    endloop
  endfacet
  facet normal -0.404496 -0.908571 -0.104315
    outer loop
      vertex -8.82301 -15.2819 0.5
      vertex -10.2241 -14.6462 0.396045
      vertex -8.81754 -15.2724 0.396045
    endloop
  endfacet
  facet normal 0.166233 -0.373341 -0.912679
    outer loop
      vertex 8.69801 -15.0654 0.066988
      vertex 10.1207 -14.328 0.0244722
      vertex 10.1502 -14.4188 0.066988
    endloop
  endfacet
  facet normal 0.166194 -0.373267 -0.912717
    outer loop
      vertex 10.1207 -14.328 0.0244722
      vertex 8.69801 -15.0654 0.066988
      vertex 8.65026 -14.9827 0.0244722
    endloop
  endfacet
  facet normal -0.0849632 -0.190852 -0.977935
    outer loop
      vertex -8.65026 -14.9827 0.0244722
      vertex -10.0891 -14.2308 0.00273991
      vertex -8.59914 -14.8941 0.00273991
    endloop
  endfacet
  facet normal -0.0850391 -0.190996 -0.9779
    outer loop
      vertex -10.0891 -14.2308 0.00273991
      vertex -8.65026 -14.9827 0.0244722
      vertex -10.1207 -14.328 0.0244722
    endloop
  endfacet
  facet normal 0.239927 -0.538882 -0.807491
    outer loop
      vertex 8.74029 -15.1386 0.128428
      vertex 10.1502 -14.4188 0.066988
      vertex 10.1764 -14.4992 0.128428
    endloop
  endfacet
  facet normal 0.240008 -0.539031 -0.807367
    outer loop
      vertex 10.1502 -14.4188 0.066988
      vertex 8.74029 -15.1386 0.128428
      vertex 8.69801 -15.0654 0.066988
    endloop
  endfacet
  facet normal -0.302857 -0.680277 -0.667458
    outer loop
      vertex -10.1764 -14.4992 0.128428
      vertex -8.77526 -15.1992 0.206108
      vertex -10.198 -14.5658 0.206108
    endloop
  endfacet
  facet normal -0.30296 -0.680457 -0.667228
    outer loop
      vertex -8.77526 -15.1992 0.206108
      vertex -10.1764 -14.4992 0.128428
      vertex -8.74029 -15.1386 0.128428
    endloop
  endfacet
  facet normal -0.387023 -0.869324 -0.307389
    outer loop
      vertex -10.2141 -14.6155 0.296632
      vertex -8.81754 -15.2724 0.396045
      vertex -10.2241 -14.6462 0.396045
    endloop
  endfacet
  facet normal -0.387119 -0.869455 -0.306899
    outer loop
      vertex -8.81754 -15.2724 0.396045
      vertex -10.2141 -14.6155 0.296632
      vertex -8.80139 -15.2445 0.296632
    endloop
  endfacet
  facet normal -0.35278 -0.792331 -0.497753
    outer loop
      vertex -10.198 -14.5658 0.206108
      vertex -8.80139 -15.2445 0.296632
      vertex -10.2141 -14.6155 0.296632
    endloop
  endfacet
  facet normal -0.352649 -0.792118 -0.498185
    outer loop
      vertex -8.80139 -15.2445 0.296632
      vertex -10.198 -14.5658 0.206108
      vertex -8.77526 -15.1992 0.206108
    endloop
  endfacet
  facet normal 0.352626 -0.792066 0.498284
    outer loop
      vertex 8.80139 -15.2445 15.7034
      vertex 10.198 -14.5658 15.7939
      vertex 8.77526 -15.1992 15.7939
    endloop
  endfacet
  facet normal 0.352757 -0.792279 0.497852
    outer loop
      vertex 10.198 -14.5658 15.7939
      vertex 8.80139 -15.2445 15.7034
      vertex 10.2141 -14.6155 15.7034
    endloop
  endfacet
  facet normal 0.404496 -0.908571 -0.104315
    outer loop
      vertex 10.2241 -14.6462 0.396045
      vertex 8.82301 -15.2819 0.5
      vertex 8.81754 -15.2724 0.396045
    endloop
  endfacet
  facet normal 0.404515 -0.908584 -0.104128
    outer loop
      vertex 8.82301 -15.2819 0.5
      vertex 10.2241 -14.6462 0.396045
      vertex 10.2275 -14.6566 0.5
    endloop
  endfacet
  facet normal 0.30296 -0.680457 -0.667228
    outer loop
      vertex 10.1764 -14.4992 0.128428
      vertex 8.77526 -15.1992 0.206108
      vertex 8.74029 -15.1386 0.128428
    endloop
  endfacet
  facet normal 0.302857 -0.680277 -0.667458
    outer loop
      vertex 8.77526 -15.1992 0.206108
      vertex 10.1764 -14.4992 0.128428
      vertex 10.198 -14.5658 0.206108
    endloop
  endfacet
  facet normal -0.240008 -0.539031 -0.807367
    outer loop
      vertex -8.74029 -15.1386 0.128428
      vertex -10.1502 -14.4188 0.066988
      vertex -8.69801 -15.0654 0.066988
    endloop
  endfacet
  facet normal -0.239927 -0.538882 -0.807491
    outer loop
      vertex -10.1502 -14.4188 0.066988
      vertex -8.74029 -15.1386 0.128428
      vertex -10.1764 -14.4992 0.128428
    endloop
  endfacet
  facet normal 0.387119 -0.869455 -0.306899
    outer loop
      vertex 10.2141 -14.6155 0.296632
      vertex 8.81754 -15.2724 0.396045
      vertex 8.80139 -15.2445 0.296632
    endloop
  endfacet
  facet normal 0.387023 -0.869324 -0.307389
    outer loop
      vertex 8.81754 -15.2724 0.396045
      vertex 10.2141 -14.6155 0.296632
      vertex 10.2241 -14.6462 0.396045
    endloop
  endfacet
  facet normal -0.166142 -0.373151 0.912773
    outer loop
      vertex -10.1207 -14.328 15.9755
      vertex -8.69801 -15.0654 15.933
      vertex -8.65026 -14.9827 15.9755
    endloop
  endfacet
  facet normal -0.166182 -0.373226 0.912736
    outer loop
      vertex -8.69801 -15.0654 15.933
      vertex -10.1207 -14.328 15.9755
      vertex -10.1502 -14.4188 15.933
    endloop
  endfacet
  facet normal 0.352649 -0.792118 -0.498185
    outer loop
      vertex 10.198 -14.5658 0.206108
      vertex 8.80139 -15.2445 0.296632
      vertex 8.77526 -15.1992 0.206108
    endloop
  endfacet
  facet normal 0.35278 -0.792331 -0.497753
    outer loop
      vertex 8.80139 -15.2445 0.296632
      vertex 10.198 -14.5658 0.206108
      vertex 10.2141 -14.6155 0.296632
    endloop
  endfacet
  facet normal -0.584597 -0.804599 0.104245
    outer loop
      vertex -7.57922 -16.1856 15.5
      vertex -8.81754 -15.2724 15.604
      vertex -8.82301 -15.2819 15.5
    endloop
  endfacet
  facet normal -0.584571 -0.804589 0.104471
    outer loop
      vertex -8.81754 -15.2724 15.604
      vertex -7.57922 -16.1856 15.5
      vertex -7.57192 -16.1774 15.604
    endloop
  endfacet
  facet normal -0.509636 -0.701507 -0.498156
    outer loop
      vertex -8.77526 -15.1992 0.206108
      vertex -7.5503 -16.1534 0.296632
      vertex -8.80139 -15.2445 0.296632
    endloop
  endfacet
  facet normal -0.509817 -0.701697 -0.497704
    outer loop
      vertex -7.5503 -16.1534 0.296632
      vertex -8.77526 -15.1992 0.206108
      vertex -7.51533 -16.1146 0.206108
    endloop
  endfacet
  facet normal -0.240117 -0.330497 -0.912752
    outer loop
      vertex -7.41194 -15.9998 0.066988
      vertex -8.65026 -14.9827 0.0244722
      vertex -7.34805 -15.9288 0.0244722
    endloop
  endfacet
  facet normal -0.240167 -0.330556 -0.912717
    outer loop
      vertex -8.65026 -14.9827 0.0244722
      vertex -7.41194 -15.9998 0.066988
      vertex -8.69801 -15.0654 0.066988
    endloop
  endfacet
  facet normal 0.5878 -0.809007 0
    outer loop
      vertex 7.57922 -16.1856 0.5
      vertex 8.82301 -15.2819 15.5
      vertex 7.57922 -16.1856 15.5
    endloop
  endfacet
  facet normal 0.5878 -0.809007 0
    outer loop
      vertex 8.82301 -15.2819 15.5
      vertex 7.57922 -16.1856 0.5
      vertex 8.82301 -15.2819 0.5
    endloop
  endfacet
  facet normal -0.437888 -0.602693 0.667094
    outer loop
      vertex -8.74029 -15.1386 15.8716
      vertex -7.51533 -16.1146 15.7939
      vertex -7.46853 -16.0626 15.8716
    endloop
  endfacet
  facet normal -0.437876 -0.602679 0.667115
    outer loop
      vertex -7.51533 -16.1146 15.7939
      vertex -8.74029 -15.1386 15.8716
      vertex -8.77526 -15.1992 15.7939
    endloop
  endfacet
  facet normal 0.437825 -0.60261 -0.667211
    outer loop
      vertex 7.51533 -16.1146 0.206108
      vertex 8.74029 -15.1386 0.128428
      vertex 8.77526 -15.1992 0.206108
    endloop
  endfacet
  facet normal 0.437838 -0.602624 -0.66719
    outer loop
      vertex 8.74029 -15.1386 0.128428
      vertex 7.51533 -16.1146 0.206108
      vertex 7.46853 -16.0626 0.128428
    endloop
  endfacet
  facet normal -0.5878 -0.809007 0
    outer loop
      vertex -8.82301 -15.2819 0.5
      vertex -7.57922 -16.1856 15.5
      vertex -8.82301 -15.2819 15.5
    endloop
  endfacet
  facet normal -0.5878 -0.809007 -0
    outer loop
      vertex -7.57922 -16.1856 15.5
      vertex -8.82301 -15.2819 0.5
      vertex -7.57922 -16.1856 0.5
    endloop
  endfacet
  facet normal -0.584594 -0.804595 -0.104289
    outer loop
      vertex -8.81754 -15.2724 0.396045
      vertex -7.57922 -16.1856 0.5
      vertex -8.82301 -15.2819 0.5
    endloop
  endfacet
  facet normal -0.584568 -0.804585 -0.104516
    outer loop
      vertex -7.57922 -16.1856 0.5
      vertex -8.81754 -15.2724 0.396045
      vertex -7.57192 -16.1774 0.396045
    endloop
  endfacet
  facet normal -0.559409 -0.769957 -0.306965
    outer loop
      vertex -8.80139 -15.2445 0.296632
      vertex -7.57192 -16.1774 0.396045
      vertex -8.81754 -15.2724 0.396045
    endloop
  endfacet
  facet normal -0.559281 -0.769843 -0.307484
    outer loop
      vertex -7.57192 -16.1774 0.396045
      vertex -8.80139 -15.2445 0.296632
      vertex -7.5503 -16.1534 0.296632
    endloop
  endfacet
  facet normal 0.559274 -0.769834 0.30752
    outer loop
      vertex 7.57192 -16.1774 15.604
      vertex 8.80139 -15.2445 15.7034
      vertex 7.5503 -16.1534 15.7034
    endloop
  endfacet
  facet normal 0.559402 -0.769948 0.307001
    outer loop
      vertex 8.80139 -15.2445 15.7034
      vertex 7.57192 -16.1774 15.604
      vertex 8.81754 -15.2724 15.604
    endloop
  endfacet
  facet normal 0.584571 -0.804589 0.104471
    outer loop
      vertex 7.57922 -16.1856 15.5
      vertex 8.81754 -15.2724 15.604
      vertex 7.57192 -16.1774 15.604
    endloop
  endfacet
  facet normal 0.584597 -0.804599 0.104245
    outer loop
      vertex 8.81754 -15.2724 15.604
      vertex 7.57922 -16.1856 15.5
      vertex 8.82301 -15.2819 15.5
    endloop
  endfacet
  facet normal 0.584568 -0.804585 -0.104516
    outer loop
      vertex 8.81754 -15.2724 0.396045
      vertex 7.57922 -16.1856 0.5
      vertex 7.57192 -16.1774 0.396045
    endloop
  endfacet
  facet normal 0.584594 -0.804595 -0.104289
    outer loop
      vertex 7.57922 -16.1856 0.5
      vertex 8.81754 -15.2724 0.396045
      vertex 8.82301 -15.2819 0.5
    endloop
  endfacet
  facet normal -0.122831 -0.169058 -0.977922
    outer loop
      vertex -7.34805 -15.9288 0.0244722
      vertex -8.59914 -14.8941 0.00273991
      vertex -7.27963 -15.8528 0.00273991
    endloop
  endfacet
  facet normal -0.122799 -0.169021 -0.977933
    outer loop
      vertex -8.59914 -14.8941 0.00273991
      vertex -7.34805 -15.9288 0.0244722
      vertex -8.65026 -14.9827 0.0244722
    endloop
  endfacet
  facet normal 0.122799 -0.169021 -0.977933
    outer loop
      vertex 7.34805 -15.9288 0.0244722
      vertex 8.59914 -14.8941 0.00273991
      vertex 8.65026 -14.9827 0.0244722
    endloop
  endfacet
  facet normal 0.122831 -0.169058 -0.977922
    outer loop
      vertex 8.59914 -14.8941 0.00273991
      vertex 7.34805 -15.9288 0.0244722
      vertex 7.27963 -15.8528 0.00273991
    endloop
  endfacet
  facet normal 0.123165 -0.169524 0.9778
    outer loop
      vertex 8.59914 -14.8941 15.9973
      vertex 7.34805 -15.9288 15.9755
      vertex 8.65026 -14.9827 15.9755
    endloop
  endfacet
  facet normal 0.123196 -0.169562 0.977789
    outer loop
      vertex 7.34805 -15.9288 15.9755
      vertex 8.59914 -14.8941 15.9973
      vertex 7.27963 -15.8528 15.9973
    endloop
  endfacet
  facet normal 0.559281 -0.769843 -0.307484
    outer loop
      vertex 8.80139 -15.2445 0.296632
      vertex 7.57192 -16.1774 0.396045
      vertex 7.5503 -16.1534 0.296632
    endloop
  endfacet
  facet normal 0.559409 -0.769957 -0.306965
    outer loop
      vertex 7.57192 -16.1774 0.396045
      vertex 8.80139 -15.2445 0.296632
      vertex 8.81754 -15.2724 0.396045
    endloop
  endfacet
  facet normal 0.240167 -0.330556 -0.912717
    outer loop
      vertex 7.41194 -15.9998 0.066988
      vertex 8.65026 -14.9827 0.0244722
      vertex 8.69801 -15.0654 0.066988
    endloop
  endfacet
  facet normal 0.240117 -0.330497 -0.912752
    outer loop
      vertex 8.65026 -14.9827 0.0244722
      vertex 7.41194 -15.9998 0.066988
      vertex 7.34805 -15.9288 0.0244722
    endloop
  endfacet
  facet normal -0.346678 -0.477153 0.807552
    outer loop
      vertex -8.69801 -15.0654 15.933
      vertex -7.46853 -16.0626 15.8716
      vertex -7.41194 -15.9998 15.933
    endloop
  endfacet
  facet normal -0.34667 -0.477144 0.80756
    outer loop
      vertex -7.46853 -16.0626 15.8716
      vertex -8.69801 -15.0654 15.933
      vertex -8.74029 -15.1386 15.8716
    endloop
  endfacet
  facet normal -0.509602 -0.701461 0.498255
    outer loop
      vertex -7.5503 -16.1534 15.7034
      vertex -8.77526 -15.1992 15.7939
      vertex -8.80139 -15.2445 15.7034
    endloop
  endfacet
  facet normal -0.509783 -0.701651 0.497803
    outer loop
      vertex -8.77526 -15.1992 15.7939
      vertex -7.5503 -16.1534 15.7034
      vertex -7.51533 -16.1146 15.7939
    endloop
  endfacet
  facet normal 0.509783 -0.701651 0.497803
    outer loop
      vertex 7.5503 -16.1534 15.7034
      vertex 8.77526 -15.1992 15.7939
      vertex 7.51533 -16.1146 15.7939
    endloop
  endfacet
  facet normal 0.509602 -0.701461 0.498255
    outer loop
      vertex 8.77526 -15.1992 15.7939
      vertex 7.5503 -16.1534 15.7034
      vertex 8.80139 -15.2445 15.7034
    endloop
  endfacet
  facet normal 0.437876 -0.602679 0.667115
    outer loop
      vertex 8.74029 -15.1386 15.8716
      vertex 7.51533 -16.1146 15.7939
      vertex 8.77526 -15.1992 15.7939
    endloop
  endfacet
  facet normal 0.437888 -0.602693 0.667094
    outer loop
      vertex 7.51533 -16.1146 15.7939
      vertex 8.74029 -15.1386 15.8716
      vertex 7.46853 -16.0626 15.8716
    endloop
  endfacet
  facet normal 0.509817 -0.701697 -0.497704
    outer loop
      vertex 8.77526 -15.1992 0.206108
      vertex 7.5503 -16.1534 0.296632
      vertex 7.51533 -16.1146 0.206108
    endloop
  endfacet
  facet normal 0.509636 -0.701507 -0.498156
    outer loop
      vertex 7.5503 -16.1534 0.296632
      vertex 8.77526 -15.1992 0.206108
      vertex 8.80139 -15.2445 0.296632
    endloop
  endfacet
  facet normal 0.346817 -0.477347 -0.807377
    outer loop
      vertex 7.46853 -16.0626 0.128428
      vertex 8.69801 -15.0654 0.066988
      vertex 8.74029 -15.1386 0.128428
    endloop
  endfacet
  facet normal 0.346825 -0.477355 -0.807369
    outer loop
      vertex 8.69801 -15.0654 0.066988
      vertex 7.46853 -16.0626 0.128428
      vertex 7.41194 -15.9998 0.066988
    endloop
  endfacet
  facet normal -0.437838 -0.602624 -0.66719
    outer loop
      vertex -7.51533 -16.1146 0.206108
      vertex -8.74029 -15.1386 0.128428
      vertex -7.46853 -16.0626 0.128428
    endloop
  endfacet
  facet normal -0.437825 -0.60261 -0.667211
    outer loop
      vertex -8.74029 -15.1386 0.128428
      vertex -7.51533 -16.1146 0.206108
      vertex -8.77526 -15.1992 0.206108
    endloop
  endfacet
  facet normal -0.559402 -0.769948 0.307001
    outer loop
      vertex -7.57192 -16.1774 15.604
      vertex -8.80139 -15.2445 15.7034
      vertex -8.81754 -15.2724 15.604
    endloop
  endfacet
  facet normal -0.559274 -0.769834 0.30752
    outer loop
      vertex -8.80139 -15.2445 15.7034
      vertex -7.57192 -16.1774 15.604
      vertex -7.5503 -16.1534 15.7034
    endloop
  endfacet
  facet normal 0.240092 -0.330453 0.912774
    outer loop
      vertex 8.65026 -14.9827 15.9755
      vertex 7.41194 -15.9998 15.933
      vertex 8.69801 -15.0654 15.933
    endloop
  endfacet
  facet normal 0.240043 -0.330395 0.912808
    outer loop
      vertex 7.41194 -15.9998 15.933
      vertex 8.65026 -14.9827 15.9755
      vertex 7.34805 -15.9288 15.9755
    endloop
  endfacet
  facet normal -0.346825 -0.477355 -0.807369
    outer loop
      vertex -7.46853 -16.0626 0.128428
      vertex -8.69801 -15.0654 0.066988
      vertex -7.41194 -15.9998 0.066988
    endloop
  endfacet
  facet normal -0.346817 -0.477347 -0.807377
    outer loop
      vertex -8.69801 -15.0654 0.066988
      vertex -7.46853 -16.0626 0.128428
      vertex -8.74029 -15.1386 0.128428
    endloop
  endfacet
  facet normal -0.240043 -0.330395 0.912808
    outer loop
      vertex -8.65026 -14.9827 15.9755
      vertex -7.41194 -15.9998 15.933
      vertex -7.34805 -15.9288 15.9755
    endloop
  endfacet
  facet normal -0.240092 -0.330453 0.912774
    outer loop
      vertex -7.41194 -15.9998 15.933
      vertex -8.65026 -14.9827 15.9755
      vertex -8.69801 -15.0654 15.933
    endloop
  endfacet
  facet normal 0.34667 -0.477144 0.80756
    outer loop
      vertex 8.69801 -15.0654 15.933
      vertex 7.46853 -16.0626 15.8716
      vertex 8.74029 -15.1386 15.8716
    endloop
  endfacet
  facet normal 0.346678 -0.477153 0.807552
    outer loop
      vertex 7.46853 -16.0626 15.8716
      vertex 8.69801 -15.0654 15.933
      vertex 7.41194 -15.9998 15.933
    endloop
  endfacet
  facet normal -0.123196 -0.169562 0.977789
    outer loop
      vertex -8.59914 -14.8941 15.9973
      vertex -7.34805 -15.9288 15.9755
      vertex -7.27963 -15.8528 15.9973
    endloop
  endfacet
  facet normal -0.123165 -0.169524 0.9778
    outer loop
      vertex -7.34805 -15.9288 15.9755
      vertex -8.59914 -14.8941 15.9973
      vertex -8.65026 -14.9827 15.9755
    endloop
  endfacet
  facet normal -0.553632 -0.498501 -0.667075
    outer loop
      vertex -6.47325 -17.2719 0.206108
      vertex -7.46853 -16.0626 0.128428
      vertex -6.41666 -17.2308 0.128428
    endloop
  endfacet
  facet normal -0.553561 -0.498449 -0.667173
    outer loop
      vertex -7.46853 -16.0626 0.128428
      vertex -6.47325 -17.2719 0.206108
      vertex -7.51533 -16.1146 0.206108
    endloop
  endfacet
  facet normal -0.707149 -0.636681 0.307534
    outer loop
      vertex -7.57192 -16.1774 15.604
      vertex -6.51553 -17.3027 15.7034
      vertex -7.5503 -16.1534 15.7034
    endloop
  endfacet
  facet normal -0.707251 -0.636823 0.307006
    outer loop
      vertex -6.51553 -17.3027 15.7034
      vertex -7.57192 -16.1774 15.604
      vertex -6.54166 -17.3216 15.604
    endloop
  endfacet
  facet normal -0.644494 -0.580328 0.497842
    outer loop
      vertex -7.5503 -16.1534 15.7034
      vertex -6.47325 -17.2719 15.7939
      vertex -7.51533 -16.1146 15.7939
    endloop
  endfacet
  facet normal -0.644279 -0.580076 0.498414
    outer loop
      vertex -6.47325 -17.2719 15.7939
      vertex -7.5503 -16.1534 15.7034
      vertex -6.51553 -17.3027 15.7034
    endloop
  endfacet
  facet normal -0.303714 -0.273462 -0.912675
    outer loop
      vertex -6.34825 -17.1811 0.066988
      vertex -7.34805 -15.9288 0.0244722
      vertex -6.271 -17.125 0.0244722
    endloop
  endfacet
  facet normal -0.303596 -0.27337 -0.912742
    outer loop
      vertex -7.34805 -15.9288 0.0244722
      vertex -6.34825 -17.1811 0.066988
      vertex -7.41194 -15.9998 0.066988
    endloop
  endfacet
  facet normal -0.739079 -0.665481 -0.104393
    outer loop
      vertex -6.54166 -17.3216 0.396045
      vertex -7.57922 -16.1856 0.5
      vertex -7.57192 -16.1774 0.396045
    endloop
  endfacet
  facet normal -0.739077 -0.665473 -0.104459
    outer loop
      vertex -7.57922 -16.1856 0.5
      vertex -6.54166 -17.3216 0.396045
      vertex -6.5505 -17.3281 0.5
    endloop
  endfacet
  facet normal -0.739082 -0.665484 0.104349
    outer loop
      vertex -7.57922 -16.1856 15.5
      vertex -6.54166 -17.3216 15.604
      vertex -7.57192 -16.1774 15.604
    endloop
  endfacet
  facet normal -0.73908 -0.665476 0.104414
    outer loop
      vertex -6.54166 -17.3216 15.604
      vertex -7.57922 -16.1856 15.5
      vertex -6.5505 -17.3281 15.5
    endloop
  endfacet
  facet normal -0.707158 -0.636689 -0.307498
    outer loop
      vertex -6.51553 -17.3027 0.296632
      vertex -7.57192 -16.1774 0.396045
      vertex -7.5503 -16.1534 0.296632
    endloop
  endfacet
  facet normal -0.70726 -0.636831 -0.30697
    outer loop
      vertex -7.57192 -16.1774 0.396045
      vertex -6.51553 -17.3027 0.296632
      vertex -6.54166 -17.3216 0.396045
    endloop
  endfacet
  facet normal 0.553561 -0.498449 -0.667173
    outer loop
      vertex 6.47325 -17.2719 0.206108
      vertex 7.46853 -16.0626 0.128428
      vertex 7.51533 -16.1146 0.206108
    endloop
  endfacet
  facet normal 0.553632 -0.498501 -0.667075
    outer loop
      vertex 7.46853 -16.0626 0.128428
      vertex 6.47325 -17.2719 0.206108
      vertex 6.41666 -17.2308 0.128428
    endloop
  endfacet
  facet normal -0.743142 -0.669134 0
    outer loop
      vertex -6.5505 -17.3281 0.5
      vertex -7.57922 -16.1856 15.5
      vertex -7.57922 -16.1856 0.5
    endloop
  endfacet
  facet normal -0.743142 -0.669134 0
    outer loop
      vertex -7.57922 -16.1856 15.5
      vertex -6.5505 -17.3281 0.5
      vertex -6.5505 -17.3281 15.5
    endloop
  endfacet
  facet normal 0.707158 -0.636689 -0.307498
    outer loop
      vertex 7.57192 -16.1774 0.396045
      vertex 6.51553 -17.3027 0.296632
      vertex 7.5503 -16.1534 0.296632
    endloop
  endfacet
  facet normal 0.70726 -0.636831 -0.30697
    outer loop
      vertex 6.51553 -17.3027 0.296632
      vertex 7.57192 -16.1774 0.396045
      vertex 6.54166 -17.3216 0.396045
    endloop
  endfacet
  facet normal 0.644494 -0.580328 0.497842
    outer loop
      vertex 6.47325 -17.2719 15.7939
      vertex 7.5503 -16.1534 15.7034
      vertex 7.51533 -16.1146 15.7939
    endloop
  endfacet
  facet normal 0.644279 -0.580076 0.498414
    outer loop
      vertex 7.5503 -16.1534 15.7034
      vertex 6.47325 -17.2719 15.7939
      vertex 6.51553 -17.3027 15.7034
    endloop
  endfacet
  facet normal 0.739082 -0.665484 0.104349
    outer loop
      vertex 6.54166 -17.3216 15.604
      vertex 7.57922 -16.1856 15.5
      vertex 7.57192 -16.1774 15.604
    endloop
  endfacet
  facet normal 0.73908 -0.665476 0.104414
    outer loop
      vertex 7.57922 -16.1856 15.5
      vertex 6.54166 -17.3216 15.604
      vertex 6.5505 -17.3281 15.5
    endloop
  endfacet
  facet normal 0.155298 -0.139829 -0.977922
    outer loop
      vertex 6.271 -17.125 0.0244722
      vertex 7.27963 -15.8528 0.00273991
      vertex 7.34805 -15.9288 0.0244722
    endloop
  endfacet
  facet normal 0.155316 -0.139844 -0.977916
    outer loop
      vertex 7.27963 -15.8528 0.00273991
      vertex 6.271 -17.125 0.0244722
      vertex 6.18828 -17.0649 0.00273991
    endloop
  endfacet
  facet normal -0.438397 -0.394751 -0.807452
    outer loop
      vertex -6.41666 -17.2308 0.128428
      vertex -7.41194 -15.9998 0.066988
      vertex -6.34825 -17.1811 0.066988
    endloop
  endfacet
  facet normal -0.438464 -0.394801 -0.807392
    outer loop
      vertex -7.41194 -15.9998 0.066988
      vertex -6.41666 -17.2308 0.128428
      vertex -7.46853 -16.0626 0.128428
    endloop
  endfacet
  facet normal 0.743142 -0.669134 0
    outer loop
      vertex 6.5505 -17.3281 15.5
      vertex 7.57922 -16.1856 0.5
      vertex 7.57922 -16.1856 15.5
    endloop
  endfacet
  facet normal 0.743142 -0.669134 0
    outer loop
      vertex 7.57922 -16.1856 0.5
      vertex 6.5505 -17.3281 15.5
      vertex 6.5505 -17.3281 0.5
    endloop
  endfacet
  facet normal 0.15576 -0.140246 0.977788
    outer loop
      vertex 7.27963 -15.8528 15.9973
      vertex 6.271 -17.125 15.9755
      vertex 7.34805 -15.9288 15.9755
    endloop
  endfacet
  facet normal 0.155779 -0.14026 0.977783
    outer loop
      vertex 6.271 -17.125 15.9755
      vertex 7.27963 -15.8528 15.9973
      vertex 6.18828 -17.0649 15.9973
    endloop
  endfacet
  facet normal -0.30362 -0.273377 0.912732
    outer loop
      vertex -7.34805 -15.9288 15.9755
      vertex -6.34825 -17.1811 15.933
      vertex -6.271 -17.125 15.9755
    endloop
  endfacet
  facet normal -0.303502 -0.273285 0.912799
    outer loop
      vertex -6.34825 -17.1811 15.933
      vertex -7.34805 -15.9288 15.9755
      vertex -7.41194 -15.9998 15.933
    endloop
  endfacet
  facet normal 0.644536 -0.580367 -0.497743
    outer loop
      vertex 7.5503 -16.1534 0.296632
      vertex 6.47325 -17.2719 0.206108
      vertex 7.51533 -16.1146 0.206108
    endloop
  endfacet
  facet normal 0.644322 -0.580114 -0.498315
    outer loop
      vertex 6.47325 -17.2719 0.206108
      vertex 7.5503 -16.1534 0.296632
      vertex 6.51553 -17.3027 0.296632
    endloop
  endfacet
  facet normal -0.155316 -0.139844 -0.977916
    outer loop
      vertex -6.271 -17.125 0.0244722
      vertex -7.27963 -15.8528 0.00273991
      vertex -6.18828 -17.0649 0.00273991
    endloop
  endfacet
  facet normal -0.155298 -0.139829 -0.977922
    outer loop
      vertex -7.27963 -15.8528 0.00273991
      vertex -6.271 -17.125 0.0244722
      vertex -7.34805 -15.9288 0.0244722
    endloop
  endfacet
  facet normal 0.438277 -0.394634 0.807575
    outer loop
      vertex 7.41194 -15.9998 15.933
      vertex 6.41666 -17.2308 15.8716
      vertex 7.46853 -16.0626 15.8716
    endloop
  endfacet
  facet normal 0.438211 -0.394583 0.807635
    outer loop
      vertex 6.41666 -17.2308 15.8716
      vertex 7.41194 -15.9998 15.933
      vertex 6.34825 -17.1811 15.933
    endloop
  endfacet
  facet normal 0.553624 -0.498506 0.667077
    outer loop
      vertex 7.46853 -16.0626 15.8716
      vertex 6.47325 -17.2719 15.7939
      vertex 7.51533 -16.1146 15.7939
    endloop
  endfacet
  facet normal 0.553695 -0.498558 0.66698
    outer loop
      vertex 6.47325 -17.2719 15.7939
      vertex 7.46853 -16.0626 15.8716
      vertex 6.41666 -17.2308 15.8716
    endloop
  endfacet
  facet normal 0.303502 -0.273285 0.912799
    outer loop
      vertex 7.34805 -15.9288 15.9755
      vertex 6.34825 -17.1811 15.933
      vertex 7.41194 -15.9998 15.933
    endloop
  endfacet
  facet normal 0.30362 -0.273377 0.912732
    outer loop
      vertex 6.34825 -17.1811 15.933
      vertex 7.34805 -15.9288 15.9755
      vertex 6.271 -17.125 15.9755
    endloop
  endfacet
  facet normal -0.155779 -0.14026 0.977783
    outer loop
      vertex -7.27963 -15.8528 15.9973
      vertex -6.271 -17.125 15.9755
      vertex -6.18828 -17.0649 15.9973
    endloop
  endfacet
  facet normal -0.15576 -0.140246 0.977788
    outer loop
      vertex -6.271 -17.125 15.9755
      vertex -7.27963 -15.8528 15.9973
      vertex -7.34805 -15.9288 15.9755
    endloop
  endfacet
  facet normal 0.739079 -0.665481 -0.104393
    outer loop
      vertex 7.57922 -16.1856 0.5
      vertex 6.54166 -17.3216 0.396045
      vertex 7.57192 -16.1774 0.396045
    endloop
  endfacet
  facet normal 0.739077 -0.665473 -0.104459
    outer loop
      vertex 6.54166 -17.3216 0.396045
      vertex 7.57922 -16.1856 0.5
      vertex 6.5505 -17.3281 0.5
    endloop
  endfacet
  facet normal -0.644536 -0.580367 -0.497743
    outer loop
      vertex -6.47325 -17.2719 0.206108
      vertex -7.5503 -16.1534 0.296632
      vertex -7.51533 -16.1146 0.206108
    endloop
  endfacet
  facet normal -0.644322 -0.580114 -0.498315
    outer loop
      vertex -7.5503 -16.1534 0.296632
      vertex -6.47325 -17.2719 0.206108
      vertex -6.51553 -17.3027 0.296632
    endloop
  endfacet
  facet normal 0.303596 -0.27337 -0.912742
    outer loop
      vertex 6.34825 -17.1811 0.066988
      vertex 7.34805 -15.9288 0.0244722
      vertex 7.41194 -15.9998 0.066988
    endloop
  endfacet
  facet normal 0.303714 -0.273462 -0.912675
    outer loop
      vertex 7.34805 -15.9288 0.0244722
      vertex 6.34825 -17.1811 0.066988
      vertex 6.271 -17.125 0.0244722
    endloop
  endfacet
  facet normal 0.707149 -0.636681 0.307534
    outer loop
      vertex 6.51553 -17.3027 15.7034
      vertex 7.57192 -16.1774 15.604
      vertex 7.5503 -16.1534 15.7034
    endloop
  endfacet
  facet normal 0.707251 -0.636823 0.307006
    outer loop
      vertex 7.57192 -16.1774 15.604
      vertex 6.51553 -17.3027 15.7034
      vertex 6.54166 -17.3216 15.604
    endloop
  endfacet
  facet normal 0.438464 -0.394801 -0.807392
    outer loop
      vertex 6.41666 -17.2308 0.128428
      vertex 7.41194 -15.9998 0.066988
      vertex 7.46853 -16.0626 0.128428
    endloop
  endfacet
  facet normal 0.438397 -0.394751 -0.807452
    outer loop
      vertex 7.41194 -15.9998 0.066988
      vertex 6.41666 -17.2308 0.128428
      vertex 6.34825 -17.1811 0.066988
    endloop
  endfacet
  facet normal -0.438211 -0.394583 0.807635
    outer loop
      vertex -7.41194 -15.9998 15.933
      vertex -6.41666 -17.2308 15.8716
      vertex -6.34825 -17.1811 15.933
    endloop
  endfacet
  facet normal -0.438277 -0.394634 0.807575
    outer loop
      vertex -6.41666 -17.2308 15.8716
      vertex -7.41194 -15.9998 15.933
      vertex -7.46853 -16.0626 15.8716
    endloop
  endfacet
  facet normal -0.553695 -0.498558 0.66698
    outer loop
      vertex -7.46853 -16.0626 15.8716
      vertex -6.47325 -17.2719 15.7939
      vertex -6.41666 -17.2308 15.8716
    endloop
  endfacet
  facet normal -0.553624 -0.498506 0.667077
    outer loop
      vertex -6.47325 -17.2719 15.7939
      vertex -7.46853 -16.0626 15.8716
      vertex -7.51533 -16.1146 15.7939
    endloop
  endfacet
  facet normal -0.739286 -0.665357 0.103713
    outer loop
      vertex -14.4733 -14.3785 15.604
      vertex -14.5417 -14.3025 15.604
      vertex -14.4806 -14.3866 15.5
    endloop
  endfacet
  facet normal -0.179843 -0.848352 -0.497951
    outer loop
      vertex -14.1938 -14.4693 0.296632
      vertex -14.2872 -14.4495 0.296632
      vertex -14.271 -14.3998 0.206108
    endloop
  endfacet
  facet normal -0.584819 -0.804483 -0.103897
    outer loop
      vertex -14.396 -14.4481 0.5
      vertex -14.4806 -14.3866 0.5
      vertex -14.3906 -14.4386 0.396045
    endloop
  endfacet
  facet normal -0.302819 -0.680463 -0.667286
    outer loop
      vertex -14.271 -14.3998 0.206108
      vertex -14.3483 -14.3654 0.206108
      vertex -14.3133 -14.3048 0.128428
    endloop
  endfacet
  facet normal -0.197365 -0.930968 -0.307157
    outer loop
      vertex -14.1971 -14.5014 0.396045
      vertex -14.2971 -14.4802 0.396045
      vertex -14.1938 -14.4693 0.296632
    endloop
  endfacet
  facet normal 0.122642 -0.577053 -0.807445
    outer loop
      vertex -13.286 -14.1724 0.128428
      vertex -14.0688 -14.2528 0.066988
      vertex -13.2948 -14.0883 0.066988
    endloop
  endfacet
  facet normal 0.122631 -0.576798 -0.80763
    outer loop
      vertex -14.0688 -14.2528 0.066988
      vertex -13.286 -14.1724 0.128428
      vertex -14.111 -14.3478 0.128428
    endloop
  endfacet
  facet normal -0.346653 -0.477386 -0.807424
    outer loop
      vertex -14.3133 -14.3048 0.128428
      vertex -14.3699 -14.2637 0.128428
      vertex -14.271 -14.2316 0.066988
    endloop
  endfacet
  facet normal -0.584708 -0.804582 -0.103751
    outer loop
      vertex -14.3906 -14.4386 0.396045
      vertex -14.4806 -14.3866 0.5
      vertex -14.4733 -14.3785 0.396045
    endloop
  endfacet
  facet normal 0.180383 -0.84854 -0.497436
    outer loop
      vertex -14.021 -14.3998 0.206108
      vertex -13.2732 -14.2939 0.296632
      vertex -14.0983 -14.4693 0.296632
    endloop
  endfacet
  facet normal 0.180383 -0.848533 -0.497448
    outer loop
      vertex -13.2732 -14.2939 0.296632
      vertex -14.021 -14.3998 0.206108
      vertex -13.2787 -14.242 0.206108
    endloop
  endfacet
  facet normal -0.20657 -0.97288 -0.104086
    outer loop
      vertex -14.1983 -14.5123 0.5
      vertex -14.3005 -14.4906 0.5
      vertex -14.2971 -14.4802 0.396045
    endloop
  endfacet
  facet normal -0.438123 -0.394311 0.807816
    outer loop
      vertex -14.3133 -14.2008 15.933
      vertex -14.4167 -14.2117 15.8716
      vertex -14.3699 -14.2637 15.8716
    endloop
  endfacet
  facet normal -0.739189 -0.665439 -0.103881
    outer loop
      vertex -14.5417 -14.3025 0.396045
      vertex -14.6385 -14.2112 0.5
      vertex -14.6996 -14.1271 0.396045
    endloop
  endfacet
  facet normal -0.739189 -0.665439 -0.103881
    outer loop
      vertex -14.6385 -14.2112 0.5
      vertex -14.5417 -14.3025 0.396045
      vertex -14.4806 -14.3866 0.5
    endloop
  endfacet
  facet normal -0.553655 -0.498415 0.66712
    outer loop
      vertex -14.5746 -14.1403 15.7939
      vertex -14.4167 -14.2117 15.8716
      vertex -14.5746 -14.0363 15.8716
    endloop
  endfacet
  facet normal -0.553655 -0.498415 0.66712
    outer loop
      vertex -14.4167 -14.2117 15.8716
      vertex -14.5746 -14.1403 15.7939
      vertex -14.4167 -14.3157 15.7939
    endloop
  endfacet
  facet normal -0.353285 -0.791939 -0.498018
    outer loop
      vertex -14.2872 -14.4495 0.296632
      vertex -14.3744 -14.4106 0.296632
      vertex -14.271 -14.3998 0.206108
    endloop
  endfacet
  facet normal 0.179522 -0.848368 -0.49804
    outer loop
      vertex -14.0983 -14.4693 0.296632
      vertex -14.1037 -14.4173 0.206108
      vertex -14.021 -14.3998 0.206108
    endloop
  endfacet
  facet normal -0.406582 -0.913614 0
    outer loop
      vertex -14.396 -14.4481 0.5
      vertex -14.3005 -14.4906 15.5
      vertex -14.396 -14.4481 15.5
    endloop
  endfacet
  facet normal -0.406582 -0.913614 -0
    outer loop
      vertex -14.3005 -14.4906 15.5
      vertex -14.396 -14.4481 0.5
      vertex -14.3005 -14.4906 0.5
    endloop
  endfacet
  facet normal 0.0849186 -0.399556 -0.912767
    outer loop
      vertex -14.0688 -14.2528 0.066988
      vertex -13.3048 -13.9933 0.0244722
      vertex -13.2948 -14.0883 0.066988
    endloop
  endfacet
  facet normal 0.0849644 -0.399681 -0.912708
    outer loop
      vertex -13.3048 -13.9933 0.0244722
      vertex -14.0688 -14.2528 0.066988
      vertex -14.1299 -14.1687 0.0244722
    endloop
  endfacet
  facet normal -0.387726 -0.869144 -0.307014
    outer loop
      vertex -14.2971 -14.4802 0.396045
      vertex -14.3744 -14.4106 0.296632
      vertex -14.2872 -14.4495 0.296632
    endloop
  endfacet
  facet normal -0.644613 -0.580152 -0.497894
    outer loop
      vertex -14.4517 -14.3545 0.296632
      vertex -14.5156 -14.2835 0.296632
      vertex -14.4167 -14.3157 0.206108
    endloop
  endfacet
  facet normal -0.707313 -0.636582 -0.307363
    outer loop
      vertex -14.4517 -14.3545 0.296632
      vertex -14.5417 -14.3025 0.396045
      vertex -14.5156 -14.2835 0.296632
    endloop
  endfacet
  facet normal -0.437684 -0.602747 -0.667179
    outer loop
      vertex -14.3133 -14.3048 0.128428
      vertex -14.4167 -14.3157 0.206108
      vertex -14.3699 -14.2637 0.128428
    endloop
  endfacet
  facet normal -0.404374 -0.908652 0.104085
    outer loop
      vertex -14.2971 -14.4802 15.604
      vertex -14.396 -14.4481 15.5
      vertex -14.3005 -14.4906 15.5
    endloop
  endfacet
  facet normal 0.197838 -0.930651 -0.307812
    outer loop
      vertex -13.2732 -14.2939 0.296632
      vertex -13.9949 -14.4802 0.396045
      vertex -14.0983 -14.4693 0.296632
    endloop
  endfacet
  facet normal 0.197763 -0.930549 -0.30817
    outer loop
      vertex -13.9949 -14.4802 0.396045
      vertex -13.2732 -14.2939 0.296632
      vertex -13.2698 -14.3261 0.396045
    endloop
  endfacet
  facet normal 0.206377 -0.972921 -0.104084
    outer loop
      vertex -13.9915 -14.4906 0.5
      vertex -14.0938 -14.5123 0.5
      vertex -13.9949 -14.4802 0.396045
    endloop
  endfacet
  facet normal 0.206751 -0.972841 -0.104088
    outer loop
      vertex -13.2698 -14.3261 0.396045
      vertex -13.9915 -14.4906 0.5
      vertex -13.9949 -14.4802 0.396045
    endloop
  endfacet
  facet normal 0.206883 -0.972901 -0.103265
    outer loop
      vertex -13.9915 -14.4906 0.5
      vertex -13.2698 -14.3261 0.396045
      vertex -13.2687 -14.3369 0.5
    endloop
  endfacet
  facet normal -0.207698 -0.978193 0
    outer loop
      vertex -14.3005 -14.4906 0.5
      vertex -14.1983 -14.5123 15.5
      vertex -14.3005 -14.4906 15.5
    endloop
  endfacet
  facet normal -0.207698 -0.978193 -0
    outer loop
      vertex -14.1983 -14.5123 15.5
      vertex -14.3005 -14.4906 0.5
      vertex -14.1983 -14.5123 0.5
    endloop
  endfacet
  facet normal -0.404372 -0.908648 -0.10413
    outer loop
      vertex -14.3005 -14.4906 0.5
      vertex -14.396 -14.4481 0.5
      vertex -14.2971 -14.4802 0.396045
    endloop
  endfacet
  facet normal -0.302421 -0.680447 -0.667483
    outer loop
      vertex -14.271 -14.3998 0.206108
      vertex -14.3133 -14.3048 0.128428
      vertex -14.2494 -14.3332 0.128428
    endloop
  endfacet
  facet normal 0.207504 -0.978234 0
    outer loop
      vertex -14.0938 -14.5123 0.5
      vertex -13.9915 -14.4906 15.5
      vertex -14.0938 -14.5123 15.5
    endloop
  endfacet
  facet normal 0.207504 -0.978234 0
    outer loop
      vertex -13.9915 -14.4906 15.5
      vertex -14.0938 -14.5123 0.5
      vertex -13.9915 -14.4906 0.5
    endloop
  endfacet
  facet normal -0.197358 -0.930972 -0.30715
    outer loop
      vertex -14.1938 -14.4693 0.296632
      vertex -14.2971 -14.4802 0.396045
      vertex -14.2872 -14.4495 0.296632
    endloop
  endfacet
  facet normal -0.404295 -0.908692 -0.104043
    outer loop
      vertex -14.2971 -14.4802 0.396045
      vertex -14.396 -14.4481 0.5
      vertex -14.3906 -14.4386 0.396045
    endloop
  endfacet
  facet normal -0.553591 -0.498358 -0.667215
    outer loop
      vertex -14.5746 -14.1403 0.206108
      vertex -14.4167 -14.2117 0.128428
      vertex -14.4167 -14.3157 0.206108
    endloop
  endfacet
  facet normal -0.553591 -0.498358 -0.667215
    outer loop
      vertex -14.4167 -14.2117 0.128428
      vertex -14.5746 -14.1403 0.206108
      vertex -14.5746 -14.0363 0.128428
    endloop
  endfacet
  facet normal -0.706058 -0.63595 -0.311526
    outer loop
      vertex -14.5156 -14.2835 0.296632
      vertex -14.6697 -14.1139 0.29967
      vertex -14.6689 -14.1133 0.296632
    endloop
  endfacet
  facet normal -0.707186 -0.637063 -0.306657
    outer loop
      vertex -14.5156 -14.2835 0.296632
      vertex -14.6996 -14.1271 0.396045
      vertex -14.6697 -14.1139 0.29967
    endloop
  endfacet
  facet normal -0.707234 -0.636672 -0.30736
    outer loop
      vertex -14.6996 -14.1271 0.396045
      vertex -14.5156 -14.2835 0.296632
      vertex -14.5417 -14.3025 0.396045
    endloop
  endfacet
  facet normal 0.123057 -0.576899 -0.807493
    outer loop
      vertex -14.111 -14.3478 0.128428
      vertex -14.1199 -14.2637 0.066988
      vertex -14.0688 -14.2528 0.066988
    endloop
  endfacet
  facet normal 0.207995 -0.97813 0
    outer loop
      vertex -13.9915 -14.4906 0.5
      vertex -13.2687 -14.3369 15.5
      vertex -13.9915 -14.4906 15.5
    endloop
  endfacet
  facet normal 0.207995 -0.97813 0
    outer loop
      vertex -13.2687 -14.3369 15.5
      vertex -13.9915 -14.4906 0.5
      vertex -13.2687 -14.3369 0.5
    endloop
  endfacet
  facet normal 0.206262 -0.972933 -0.104198
    outer loop
      vertex -14.0938 -14.5123 0.5
      vertex -14.0949 -14.5014 0.396045
      vertex -13.9949 -14.4802 0.396045
    endloop
  endfacet
  facet normal -0.352707 -0.792565 -0.497432
    outer loop
      vertex -14.271 -14.3998 0.206108
      vertex -14.3744 -14.4106 0.296632
      vertex -14.3483 -14.3654 0.206108
    endloop
  endfacet
  facet normal 0.206752 -0.972846 0.104044
    outer loop
      vertex -13.9915 -14.4906 15.5
      vertex -13.2698 -14.3261 15.604
      vertex -13.9949 -14.4802 15.604
    endloop
  endfacet
  facet normal 0.206884 -0.972905 0.103221
    outer loop
      vertex -13.2698 -14.3261 15.604
      vertex -13.9915 -14.4906 15.5
      vertex -13.2687 -14.3369 15.5
    endloop
  endfacet
  facet normal -0.206571 -0.972884 0.104042
    outer loop
      vertex -14.2971 -14.4802 15.604
      vertex -14.3005 -14.4906 15.5
      vertex -14.1983 -14.5123 15.5
    endloop
  endfacet
  facet normal -0.739282 -0.665354 -0.103758
    outer loop
      vertex -14.4806 -14.3866 0.5
      vertex -14.5417 -14.3025 0.396045
      vertex -14.4733 -14.3785 0.396045
    endloop
  endfacet
  facet normal -0.509932 -0.701798 -0.497443
    outer loop
      vertex -14.3744 -14.4106 0.296632
      vertex -14.4167 -14.3157 0.206108
      vertex -14.3483 -14.3654 0.206108
    endloop
  endfacet
  facet normal -0.4378 -0.602526 -0.667303
    outer loop
      vertex -14.3483 -14.3654 0.206108
      vertex -14.4167 -14.3157 0.206108
      vertex -14.3133 -14.3048 0.128428
    endloop
  endfacet
  facet normal -0.639728 -0.576206 -0.508659
    outer loop
      vertex -14.6658 -14.1143 0.293866
      vertex -14.5156 -14.2835 0.296632
      vertex -14.6689 -14.1133 0.296632
    endloop
  endfacet
  facet normal -0.644514 -0.580278 -0.497874
    outer loop
      vertex -14.5746 -14.1403 0.206108
      vertex -14.5156 -14.2835 0.296632
      vertex -14.6658 -14.1143 0.293866
    endloop
  endfacet
  facet normal -0.644575 -0.580264 -0.497812
    outer loop
      vertex -14.5156 -14.2835 0.296632
      vertex -14.5746 -14.1403 0.206108
      vertex -14.4167 -14.3157 0.206108
    endloop
  endfacet
  facet normal -0.438309 -0.394478 -0.807633
    outer loop
      vertex -14.3699 -14.2637 0.128428
      vertex -14.4167 -14.2117 0.128428
      vertex -14.3133 -14.2008 0.066988
    endloop
  endfacet
  facet normal -0.386758 -0.869276 -0.307859
    outer loop
      vertex -14.2971 -14.4802 0.396045
      vertex -14.3906 -14.4386 0.396045
      vertex -14.3744 -14.4106 0.296632
    endloop
  endfacet
  facet normal -0.509411 -0.701916 -0.49781
    outer loop
      vertex -14.3744 -14.4106 0.296632
      vertex -14.4517 -14.3545 0.296632
      vertex -14.4167 -14.3157 0.206108
    endloop
  endfacet
  facet normal 0.0852203 -0.399519 -0.912755
    outer loop
      vertex -14.1199 -14.2637 0.066988
      vertex -14.1299 -14.1687 0.0244722
      vertex -14.0688 -14.2528 0.066988
    endloop
  endfacet
  facet normal -0.0863554 -0.189982 -0.977982
    outer loop
      vertex -14.1622 -14.0648 0.00273991
      vertex -14.2233 -14.1489 0.0244722
      vertex -14.1721 -14.0603 0.00273991
    endloop
  endfacet
  facet normal -0.387721 -0.869133 0.307051
    outer loop
      vertex -14.2872 -14.4495 15.7034
      vertex -14.3744 -14.4106 15.7034
      vertex -14.2971 -14.4802 15.604
    endloop
  endfacet
  facet normal 0 -0.951621 -0.307274
    outer loop
      vertex -14.1938 -14.4693 0.296632
      vertex -14.0949 -14.5014 0.396045
      vertex -14.1971 -14.5014 0.396045
    endloop
  endfacet
  facet normal 0 -0.951621 -0.307274
    outer loop
      vertex -14.0949 -14.5014 0.396045
      vertex -14.1938 -14.4693 0.296632
      vertex -14.0983 -14.4693 0.296632
    endloop
  endfacet
  facet normal 0 -1 0
    outer loop
      vertex -14.1983 -14.5123 0.5
      vertex -14.0938 -14.5123 15.5
      vertex -14.1983 -14.5123 15.5
    endloop
  endfacet
  facet normal 0 -1 -0
    outer loop
      vertex -14.0938 -14.5123 15.5
      vertex -14.1983 -14.5123 0.5
      vertex -14.0938 -14.5123 0.5
    endloop
  endfacet
  facet normal 0 -0.867119 -0.498102
    outer loop
      vertex -14.1883 -14.4173 0.206108
      vertex -14.0983 -14.4693 0.296632
      vertex -14.1938 -14.4693 0.296632
    endloop
  endfacet
  facet normal 0 -0.867119 -0.498102
    outer loop
      vertex -14.0983 -14.4693 0.296632
      vertex -14.1883 -14.4173 0.206108
      vertex -14.1037 -14.4173 0.206108
    endloop
  endfacet
  facet normal 0.15428 -0.729085 -0.666808
    outer loop
      vertex -14.1037 -14.4173 0.206108
      vertex -14.111 -14.3478 0.128428
      vertex -14.021 -14.3998 0.206108
    endloop
  endfacet
  facet normal 0.154903 -0.728593 -0.667201
    outer loop
      vertex -13.286 -14.1724 0.128428
      vertex -14.021 -14.3998 0.206108
      vertex -14.111 -14.3478 0.128428
    endloop
  endfacet
  facet normal 0.15487 -0.728516 -0.667293
    outer loop
      vertex -14.021 -14.3998 0.206108
      vertex -13.286 -14.1724 0.128428
      vertex -13.2787 -14.242 0.206108
    endloop
  endfacet
  facet normal -0.347059 -0.476643 -0.807689
    outer loop
      vertex -14.271 -14.2316 0.066988
      vertex -14.3699 -14.2637 0.128428
      vertex -14.3133 -14.2008 0.066988
    endloop
  endfacet
  facet normal -0.553688 -0.49832 -0.667163
    outer loop
      vertex -14.3699 -14.2637 0.128428
      vertex -14.4167 -14.3157 0.206108
      vertex -14.4167 -14.2117 0.128428
    endloop
  endfacet
  facet normal -0.437851 -0.602595 0.667208
    outer loop
      vertex -14.3133 -14.3048 15.8716
      vertex -14.4167 -14.3157 15.7939
      vertex -14.3483 -14.3654 15.7939
    endloop
  endfacet
  facet normal 0.180371 -0.848484 0.497535
    outer loop
      vertex -13.2732 -14.2939 15.7034
      vertex -14.021 -14.3998 15.7939
      vertex -14.0983 -14.4693 15.7034
    endloop
  endfacet
  facet normal 0.180371 -0.848477 0.497547
    outer loop
      vertex -14.021 -14.3998 15.7939
      vertex -13.2732 -14.2939 15.7034
      vertex -13.2787 -14.242 15.7939
    endloop
  endfacet
  facet normal -0.206259 -0.972918 0.104349
    outer loop
      vertex -14.1971 -14.5014 15.604
      vertex -14.2971 -14.4802 15.604
      vertex -14.1983 -14.5123 15.5
    endloop
  endfacet
  facet normal -0.558821 -0.769997 -0.307936
    outer loop
      vertex -14.3906 -14.4386 0.396045
      vertex -14.4517 -14.3545 0.296632
      vertex -14.3744 -14.4106 0.296632
    endloop
  endfacet
  facet normal -0.303486 -0.273763 -0.912661
    outer loop
      vertex -14.3133 -14.2008 0.066988
      vertex -14.3483 -14.162 0.066988
      vertex -14.2494 -14.1299 0.0244722
    endloop
  endfacet
  facet normal -0.438465 -0.394719 -0.807431
    outer loop
      vertex -14.4167 -14.2117 0.128428
      vertex -14.5062 -13.9866 0.066988
      vertex -14.3483 -14.162 0.066988
    endloop
  endfacet
  facet normal -0.438465 -0.394719 -0.807431
    outer loop
      vertex -14.5062 -13.9866 0.066988
      vertex -14.4167 -14.2117 0.128428
      vertex -14.5746 -14.0363 0.128428
    endloop
  endfacet
  facet normal -0.438096 -0.39519 -0.807401
    outer loop
      vertex -14.3133 -14.2008 0.066988
      vertex -14.4167 -14.2117 0.128428
      vertex -14.3483 -14.162 0.066988
    endloop
  endfacet
  facet normal -0.559418 -0.769782 -0.307386
    outer loop
      vertex -14.3906 -14.4386 0.396045
      vertex -14.4733 -14.3785 0.396045
      vertex -14.4517 -14.3545 0.296632
    endloop
  endfacet
  facet normal -0.707313 -0.636582 -0.307363
    outer loop
      vertex -14.4733 -14.3785 0.396045
      vertex -14.5417 -14.3025 0.396045
      vertex -14.4517 -14.3545 0.296632
    endloop
  endfacet
  facet normal -0.155334 -0.139836 -0.977915
    outer loop
      vertex -14.4073 -13.9545 0.0244722
      vertex -14.181 -14.0539 0.00273991
      vertex -14.2494 -14.1299 0.0244722
    endloop
  endfacet
  facet normal -0.155334 -0.139836 -0.977915
    outer loop
      vertex -14.181 -14.0539 0.00273991
      vertex -14.4073 -13.9545 0.0244722
      vertex -14.3389 -13.8785 0.00273991
    endloop
  endfacet
  facet normal 0.0434814 -0.204541 -0.977892
    outer loop
      vertex -14.1299 -14.0648 0.00273991
      vertex -13.3048 -13.9933 0.0244722
      vertex -14.1299 -14.1687 0.0244722
    endloop
  endfacet
  facet normal 0.0434854 -0.20459 -0.977881
    outer loop
      vertex -13.3048 -13.9933 0.0244722
      vertex -14.1299 -14.0648 0.00273991
      vertex -13.3155 -13.8917 0.00273991
    endloop
  endfacet
  facet normal 0.0420578 -0.204554 -0.977951
    outer loop
      vertex -14.1299 -14.1687 0.0244722
      vertex -14.1406 -14.067 0.00273991
      vertex -14.1299 -14.0648 0.00273991
    endloop
  endfacet
  facet normal 0.197353 -0.930911 -0.307337
    outer loop
      vertex -14.0949 -14.5014 0.396045
      vertex -14.0983 -14.4693 0.296632
      vertex -13.9949 -14.4802 0.396045
    endloop
  endfacet
  facet normal -0.206258 -0.972913 -0.104394
    outer loop
      vertex -14.1983 -14.5123 0.5
      vertex -14.2971 -14.4802 0.396045
      vertex -14.1971 -14.5014 0.396045
    endloop
  endfacet
  facet normal 0 -0.994548 -0.104281
    outer loop
      vertex -14.1971 -14.5014 0.396045
      vertex -14.0938 -14.5123 0.5
      vertex -14.1983 -14.5123 0.5
    endloop
  endfacet
  facet normal 0 -0.994548 -0.104281
    outer loop
      vertex -14.0938 -14.5123 0.5
      vertex -14.1971 -14.5014 0.396045
      vertex -14.0949 -14.5014 0.396045
    endloop
  endfacet
  facet normal -0.15543 -0.728177 -0.667532
    outer loop
      vertex -14.181 -14.3478 0.128428
      vertex -14.271 -14.3998 0.206108
      vertex -14.2494 -14.3332 0.128428
    endloop
  endfacet
  facet normal -0.179504 -0.848284 -0.498189
    outer loop
      vertex -14.1938 -14.4693 0.296632
      vertex -14.271 -14.3998 0.206108
      vertex -14.1883 -14.4173 0.206108
    endloop
  endfacet
  facet normal 0 -0.208972 -0.977922
    outer loop
      vertex -14.1299 -14.1687 0.0244722
      vertex -14.1515 -14.067 0.00273991
      vertex -14.1406 -14.067 0.00273991
    endloop
  endfacet
  facet normal 0 -0.208972 -0.977922
    outer loop
      vertex -14.1515 -14.067 0.00273991
      vertex -14.1299 -14.1687 0.0244722
      vertex -14.1622 -14.1687 0.0244722
    endloop
  endfacet
  facet normal -0.239638 -0.539185 -0.807374
    outer loop
      vertex -14.2494 -14.3332 0.128428
      vertex -14.271 -14.2316 0.066988
      vertex -14.2233 -14.2528 0.066988
    endloop
  endfacet
  facet normal -0.386753 -0.869265 0.307896
    outer loop
      vertex -14.3744 -14.4106 15.7034
      vertex -14.3906 -14.4386 15.604
      vertex -14.2971 -14.4802 15.604
    endloop
  endfacet
  facet normal -0.154298 -0.729168 0.666713
    outer loop
      vertex -14.181 -14.3478 15.8716
      vertex -14.271 -14.3998 15.7939
      vertex -14.1883 -14.4173 15.7939
    endloop
  endfacet
  facet normal -0.165872 -0.373528 -0.912668
    outer loop
      vertex -14.1938 -14.162 0.0244722
      vertex -14.271 -14.2316 0.066988
      vertex -14.2233 -14.1489 0.0244722
    endloop
  endfacet
  facet normal -0.239638 -0.539185 -0.807374
    outer loop
      vertex -14.2494 -14.3332 0.128428
      vertex -14.3133 -14.3048 0.128428
      vertex -14.271 -14.2316 0.066988
    endloop
  endfacet
  facet normal -0.122823 -0.576932 -0.807505
    outer loop
      vertex -14.181 -14.3478 0.128428
      vertex -14.2233 -14.2528 0.066988
      vertex -14.1721 -14.2637 0.066988
    endloop
  endfacet
  facet normal 0 -0.589906 -0.807472
    outer loop
      vertex -14.111 -14.3478 0.128428
      vertex -14.1721 -14.2637 0.066988
      vertex -14.1199 -14.2637 0.066988
    endloop
  endfacet
  facet normal 0 -0.589906 -0.807472
    outer loop
      vertex -14.1721 -14.2637 0.066988
      vertex -14.111 -14.3478 0.128428
      vertex -14.181 -14.3478 0.128428
    endloop
  endfacet
  facet normal 0 -0.408493 -0.912762
    outer loop
      vertex -14.1199 -14.2637 0.066988
      vertex -14.1622 -14.1687 0.0244722
      vertex -14.1299 -14.1687 0.0244722
    endloop
  endfacet
  facet normal 0 -0.408493 -0.912762
    outer loop
      vertex -14.1622 -14.1687 0.0244722
      vertex -14.1199 -14.2637 0.066988
      vertex -14.1721 -14.2637 0.066988
    endloop
  endfacet
  facet normal -0.303648 -0.273353 -0.91273
    outer loop
      vertex -14.3483 -14.162 0.066988
      vertex -14.4073 -13.9545 0.0244722
      vertex -14.2494 -14.1299 0.0244722
    endloop
  endfacet
  facet normal -0.303648 -0.273353 -0.91273
    outer loop
      vertex -14.4073 -13.9545 0.0244722
      vertex -14.3483 -14.162 0.066988
      vertex -14.5062 -13.9866 0.066988
    endloop
  endfacet
  facet normal 0.123004 -0.576654 0.807676
    outer loop
      vertex -14.0688 -14.2528 15.933
      vertex -14.1199 -14.2637 15.933
      vertex -14.111 -14.3478 15.8716
    endloop
  endfacet
  facet normal -0.123111 -0.576768 0.807578
    outer loop
      vertex -14.2233 -14.2528 15.933
      vertex -14.2494 -14.3332 15.8716
      vertex -14.181 -14.3478 15.8716
    endloop
  endfacet
  facet normal -0.404297 -0.908696 0.103998
    outer loop
      vertex -14.3906 -14.4386 15.604
      vertex -14.396 -14.4481 15.5
      vertex -14.2971 -14.4802 15.604
    endloop
  endfacet
  facet normal -0.707304 -0.636574 0.3074
    outer loop
      vertex -14.5156 -14.2835 15.7034
      vertex -14.5417 -14.3025 15.604
      vertex -14.4517 -14.3545 15.7034
    endloop
  endfacet
  facet normal -0.346506 -0.477184 0.807607
    outer loop
      vertex -14.271 -14.2316 15.933
      vertex -14.3699 -14.2637 15.8716
      vertex -14.3133 -14.3048 15.8716
    endloop
  endfacet
  facet normal -0.346912 -0.476441 0.807872
    outer loop
      vertex -14.3133 -14.2008 15.933
      vertex -14.3699 -14.2637 15.8716
      vertex -14.271 -14.2316 15.933
    endloop
  endfacet
  facet normal -0.123355 -0.169451 0.977788
    outer loop
      vertex -14.181 -14.0539 15.9973
      vertex -14.2494 -14.1299 15.9755
      vertex -14.2233 -14.1489 15.9755
    endloop
  endfacet
  facet normal -0.0420578 -0.204554 -0.977951
    outer loop
      vertex -14.1515 -14.067 0.00273991
      vertex -14.1622 -14.1687 0.0244722
      vertex -14.1622 -14.0648 0.00273991
    endloop
  endfacet
  facet normal -0.0433681 -0.204542 -0.977897
    outer loop
      vertex -14.1622 -14.1687 0.0244722
      vertex -14.1938 -14.162 0.0244722
      vertex -14.1622 -14.0648 0.00273991
    endloop
  endfacet
  facet normal -0.123163 -0.577013 -0.807395
    outer loop
      vertex -14.181 -14.3478 0.128428
      vertex -14.2494 -14.3332 0.128428
      vertex -14.2233 -14.2528 0.066988
    endloop
  endfacet
  facet normal -0.16597 -0.373432 -0.91269
    outer loop
      vertex -14.2233 -14.2528 0.066988
      vertex -14.271 -14.2316 0.066988
      vertex -14.1938 -14.162 0.0244722
    endloop
  endfacet
  facet normal -0.240554 -0.330445 -0.912655
    outer loop
      vertex -14.2233 -14.1489 0.0244722
      vertex -14.271 -14.2316 0.066988
      vertex -14.2494 -14.1299 0.0244722
    endloop
  endfacet
  facet normal -0.240599 -0.330433 -0.912648
    outer loop
      vertex -14.271 -14.2316 0.066988
      vertex -14.3133 -14.2008 0.066988
      vertex -14.2494 -14.1299 0.0244722
    endloop
  endfacet
  facet normal 0.154921 -0.728677 0.667105
    outer loop
      vertex -14.021 -14.3998 15.7939
      vertex -13.286 -14.1724 15.8716
      vertex -14.111 -14.3478 15.8716
    endloop
  endfacet
  facet normal 0.154888 -0.7286 0.667197
    outer loop
      vertex -13.286 -14.1724 15.8716
      vertex -14.021 -14.3998 15.7939
      vertex -13.2787 -14.242 15.7939
    endloop
  endfacet
  facet normal -0.553752 -0.498377 0.667068
    outer loop
      vertex -14.4167 -14.2117 15.8716
      vertex -14.4167 -14.3157 15.7939
      vertex -14.3699 -14.2637 15.8716
    endloop
  endfacet
  facet normal -0.739192 -0.665442 0.103836
    outer loop
      vertex -14.6385 -14.2112 15.5
      vertex -14.5417 -14.3025 15.604
      vertex -14.6996 -14.1271 15.604
    endloop
  endfacet
  facet normal -0.739192 -0.665442 0.103836
    outer loop
      vertex -14.5417 -14.3025 15.604
      vertex -14.6385 -14.2112 15.5
      vertex -14.4806 -14.3866 15.5
    endloop
  endfacet
  facet normal -0.240524 -0.330331 0.912705
    outer loop
      vertex -14.2494 -14.1299 15.9755
      vertex -14.3133 -14.2008 15.933
      vertex -14.271 -14.2316 15.933
    endloop
  endfacet
  facet normal -0.303554 -0.273268 0.912787
    outer loop
      vertex -14.4073 -13.9545 15.9755
      vertex -14.3483 -14.162 15.933
      vertex -14.2494 -14.1299 15.9755
    endloop
  endfacet
  facet normal -0.303554 -0.273268 0.912787
    outer loop
      vertex -14.3483 -14.162 15.933
      vertex -14.4073 -13.9545 15.9755
      vertex -14.5062 -13.9866 15.933
    endloop
  endfacet
  facet normal -0.707304 -0.636574 0.3074
    outer loop
      vertex -14.4517 -14.3545 15.7034
      vertex -14.5417 -14.3025 15.604
      vertex -14.4733 -14.3785 15.604
    endloop
  endfacet
  facet normal -0.559412 -0.769773 0.307423
    outer loop
      vertex -14.4517 -14.3545 15.7034
      vertex -14.4733 -14.3785 15.604
      vertex -14.3906 -14.4386 15.604
    endloop
  endfacet
  facet normal 0 -0.589655 0.807655
    outer loop
      vertex -14.1721 -14.2637 15.933
      vertex -14.111 -14.3478 15.8716
      vertex -14.1199 -14.2637 15.933
    endloop
  endfacet
  facet normal 0 -0.589655 0.807655
    outer loop
      vertex -14.111 -14.3478 15.8716
      vertex -14.1721 -14.2637 15.933
      vertex -14.181 -14.3478 15.8716
    endloop
  endfacet
  facet normal 0.0421831 -0.205163 0.977818
    outer loop
      vertex -14.1299 -14.0648 15.9973
      vertex -14.1406 -14.067 15.9973
      vertex -14.1299 -14.1687 15.9755
    endloop
  endfacet
  facet normal -0.122989 -0.168948 -0.977921
    outer loop
      vertex -14.2233 -14.1489 0.0244722
      vertex -14.2494 -14.1299 0.0244722
      vertex -14.181 -14.0539 0.00273991
    endloop
  endfacet
  facet normal -0.12186 -0.169462 -0.977974
    outer loop
      vertex -14.1721 -14.0603 0.00273991
      vertex -14.2233 -14.1489 0.0244722
      vertex -14.181 -14.0539 0.00273991
    endloop
  endfacet
  facet normal -0.197363 -0.930957 0.307193
    outer loop
      vertex -14.1938 -14.4693 15.7034
      vertex -14.2971 -14.4802 15.604
      vertex -14.1971 -14.5014 15.604
    endloop
  endfacet
  facet normal -0.0847688 -0.399805 -0.912672
    outer loop
      vertex -14.1622 -14.1687 0.0244722
      vertex -14.2233 -14.2528 0.066988
      vertex -14.1938 -14.162 0.0244722
    endloop
  endfacet
  facet normal -0.0850736 -0.399612 -0.912728
    outer loop
      vertex -14.1721 -14.2637 0.066988
      vertex -14.2233 -14.2528 0.066988
      vertex -14.1622 -14.1687 0.0244722
    endloop
  endfacet
  facet normal 0 -0.745256 -0.666778
    outer loop
      vertex -14.181 -14.3478 0.128428
      vertex -14.1037 -14.4173 0.206108
      vertex -14.1883 -14.4173 0.206108
    endloop
  endfacet
  facet normal 0 -0.745256 -0.666778
    outer loop
      vertex -14.1037 -14.4173 0.206108
      vertex -14.181 -14.3478 0.128428
      vertex -14.111 -14.3478 0.128428
    endloop
  endfacet
  facet normal -0.15428 -0.729085 -0.666808
    outer loop
      vertex -14.1883 -14.4173 0.206108
      vertex -14.271 -14.3998 0.206108
      vertex -14.181 -14.3478 0.128428
    endloop
  endfacet
  facet normal -0.0848437 -0.19106 -0.977905
    outer loop
      vertex -14.1938 -14.162 0.0244722
      vertex -14.2233 -14.1489 0.0244722
      vertex -14.1622 -14.0648 0.00273991
    endloop
  endfacet
  facet normal 0.197836 -0.93064 0.307849
    outer loop
      vertex -13.9949 -14.4802 15.604
      vertex -13.2732 -14.2939 15.7034
      vertex -14.0983 -14.4693 15.7034
    endloop
  endfacet
  facet normal 0.19776 -0.930537 0.308206
    outer loop
      vertex -13.2732 -14.2939 15.7034
      vertex -13.9949 -14.4802 15.604
      vertex -13.2698 -14.3261 15.604
    endloop
  endfacet
  facet normal -0.584711 -0.804586 0.103707
    outer loop
      vertex -14.4733 -14.3785 15.604
      vertex -14.4806 -14.3866 15.5
      vertex -14.3906 -14.4386 15.604
    endloop
  endfacet
  facet normal -0.584822 -0.804486 0.103852
    outer loop
      vertex -14.3906 -14.4386 15.604
      vertex -14.4806 -14.3866 15.5
      vertex -14.396 -14.4481 15.5
    endloop
  endfacet
  facet normal -0.24048 -0.330343 0.912712
    outer loop
      vertex -14.2494 -14.1299 15.9755
      vertex -14.271 -14.2316 15.933
      vertex -14.2233 -14.1489 15.9755
    endloop
  endfacet
  facet normal -0.438279 -0.394551 0.807614
    outer loop
      vertex -14.5062 -13.9866 15.933
      vertex -14.4167 -14.2117 15.8716
      vertex -14.3483 -14.162 15.933
    endloop
  endfacet
  facet normal -0.438279 -0.394551 0.807614
    outer loop
      vertex -14.4167 -14.2117 15.8716
      vertex -14.5062 -13.9866 15.933
      vertex -14.5746 -14.0363 15.8716
    endloop
  endfacet
  facet normal -0.16582 -0.373412 0.912725
    outer loop
      vertex -14.2233 -14.1489 15.9755
      vertex -14.271 -14.2316 15.933
      vertex -14.1938 -14.162 15.9755
    endloop
  endfacet
  facet normal -0.239536 -0.538957 0.807557
    outer loop
      vertex -14.271 -14.2316 15.933
      vertex -14.3133 -14.3048 15.8716
      vertex -14.2494 -14.3332 15.8716
    endloop
  endfacet
  facet normal 0 -0.994553 0.104237
    outer loop
      vertex -14.1983 -14.5123 15.5
      vertex -14.0949 -14.5014 15.604
      vertex -14.1971 -14.5014 15.604
    endloop
  endfacet
  facet normal 0 -0.994553 0.104237
    outer loop
      vertex -14.0949 -14.5014 15.604
      vertex -14.1983 -14.5123 15.5
      vertex -14.0938 -14.5123 15.5
    endloop
  endfacet
  facet normal 0 -0.951609 0.30731
    outer loop
      vertex -14.1971 -14.5014 15.604
      vertex -14.0983 -14.4693 15.7034
      vertex -14.1938 -14.4693 15.7034
    endloop
  endfacet
  facet normal 0 -0.951609 0.30731
    outer loop
      vertex -14.0983 -14.4693 15.7034
      vertex -14.1971 -14.5014 15.604
      vertex -14.0949 -14.5014 15.604
    endloop
  endfacet
  facet normal -0.644571 -0.580114 0.497993
    outer loop
      vertex -14.4167 -14.3157 15.7939
      vertex -14.5156 -14.2835 15.7034
      vertex -14.4517 -14.3545 15.7034
    endloop
  endfacet
  facet normal -0.635672 -0.572553 0.517789
    outer loop
      vertex -14.5156 -14.2835 15.7034
      vertex -14.6658 -14.1143 15.7061
      vertex -14.6689 -14.1133 15.7034
    endloop
  endfacet
  facet normal -0.644645 -0.5802 0.497796
    outer loop
      vertex -14.5156 -14.2835 15.7034
      vertex -14.5746 -14.1403 15.7939
      vertex -14.6658 -14.1143 15.7061
    endloop
  endfacet
  facet normal -0.644532 -0.580226 0.497911
    outer loop
      vertex -14.5746 -14.1403 15.7939
      vertex -14.5156 -14.2835 15.7034
      vertex -14.4167 -14.3157 15.7939
    endloop
  endfacet
  facet normal -0.197356 -0.93096 0.307186
    outer loop
      vertex -14.2872 -14.4495 15.7034
      vertex -14.2971 -14.4802 15.604
      vertex -14.1938 -14.4693 15.7034
    endloop
  endfacet
  facet normal 0.12259 -0.576808 0.807628
    outer loop
      vertex -14.0688 -14.2528 15.933
      vertex -13.286 -14.1724 15.8716
      vertex -13.2948 -14.0883 15.933
    endloop
  endfacet
  facet normal 0.122579 -0.576553 0.807813
    outer loop
      vertex -13.286 -14.1724 15.8716
      vertex -14.0688 -14.2528 15.933
      vertex -14.111 -14.3478 15.8716
    endloop
  endfacet
  facet normal 0 -0.745342 0.666683
    outer loop
      vertex -14.1883 -14.4173 15.7939
      vertex -14.111 -14.3478 15.8716
      vertex -14.181 -14.3478 15.8716
    endloop
  endfacet
  facet normal 0 -0.745342 0.666683
    outer loop
      vertex -14.111 -14.3478 15.8716
      vertex -14.1883 -14.4173 15.7939
      vertex -14.1037 -14.4173 15.7939
    endloop
  endfacet
  facet normal -0.74321 -0.669058 0
    outer loop
      vertex -14.4806 -14.3866 0.5
      vertex -14.6385 -14.2112 15.5
      vertex -14.6385 -14.2112 0.5
    endloop
  endfacet
  facet normal -0.74321 -0.669058 0
    outer loop
      vertex -14.6385 -14.2112 15.5
      vertex -14.4806 -14.3866 0.5
      vertex -14.4806 -14.3866 15.5
    endloop
  endfacet
  facet normal -0.588001 -0.80886 0
    outer loop
      vertex -14.4806 -14.3866 0.5
      vertex -14.396 -14.4481 15.5
      vertex -14.4806 -14.3866 15.5
    endloop
  endfacet
  facet normal -0.588001 -0.80886 -0
    outer loop
      vertex -14.396 -14.4481 15.5
      vertex -14.4806 -14.3866 0.5
      vertex -14.396 -14.4481 0.5
    endloop
  endfacet
  facet normal -0.558814 -0.769987 0.307972
    outer loop
      vertex -14.3744 -14.4106 15.7034
      vertex -14.4517 -14.3545 15.7034
      vertex -14.3906 -14.4386 15.604
    endloop
  endfacet
  facet normal -0.437734 -0.602817 0.667084
    outer loop
      vertex -14.3699 -14.2637 15.8716
      vertex -14.4167 -14.3157 15.7939
      vertex -14.3133 -14.3048 15.8716
    endloop
  endfacet
  facet normal -0.43791 -0.395022 0.807584
    outer loop
      vertex -14.3483 -14.162 15.933
      vertex -14.4167 -14.2117 15.8716
      vertex -14.3133 -14.2008 15.933
    endloop
  endfacet
  facet normal -0.303392 -0.273678 0.912718
    outer loop
      vertex -14.2494 -14.1299 15.9755
      vertex -14.3483 -14.162 15.933
      vertex -14.3133 -14.2008 15.933
    endloop
  endfacet
  facet normal 0.0851939 -0.399395 0.912812
    outer loop
      vertex -14.0688 -14.2528 15.933
      vertex -14.1299 -14.1687 15.9755
      vertex -14.1199 -14.2637 15.933
    endloop
  endfacet
  facet normal 0.0848923 -0.399432 0.912824
    outer loop
      vertex -13.3048 -13.9933 15.9755
      vertex -14.0688 -14.2528 15.933
      vertex -13.2948 -14.0883 15.933
    endloop
  endfacet
  facet normal 0.084938 -0.399557 0.912765
    outer loop
      vertex -14.0688 -14.2528 15.933
      vertex -13.3048 -13.9933 15.9755
      vertex -14.1299 -14.1687 15.9755
    endloop
  endfacet
  facet normal 0.206263 -0.972938 0.104153
    outer loop
      vertex -13.9949 -14.4802 15.604
      vertex -14.0949 -14.5014 15.604
      vertex -14.0938 -14.5123 15.5
    endloop
  endfacet
  facet normal 0.206378 -0.972925 0.10404
    outer loop
      vertex -13.9949 -14.4802 15.604
      vertex -14.0938 -14.5123 15.5
      vertex -13.9915 -14.4906 15.5
    endloop
  endfacet
  facet normal 0.197351 -0.9309 0.307373
    outer loop
      vertex -13.9949 -14.4802 15.604
      vertex -14.0983 -14.4693 15.7034
      vertex -14.0949 -14.5014 15.604
    endloop
  endfacet
  facet normal -0.352684 -0.792513 0.497532
    outer loop
      vertex -14.3483 -14.3654 15.7939
      vertex -14.3744 -14.4106 15.7034
      vertex -14.271 -14.3998 15.7939
    endloop
  endfacet
  facet normal -0.302854 -0.680541 0.66719
    outer loop
      vertex -14.3133 -14.3048 15.8716
      vertex -14.3483 -14.3654 15.7939
      vertex -14.271 -14.3998 15.7939
    endloop
  endfacet
  facet normal 0 -0.867062 0.498201
    outer loop
      vertex -14.1938 -14.4693 15.7034
      vertex -14.1037 -14.4173 15.7939
      vertex -14.1883 -14.4173 15.7939
    endloop
  endfacet
  facet normal 0 -0.867062 0.498201
    outer loop
      vertex -14.1037 -14.4173 15.7939
      vertex -14.1938 -14.4693 15.7034
      vertex -14.0983 -14.4693 15.7034
    endloop
  endfacet
  facet normal -0.353262 -0.791887 0.498117
    outer loop
      vertex -14.271 -14.3998 15.7939
      vertex -14.3744 -14.4106 15.7034
      vertex -14.2872 -14.4495 15.7034
    endloop
  endfacet
  facet normal -0.122771 -0.576687 0.807688
    outer loop
      vertex -14.1721 -14.2637 15.933
      vertex -14.2233 -14.2528 15.933
      vertex -14.181 -14.3478 15.8716
    endloop
  endfacet
  facet normal -0.239536 -0.538957 0.807557
    outer loop
      vertex -14.2233 -14.2528 15.933
      vertex -14.271 -14.2316 15.933
      vertex -14.2494 -14.3332 15.8716
    endloop
  endfacet
  facet normal -0.707419 -0.637176 0.305884
    outer loop
      vertex -14.6697 -14.1139 15.7003
      vertex -14.5156 -14.2835 15.7034
      vertex -14.6689 -14.1133 15.7034
    endloop
  endfacet
  facet normal -0.70719 -0.63695 0.306882
    outer loop
      vertex -14.6996 -14.1271 15.604
      vertex -14.5156 -14.2835 15.7034
      vertex -14.6697 -14.1139 15.7003
    endloop
  endfacet
  facet normal -0.707225 -0.636664 0.307396
    outer loop
      vertex -14.5156 -14.2835 15.7034
      vertex -14.6996 -14.1271 15.604
      vertex -14.5417 -14.3025 15.604
    endloop
  endfacet
  facet normal -0.0850473 -0.399488 0.912785
    outer loop
      vertex -14.1622 -14.1687 15.9755
      vertex -14.2233 -14.2528 15.933
      vertex -14.1721 -14.2637 15.933
    endloop
  endfacet
  facet normal 0 -0.408366 0.912818
    outer loop
      vertex -14.1622 -14.1687 15.9755
      vertex -14.1199 -14.2637 15.933
      vertex -14.1299 -14.1687 15.9755
    endloop
  endfacet
  facet normal 0 -0.408366 0.912818
    outer loop
      vertex -14.1199 -14.2637 15.933
      vertex -14.1622 -14.1687 15.9755
      vertex -14.1721 -14.2637 15.933
    endloop
  endfacet
  facet normal 0.154298 -0.729168 0.666713
    outer loop
      vertex -14.021 -14.3998 15.7939
      vertex -14.111 -14.3478 15.8716
      vertex -14.1037 -14.4173 15.7939
    endloop
  endfacet
  facet normal 0.17951 -0.848312 0.498139
    outer loop
      vertex -14.021 -14.3998 15.7939
      vertex -14.1037 -14.4173 15.7939
      vertex -14.0983 -14.4693 15.7034
    endloop
  endfacet
  facet normal -0.509378 -0.70187 0.497909
    outer loop
      vertex -14.4167 -14.3157 15.7939
      vertex -14.4517 -14.3545 15.7034
      vertex -14.3744 -14.4106 15.7034
    endloop
  endfacet
  facet normal -0.509899 -0.701752 0.497542
    outer loop
      vertex -14.3483 -14.3654 15.7939
      vertex -14.4167 -14.3157 15.7939
      vertex -14.3744 -14.4106 15.7034
    endloop
  endfacet
  facet normal -0.179492 -0.848228 0.498288
    outer loop
      vertex -14.1883 -14.4173 15.7939
      vertex -14.271 -14.3998 15.7939
      vertex -14.1938 -14.4693 15.7034
    endloop
  endfacet
  facet normal -0.179831 -0.848296 0.498051
    outer loop
      vertex -14.271 -14.3998 15.7939
      vertex -14.2872 -14.4495 15.7034
      vertex -14.1938 -14.4693 15.7034
    endloop
  endfacet
  facet normal -0.302456 -0.680525 0.667388
    outer loop
      vertex -14.2494 -14.3332 15.8716
      vertex -14.3133 -14.3048 15.8716
      vertex -14.271 -14.3998 15.7939
    endloop
  endfacet
  facet normal -0.155448 -0.728261 0.667437
    outer loop
      vertex -14.2494 -14.3332 15.8716
      vertex -14.271 -14.3998 15.7939
      vertex -14.181 -14.3478 15.8716
    endloop
  endfacet
  facet normal 0.0436149 -0.205199 0.977748
    outer loop
      vertex -14.1299 -14.0648 15.9973
      vertex -13.3048 -13.9933 15.9755
      vertex -13.3155 -13.8917 15.9973
    endloop
  endfacet
  facet normal 0.0436109 -0.20515 0.977758
    outer loop
      vertex -13.3048 -13.9933 15.9755
      vertex -14.1299 -14.0648 15.9973
      vertex -14.1299 -14.1687 15.9755
    endloop
  endfacet
  facet normal -0.0421831 -0.205163 0.977818
    outer loop
      vertex -14.1622 -14.0648 15.9973
      vertex -14.1622 -14.1687 15.9755
      vertex -14.1515 -14.067 15.9973
    endloop
  endfacet
  facet normal 0 -0.209595 0.977788
    outer loop
      vertex -14.1515 -14.067 15.9973
      vertex -14.1299 -14.1687 15.9755
      vertex -14.1406 -14.067 15.9973
    endloop
  endfacet
  facet normal 0 -0.209595 0.977788
    outer loop
      vertex -14.1299 -14.1687 15.9755
      vertex -14.1515 -14.067 15.9973
      vertex -14.1622 -14.1687 15.9755
    endloop
  endfacet
  facet normal -0.155796 -0.140252 0.977782
    outer loop
      vertex -14.4073 -13.9545 15.9755
      vertex -14.181 -14.0539 15.9973
      vertex -14.3389 -13.8785 15.9973
    endloop
  endfacet
  facet normal -0.155796 -0.140252 0.977782
    outer loop
      vertex -14.181 -14.0539 15.9973
      vertex -14.4073 -13.9545 15.9755
      vertex -14.2494 -14.1299 15.9755
    endloop
  endfacet
  facet normal -0.0850964 -0.191629 0.977771
    outer loop
      vertex -14.1622 -14.0648 15.9973
      vertex -14.2233 -14.1489 15.9755
      vertex -14.1938 -14.162 15.9755
    endloop
  endfacet
  facet normal -0.122224 -0.169967 0.977841
    outer loop
      vertex -14.181 -14.0539 15.9973
      vertex -14.2233 -14.1489 15.9755
      vertex -14.1721 -14.0603 15.9973
    endloop
  endfacet
  facet normal -0.0434973 -0.205151 0.977763
    outer loop
      vertex -14.1622 -14.0648 15.9973
      vertex -14.1938 -14.162 15.9755
      vertex -14.1622 -14.1687 15.9755
    endloop
  endfacet
  facet normal -0.165918 -0.373316 0.912746
    outer loop
      vertex -14.1938 -14.162 15.9755
      vertex -14.271 -14.2316 15.933
      vertex -14.2233 -14.2528 15.933
    endloop
  endfacet
  facet normal -0.0847426 -0.399681 0.912729
    outer loop
      vertex -14.1938 -14.162 15.9755
      vertex -14.2233 -14.2528 15.933
      vertex -14.1622 -14.1687 15.9755
    endloop
  endfacet
  facet normal -0.0866127 -0.190548 0.97785
    outer loop
      vertex -14.1721 -14.0603 15.9973
      vertex -14.2233 -14.1489 15.9755
      vertex -14.1622 -14.0648 15.9973
    endloop
  endfacet
  facet normal 0.51068 -0.294836 0.807637
    outer loop
      vertex 6.34825 -17.1811 15.933
      vertex 5.63067 -18.5922 15.8716
      vertex 6.41666 -17.2308 15.8716
    endloop
  endfacet
  facet normal 0.510656 -0.294824 0.807657
    outer loop
      vertex 5.63067 -18.5922 15.8716
      vertex 6.34825 -17.1811 15.933
      vertex 5.55342 -18.5578 15.933
    endloop
  endfacet
  facet normal -0.861319 -0.497246 0.10429
    outer loop
      vertex -6.5505 -17.3281 15.5
      vertex -5.77182 -18.6551 15.604
      vertex -6.54166 -17.3216 15.604
    endloop
  endfacet
  facet normal -0.861352 -0.497312 0.103697
    outer loop
      vertex -5.77182 -18.6551 15.604
      vertex -6.5505 -17.3281 15.5
      vertex -5.7818 -18.6595 15.5
    endloop
  endfacet
  facet normal 0.750904 -0.433507 -0.498213
    outer loop
      vertex 6.51553 -17.3027 0.296632
      vertex 5.69457 -18.6207 0.206108
      vertex 6.47325 -17.2719 0.206108
    endloop
  endfacet
  facet normal 0.75114 -0.433689 -0.497698
    outer loop
      vertex 5.69457 -18.6207 0.206108
      vertex 6.51553 -17.3027 0.296632
      vertex 5.74231 -18.6419 0.296632
    endloop
  endfacet
  facet normal 0.645181 -0.372472 -0.667088
    outer loop
      vertex 5.69457 -18.6207 0.206108
      vertex 6.41666 -17.2308 0.128428
      vertex 6.47325 -17.2719 0.206108
    endloop
  endfacet
  facet normal 0.645046 -0.372411 -0.667252
    outer loop
      vertex 6.41666 -17.2308 0.128428
      vertex 5.69457 -18.6207 0.206108
      vertex 5.63067 -18.5922 0.128428
    endloop
  endfacet
  facet normal 0.510897 -0.294961 -0.807454
    outer loop
      vertex 5.63067 -18.5922 0.128428
      vertex 6.34825 -17.1811 0.066988
      vertex 6.41666 -17.2308 0.128428
    endloop
  endfacet
  facet normal 0.510873 -0.29495 -0.807474
    outer loop
      vertex 6.34825 -17.1811 0.066988
      vertex 5.63067 -18.5922 0.128428
      vertex 5.55342 -18.5578 0.066988
    endloop
  endfacet
  facet normal 0.750854 -0.433478 0.498312
    outer loop
      vertex 5.69457 -18.6207 15.7939
      vertex 6.51553 -17.3027 15.7034
      vertex 6.47325 -17.2719 15.7939
    endloop
  endfacet
  facet normal 0.75109 -0.43366 0.497797
    outer loop
      vertex 6.51553 -17.3027 15.7034
      vertex 5.69457 -18.6207 15.7939
      vertex 5.74231 -18.6419 15.7034
    endloop
  endfacet
  facet normal -0.353805 -0.204268 0.912741
    outer loop
      vertex -6.271 -17.125 15.9755
      vertex -5.55342 -18.5578 15.933
      vertex -5.46618 -18.519 15.9755
    endloop
  endfacet
  facet normal -0.35381 -0.20427 0.912739
    outer loop
      vertex -5.55342 -18.5578 15.933
      vertex -6.271 -17.125 15.9755
      vertex -6.34825 -17.1811 15.933
    endloop
  endfacet
  facet normal 0.180997 -0.104498 -0.977916
    outer loop
      vertex 5.46618 -18.519 0.0244722
      vertex 6.18828 -17.0649 0.00273991
      vertex 6.271 -17.125 0.0244722
    endloop
  endfacet
  facet normal 0.180998 -0.104498 -0.977916
    outer loop
      vertex 6.18828 -17.0649 0.00273991
      vertex 5.46618 -18.519 0.0244722
      vertex 5.37278 -18.4774 0.00273991
    endloop
  endfacet
  facet normal -0.353914 -0.204331 -0.912685
    outer loop
      vertex -5.55342 -18.5578 0.066988
      vertex -6.271 -17.125 0.0244722
      vertex -5.46618 -18.519 0.0244722
    endloop
  endfacet
  facet normal -0.35392 -0.204334 -0.912682
    outer loop
      vertex -6.271 -17.125 0.0244722
      vertex -5.55342 -18.5578 0.066988
      vertex -6.34825 -17.1811 0.066988
    endloop
  endfacet
  facet normal 0.861315 -0.497244 -0.104335
    outer loop
      vertex 6.5505 -17.3281 0.5
      vertex 5.77182 -18.6551 0.396045
      vertex 6.54166 -17.3216 0.396045
    endloop
  endfacet
  facet normal 0.861348 -0.49731 -0.103741
    outer loop
      vertex 5.77182 -18.6551 0.396045
      vertex 6.5505 -17.3281 0.5
      vertex 5.7818 -18.6595 0.5
    endloop
  endfacet
  facet normal 0.82417 -0.475855 -0.307095
    outer loop
      vertex 6.54166 -17.3216 0.396045
      vertex 5.74231 -18.6419 0.296632
      vertex 6.51553 -17.3027 0.296632
    endloop
  endfacet
  facet normal 0.824006 -0.475705 -0.307764
    outer loop
      vertex 5.74231 -18.6419 0.296632
      vertex 6.54166 -17.3216 0.396045
      vertex 5.77182 -18.6551 0.396045
    endloop
  endfacet
  facet normal 0.866021 -0.500008 0
    outer loop
      vertex 5.7818 -18.6595 15.5
      vertex 6.5505 -17.3281 0.5
      vertex 6.5505 -17.3281 15.5
    endloop
  endfacet
  facet normal 0.866021 -0.500008 0
    outer loop
      vertex 6.5505 -17.3281 0.5
      vertex 5.7818 -18.6595 15.5
      vertex 5.7818 -18.6595 0.5
    endloop
  endfacet
  facet normal -0.181537 -0.10481 0.977783
    outer loop
      vertex -6.18828 -17.0649 15.9973
      vertex -5.46618 -18.519 15.9755
      vertex -5.37278 -18.4774 15.9973
    endloop
  endfacet
  facet normal -0.181536 -0.104809 0.977783
    outer loop
      vertex -5.46618 -18.519 15.9755
      vertex -6.18828 -17.0649 15.9973
      vertex -6.271 -17.125 15.9755
    endloop
  endfacet
  facet normal 0.181536 -0.104809 0.977783
    outer loop
      vertex 6.18828 -17.0649 15.9973
      vertex 5.46618 -18.519 15.9755
      vertex 6.271 -17.125 15.9755
    endloop
  endfacet
  facet normal 0.181537 -0.10481 0.977783
    outer loop
      vertex 5.46618 -18.519 15.9755
      vertex 6.18828 -17.0649 15.9973
      vertex 5.37278 -18.4774 15.9973
    endloop
  endfacet
  facet normal 0.645255 -0.372514 0.666993
    outer loop
      vertex 6.41666 -17.2308 15.8716
      vertex 5.69457 -18.6207 15.7939
      vertex 6.47325 -17.2719 15.7939
    endloop
  endfacet
  facet normal 0.64512 -0.372453 0.667157
    outer loop
      vertex 5.69457 -18.6207 15.7939
      vertex 6.41666 -17.2308 15.8716
      vertex 5.63067 -18.5922 15.8716
    endloop
  endfacet
  facet normal -0.750904 -0.433507 -0.498213
    outer loop
      vertex -5.69457 -18.6207 0.206108
      vertex -6.51553 -17.3027 0.296632
      vertex -6.47325 -17.2719 0.206108
    endloop
  endfacet
  facet normal -0.75114 -0.433689 -0.497698
    outer loop
      vertex -6.51553 -17.3027 0.296632
      vertex -5.69457 -18.6207 0.206108
      vertex -5.74231 -18.6419 0.296632
    endloop
  endfacet
  facet normal -0.82417 -0.475855 -0.307095
    outer loop
      vertex -5.74231 -18.6419 0.296632
      vertex -6.54166 -17.3216 0.396045
      vertex -6.51553 -17.3027 0.296632
    endloop
  endfacet
  facet normal -0.824006 -0.475705 -0.307764
    outer loop
      vertex -6.54166 -17.3216 0.396045
      vertex -5.74231 -18.6419 0.296632
      vertex -5.77182 -18.6551 0.396045
    endloop
  endfacet
  facet normal -0.180998 -0.104498 -0.977916
    outer loop
      vertex -5.46618 -18.519 0.0244722
      vertex -6.18828 -17.0649 0.00273991
      vertex -5.37278 -18.4774 0.00273991
    endloop
  endfacet
  facet normal -0.180997 -0.104498 -0.977916
    outer loop
      vertex -6.18828 -17.0649 0.00273991
      vertex -5.46618 -18.519 0.0244722
      vertex -6.271 -17.125 0.0244722
    endloop
  endfacet
  facet normal -0.824159 -0.475849 0.307131
    outer loop
      vertex -6.54166 -17.3216 15.604
      vertex -5.74231 -18.6419 15.7034
      vertex -6.51553 -17.3027 15.7034
    endloop
  endfacet
  facet normal -0.823996 -0.475699 0.3078
    outer loop
      vertex -5.74231 -18.6419 15.7034
      vertex -6.54166 -17.3216 15.604
      vertex -5.77182 -18.6551 15.604
    endloop
  endfacet
  facet normal -0.866021 -0.500008 0
    outer loop
      vertex -5.7818 -18.6595 0.5
      vertex -6.5505 -17.3281 15.5
      vertex -6.5505 -17.3281 0.5
    endloop
  endfacet
  facet normal -0.866021 -0.500008 0
    outer loop
      vertex -6.5505 -17.3281 15.5
      vertex -5.7818 -18.6595 0.5
      vertex -5.7818 -18.6595 15.5
    endloop
  endfacet
  facet normal -0.645046 -0.372411 -0.667252
    outer loop
      vertex -5.69457 -18.6207 0.206108
      vertex -6.41666 -17.2308 0.128428
      vertex -5.63067 -18.5922 0.128428
    endloop
  endfacet
  facet normal -0.645181 -0.372472 -0.667088
    outer loop
      vertex -6.41666 -17.2308 0.128428
      vertex -5.69457 -18.6207 0.206108
      vertex -6.47325 -17.2719 0.206108
    endloop
  endfacet
  facet normal 0.824159 -0.475849 0.307131
    outer loop
      vertex 5.74231 -18.6419 15.7034
      vertex 6.54166 -17.3216 15.604
      vertex 6.51553 -17.3027 15.7034
    endloop
  endfacet
  facet normal 0.823996 -0.475699 0.3078
    outer loop
      vertex 6.54166 -17.3216 15.604
      vertex 5.74231 -18.6419 15.7034
      vertex 5.77182 -18.6551 15.604
    endloop
  endfacet
  facet normal 0.35381 -0.20427 0.912739
    outer loop
      vertex 6.271 -17.125 15.9755
      vertex 5.55342 -18.5578 15.933
      vertex 6.34825 -17.1811 15.933
    endloop
  endfacet
  facet normal 0.353805 -0.204268 0.912741
    outer loop
      vertex 5.55342 -18.5578 15.933
      vertex 6.271 -17.125 15.9755
      vertex 5.46618 -18.519 15.9755
    endloop
  endfacet
  facet normal 0.35392 -0.204334 -0.912682
    outer loop
      vertex 5.55342 -18.5578 0.066988
      vertex 6.271 -17.125 0.0244722
      vertex 6.34825 -17.1811 0.066988
    endloop
  endfacet
  facet normal 0.353914 -0.204331 -0.912685
    outer loop
      vertex 6.271 -17.125 0.0244722
      vertex 5.55342 -18.5578 0.066988
      vertex 5.46618 -18.519 0.0244722
    endloop
  endfacet
  facet normal -0.510873 -0.29495 -0.807474
    outer loop
      vertex -5.63067 -18.5922 0.128428
      vertex -6.34825 -17.1811 0.066988
      vertex -5.55342 -18.5578 0.066988
    endloop
  endfacet
  facet normal -0.510897 -0.294961 -0.807454
    outer loop
      vertex -6.34825 -17.1811 0.066988
      vertex -5.63067 -18.5922 0.128428
      vertex -6.41666 -17.2308 0.128428
    endloop
  endfacet
  facet normal -0.750854 -0.433478 0.498312
    outer loop
      vertex -6.51553 -17.3027 15.7034
      vertex -5.69457 -18.6207 15.7939
      vertex -6.47325 -17.2719 15.7939
    endloop
  endfacet
  facet normal -0.75109 -0.43366 0.497797
    outer loop
      vertex -5.69457 -18.6207 15.7939
      vertex -6.51553 -17.3027 15.7034
      vertex -5.74231 -18.6419 15.7034
    endloop
  endfacet
  facet normal -0.64512 -0.372453 0.667157
    outer loop
      vertex -6.41666 -17.2308 15.8716
      vertex -5.69457 -18.6207 15.7939
      vertex -5.63067 -18.5922 15.8716
    endloop
  endfacet
  facet normal -0.645255 -0.372514 0.666993
    outer loop
      vertex -5.69457 -18.6207 15.7939
      vertex -6.41666 -17.2308 15.8716
      vertex -6.47325 -17.2719 15.7939
    endloop
  endfacet
  facet normal -0.861315 -0.497244 -0.104335
    outer loop
      vertex -5.77182 -18.6551 0.396045
      vertex -6.5505 -17.3281 0.5
      vertex -6.54166 -17.3216 0.396045
    endloop
  endfacet
  facet normal -0.861348 -0.49731 -0.103741
    outer loop
      vertex -6.5505 -17.3281 0.5
      vertex -5.77182 -18.6551 0.396045
      vertex -5.7818 -18.6595 0.5
    endloop
  endfacet
  facet normal 0.861319 -0.497246 0.10429
    outer loop
      vertex 5.77182 -18.6551 15.604
      vertex 6.5505 -17.3281 15.5
      vertex 6.54166 -17.3216 15.604
    endloop
  endfacet
  facet normal 0.861352 -0.497312 0.103697
    outer loop
      vertex 6.5505 -17.3281 15.5
      vertex 5.77182 -18.6551 15.604
      vertex 5.7818 -18.6595 15.5
    endloop
  endfacet
  facet normal -0.510656 -0.294824 0.807657
    outer loop
      vertex -6.34825 -17.1811 15.933
      vertex -5.63067 -18.5922 15.8716
      vertex -5.55342 -18.5578 15.933
    endloop
  endfacet
  facet normal -0.51068 -0.294836 0.807637
    outer loop
      vertex -5.63067 -18.5922 15.8716
      vertex -6.34825 -17.1811 15.933
      vertex -6.41666 -17.2308 15.8716
    endloop
  endfacet
  facet normal -0.206836 -0.972911 -0.103265
    outer loop
      vertex -11.7302 -14.3261 0.396045
      vertex -10.2275 -14.6566 0.5
      vertex -11.7313 -14.3369 0.5
    endloop
  endfacet
  facet normal -0.206763 -0.972838 -0.104088
    outer loop
      vertex -10.2275 -14.6566 0.5
      vertex -11.7302 -14.3261 0.396045
      vertex -10.2241 -14.6462 0.396045
    endloop
  endfacet
  facet normal -0.180386 -0.848474 0.497546
    outer loop
      vertex -10.2141 -14.6155 15.7034
      vertex -11.7213 -14.242 15.7939
      vertex -11.7268 -14.2939 15.7034
    endloop
  endfacet
  facet normal -0.180312 -0.848269 0.497923
    outer loop
      vertex -11.7213 -14.242 15.7939
      vertex -10.2141 -14.6155 15.7034
      vertex -10.198 -14.5658 15.7939
    endloop
  endfacet
  facet normal -0.207947 -0.97814 0
    outer loop
      vertex -11.7313 -14.3369 0.5
      vertex -10.2275 -14.6566 15.5
      vertex -11.7313 -14.3369 15.5
    endloop
  endfacet
  facet normal -0.207947 -0.97814 -0
    outer loop
      vertex -10.2275 -14.6566 15.5
      vertex -11.7313 -14.3369 0.5
      vertex -10.2275 -14.6566 0.5
    endloop
  endfacet
  facet normal 0.0436202 -0.205198 0.977748
    outer loop
      vertex 11.6845 -13.8917 15.9973
      vertex 10.1207 -14.328 15.9755
      vertex 11.6952 -13.9933 15.9755
    endloop
  endfacet
  facet normal 0.0435978 -0.205119 0.977765
    outer loop
      vertex 10.1207 -14.328 15.9755
      vertex 11.6845 -13.8917 15.9973
      vertex 10.0891 -14.2308 15.9973
    endloop
  endfacet
  facet normal -0.197772 -0.930535 0.308206
    outer loop
      vertex -10.2241 -14.6462 15.604
      vertex -11.7268 -14.2939 15.7034
      vertex -11.7302 -14.3261 15.604
    endloop
  endfacet
  facet normal -0.197884 -0.930783 0.307383
    outer loop
      vertex -11.7268 -14.2939 15.7034
      vertex -10.2241 -14.6462 15.604
      vertex -10.2141 -14.6155 15.7034
    endloop
  endfacet
  facet normal 0.206764 -0.972843 0.104044
    outer loop
      vertex 10.2275 -14.6566 15.5
      vertex 11.7302 -14.3261 15.604
      vertex 10.2241 -14.6462 15.604
    endloop
  endfacet
  facet normal 0.206837 -0.972915 0.103221
    outer loop
      vertex 11.7302 -14.3261 15.604
      vertex 10.2275 -14.6566 15.5
      vertex 11.7313 -14.3369 15.5
    endloop
  endfacet
  facet normal 0.197884 -0.930783 0.307383
    outer loop
      vertex 10.2241 -14.6462 15.604
      vertex 11.7268 -14.2939 15.7034
      vertex 10.2141 -14.6155 15.7034
    endloop
  endfacet
  facet normal 0.197772 -0.930535 0.308206
    outer loop
      vertex 11.7268 -14.2939 15.7034
      vertex 10.2241 -14.6462 15.604
      vertex 11.7302 -14.3261 15.604
    endloop
  endfacet
  facet normal 0.180312 -0.848269 0.497923
    outer loop
      vertex 10.2141 -14.6155 15.7034
      vertex 11.7213 -14.242 15.7939
      vertex 10.198 -14.5658 15.7939
    endloop
  endfacet
  facet normal 0.180386 -0.848474 0.497546
    outer loop
      vertex 11.7213 -14.242 15.7939
      vertex 10.2141 -14.6155 15.7034
      vertex 11.7268 -14.2939 15.7034
    endloop
  endfacet
  facet normal 0.0848954 -0.399432 0.912824
    outer loop
      vertex 11.6952 -13.9933 15.9755
      vertex 10.1502 -14.4188 15.933
      vertex 11.7052 -14.0883 15.933
    endloop
  endfacet
  facet normal 0.084949 -0.399618 0.912737
    outer loop
      vertex 10.1502 -14.4188 15.933
      vertex 11.6952 -13.9933 15.9755
      vertex 10.1207 -14.328 15.9755
    endloop
  endfacet
  facet normal -0.206837 -0.972915 0.103221
    outer loop
      vertex -10.2275 -14.6566 15.5
      vertex -11.7302 -14.3261 15.604
      vertex -11.7313 -14.3369 15.5
    endloop
  endfacet
  facet normal -0.206764 -0.972843 0.104044
    outer loop
      vertex -11.7302 -14.3261 15.604
      vertex -10.2275 -14.6566 15.5
      vertex -10.2241 -14.6462 15.604
    endloop
  endfacet
  facet normal 0.122594 -0.576808 0.807628
    outer loop
      vertex 11.7052 -14.0883 15.933
      vertex 10.1764 -14.4992 15.8716
      vertex 11.714 -14.1724 15.8716
    endloop
  endfacet
  facet normal 0.122597 -0.576816 0.807622
    outer loop
      vertex 10.1764 -14.4992 15.8716
      vertex 11.7052 -14.0883 15.933
      vertex 10.1502 -14.4188 15.933
    endloop
  endfacet
  facet normal 0.0849217 -0.399556 -0.912767
    outer loop
      vertex 10.1502 -14.4188 0.066988
      vertex 11.6952 -13.9933 0.0244722
      vertex 11.7052 -14.0883 0.066988
    endloop
  endfacet
  facet normal 0.0849753 -0.399742 -0.91268
    outer loop
      vertex 11.6952 -13.9933 0.0244722
      vertex 10.1502 -14.4188 0.066988
      vertex 10.1207 -14.328 0.0244722
    endloop
  endfacet
  facet normal 0.180324 -0.848325 -0.497823
    outer loop
      vertex 11.7213 -14.242 0.206108
      vertex 10.2141 -14.6155 0.296632
      vertex 10.198 -14.5658 0.206108
    endloop
  endfacet
  facet normal 0.180397 -0.84853 -0.497447
    outer loop
      vertex 10.2141 -14.6155 0.296632
      vertex 11.7213 -14.242 0.206108
      vertex 11.7268 -14.2939 0.296632
    endloop
  endfacet
  facet normal 0.154801 -0.728342 -0.667499
    outer loop
      vertex 11.714 -14.1724 0.128428
      vertex 10.198 -14.5658 0.206108
      vertex 10.1764 -14.4992 0.128428
    endloop
  endfacet
  facet normal 0.154857 -0.728518 -0.667293
    outer loop
      vertex 10.198 -14.5658 0.206108
      vertex 11.714 -14.1724 0.128428
      vertex 11.7213 -14.242 0.206108
    endloop
  endfacet
  facet normal 0.197887 -0.930795 -0.307347
    outer loop
      vertex 11.7268 -14.2939 0.296632
      vertex 10.2241 -14.6462 0.396045
      vertex 10.2141 -14.6155 0.296632
    endloop
  endfacet
  facet normal 0.197774 -0.930547 -0.308169
    outer loop
      vertex 10.2241 -14.6462 0.396045
      vertex 11.7268 -14.2939 0.296632
      vertex 11.7302 -14.3261 0.396045
    endloop
  endfacet
  facet normal 0.207947 -0.97814 0
    outer loop
      vertex 10.2275 -14.6566 0.5
      vertex 11.7313 -14.3369 15.5
      vertex 10.2275 -14.6566 15.5
    endloop
  endfacet
  facet normal 0.207947 -0.97814 0
    outer loop
      vertex 11.7313 -14.3369 15.5
      vertex 10.2275 -14.6566 0.5
      vertex 11.7313 -14.3369 0.5
    endloop
  endfacet
  facet normal -0.122597 -0.576816 0.807622
    outer loop
      vertex -11.7052 -14.0883 15.933
      vertex -10.1764 -14.4992 15.8716
      vertex -10.1502 -14.4188 15.933
    endloop
  endfacet
  facet normal -0.122594 -0.576808 0.807628
    outer loop
      vertex -10.1764 -14.4992 15.8716
      vertex -11.7052 -14.0883 15.933
      vertex -11.714 -14.1724 15.8716
    endloop
  endfacet
  facet normal 0.154819 -0.728426 0.667403
    outer loop
      vertex 10.198 -14.5658 15.7939
      vertex 11.714 -14.1724 15.8716
      vertex 10.1764 -14.4992 15.8716
    endloop
  endfacet
  facet normal 0.154875 -0.728602 0.667198
    outer loop
      vertex 11.714 -14.1724 15.8716
      vertex 10.198 -14.5658 15.7939
      vertex 11.7213 -14.242 15.7939
    endloop
  endfacet
  facet normal -0.122649 -0.577061 -0.807439
    outer loop
      vertex -10.1764 -14.4992 0.128428
      vertex -11.7052 -14.0883 0.066988
      vertex -10.1502 -14.4188 0.066988
    endloop
  endfacet
  facet normal -0.122646 -0.577053 -0.807445
    outer loop
      vertex -11.7052 -14.0883 0.066988
      vertex -10.1764 -14.4992 0.128428
      vertex -11.714 -14.1724 0.128428
    endloop
  endfacet
  facet normal 0.206763 -0.972838 -0.104088
    outer loop
      vertex 11.7302 -14.3261 0.396045
      vertex 10.2275 -14.6566 0.5
      vertex 10.2241 -14.6462 0.396045
    endloop
  endfacet
  facet normal 0.206836 -0.972911 -0.103265
    outer loop
      vertex 10.2275 -14.6566 0.5
      vertex 11.7302 -14.3261 0.396045
      vertex 11.7313 -14.3369 0.5
    endloop
  endfacet
  facet normal -0.154875 -0.728602 0.667198
    outer loop
      vertex -10.198 -14.5658 15.7939
      vertex -11.714 -14.1724 15.8716
      vertex -11.7213 -14.242 15.7939
    endloop
  endfacet
  facet normal -0.154819 -0.728426 0.667403
    outer loop
      vertex -11.714 -14.1724 15.8716
      vertex -10.198 -14.5658 15.7939
      vertex -10.1764 -14.4992 15.8716
    endloop
  endfacet
  facet normal -0.197774 -0.930547 -0.308169
    outer loop
      vertex -11.7268 -14.2939 0.296632
      vertex -10.2241 -14.6462 0.396045
      vertex -11.7302 -14.3261 0.396045
    endloop
  endfacet
  facet normal -0.197887 -0.930795 -0.307347
    outer loop
      vertex -10.2241 -14.6462 0.396045
      vertex -11.7268 -14.2939 0.296632
      vertex -10.2141 -14.6155 0.296632
    endloop
  endfacet
  facet normal 0.122646 -0.577053 -0.807445
    outer loop
      vertex 10.1764 -14.4992 0.128428
      vertex 11.7052 -14.0883 0.066988
      vertex 11.714 -14.1724 0.128428
    endloop
  endfacet
  facet normal 0.122649 -0.577061 -0.807439
    outer loop
      vertex 11.7052 -14.0883 0.066988
      vertex 10.1764 -14.4992 0.128428
      vertex 10.1502 -14.4188 0.066988
    endloop
  endfacet
  facet normal -0.180397 -0.84853 -0.497447
    outer loop
      vertex -11.7213 -14.242 0.206108
      vertex -10.2141 -14.6155 0.296632
      vertex -11.7268 -14.2939 0.296632
    endloop
  endfacet
  facet normal -0.180324 -0.848325 -0.497823
    outer loop
      vertex -10.2141 -14.6155 0.296632
      vertex -11.7213 -14.242 0.206108
      vertex -10.198 -14.5658 0.206108
    endloop
  endfacet
  facet normal -0.154857 -0.728518 -0.667293
    outer loop
      vertex -11.714 -14.1724 0.128428
      vertex -10.198 -14.5658 0.206108
      vertex -11.7213 -14.242 0.206108
    endloop
  endfacet
  facet normal -0.154801 -0.728342 -0.667499
    outer loop
      vertex -10.198 -14.5658 0.206108
      vertex -11.714 -14.1724 0.128428
      vertex -10.1764 -14.4992 0.128428
    endloop
  endfacet
  facet normal 0.0434906 -0.204589 -0.977881
    outer loop
      vertex 10.1207 -14.328 0.0244722
      vertex 11.6845 -13.8917 0.00273991
      vertex 11.6952 -13.9933 0.0244722
    endloop
  endfacet
  facet normal 0.0434683 -0.20451 -0.977899
    outer loop
      vertex 11.6845 -13.8917 0.00273991
      vertex 10.1207 -14.328 0.0244722
      vertex 10.0891 -14.2308 0.00273991
    endloop
  endfacet
  facet normal -0.0849753 -0.399742 -0.91268
    outer loop
      vertex -10.1502 -14.4188 0.066988
      vertex -11.6952 -13.9933 0.0244722
      vertex -10.1207 -14.328 0.0244722
    endloop
  endfacet
  facet normal -0.0849217 -0.399556 -0.912767
    outer loop
      vertex -11.6952 -13.9933 0.0244722
      vertex -10.1502 -14.4188 0.066988
      vertex -11.7052 -14.0883 0.066988
    endloop
  endfacet
  facet normal -0.0435978 -0.205119 0.977765
    outer loop
      vertex -11.6845 -13.8917 15.9973
      vertex -10.1207 -14.328 15.9755
      vertex -10.0891 -14.2308 15.9973
    endloop
  endfacet
  facet normal -0.0436202 -0.205198 0.977748
    outer loop
      vertex -10.1207 -14.328 15.9755
      vertex -11.6845 -13.8917 15.9973
      vertex -11.6952 -13.9933 15.9755
    endloop
  endfacet
  facet normal -0.084949 -0.399618 0.912737
    outer loop
      vertex -11.6952 -13.9933 15.9755
      vertex -10.1502 -14.4188 15.933
      vertex -10.1207 -14.328 15.9755
    endloop
  endfacet
  facet normal -0.0848954 -0.399432 0.912824
    outer loop
      vertex -10.1502 -14.4188 15.933
      vertex -11.6952 -13.9933 15.9755
      vertex -11.7052 -14.0883 15.933
    endloop
  endfacet
  facet normal -0.0434683 -0.20451 -0.977899
    outer loop
      vertex -10.1207 -14.328 0.0244722
      vertex -11.6845 -13.8917 0.00273991
      vertex -10.0891 -14.2308 0.00273991
    endloop
  endfacet
  facet normal -0.0434906 -0.204589 -0.977881
    outer loop
      vertex -11.6845 -13.8917 0.00273991
      vertex -10.1207 -14.328 0.0244722
      vertex -11.6952 -13.9933 0.0244722
    endloop
  endfacet
  facet normal 0.904964 0.294047 -0.307534
    outer loop
      vertex 18.2718 -2.99558 0.396045
      vertex 17.7644 -1.53797 0.296632
      vertex 17.796 -1.53125 0.396045
    endloop
  endfacet
  facet normal 0.904997 0.294066 -0.307419
    outer loop
      vertex 17.7644 -1.53797 0.296632
      vertex 18.2718 -2.99558 0.396045
      vertex 18.2423 -3.00872 0.296632
    endloop
  endfacet
  facet normal 0.388606 0.126257 0.912713
    outer loop
      vertex 17.5622 -1.58096 15.933
      vertex 17.9662 -3.13166 15.9755
      vertex 18.0534 -3.09282 15.933
    endloop
  endfacet
  facet normal 0.388507 0.126233 0.912758
    outer loop
      vertex 17.9662 -3.13166 15.9755
      vertex 17.5622 -1.58096 15.933
      vertex 17.4688 -1.60081 15.9755
    endloop
  endfacet
  facet normal 0.951054 0.309026 0
    outer loop
      vertex 18.2818 -2.99114 15.5
      vertex 17.8067 -1.52898 0.5
      vertex 17.8067 -1.52898 15.5
    endloop
  endfacet
  facet normal 0.951054 0.309026 0
    outer loop
      vertex 17.8067 -1.52898 0.5
      vertex 18.2818 -2.99114 15.5
      vertex 18.2818 -2.99114 0.5
    endloop
  endfacet
  facet normal -0.945889 0.307348 -0.104071
    outer loop
      vertex -17.796 -1.53125 0.396045
      vertex -18.2818 -2.99114 0.5
      vertex -17.8067 -1.52898 0.5
    endloop
  endfacet
  facet normal -0.945886 0.307344 -0.104117
    outer loop
      vertex -18.2818 -2.99114 0.5
      vertex -17.796 -1.53125 0.396045
      vertex -18.2718 -2.99558 0.396045
    endloop
  endfacet
  facet normal -0.951054 0.309026 0
    outer loop
      vertex -18.2818 -2.99114 0.5
      vertex -17.8067 -1.52898 15.5
      vertex -17.8067 -1.52898 0.5
    endloop
  endfacet
  facet normal -0.951054 0.309026 0
    outer loop
      vertex -17.8067 -1.52898 15.5
      vertex -18.2818 -2.99114 0.5
      vertex -18.2818 -2.99114 15.5
    endloop
  endfacet
  facet normal 0.904953 0.294043 0.30757
    outer loop
      vertex 17.7644 -1.53797 15.7034
      vertex 18.2718 -2.99558 15.604
      vertex 17.796 -1.53125 15.604
    endloop
  endfacet
  facet normal 0.904985 0.294063 0.307455
    outer loop
      vertex 18.2718 -2.99558 15.604
      vertex 17.7644 -1.53797 15.7034
      vertex 18.2423 -3.00872 15.7034
    endloop
  endfacet
  facet normal 0.560826 0.182235 -0.807629
    outer loop
      vertex 18.0534 -3.09282 0.066988
      vertex 17.6449 -1.56338 0.128428
      vertex 18.1307 -3.05842 0.128428
    endloop
  endfacet
  facet normal 0.561102 0.182301 -0.807422
    outer loop
      vertex 17.6449 -1.56338 0.128428
      vertex 18.0534 -3.09282 0.066988
      vertex 17.5622 -1.58096 0.066988
    endloop
  endfacet
  facet normal -0.198791 0.0645903 -0.977911
    outer loop
      vertex -17.8728 -3.17324 0.00273991
      vertex -17.4688 -1.60081 0.0244722
      vertex -17.3688 -1.62207 0.00273991
    endloop
  endfacet
  facet normal -0.198786 0.0645892 -0.977912
    outer loop
      vertex -17.4688 -1.60081 0.0244722
      vertex -17.8728 -3.17324 0.00273991
      vertex -17.9662 -3.13166 0.0244722
    endloop
  endfacet
  facet normal -0.824852 0.268024 -0.497776
    outer loop
      vertex -17.7133 -1.54883 0.206108
      vertex -18.2423 -3.00872 0.296632
      vertex -17.7644 -1.53797 0.296632
    endloop
  endfacet
  facet normal -0.824926 0.26806 -0.497635
    outer loop
      vertex -18.2423 -3.00872 0.296632
      vertex -17.7133 -1.54883 0.206108
      vertex -18.1946 -3.02998 0.206108
    endloop
  endfacet
  facet normal -0.904964 0.294047 -0.307534
    outer loop
      vertex -17.7644 -1.53797 0.296632
      vertex -18.2718 -2.99558 0.396045
      vertex -17.796 -1.53125 0.396045
    endloop
  endfacet
  facet normal -0.904997 0.294066 -0.307419
    outer loop
      vertex -18.2718 -2.99558 0.396045
      vertex -17.7644 -1.53797 0.296632
      vertex -18.2423 -3.00872 0.296632
    endloop
  endfacet
  facet normal 0.945889 0.307348 -0.104071
    outer loop
      vertex 18.2818 -2.99114 0.5
      vertex 17.796 -1.53125 0.396045
      vertex 17.8067 -1.52898 0.5
    endloop
  endfacet
  facet normal 0.945886 0.307344 -0.104117
    outer loop
      vertex 17.796 -1.53125 0.396045
      vertex 18.2818 -2.99114 0.5
      vertex 18.2718 -2.99558 0.396045
    endloop
  endfacet
  facet normal -0.388627 0.126272 -0.912702
    outer loop
      vertex -17.9662 -3.13166 0.0244722
      vertex -17.5622 -1.58096 0.066988
      vertex -17.4688 -1.60081 0.0244722
    endloop
  endfacet
  facet normal -0.388726 0.126296 -0.912656
    outer loop
      vertex -17.5622 -1.58096 0.066988
      vertex -17.9662 -3.13166 0.0244722
      vertex -18.0534 -3.09282 0.066988
    endloop
  endfacet
  facet normal 0.824852 0.268024 -0.497776
    outer loop
      vertex 18.2423 -3.00872 0.296632
      vertex 17.7133 -1.54883 0.206108
      vertex 17.7644 -1.53797 0.296632
    endloop
  endfacet
  facet normal 0.824926 0.26806 -0.497635
    outer loop
      vertex 17.7133 -1.54883 0.206108
      vertex 18.2423 -3.00872 0.296632
      vertex 18.1946 -3.02998 0.206108
    endloop
  endfacet
  facet normal 0.198786 0.0645892 -0.977912
    outer loop
      vertex 17.8728 -3.17324 0.00273991
      vertex 17.4688 -1.60081 0.0244722
      vertex 17.9662 -3.13166 0.0244722
    endloop
  endfacet
  facet normal 0.198791 0.0645903 -0.977911
    outer loop
      vertex 17.4688 -1.60081 0.0244722
      vertex 17.8728 -3.17324 0.00273991
      vertex 17.3688 -1.62207 0.00273991
    endloop
  endfacet
  facet normal 0.388726 0.126296 -0.912656
    outer loop
      vertex 17.9662 -3.13166 0.0244722
      vertex 17.5622 -1.58096 0.066988
      vertex 18.0534 -3.09282 0.066988
    endloop
  endfacet
  facet normal 0.388627 0.126272 -0.912702
    outer loop
      vertex 17.5622 -1.58096 0.066988
      vertex 17.9662 -3.13166 0.0244722
      vertex 17.4688 -1.60081 0.0244722
    endloop
  endfacet
  facet normal 0.708556 0.230245 -0.667035
    outer loop
      vertex 18.1946 -3.02998 0.206108
      vertex 17.6449 -1.56338 0.128428
      vertex 17.7133 -1.54883 0.206108
    endloop
  endfacet
  facet normal 0.708499 0.230221 -0.667103
    outer loop
      vertex 17.6449 -1.56338 0.128428
      vertex 18.1946 -3.02998 0.206108
      vertex 18.1307 -3.05842 0.128428
    endloop
  endfacet
  facet normal -0.561102 0.182301 -0.807422
    outer loop
      vertex -18.0534 -3.09282 0.066988
      vertex -17.6449 -1.56338 0.128428
      vertex -17.5622 -1.58096 0.066988
    endloop
  endfacet
  facet normal -0.560826 0.182235 -0.807629
    outer loop
      vertex -17.6449 -1.56338 0.128428
      vertex -18.0534 -3.09282 0.066988
      vertex -18.1307 -3.05842 0.128428
    endloop
  endfacet
  facet normal -0.708556 0.230245 -0.667035
    outer loop
      vertex -17.6449 -1.56338 0.128428
      vertex -18.1946 -3.02998 0.206108
      vertex -17.7133 -1.54883 0.206108
    endloop
  endfacet
  facet normal -0.708499 0.230221 -0.667103
    outer loop
      vertex -18.1946 -3.02998 0.206108
      vertex -17.6449 -1.56338 0.128428
      vertex -18.1307 -3.05842 0.128428
    endloop
  endfacet
  facet normal -0.388507 0.126233 0.912758
    outer loop
      vertex -17.5622 -1.58096 15.933
      vertex -17.9662 -3.13166 15.9755
      vertex -17.4688 -1.60081 15.9755
    endloop
  endfacet
  facet normal -0.388606 0.126257 0.912713
    outer loop
      vertex -17.9662 -3.13166 15.9755
      vertex -17.5622 -1.58096 15.933
      vertex -18.0534 -3.09282 15.933
    endloop
  endfacet
  facet normal 0.824798 0.268007 0.497876
    outer loop
      vertex 17.7133 -1.54883 15.7939
      vertex 18.2423 -3.00872 15.7034
      vertex 17.7644 -1.53797 15.7034
    endloop
  endfacet
  facet normal 0.824872 0.268042 0.497734
    outer loop
      vertex 18.2423 -3.00872 15.7034
      vertex 17.7133 -1.54883 15.7939
      vertex 18.1946 -3.02998 15.7939
    endloop
  endfacet
  facet normal -0.904953 0.294043 0.30757
    outer loop
      vertex -18.2718 -2.99558 15.604
      vertex -17.7644 -1.53797 15.7034
      vertex -17.796 -1.53125 15.604
    endloop
  endfacet
  facet normal -0.904985 0.294063 0.307455
    outer loop
      vertex -17.7644 -1.53797 15.7034
      vertex -18.2718 -2.99558 15.604
      vertex -18.2423 -3.00872 15.7034
    endloop
  endfacet
  facet normal 0.945894 0.307349 0.104026
    outer loop
      vertex 17.796 -1.53125 15.604
      vertex 18.2818 -2.99114 15.5
      vertex 17.8067 -1.52898 15.5
    endloop
  endfacet
  facet normal 0.94589 0.307345 0.104072
    outer loop
      vertex 18.2818 -2.99114 15.5
      vertex 17.796 -1.53125 15.604
      vertex 18.2718 -2.99558 15.604
    endloop
  endfacet
  facet normal 0.560588 0.182158 0.807812
    outer loop
      vertex 17.6449 -1.56338 15.8716
      vertex 18.0534 -3.09282 15.933
      vertex 18.1307 -3.05842 15.8716
    endloop
  endfacet
  facet normal 0.560864 0.182224 0.807605
    outer loop
      vertex 18.0534 -3.09282 15.933
      vertex 17.6449 -1.56338 15.8716
      vertex 17.5622 -1.58096 15.933
    endloop
  endfacet
  facet normal -0.945894 0.307349 0.104026
    outer loop
      vertex -18.2818 -2.99114 15.5
      vertex -17.796 -1.53125 15.604
      vertex -17.8067 -1.52898 15.5
    endloop
  endfacet
  facet normal -0.94589 0.307345 0.104072
    outer loop
      vertex -17.796 -1.53125 15.604
      vertex -18.2818 -2.99114 15.5
      vertex -18.2718 -2.99558 15.604
    endloop
  endfacet
  facet normal -0.824798 0.268007 0.497876
    outer loop
      vertex -18.2423 -3.00872 15.7034
      vertex -17.7133 -1.54883 15.7939
      vertex -17.7644 -1.53797 15.7034
    endloop
  endfacet
  facet normal -0.824872 0.268042 0.497734
    outer loop
      vertex -17.7133 -1.54883 15.7939
      vertex -18.2423 -3.00872 15.7034
      vertex -18.1946 -3.02998 15.7939
    endloop
  endfacet
  facet normal -0.708637 0.230272 0.66694
    outer loop
      vertex -18.1946 -3.02998 15.7939
      vertex -17.6449 -1.56338 15.8716
      vertex -17.7133 -1.54883 15.7939
    endloop
  endfacet
  facet normal -0.708581 0.230247 0.667008
    outer loop
      vertex -17.6449 -1.56338 15.8716
      vertex -18.1946 -3.02998 15.7939
      vertex -18.1307 -3.05842 15.8716
    endloop
  endfacet
  facet normal 0.708637 0.230272 0.66694
    outer loop
      vertex 17.6449 -1.56338 15.8716
      vertex 18.1946 -3.02998 15.7939
      vertex 17.7133 -1.54883 15.7939
    endloop
  endfacet
  facet normal 0.708581 0.230247 0.667008
    outer loop
      vertex 18.1946 -3.02998 15.7939
      vertex 17.6449 -1.56338 15.8716
      vertex 18.1307 -3.05842 15.8716
    endloop
  endfacet
  facet normal -0.199383 0.0647827 0.977778
    outer loop
      vertex -17.4688 -1.60081 15.9755
      vertex -17.8728 -3.17324 15.9973
      vertex -17.3688 -1.62207 15.9973
    endloop
  endfacet
  facet normal -0.199379 0.0647816 0.977779
    outer loop
      vertex -17.8728 -3.17324 15.9973
      vertex -17.4688 -1.60081 15.9755
      vertex -17.9662 -3.13166 15.9755
    endloop
  endfacet
  facet normal -0.560864 0.182224 0.807605
    outer loop
      vertex -17.6449 -1.56338 15.8716
      vertex -18.0534 -3.09282 15.933
      vertex -17.5622 -1.58096 15.933
    endloop
  endfacet
  facet normal -0.560588 0.182158 0.807812
    outer loop
      vertex -18.0534 -3.09282 15.933
      vertex -17.6449 -1.56338 15.8716
      vertex -18.1307 -3.05842 15.8716
    endloop
  endfacet
  facet normal 0.199379 0.0647816 0.977779
    outer loop
      vertex 17.4688 -1.60081 15.9755
      vertex 17.8728 -3.17324 15.9973
      vertex 17.9662 -3.13166 15.9755
    endloop
  endfacet
  facet normal 0.199383 0.0647827 0.977778
    outer loop
      vertex 17.8728 -3.17324 15.9973
      vertex 17.4688 -1.60081 15.9755
      vertex 17.3688 -1.62207 15.9973
    endloop
  endfacet
  facet normal -0.64524 0.372533 0.666997
    outer loop
      vertex -18.1946 -3.02998 15.7939
      vertex -18.9167 -4.4198 15.8716
      vertex -18.1307 -3.05842 15.8716
    endloop
  endfacet
  facet normal -0.645562 0.372678 0.666603
    outer loop
      vertex -18.9167 -4.4198 15.8716
      vertex -18.1946 -3.02998 15.7939
      vertex -18.9732 -4.37869 15.7939
    endloop
  endfacet
  facet normal -0.861319 0.497286 -0.104094
    outer loop
      vertex -18.2718 -2.99558 0.396045
      vertex -19.0505 -4.32256 0.5
      vertex -18.2818 -2.99114 0.5
    endloop
  endfacet
  facet normal -0.861346 0.497338 -0.103629
    outer loop
      vertex -19.0505 -4.32256 0.5
      vertex -18.2718 -2.99558 0.396045
      vertex -19.0417 -4.32898 0.396045
    endloop
  endfacet
  facet normal 0.510564 0.294777 -0.807732
    outer loop
      vertex 18.8482 -4.46951 0.066988
      vertex 18.1307 -3.05842 0.128428
      vertex 18.9167 -4.4198 0.128428
    endloop
  endfacet
  facet normal 0.510705 0.294844 -0.807619
    outer loop
      vertex 18.1307 -3.05842 0.128428
      vertex 18.8482 -4.46951 0.066988
      vertex 18.0534 -3.09282 0.066988
    endloop
  endfacet
  facet normal -0.510705 0.294844 -0.807619
    outer loop
      vertex -18.8482 -4.46951 0.066988
      vertex -18.1307 -3.05842 0.128428
      vertex -18.0534 -3.09282 0.066988
    endloop
  endfacet
  facet normal -0.510564 0.294777 -0.807732
    outer loop
      vertex -18.1307 -3.05842 0.128428
      vertex -18.8482 -4.46951 0.066988
      vertex -18.9167 -4.4198 0.128428
    endloop
  endfacet
  facet normal 0.861319 0.497286 -0.104094
    outer loop
      vertex 19.0505 -4.32256 0.5
      vertex 18.2718 -2.99558 0.396045
      vertex 18.2818 -2.99114 0.5
    endloop
  endfacet
  facet normal 0.861346 0.497338 -0.103629
    outer loop
      vertex 18.2718 -2.99558 0.396045
      vertex 19.0505 -4.32256 0.5
      vertex 19.0417 -4.32898 0.396045
    endloop
  endfacet
  facet normal -0.353851 0.204292 0.912718
    outer loop
      vertex -18.0534 -3.09282 15.933
      vertex -18.771 -4.52564 15.9755
      vertex -17.9662 -3.13166 15.9755
    endloop
  endfacet
  facet normal -0.353901 0.204317 0.912693
    outer loop
      vertex -18.771 -4.52564 15.9755
      vertex -18.0534 -3.09282 15.933
      vertex -18.8482 -4.46951 15.933
    endloop
  endfacet
  facet normal -0.353961 0.204355 -0.912661
    outer loop
      vertex -18.771 -4.52564 0.0244722
      vertex -18.0534 -3.09282 0.066988
      vertex -17.9662 -3.13166 0.0244722
    endloop
  endfacet
  facet normal -0.354011 0.20438 -0.912636
    outer loop
      vertex -18.0534 -3.09282 0.066988
      vertex -18.771 -4.52564 0.0244722
      vertex -18.8482 -4.46951 0.066988
    endloop
  endfacet
  facet normal 0.751168 0.433678 -0.497666
    outer loop
      vertex 19.0155 -4.34797 0.296632
      vertex 18.1946 -3.02998 0.206108
      vertex 18.2423 -3.00872 0.296632
    endloop
  endfacet
  facet normal 0.75174 0.43412 -0.496413
    outer loop
      vertex 19.0108 -4.3514 0.286515
      vertex 18.1946 -3.02998 0.206108
      vertex 19.0155 -4.34797 0.296632
    endloop
  endfacet
  facet normal 0.750889 0.433483 -0.498255
    outer loop
      vertex 18.1946 -3.02998 0.206108
      vertex 19.0108 -4.3514 0.286515
      vertex 18.9732 -4.37869 0.206108
    endloop
  endfacet
  facet normal -0.510488 0.294718 0.807802
    outer loop
      vertex -18.1307 -3.05842 15.8716
      vertex -18.8482 -4.46951 15.933
      vertex -18.0534 -3.09282 15.933
    endloop
  endfacet
  facet normal -0.510347 0.294652 0.807914
    outer loop
      vertex -18.8482 -4.46951 15.933
      vertex -18.1307 -3.05842 15.8716
      vertex -18.9167 -4.4198 15.8716
    endloop
  endfacet
  facet normal -0.181554 0.10482 0.977779
    outer loop
      vertex -17.9662 -3.13166 15.9755
      vertex -18.6883 -4.58574 15.9973
      vertex -17.8728 -3.17324 15.9973
    endloop
  endfacet
  facet normal -0.181566 0.104825 0.977776
    outer loop
      vertex -18.6883 -4.58574 15.9973
      vertex -17.9662 -3.13166 15.9755
      vertex -18.771 -4.52564 15.9755
    endloop
  endfacet
  facet normal -0.866024 0.500002 0
    outer loop
      vertex -19.0505 -4.32256 0.5
      vertex -18.2818 -2.99114 15.5
      vertex -18.2818 -2.99114 0.5
    endloop
  endfacet
  facet normal -0.866024 0.500002 0
    outer loop
      vertex -18.2818 -2.99114 15.5
      vertex -19.0505 -4.32256 0.5
      vertex -19.0505 -4.32256 15.5
    endloop
  endfacet
  facet normal -0.861323 0.497288 0.10405
    outer loop
      vertex -19.0505 -4.32256 15.5
      vertex -18.2718 -2.99558 15.604
      vertex -18.2818 -2.99114 15.5
    endloop
  endfacet
  facet normal -0.86135 0.49734 0.103585
    outer loop
      vertex -18.2718 -2.99558 15.604
      vertex -19.0505 -4.32256 15.5
      vertex -19.0417 -4.32898 15.604
    endloop
  endfacet
  facet normal -0.824059 0.475808 0.307463
    outer loop
      vertex -19.0417 -4.32898 15.604
      vertex -18.2423 -3.00872 15.7034
      vertex -18.2718 -2.99558 15.604
    endloop
  endfacet
  facet normal -0.823994 0.475749 0.307728
    outer loop
      vertex -19.0182 -4.34604 15.6933
      vertex -18.2423 -3.00872 15.7034
      vertex -19.0417 -4.32898 15.604
    endloop
  endfacet
  facet normal -0.823125 0.475221 0.310853
    outer loop
      vertex -18.2423 -3.00872 15.7034
      vertex -19.0182 -4.34604 15.6933
      vertex -19.0155 -4.34797 15.7034
    endloop
  endfacet
  facet normal 0.645489 0.372636 -0.666699
    outer loop
      vertex 18.9167 -4.4198 0.128428
      vertex 18.1946 -3.02998 0.206108
      vertex 18.9732 -4.37869 0.206108
    endloop
  endfacet
  facet normal 0.645166 0.37249 -0.667092
    outer loop
      vertex 18.1946 -3.02998 0.206108
      vertex 18.9167 -4.4198 0.128428
      vertex 18.1307 -3.05842 0.128428
    endloop
  endfacet
  facet normal 0.824069 0.475814 -0.307427
    outer loop
      vertex 19.0417 -4.32898 0.396045
      vertex 18.2423 -3.00872 0.296632
      vertex 18.2718 -2.99558 0.396045
    endloop
  endfacet
  facet normal 0.823998 0.475749 -0.307719
    outer loop
      vertex 19.0182 -4.34604 0.306742
      vertex 18.2423 -3.00872 0.296632
      vertex 19.0417 -4.32898 0.396045
    endloop
  endfacet
  facet normal 0.823204 0.475267 -0.310575
    outer loop
      vertex 18.2423 -3.00872 0.296632
      vertex 19.0182 -4.34604 0.306742
      vertex 19.0155 -4.34797 0.296632
    endloop
  endfacet
  facet normal -0.645166 0.37249 -0.667092
    outer loop
      vertex -18.9167 -4.4198 0.128428
      vertex -18.1946 -3.02998 0.206108
      vertex -18.1307 -3.05842 0.128428
    endloop
  endfacet
  facet normal -0.645489 0.372636 -0.666699
    outer loop
      vertex -18.1946 -3.02998 0.206108
      vertex -18.9167 -4.4198 0.128428
      vertex -18.9732 -4.37869 0.206108
    endloop
  endfacet
  facet normal 0.181027 0.104514 -0.977909
    outer loop
      vertex 18.6883 -4.58574 0.00273991
      vertex 17.9662 -3.13166 0.0244722
      vertex 18.771 -4.52564 0.0244722
    endloop
  endfacet
  facet normal 0.181015 0.104508 -0.977912
    outer loop
      vertex 17.9662 -3.13166 0.0244722
      vertex 18.6883 -4.58574 0.00273991
      vertex 17.8728 -3.17324 0.00273991
    endloop
  endfacet
  facet normal 0.354011 0.20438 -0.912636
    outer loop
      vertex 18.771 -4.52564 0.0244722
      vertex 18.0534 -3.09282 0.066988
      vertex 18.8482 -4.46951 0.066988
    endloop
  endfacet
  facet normal 0.353961 0.204355 -0.912661
    outer loop
      vertex 18.0534 -3.09282 0.066988
      vertex 18.771 -4.52564 0.0244722
      vertex 17.9662 -3.13166 0.0244722
    endloop
  endfacet
  facet normal 0.866024 0.500002 0
    outer loop
      vertex 19.0505 -4.32256 15.5
      vertex 18.2818 -2.99114 0.5
      vertex 18.2818 -2.99114 15.5
    endloop
  endfacet
  facet normal 0.866024 0.500002 0
    outer loop
      vertex 18.2818 -2.99114 0.5
      vertex 19.0505 -4.32256 15.5
      vertex 19.0505 -4.32256 0.5
    endloop
  endfacet
  facet normal -0.181015 0.104508 -0.977912
    outer loop
      vertex -18.6883 -4.58574 0.00273991
      vertex -17.9662 -3.13166 0.0244722
      vertex -17.8728 -3.17324 0.00273991
    endloop
  endfacet
  facet normal -0.181027 0.104514 -0.977909
    outer loop
      vertex -17.9662 -3.13166 0.0244722
      vertex -18.6883 -4.58574 0.00273991
      vertex -18.771 -4.52564 0.0244722
    endloop
  endfacet
  facet normal -0.751118 0.433649 0.497765
    outer loop
      vertex -19.0155 -4.34797 15.7034
      vertex -18.1946 -3.02998 15.7939
      vertex -18.2423 -3.00872 15.7034
    endloop
  endfacet
  facet normal -0.75145 0.433905 0.497041
    outer loop
      vertex -19.0108 -4.3514 15.7135
      vertex -18.1946 -3.02998 15.7939
      vertex -19.0155 -4.34797 15.7034
    endloop
  endfacet
  facet normal -0.750873 0.433473 0.498288
    outer loop
      vertex -18.1946 -3.02998 15.7939
      vertex -19.0108 -4.3514 15.7135
      vertex -18.9732 -4.37869 15.7939
    endloop
  endfacet
  facet normal 0.751118 0.433649 0.497765
    outer loop
      vertex 18.1946 -3.02998 15.7939
      vertex 19.0155 -4.34797 15.7034
      vertex 18.2423 -3.00872 15.7034
    endloop
  endfacet
  facet normal 0.75145 0.433905 0.497041
    outer loop
      vertex 18.1946 -3.02998 15.7939
      vertex 19.0108 -4.3514 15.7135
      vertex 19.0155 -4.34797 15.7034
    endloop
  endfacet
  facet normal 0.750873 0.433473 0.498288
    outer loop
      vertex 19.0108 -4.3514 15.7135
      vertex 18.1946 -3.02998 15.7939
      vertex 18.9732 -4.37869 15.7939
    endloop
  endfacet
  facet normal -0.824069 0.475814 -0.307427
    outer loop
      vertex -18.2423 -3.00872 0.296632
      vertex -19.0417 -4.32898 0.396045
      vertex -18.2718 -2.99558 0.396045
    endloop
  endfacet
  facet normal -0.823998 0.475749 -0.307719
    outer loop
      vertex -18.2423 -3.00872 0.296632
      vertex -19.0182 -4.34604 0.306742
      vertex -19.0417 -4.32898 0.396045
    endloop
  endfacet
  facet normal -0.823204 0.475267 -0.310575
    outer loop
      vertex -19.0182 -4.34604 0.306742
      vertex -18.2423 -3.00872 0.296632
      vertex -19.0155 -4.34797 0.296632
    endloop
  endfacet
  facet normal 0.824059 0.475808 0.307463
    outer loop
      vertex 18.2423 -3.00872 15.7034
      vertex 19.0417 -4.32898 15.604
      vertex 18.2718 -2.99558 15.604
    endloop
  endfacet
  facet normal 0.823994 0.475749 0.307728
    outer loop
      vertex 18.2423 -3.00872 15.7034
      vertex 19.0182 -4.34604 15.6933
      vertex 19.0417 -4.32898 15.604
    endloop
  endfacet
  facet normal 0.823125 0.475221 0.310853
    outer loop
      vertex 19.0182 -4.34604 15.6933
      vertex 18.2423 -3.00872 15.7034
      vertex 19.0155 -4.34797 15.7034
    endloop
  endfacet
  facet normal -0.751168 0.433678 -0.497666
    outer loop
      vertex -18.1946 -3.02998 0.206108
      vertex -19.0155 -4.34797 0.296632
      vertex -18.2423 -3.00872 0.296632
    endloop
  endfacet
  facet normal -0.75174 0.43412 -0.496413
    outer loop
      vertex -18.1946 -3.02998 0.206108
      vertex -19.0108 -4.3514 0.286515
      vertex -19.0155 -4.34797 0.296632
    endloop
  endfacet
  facet normal -0.750889 0.433483 -0.498255
    outer loop
      vertex -19.0108 -4.3514 0.286515
      vertex -18.1946 -3.02998 0.206108
      vertex -18.9732 -4.37869 0.206108
    endloop
  endfacet
  facet normal 0.861323 0.497288 0.10405
    outer loop
      vertex 18.2718 -2.99558 15.604
      vertex 19.0505 -4.32256 15.5
      vertex 18.2818 -2.99114 15.5
    endloop
  endfacet
  facet normal 0.86135 0.49734 0.103585
    outer loop
      vertex 19.0505 -4.32256 15.5
      vertex 18.2718 -2.99558 15.604
      vertex 19.0417 -4.32898 15.604
    endloop
  endfacet
  facet normal 0.645562 0.372678 0.666603
    outer loop
      vertex 18.1946 -3.02998 15.7939
      vertex 18.9167 -4.4198 15.8716
      vertex 18.9732 -4.37869 15.7939
    endloop
  endfacet
  facet normal 0.64524 0.372533 0.666997
    outer loop
      vertex 18.9167 -4.4198 15.8716
      vertex 18.1946 -3.02998 15.7939
      vertex 18.1307 -3.05842 15.8716
    endloop
  endfacet
  facet normal 0.353901 0.204317 0.912693
    outer loop
      vertex 18.0534 -3.09282 15.933
      vertex 18.771 -4.52564 15.9755
      vertex 18.8482 -4.46951 15.933
    endloop
  endfacet
  facet normal 0.353851 0.204292 0.912718
    outer loop
      vertex 18.771 -4.52564 15.9755
      vertex 18.0534 -3.09282 15.933
      vertex 17.9662 -3.13166 15.9755
    endloop
  endfacet
  facet normal 0.510347 0.294652 0.807914
    outer loop
      vertex 18.1307 -3.05842 15.8716
      vertex 18.8482 -4.46951 15.933
      vertex 18.9167 -4.4198 15.8716
    endloop
  endfacet
  facet normal 0.510488 0.294718 0.807802
    outer loop
      vertex 18.8482 -4.46951 15.933
      vertex 18.1307 -3.05842 15.8716
      vertex 18.0534 -3.09282 15.933
    endloop
  endfacet
  facet normal 0.181566 0.104825 0.977776
    outer loop
      vertex 17.9662 -3.13166 15.9755
      vertex 18.6883 -4.58574 15.9973
      vertex 18.771 -4.52564 15.9755
    endloop
  endfacet
  facet normal 0.181554 0.10482 0.977779
    outer loop
      vertex 18.6883 -4.58574 15.9973
      vertex 17.9662 -3.13166 15.9755
      vertex 17.8728 -3.17324 15.9973
    endloop
  endfacet
  facet normal 0.199379 -0.0647816 0.977779
    outer loop
      vertex 17.8728 3.17324 15.9973
      vertex 17.4688 1.60081 15.9755
      vertex 17.9662 3.13166 15.9755
    endloop
  endfacet
  facet normal 0.199383 -0.0647827 0.977778
    outer loop
      vertex 17.4688 1.60081 15.9755
      vertex 17.8728 3.17324 15.9973
      vertex 17.3688 1.62207 15.9973
    endloop
  endfacet
  facet normal -0.388507 -0.126233 0.912758
    outer loop
      vertex -17.9662 3.13166 15.9755
      vertex -17.5622 1.58096 15.933
      vertex -17.4688 1.60081 15.9755
    endloop
  endfacet
  facet normal -0.388606 -0.126257 0.912713
    outer loop
      vertex -17.5622 1.58096 15.933
      vertex -17.9662 3.13166 15.9755
      vertex -18.0534 3.09282 15.933
    endloop
  endfacet
  facet normal -0.951054 -0.309026 0
    outer loop
      vertex -17.8067 1.52898 0.5
      vertex -18.2818 2.99114 15.5
      vertex -18.2818 2.99114 0.5
    endloop
  endfacet
  facet normal -0.951054 -0.309026 0
    outer loop
      vertex -18.2818 2.99114 15.5
      vertex -17.8067 1.52898 0.5
      vertex -17.8067 1.52898 15.5
    endloop
  endfacet
  facet normal 0.945886 -0.307344 -0.104117
    outer loop
      vertex 18.2818 2.99114 0.5
      vertex 17.796 1.53125 0.396045
      vertex 18.2718 2.99558 0.396045
    endloop
  endfacet
  facet normal 0.945889 -0.307348 -0.104071
    outer loop
      vertex 17.796 1.53125 0.396045
      vertex 18.2818 2.99114 0.5
      vertex 17.8067 1.52898 0.5
    endloop
  endfacet
  facet normal 0.708499 -0.230221 -0.667103
    outer loop
      vertex 18.1946 3.02998 0.206108
      vertex 17.6449 1.56338 0.128428
      vertex 18.1307 3.05842 0.128428
    endloop
  endfacet
  facet normal 0.708556 -0.230245 -0.667035
    outer loop
      vertex 17.6449 1.56338 0.128428
      vertex 18.1946 3.02998 0.206108
      vertex 17.7133 1.54883 0.206108
    endloop
  endfacet
  facet normal 0.388726 -0.126296 -0.912656
    outer loop
      vertex 17.5622 1.58096 0.066988
      vertex 17.9662 3.13166 0.0244722
      vertex 18.0534 3.09282 0.066988
    endloop
  endfacet
  facet normal 0.388627 -0.126272 -0.912702
    outer loop
      vertex 17.9662 3.13166 0.0244722
      vertex 17.5622 1.58096 0.066988
      vertex 17.4688 1.60081 0.0244722
    endloop
  endfacet
  facet normal 0.560826 -0.182235 -0.807629
    outer loop
      vertex 17.6449 1.56338 0.128428
      vertex 18.0534 3.09282 0.066988
      vertex 18.1307 3.05842 0.128428
    endloop
  endfacet
  facet normal 0.561102 -0.182301 -0.807422
    outer loop
      vertex 18.0534 3.09282 0.066988
      vertex 17.6449 1.56338 0.128428
      vertex 17.5622 1.58096 0.066988
    endloop
  endfacet
  facet normal -0.945886 -0.307344 -0.104117
    outer loop
      vertex -17.796 1.53125 0.396045
      vertex -18.2818 2.99114 0.5
      vertex -18.2718 2.99558 0.396045
    endloop
  endfacet
  facet normal -0.945889 -0.307348 -0.104071
    outer loop
      vertex -18.2818 2.99114 0.5
      vertex -17.796 1.53125 0.396045
      vertex -17.8067 1.52898 0.5
    endloop
  endfacet
  facet normal -0.824872 -0.268042 0.497734
    outer loop
      vertex -18.2423 3.00872 15.7034
      vertex -17.7133 1.54883 15.7939
      vertex -18.1946 3.02998 15.7939
    endloop
  endfacet
  facet normal -0.824798 -0.268007 0.497876
    outer loop
      vertex -17.7133 1.54883 15.7939
      vertex -18.2423 3.00872 15.7034
      vertex -17.7644 1.53797 15.7034
    endloop
  endfacet
  facet normal 0.904997 -0.294066 -0.307419
    outer loop
      vertex 18.2718 2.99558 0.396045
      vertex 17.7644 1.53797 0.296632
      vertex 18.2423 3.00872 0.296632
    endloop
  endfacet
  facet normal 0.904964 -0.294047 -0.307534
    outer loop
      vertex 17.7644 1.53797 0.296632
      vertex 18.2718 2.99558 0.396045
      vertex 17.796 1.53125 0.396045
    endloop
  endfacet
  facet normal -0.708499 -0.230221 -0.667103
    outer loop
      vertex -17.6449 1.56338 0.128428
      vertex -18.1946 3.02998 0.206108
      vertex -18.1307 3.05842 0.128428
    endloop
  endfacet
  facet normal -0.708556 -0.230245 -0.667035
    outer loop
      vertex -18.1946 3.02998 0.206108
      vertex -17.6449 1.56338 0.128428
      vertex -17.7133 1.54883 0.206108
    endloop
  endfacet
  facet normal 0.94589 -0.307345 0.104072
    outer loop
      vertex 17.796 1.53125 15.604
      vertex 18.2818 2.99114 15.5
      vertex 18.2718 2.99558 15.604
    endloop
  endfacet
  facet normal 0.945894 -0.307349 0.104026
    outer loop
      vertex 18.2818 2.99114 15.5
      vertex 17.796 1.53125 15.604
      vertex 17.8067 1.52898 15.5
    endloop
  endfacet
  facet normal -0.904997 -0.294066 -0.307419
    outer loop
      vertex -17.7644 1.53797 0.296632
      vertex -18.2718 2.99558 0.396045
      vertex -18.2423 3.00872 0.296632
    endloop
  endfacet
  facet normal -0.904964 -0.294047 -0.307534
    outer loop
      vertex -18.2718 2.99558 0.396045
      vertex -17.7644 1.53797 0.296632
      vertex -17.796 1.53125 0.396045
    endloop
  endfacet
  facet normal -0.824926 -0.26806 -0.497635
    outer loop
      vertex -17.7133 1.54883 0.206108
      vertex -18.2423 3.00872 0.296632
      vertex -18.1946 3.02998 0.206108
    endloop
  endfacet
  facet normal -0.824852 -0.268024 -0.497776
    outer loop
      vertex -18.2423 3.00872 0.296632
      vertex -17.7133 1.54883 0.206108
      vertex -17.7644 1.53797 0.296632
    endloop
  endfacet
  facet normal 0.951054 -0.309026 0
    outer loop
      vertex 17.8067 1.52898 15.5
      vertex 18.2818 2.99114 0.5
      vertex 18.2818 2.99114 15.5
    endloop
  endfacet
  facet normal 0.951054 -0.309026 0
    outer loop
      vertex 18.2818 2.99114 0.5
      vertex 17.8067 1.52898 15.5
      vertex 17.8067 1.52898 0.5
    endloop
  endfacet
  facet normal 0.824872 -0.268042 0.497734
    outer loop
      vertex 17.7133 1.54883 15.7939
      vertex 18.2423 3.00872 15.7034
      vertex 18.1946 3.02998 15.7939
    endloop
  endfacet
  facet normal 0.824798 -0.268007 0.497876
    outer loop
      vertex 18.2423 3.00872 15.7034
      vertex 17.7133 1.54883 15.7939
      vertex 17.7644 1.53797 15.7034
    endloop
  endfacet
  facet normal 0.560588 -0.182158 0.807812
    outer loop
      vertex 18.0534 3.09282 15.933
      vertex 17.6449 1.56338 15.8716
      vertex 18.1307 3.05842 15.8716
    endloop
  endfacet
  facet normal 0.560864 -0.182224 0.807605
    outer loop
      vertex 17.6449 1.56338 15.8716
      vertex 18.0534 3.09282 15.933
      vertex 17.5622 1.58096 15.933
    endloop
  endfacet
  facet normal 0.198786 -0.0645892 -0.977912
    outer loop
      vertex 17.4688 1.60081 0.0244722
      vertex 17.8728 3.17324 0.00273991
      vertex 17.9662 3.13166 0.0244722
    endloop
  endfacet
  facet normal 0.198791 -0.0645903 -0.977911
    outer loop
      vertex 17.8728 3.17324 0.00273991
      vertex 17.4688 1.60081 0.0244722
      vertex 17.3688 1.62207 0.00273991
    endloop
  endfacet
  facet normal 0.824926 -0.26806 -0.497635
    outer loop
      vertex 18.2423 3.00872 0.296632
      vertex 17.7133 1.54883 0.206108
      vertex 18.1946 3.02998 0.206108
    endloop
  endfacet
  facet normal 0.824852 -0.268024 -0.497776
    outer loop
      vertex 17.7133 1.54883 0.206108
      vertex 18.2423 3.00872 0.296632
      vertex 17.7644 1.53797 0.296632
    endloop
  endfacet
  facet normal -0.388627 -0.126272 -0.912702
    outer loop
      vertex -17.5622 1.58096 0.066988
      vertex -17.9662 3.13166 0.0244722
      vertex -17.4688 1.60081 0.0244722
    endloop
  endfacet
  facet normal -0.388726 -0.126296 -0.912656
    outer loop
      vertex -17.9662 3.13166 0.0244722
      vertex -17.5622 1.58096 0.066988
      vertex -18.0534 3.09282 0.066988
    endloop
  endfacet
  facet normal 0.708581 -0.230247 0.667008
    outer loop
      vertex 17.6449 1.56338 15.8716
      vertex 18.1946 3.02998 15.7939
      vertex 18.1307 3.05842 15.8716
    endloop
  endfacet
  facet normal 0.708637 -0.230272 0.66694
    outer loop
      vertex 18.1946 3.02998 15.7939
      vertex 17.6449 1.56338 15.8716
      vertex 17.7133 1.54883 15.7939
    endloop
  endfacet
  facet normal -0.199383 -0.0647827 0.977778
    outer loop
      vertex -17.8728 3.17324 15.9973
      vertex -17.4688 1.60081 15.9755
      vertex -17.3688 1.62207 15.9973
    endloop
  endfacet
  facet normal -0.199379 -0.0647816 0.977779
    outer loop
      vertex -17.4688 1.60081 15.9755
      vertex -17.8728 3.17324 15.9973
      vertex -17.9662 3.13166 15.9755
    endloop
  endfacet
  facet normal -0.560864 -0.182224 0.807605
    outer loop
      vertex -18.0534 3.09282 15.933
      vertex -17.6449 1.56338 15.8716
      vertex -17.5622 1.58096 15.933
    endloop
  endfacet
  facet normal -0.560588 -0.182158 0.807812
    outer loop
      vertex -17.6449 1.56338 15.8716
      vertex -18.0534 3.09282 15.933
      vertex -18.1307 3.05842 15.8716
    endloop
  endfacet
  facet normal -0.198791 -0.0645903 -0.977911
    outer loop
      vertex -17.4688 1.60081 0.0244722
      vertex -17.8728 3.17324 0.00273991
      vertex -17.3688 1.62207 0.00273991
    endloop
  endfacet
  facet normal -0.198786 -0.0645892 -0.977912
    outer loop
      vertex -17.8728 3.17324 0.00273991
      vertex -17.4688 1.60081 0.0244722
      vertex -17.9662 3.13166 0.0244722
    endloop
  endfacet
  facet normal -0.561102 -0.182301 -0.807422
    outer loop
      vertex -17.6449 1.56338 0.128428
      vertex -18.0534 3.09282 0.066988
      vertex -17.5622 1.58096 0.066988
    endloop
  endfacet
  facet normal -0.560826 -0.182235 -0.807629
    outer loop
      vertex -18.0534 3.09282 0.066988
      vertex -17.6449 1.56338 0.128428
      vertex -18.1307 3.05842 0.128428
    endloop
  endfacet
  facet normal 0.388606 -0.126257 0.912713
    outer loop
      vertex 17.9662 3.13166 15.9755
      vertex 17.5622 1.58096 15.933
      vertex 18.0534 3.09282 15.933
    endloop
  endfacet
  facet normal 0.388507 -0.126233 0.912758
    outer loop
      vertex 17.5622 1.58096 15.933
      vertex 17.9662 3.13166 15.9755
      vertex 17.4688 1.60081 15.9755
    endloop
  endfacet
  facet normal -0.708581 -0.230247 0.667008
    outer loop
      vertex -18.1946 3.02998 15.7939
      vertex -17.6449 1.56338 15.8716
      vertex -18.1307 3.05842 15.8716
    endloop
  endfacet
  facet normal -0.708637 -0.230272 0.66694
    outer loop
      vertex -17.6449 1.56338 15.8716
      vertex -18.1946 3.02998 15.7939
      vertex -17.7133 1.54883 15.7939
    endloop
  endfacet
  facet normal -0.904985 -0.294063 0.307455
    outer loop
      vertex -18.2718 2.99558 15.604
      vertex -17.7644 1.53797 15.7034
      vertex -18.2423 3.00872 15.7034
    endloop
  endfacet
  facet normal -0.904953 -0.294043 0.30757
    outer loop
      vertex -17.7644 1.53797 15.7034
      vertex -18.2718 2.99558 15.604
      vertex -17.796 1.53125 15.604
    endloop
  endfacet
  facet normal -0.94589 -0.307345 0.104072
    outer loop
      vertex -18.2818 2.99114 15.5
      vertex -17.796 1.53125 15.604
      vertex -18.2718 2.99558 15.604
    endloop
  endfacet
  facet normal -0.945894 -0.307349 0.104026
    outer loop
      vertex -17.796 1.53125 15.604
      vertex -18.2818 2.99114 15.5
      vertex -17.8067 1.52898 15.5
    endloop
  endfacet
  facet normal 0.904985 -0.294063 0.307455
    outer loop
      vertex 17.7644 1.53797 15.7034
      vertex 18.2718 2.99558 15.604
      vertex 18.2423 3.00872 15.7034
    endloop
  endfacet
  facet normal 0.904953 -0.294043 0.30757
    outer loop
      vertex 18.2718 2.99558 15.604
      vertex 17.7644 1.53797 15.7034
      vertex 17.796 1.53125 15.604
    endloop
  endfacet
  facet normal -0.862552 -0.0906642 -0.49778
    outer loop
      vertex -17.5505 0 0.206108
      vertex -17.7644 1.53797 0.296632
      vertex -17.7133 1.54883 0.206108
    endloop
  endfacet
  facet normal -0.862315 -0.0906065 -0.4982
    outer loop
      vertex -17.7644 1.53797 0.296632
      vertex -17.5505 0 0.206108
      vertex -17.6028 0 0.296632
    endloop
  endfacet
  facet normal 0.406384 -0.0427215 -0.912703
    outer loop
      vertex 17.396 0 0.066988
      vertex 17.4688 1.60081 0.0244722
      vertex 17.5622 1.58096 0.066988
    endloop
  endfacet
  facet normal 0.406337 -0.04272 -0.912724
    outer loop
      vertex 17.4688 1.60081 0.0244722
      vertex 17.396 0 0.066988
      vertex 17.3005 0 0.0244722
    endloop
  endfacet
  facet normal 0.862495 -0.0906582 0.497879
    outer loop
      vertex 17.5505 0 15.7939
      vertex 17.7644 1.53797 15.7034
      vertex 17.7133 1.54883 15.7939
    endloop
  endfacet
  facet normal 0.862258 -0.0906005 0.498299
    outer loop
      vertex 17.7644 1.53797 15.7034
      vertex 17.5505 0 15.7939
      vertex 17.6028 0 15.7034
    endloop
  endfacet
  facet normal 0.741092 -0.0778974 -0.666869
    outer loop
      vertex 17.4806 0 0.128428
      vertex 17.7133 1.54883 0.206108
      vertex 17.5505 0 0.206108
    endloop
  endfacet
  facet normal 0.740956 -0.0778692 -0.667024
    outer loop
      vertex 17.7133 1.54883 0.206108
      vertex 17.4806 0 0.128428
      vertex 17.6449 1.56338 0.128428
    endloop
  endfacet
  facet normal 0.946346 -0.0994397 -0.307475
    outer loop
      vertex 17.6028 0 0.296632
      vertex 17.796 1.53125 0.396045
      vertex 17.6351 0 0.396045
    endloop
  endfacet
  facet normal 0.94633 -0.0994342 -0.307527
    outer loop
      vertex 17.796 1.53125 0.396045
      vertex 17.6028 0 0.296632
      vertex 17.7644 1.53797 0.296632
    endloop
  endfacet
  facet normal -0.994522 -0.104527 0
    outer loop
      vertex -17.646 0 0.5
      vertex -17.8067 1.52898 15.5
      vertex -17.8067 1.52898 0.5
    endloop
  endfacet
  facet normal -0.994522 -0.104527 0
    outer loop
      vertex -17.8067 1.52898 15.5
      vertex -17.646 0 0.5
      vertex -17.646 0 15.5
    endloop
  endfacet
  facet normal 0.406258 -0.0427083 0.91276
    outer loop
      vertex 17.4688 1.60081 15.9755
      vertex 17.396 0 15.933
      vertex 17.5622 1.58096 15.933
    endloop
  endfacet
  facet normal 0.406211 -0.0427067 0.912781
    outer loop
      vertex 17.396 0 15.933
      vertex 17.4688 1.60081 15.9755
      vertex 17.3005 0 15.9755
    endloop
  endfacet
  facet normal 0.946318 -0.099433 0.307564
    outer loop
      vertex 17.6028 0 15.7034
      vertex 17.796 1.53125 15.604
      vertex 17.7644 1.53797 15.7034
    endloop
  endfacet
  facet normal 0.946334 -0.0994385 0.307511
    outer loop
      vertex 17.796 1.53125 15.604
      vertex 17.6028 0 15.7034
      vertex 17.6351 0 15.604
    endloop
  endfacet
  facet normal 0.989128 -0.103935 0.104035
    outer loop
      vertex 17.6351 0 15.604
      vertex 17.8067 1.52898 15.5
      vertex 17.796 1.53125 15.604
    endloop
  endfacet
  facet normal 0.989163 -0.103964 0.103672
    outer loop
      vertex 17.8067 1.52898 15.5
      vertex 17.6351 0 15.604
      vertex 17.646 0 15.5
    endloop
  endfacet
  facet normal 0.989159 -0.103963 -0.103716
    outer loop
      vertex 17.6351 0 0.396045
      vertex 17.8067 1.52898 0.5
      vertex 17.646 0 0.5
    endloop
  endfacet
  facet normal 0.989123 -0.103935 -0.104079
    outer loop
      vertex 17.8067 1.52898 0.5
      vertex 17.6351 0 0.396045
      vertex 17.796 1.53125 0.396045
    endloop
  endfacet
  facet normal -0.406211 -0.0427067 0.912781
    outer loop
      vertex -17.4688 1.60081 15.9755
      vertex -17.396 0 15.933
      vertex -17.3005 0 15.9755
    endloop
  endfacet
  facet normal -0.406258 -0.0427083 0.91276
    outer loop
      vertex -17.396 0 15.933
      vertex -17.4688 1.60081 15.9755
      vertex -17.5622 1.58096 15.933
    endloop
  endfacet
  facet normal 0.208495 -0.02192 0.977778
    outer loop
      vertex 17.3688 1.62207 15.9973
      vertex 17.3005 0 15.9755
      vertex 17.4688 1.60081 15.9755
    endloop
  endfacet
  facet normal 0.208564 -0.0219227 0.977763
    outer loop
      vertex 17.3005 0 15.9755
      vertex 17.3688 1.62207 15.9973
      vertex 17.1983 0 15.9973
    endloop
  endfacet
  facet normal 0.994522 -0.104527 0
    outer loop
      vertex 17.646 0 15.5
      vertex 17.8067 1.52898 0.5
      vertex 17.8067 1.52898 15.5
    endloop
  endfacet
  facet normal 0.994522 -0.104527 0
    outer loop
      vertex 17.8067 1.52898 0.5
      vertex 17.646 0 15.5
      vertex 17.646 0 0.5
    endloop
  endfacet
  facet normal -0.94633 -0.0994342 -0.307527
    outer loop
      vertex -17.6028 0 0.296632
      vertex -17.796 1.53125 0.396045
      vertex -17.7644 1.53797 0.296632
    endloop
  endfacet
  facet normal -0.946346 -0.0994397 -0.307475
    outer loop
      vertex -17.796 1.53125 0.396045
      vertex -17.6028 0 0.296632
      vertex -17.6351 0 0.396045
    endloop
  endfacet
  facet normal -0.989123 -0.103935 -0.104079
    outer loop
      vertex -17.6351 0 0.396045
      vertex -17.8067 1.52898 0.5
      vertex -17.796 1.53125 0.396045
    endloop
  endfacet
  facet normal -0.989159 -0.103963 -0.103716
    outer loop
      vertex -17.8067 1.52898 0.5
      vertex -17.6351 0 0.396045
      vertex -17.646 0 0.5
    endloop
  endfacet
  facet normal 0.741041 -0.0778781 0.666928
    outer loop
      vertex 17.4806 0 15.8716
      vertex 17.7133 1.54883 15.7939
      vertex 17.6449 1.56338 15.8716
    endloop
  endfacet
  facet normal 0.741177 -0.0779063 0.666773
    outer loop
      vertex 17.7133 1.54883 15.7939
      vertex 17.4806 0 15.8716
      vertex 17.5505 0 15.7939
    endloop
  endfacet
  facet normal -0.208564 -0.0219227 0.977763
    outer loop
      vertex -17.3688 1.62207 15.9973
      vertex -17.3005 0 15.9755
      vertex -17.1983 0 15.9973
    endloop
  endfacet
  facet normal -0.208495 -0.02192 0.977778
    outer loop
      vertex -17.3005 0 15.9755
      vertex -17.3688 1.62207 15.9973
      vertex -17.4688 1.60081 15.9755
    endloop
  endfacet
  facet normal 0.586496 -0.0616366 0.807603
    outer loop
      vertex 17.5622 1.58096 15.933
      vertex 17.4806 0 15.8716
      vertex 17.6449 1.56338 15.8716
    endloop
  endfacet
  facet normal 0.586258 -0.061631 0.807776
    outer loop
      vertex 17.4806 0 15.8716
      vertex 17.5622 1.58096 15.933
      vertex 17.396 0 15.933
    endloop
  endfacet
  facet normal -0.586508 -0.0616572 -0.807593
    outer loop
      vertex -17.4806 0 0.128428
      vertex -17.5622 1.58096 0.066988
      vertex -17.396 0 0.066988
    endloop
  endfacet
  facet normal -0.586746 -0.0616627 -0.80742
    outer loop
      vertex -17.5622 1.58096 0.066988
      vertex -17.4806 0 0.128428
      vertex -17.6449 1.56338 0.128428
    endloop
  endfacet
  facet normal -0.406337 -0.04272 -0.912724
    outer loop
      vertex -17.396 0 0.066988
      vertex -17.4688 1.60081 0.0244722
      vertex -17.3005 0 0.0244722
    endloop
  endfacet
  facet normal -0.406384 -0.0427215 -0.912703
    outer loop
      vertex -17.4688 1.60081 0.0244722
      vertex -17.396 0 0.066988
      vertex -17.5622 1.58096 0.066988
    endloop
  endfacet
  facet normal 0.862315 -0.0906065 -0.4982
    outer loop
      vertex 17.5505 0 0.206108
      vertex 17.7644 1.53797 0.296632
      vertex 17.6028 0 0.296632
    endloop
  endfacet
  facet normal 0.862552 -0.0906642 -0.49778
    outer loop
      vertex 17.7644 1.53797 0.296632
      vertex 17.5505 0 0.206108
      vertex 17.7133 1.54883 0.206108
    endloop
  endfacet
  facet normal -0.946334 -0.0994385 0.307511
    outer loop
      vertex -17.6028 0 15.7034
      vertex -17.796 1.53125 15.604
      vertex -17.6351 0 15.604
    endloop
  endfacet
  facet normal -0.946318 -0.099433 0.307564
    outer loop
      vertex -17.796 1.53125 15.604
      vertex -17.6028 0 15.7034
      vertex -17.7644 1.53797 15.7034
    endloop
  endfacet
  facet normal 0.207876 -0.0218549 -0.977911
    outer loop
      vertex 17.3005 0 0.0244722
      vertex 17.3688 1.62207 0.00273991
      vertex 17.4688 1.60081 0.0244722
    endloop
  endfacet
  facet normal 0.207944 -0.0218576 -0.977896
    outer loop
      vertex 17.3688 1.62207 0.00273991
      vertex 17.3005 0 0.0244722
      vertex 17.1983 0 0.00273991
    endloop
  endfacet
  facet normal -0.740956 -0.0778692 -0.667024
    outer loop
      vertex -17.4806 0 0.128428
      vertex -17.7133 1.54883 0.206108
      vertex -17.6449 1.56338 0.128428
    endloop
  endfacet
  facet normal -0.741092 -0.0778974 -0.666869
    outer loop
      vertex -17.7133 1.54883 0.206108
      vertex -17.4806 0 0.128428
      vertex -17.5505 0 0.206108
    endloop
  endfacet
  facet normal 0.586746 -0.0616627 -0.80742
    outer loop
      vertex 17.4806 0 0.128428
      vertex 17.5622 1.58096 0.066988
      vertex 17.6449 1.56338 0.128428
    endloop
  endfacet
  facet normal 0.586508 -0.0616572 -0.807593
    outer loop
      vertex 17.5622 1.58096 0.066988
      vertex 17.4806 0 0.128428
      vertex 17.396 0 0.066988
    endloop
  endfacet
  facet normal -0.741177 -0.0779063 0.666773
    outer loop
      vertex -17.4806 0 15.8716
      vertex -17.7133 1.54883 15.7939
      vertex -17.5505 0 15.7939
    endloop
  endfacet
  facet normal -0.741041 -0.0778781 0.666928
    outer loop
      vertex -17.7133 1.54883 15.7939
      vertex -17.4806 0 15.8716
      vertex -17.6449 1.56338 15.8716
    endloop
  endfacet
  facet normal -0.586258 -0.061631 0.807776
    outer loop
      vertex -17.5622 1.58096 15.933
      vertex -17.4806 0 15.8716
      vertex -17.396 0 15.933
    endloop
  endfacet
  facet normal -0.586496 -0.0616366 0.807603
    outer loop
      vertex -17.4806 0 15.8716
      vertex -17.5622 1.58096 15.933
      vertex -17.6449 1.56338 15.8716
    endloop
  endfacet
  facet normal -0.207944 -0.0218576 -0.977896
    outer loop
      vertex -17.3005 0 0.0244722
      vertex -17.3688 1.62207 0.00273991
      vertex -17.1983 0 0.00273991
    endloop
  endfacet
  facet normal -0.207876 -0.0218549 -0.977911
    outer loop
      vertex -17.3688 1.62207 0.00273991
      vertex -17.3005 0 0.0244722
      vertex -17.4688 1.60081 0.0244722
    endloop
  endfacet
  facet normal -0.862258 -0.0906005 0.498299
    outer loop
      vertex -17.5505 0 15.7939
      vertex -17.7644 1.53797 15.7034
      vertex -17.6028 0 15.7034
    endloop
  endfacet
  facet normal -0.862495 -0.0906582 0.497879
    outer loop
      vertex -17.7644 1.53797 15.7034
      vertex -17.5505 0 15.7939
      vertex -17.7133 1.54883 15.7939
    endloop
  endfacet
  facet normal -0.989163 -0.103964 0.103672
    outer loop
      vertex -17.6351 0 15.604
      vertex -17.8067 1.52898 15.5
      vertex -17.646 0 15.5
    endloop
  endfacet
  facet normal -0.989128 -0.103935 0.104035
    outer loop
      vertex -17.8067 1.52898 15.5
      vertex -17.6351 0 15.604
      vertex -17.796 1.53125 15.604
    endloop
  endfacet
  facet normal 0.994522 0.104527 0
    outer loop
      vertex 17.8067 -1.52898 15.5
      vertex 17.646 0 0.5
      vertex 17.646 0 15.5
    endloop
  endfacet
  facet normal 0.994522 0.104527 0
    outer loop
      vertex 17.646 0 0.5
      vertex 17.8067 -1.52898 15.5
      vertex 17.8067 -1.52898 0.5
    endloop
  endfacet
  facet normal 0.989159 0.103963 -0.103716
    outer loop
      vertex 17.8067 -1.52898 0.5
      vertex 17.6351 0 0.396045
      vertex 17.646 0 0.5
    endloop
  endfacet
  facet normal 0.989123 0.103935 -0.104079
    outer loop
      vertex 17.6351 0 0.396045
      vertex 17.8067 -1.52898 0.5
      vertex 17.796 -1.53125 0.396045
    endloop
  endfacet
  facet normal -0.741177 0.0779063 0.666773
    outer loop
      vertex -17.7133 -1.54883 15.7939
      vertex -17.4806 0 15.8716
      vertex -17.5505 0 15.7939
    endloop
  endfacet
  facet normal -0.741041 0.0778781 0.666928
    outer loop
      vertex -17.4806 0 15.8716
      vertex -17.7133 -1.54883 15.7939
      vertex -17.6449 -1.56338 15.8716
    endloop
  endfacet
  facet normal -0.586258 0.061631 0.807776
    outer loop
      vertex -17.4806 0 15.8716
      vertex -17.5622 -1.58096 15.933
      vertex -17.396 0 15.933
    endloop
  endfacet
  facet normal -0.586496 0.0616366 0.807603
    outer loop
      vertex -17.5622 -1.58096 15.933
      vertex -17.4806 0 15.8716
      vertex -17.6449 -1.56338 15.8716
    endloop
  endfacet
  facet normal 0.208495 0.02192 0.977778
    outer loop
      vertex 17.3005 0 15.9755
      vertex 17.3688 -1.62207 15.9973
      vertex 17.4688 -1.60081 15.9755
    endloop
  endfacet
  facet normal 0.208564 0.0219227 0.977763
    outer loop
      vertex 17.3688 -1.62207 15.9973
      vertex 17.3005 0 15.9755
      vertex 17.1983 0 15.9973
    endloop
  endfacet
  facet normal 0.586496 0.0616366 0.807603
    outer loop
      vertex 17.4806 0 15.8716
      vertex 17.5622 -1.58096 15.933
      vertex 17.6449 -1.56338 15.8716
    endloop
  endfacet
  facet normal 0.586258 0.061631 0.807776
    outer loop
      vertex 17.5622 -1.58096 15.933
      vertex 17.4806 0 15.8716
      vertex 17.396 0 15.933
    endloop
  endfacet
  facet normal -0.862258 0.0906005 0.498299
    outer loop
      vertex -17.7644 -1.53797 15.7034
      vertex -17.5505 0 15.7939
      vertex -17.6028 0 15.7034
    endloop
  endfacet
  facet normal -0.862495 0.0906582 0.497879
    outer loop
      vertex -17.5505 0 15.7939
      vertex -17.7644 -1.53797 15.7034
      vertex -17.7133 -1.54883 15.7939
    endloop
  endfacet
  facet normal 0.989163 0.103964 0.103672
    outer loop
      vertex 17.6351 0 15.604
      vertex 17.8067 -1.52898 15.5
      vertex 17.646 0 15.5
    endloop
  endfacet
  facet normal 0.989128 0.103935 0.104035
    outer loop
      vertex 17.8067 -1.52898 15.5
      vertex 17.6351 0 15.604
      vertex 17.796 -1.53125 15.604
    endloop
  endfacet
  facet normal -0.406211 0.0427067 0.912781
    outer loop
      vertex -17.396 0 15.933
      vertex -17.4688 -1.60081 15.9755
      vertex -17.3005 0 15.9755
    endloop
  endfacet
  facet normal -0.406258 0.0427083 0.91276
    outer loop
      vertex -17.4688 -1.60081 15.9755
      vertex -17.396 0 15.933
      vertex -17.5622 -1.58096 15.933
    endloop
  endfacet
  facet normal -0.994522 0.104527 0
    outer loop
      vertex -17.8067 -1.52898 0.5
      vertex -17.646 0 15.5
      vertex -17.646 0 0.5
    endloop
  endfacet
  facet normal -0.994522 0.104527 0
    outer loop
      vertex -17.646 0 15.5
      vertex -17.8067 -1.52898 0.5
      vertex -17.8067 -1.52898 15.5
    endloop
  endfacet
  facet normal -0.741092 0.0778974 -0.666869
    outer loop
      vertex -17.4806 0 0.128428
      vertex -17.7133 -1.54883 0.206108
      vertex -17.5505 0 0.206108
    endloop
  endfacet
  facet normal -0.740956 0.0778692 -0.667024
    outer loop
      vertex -17.7133 -1.54883 0.206108
      vertex -17.4806 0 0.128428
      vertex -17.6449 -1.56338 0.128428
    endloop
  endfacet
  facet normal 0.406258 0.0427083 0.91276
    outer loop
      vertex 17.396 0 15.933
      vertex 17.4688 -1.60081 15.9755
      vertex 17.5622 -1.58096 15.933
    endloop
  endfacet
  facet normal 0.406211 0.0427067 0.912781
    outer loop
      vertex 17.4688 -1.60081 15.9755
      vertex 17.396 0 15.933
      vertex 17.3005 0 15.9755
    endloop
  endfacet
  facet normal 0.862315 0.0906065 -0.4982
    outer loop
      vertex 17.7644 -1.53797 0.296632
      vertex 17.5505 0 0.206108
      vertex 17.6028 0 0.296632
    endloop
  endfacet
  facet normal 0.862552 0.0906642 -0.49778
    outer loop
      vertex 17.5505 0 0.206108
      vertex 17.7644 -1.53797 0.296632
      vertex 17.7133 -1.54883 0.206108
    endloop
  endfacet
  facet normal 0.946346 0.0994397 -0.307475
    outer loop
      vertex 17.796 -1.53125 0.396045
      vertex 17.6028 0 0.296632
      vertex 17.6351 0 0.396045
    endloop
  endfacet
  facet normal 0.94633 0.0994342 -0.307527
    outer loop
      vertex 17.6028 0 0.296632
      vertex 17.796 -1.53125 0.396045
      vertex 17.7644 -1.53797 0.296632
    endloop
  endfacet
  facet normal -0.406337 0.04272 -0.912724
    outer loop
      vertex -17.4688 -1.60081 0.0244722
      vertex -17.396 0 0.066988
      vertex -17.3005 0 0.0244722
    endloop
  endfacet
  facet normal -0.406384 0.0427215 -0.912703
    outer loop
      vertex -17.396 0 0.066988
      vertex -17.4688 -1.60081 0.0244722
      vertex -17.5622 -1.58096 0.066988
    endloop
  endfacet
  facet normal -0.208564 0.0219227 0.977763
    outer loop
      vertex -17.3005 0 15.9755
      vertex -17.3688 -1.62207 15.9973
      vertex -17.1983 0 15.9973
    endloop
  endfacet
  facet normal -0.208495 0.02192 0.977778
    outer loop
      vertex -17.3688 -1.62207 15.9973
      vertex -17.3005 0 15.9755
      vertex -17.4688 -1.60081 15.9755
    endloop
  endfacet
  facet normal 0.946334 0.0994385 0.307511
    outer loop
      vertex 17.6028 0 15.7034
      vertex 17.796 -1.53125 15.604
      vertex 17.6351 0 15.604
    endloop
  endfacet
  facet normal 0.946318 0.099433 0.307564
    outer loop
      vertex 17.796 -1.53125 15.604
      vertex 17.6028 0 15.7034
      vertex 17.7644 -1.53797 15.7034
    endloop
  endfacet
  facet normal 0.862258 0.0906005 0.498299
    outer loop
      vertex 17.5505 0 15.7939
      vertex 17.7644 -1.53797 15.7034
      vertex 17.6028 0 15.7034
    endloop
  endfacet
  facet normal 0.862495 0.0906582 0.497879
    outer loop
      vertex 17.7644 -1.53797 15.7034
      vertex 17.5505 0 15.7939
      vertex 17.7133 -1.54883 15.7939
    endloop
  endfacet
  facet normal 0.406384 0.0427215 -0.912703
    outer loop
      vertex 17.4688 -1.60081 0.0244722
      vertex 17.396 0 0.066988
      vertex 17.5622 -1.58096 0.066988
    endloop
  endfacet
  facet normal 0.406337 0.04272 -0.912724
    outer loop
      vertex 17.396 0 0.066988
      vertex 17.4688 -1.60081 0.0244722
      vertex 17.3005 0 0.0244722
    endloop
  endfacet
  facet normal -0.946334 0.0994385 0.307511
    outer loop
      vertex -17.796 -1.53125 15.604
      vertex -17.6028 0 15.7034
      vertex -17.6351 0 15.604
    endloop
  endfacet
  facet normal -0.946318 0.099433 0.307564
    outer loop
      vertex -17.6028 0 15.7034
      vertex -17.796 -1.53125 15.604
      vertex -17.7644 -1.53797 15.7034
    endloop
  endfacet
  facet normal -0.989159 0.103963 -0.103716
    outer loop
      vertex -17.6351 0 0.396045
      vertex -17.8067 -1.52898 0.5
      vertex -17.646 0 0.5
    endloop
  endfacet
  facet normal -0.989123 0.103935 -0.104079
    outer loop
      vertex -17.8067 -1.52898 0.5
      vertex -17.6351 0 0.396045
      vertex -17.796 -1.53125 0.396045
    endloop
  endfacet
  facet normal -0.207944 0.0218576 -0.977896
    outer loop
      vertex -17.3688 -1.62207 0.00273991
      vertex -17.3005 0 0.0244722
      vertex -17.1983 0 0.00273991
    endloop
  endfacet
  facet normal -0.207876 0.0218549 -0.977911
    outer loop
      vertex -17.3005 0 0.0244722
      vertex -17.3688 -1.62207 0.00273991
      vertex -17.4688 -1.60081 0.0244722
    endloop
  endfacet
  facet normal 0.741177 0.0779063 0.666773
    outer loop
      vertex 17.4806 0 15.8716
      vertex 17.7133 -1.54883 15.7939
      vertex 17.5505 0 15.7939
    endloop
  endfacet
  facet normal 0.741041 0.0778781 0.666928
    outer loop
      vertex 17.7133 -1.54883 15.7939
      vertex 17.4806 0 15.8716
      vertex 17.6449 -1.56338 15.8716
    endloop
  endfacet
  facet normal -0.586508 0.0616572 -0.807593
    outer loop
      vertex -17.5622 -1.58096 0.066988
      vertex -17.4806 0 0.128428
      vertex -17.396 0 0.066988
    endloop
  endfacet
  facet normal -0.586746 0.0616627 -0.80742
    outer loop
      vertex -17.4806 0 0.128428
      vertex -17.5622 -1.58096 0.066988
      vertex -17.6449 -1.56338 0.128428
    endloop
  endfacet
  facet normal 0.586746 0.0616627 -0.80742
    outer loop
      vertex 17.5622 -1.58096 0.066988
      vertex 17.4806 0 0.128428
      vertex 17.6449 -1.56338 0.128428
    endloop
  endfacet
  facet normal 0.586508 0.0616572 -0.807593
    outer loop
      vertex 17.4806 0 0.128428
      vertex 17.5622 -1.58096 0.066988
      vertex 17.396 0 0.066988
    endloop
  endfacet
  facet normal 0.741092 0.0778974 -0.666869
    outer loop
      vertex 17.7133 -1.54883 0.206108
      vertex 17.4806 0 0.128428
      vertex 17.5505 0 0.206108
    endloop
  endfacet
  facet normal 0.740956 0.0778692 -0.667024
    outer loop
      vertex 17.4806 0 0.128428
      vertex 17.7133 -1.54883 0.206108
      vertex 17.6449 -1.56338 0.128428
    endloop
  endfacet
  facet normal 0.207876 0.0218549 -0.977911
    outer loop
      vertex 17.3688 -1.62207 0.00273991
      vertex 17.3005 0 0.0244722
      vertex 17.4688 -1.60081 0.0244722
    endloop
  endfacet
  facet normal 0.207944 0.0218576 -0.977896
    outer loop
      vertex 17.3005 0 0.0244722
      vertex 17.3688 -1.62207 0.00273991
      vertex 17.1983 0 0.00273991
    endloop
  endfacet
  facet normal -0.989163 0.103964 0.103672
    outer loop
      vertex -17.8067 -1.52898 15.5
      vertex -17.6351 0 15.604
      vertex -17.646 0 15.5
    endloop
  endfacet
  facet normal -0.989128 0.103935 0.104035
    outer loop
      vertex -17.6351 0 15.604
      vertex -17.8067 -1.52898 15.5
      vertex -17.796 -1.53125 15.604
    endloop
  endfacet
  facet normal -0.946346 0.0994397 -0.307475
    outer loop
      vertex -17.6028 0 0.296632
      vertex -17.796 -1.53125 0.396045
      vertex -17.6351 0 0.396045
    endloop
  endfacet
  facet normal -0.94633 0.0994342 -0.307527
    outer loop
      vertex -17.796 -1.53125 0.396045
      vertex -17.6028 0 0.296632
      vertex -17.7644 -1.53797 0.296632
    endloop
  endfacet
  facet normal -0.862315 0.0906065 -0.4982
    outer loop
      vertex -17.5505 0 0.206108
      vertex -17.7644 -1.53797 0.296632
      vertex -17.6028 0 0.296632
    endloop
  endfacet
  facet normal -0.862552 0.0906642 -0.49778
    outer loop
      vertex -17.7644 -1.53797 0.296632
      vertex -17.5505 0 0.206108
      vertex -17.7133 -1.54883 0.206108
    endloop
  endfacet
  facet normal 0.181027 -0.104514 -0.977909
    outer loop
      vertex 17.9662 3.13166 0.0244722
      vertex 18.6883 4.58574 0.00273991
      vertex 18.771 4.52564 0.0244722
    endloop
  endfacet
  facet normal 0.181015 -0.104508 -0.977912
    outer loop
      vertex 18.6883 4.58574 0.00273991
      vertex 17.9662 3.13166 0.0244722
      vertex 17.8728 3.17324 0.00273991
    endloop
  endfacet
  facet normal -0.823204 -0.475267 -0.310575
    outer loop
      vertex -18.2423 3.00872 0.296632
      vertex -19.0182 4.34604 0.306742
      vertex -19.0155 4.34797 0.296632
    endloop
  endfacet
  facet normal -0.823998 -0.475749 -0.307719
    outer loop
      vertex -19.0182 4.34604 0.306742
      vertex -18.2423 3.00872 0.296632
      vertex -19.0417 4.32898 0.396045
    endloop
  endfacet
  facet normal -0.824069 -0.475814 -0.307427
    outer loop
      vertex -19.0417 4.32898 0.396045
      vertex -18.2423 3.00872 0.296632
      vertex -18.2718 2.99558 0.396045
    endloop
  endfacet
  facet normal -0.510488 -0.294718 0.807802
    outer loop
      vertex -18.8482 4.46951 15.933
      vertex -18.1307 3.05842 15.8716
      vertex -18.0534 3.09282 15.933
    endloop
  endfacet
  facet normal -0.510347 -0.294652 0.807914
    outer loop
      vertex -18.1307 3.05842 15.8716
      vertex -18.8482 4.46951 15.933
      vertex -18.9167 4.4198 15.8716
    endloop
  endfacet
  facet normal -0.866024 -0.500002 0
    outer loop
      vertex -18.2818 2.99114 0.5
      vertex -19.0505 4.32256 15.5
      vertex -19.0505 4.32256 0.5
    endloop
  endfacet
  facet normal -0.866024 -0.500002 0
    outer loop
      vertex -19.0505 4.32256 15.5
      vertex -18.2818 2.99114 0.5
      vertex -18.2818 2.99114 15.5
    endloop
  endfacet
  facet normal 0.181566 -0.104825 0.977776
    outer loop
      vertex 18.6883 4.58574 15.9973
      vertex 17.9662 3.13166 15.9755
      vertex 18.771 4.52564 15.9755
    endloop
  endfacet
  facet normal 0.181554 -0.10482 0.977779
    outer loop
      vertex 17.9662 3.13166 15.9755
      vertex 18.6883 4.58574 15.9973
      vertex 17.8728 3.17324 15.9973
    endloop
  endfacet
  facet normal -0.823994 -0.475749 0.307728
    outer loop
      vertex -18.2423 3.00872 15.7034
      vertex -19.0182 4.34604 15.6933
      vertex -19.0417 4.32898 15.604
    endloop
  endfacet
  facet normal -0.823125 -0.475221 0.310853
    outer loop
      vertex -19.0182 4.34604 15.6933
      vertex -18.2423 3.00872 15.7034
      vertex -19.0155 4.34797 15.7034
    endloop
  endfacet
  facet normal -0.824059 -0.475808 0.307463
    outer loop
      vertex -18.2423 3.00872 15.7034
      vertex -19.0417 4.32898 15.604
      vertex -18.2718 2.99558 15.604
    endloop
  endfacet
  facet normal 0.353901 -0.204317 0.912693
    outer loop
      vertex 18.771 4.52564 15.9755
      vertex 18.0534 3.09282 15.933
      vertex 18.8482 4.46951 15.933
    endloop
  endfacet
  facet normal 0.353851 -0.204292 0.912718
    outer loop
      vertex 18.0534 3.09282 15.933
      vertex 18.771 4.52564 15.9755
      vertex 17.9662 3.13166 15.9755
    endloop
  endfacet
  facet normal 0.750889 -0.433483 -0.498255
    outer loop
      vertex 19.0108 4.3514 0.286515
      vertex 18.1946 3.02998 0.206108
      vertex 18.9732 4.37869 0.206108
    endloop
  endfacet
  facet normal 0.75174 -0.43412 -0.496413
    outer loop
      vertex 19.0155 4.34797 0.296632
      vertex 18.1946 3.02998 0.206108
      vertex 19.0108 4.3514 0.286515
    endloop
  endfacet
  facet normal 0.751168 -0.433678 -0.497666
    outer loop
      vertex 18.1946 3.02998 0.206108
      vertex 19.0155 4.34797 0.296632
      vertex 18.2423 3.00872 0.296632
    endloop
  endfacet
  facet normal 0.823998 -0.475749 -0.307719
    outer loop
      vertex 18.2423 3.00872 0.296632
      vertex 19.0182 4.34604 0.306742
      vertex 19.0417 4.32898 0.396045
    endloop
  endfacet
  facet normal 0.823204 -0.475267 -0.310575
    outer loop
      vertex 19.0182 4.34604 0.306742
      vertex 18.2423 3.00872 0.296632
      vertex 19.0155 4.34797 0.296632
    endloop
  endfacet
  facet normal 0.824069 -0.475814 -0.307427
    outer loop
      vertex 18.2423 3.00872 0.296632
      vertex 19.0417 4.32898 0.396045
      vertex 18.2718 2.99558 0.396045
    endloop
  endfacet
  facet normal 0.645489 -0.372636 -0.666699
    outer loop
      vertex 18.1946 3.02998 0.206108
      vertex 18.9167 4.4198 0.128428
      vertex 18.9732 4.37869 0.206108
    endloop
  endfacet
  facet normal 0.645166 -0.37249 -0.667092
    outer loop
      vertex 18.9167 4.4198 0.128428
      vertex 18.1946 3.02998 0.206108
      vertex 18.1307 3.05842 0.128428
    endloop
  endfacet
  facet normal 0.823125 -0.475221 0.310853
    outer loop
      vertex 18.2423 3.00872 15.7034
      vertex 19.0182 4.34604 15.6933
      vertex 19.0155 4.34797 15.7034
    endloop
  endfacet
  facet normal 0.823994 -0.475749 0.307728
    outer loop
      vertex 19.0182 4.34604 15.6933
      vertex 18.2423 3.00872 15.7034
      vertex 19.0417 4.32898 15.604
    endloop
  endfacet
  facet normal 0.824059 -0.475808 0.307463
    outer loop
      vertex 19.0417 4.32898 15.604
      vertex 18.2423 3.00872 15.7034
      vertex 18.2718 2.99558 15.604
    endloop
  endfacet
  facet normal -0.64524 -0.372533 0.666997
    outer loop
      vertex -18.9167 4.4198 15.8716
      vertex -18.1946 3.02998 15.7939
      vertex -18.1307 3.05842 15.8716
    endloop
  endfacet
  facet normal -0.645562 -0.372678 0.666603
    outer loop
      vertex -18.1946 3.02998 15.7939
      vertex -18.9167 4.4198 15.8716
      vertex -18.9732 4.37869 15.7939
    endloop
  endfacet
  facet normal -0.86135 -0.49734 0.103585
    outer loop
      vertex -19.0505 4.32256 15.5
      vertex -18.2718 2.99558 15.604
      vertex -19.0417 4.32898 15.604
    endloop
  endfacet
  facet normal -0.861323 -0.497288 0.10405
    outer loop
      vertex -18.2718 2.99558 15.604
      vertex -19.0505 4.32256 15.5
      vertex -18.2818 2.99114 15.5
    endloop
  endfacet
  facet normal -0.181554 -0.10482 0.977779
    outer loop
      vertex -18.6883 4.58574 15.9973
      vertex -17.9662 3.13166 15.9755
      vertex -17.8728 3.17324 15.9973
    endloop
  endfacet
  facet normal -0.181566 -0.104825 0.977776
    outer loop
      vertex -17.9662 3.13166 15.9755
      vertex -18.6883 4.58574 15.9973
      vertex -18.771 4.52564 15.9755
    endloop
  endfacet
  facet normal 0.861346 -0.497338 -0.103629
    outer loop
      vertex 19.0505 4.32256 0.5
      vertex 18.2718 2.99558 0.396045
      vertex 19.0417 4.32898 0.396045
    endloop
  endfacet
  facet normal 0.861319 -0.497286 -0.104094
    outer loop
      vertex 18.2718 2.99558 0.396045
      vertex 19.0505 4.32256 0.5
      vertex 18.2818 2.99114 0.5
    endloop
  endfacet
  facet normal 0.866024 -0.500002 0
    outer loop
      vertex 18.2818 2.99114 15.5
      vertex 19.0505 4.32256 0.5
      vertex 19.0505 4.32256 15.5
    endloop
  endfacet
  facet normal 0.866024 -0.500002 0
    outer loop
      vertex 19.0505 4.32256 0.5
      vertex 18.2818 2.99114 15.5
      vertex 18.2818 2.99114 0.5
    endloop
  endfacet
  facet normal -0.353851 -0.204292 0.912718
    outer loop
      vertex -18.771 4.52564 15.9755
      vertex -18.0534 3.09282 15.933
      vertex -17.9662 3.13166 15.9755
    endloop
  endfacet
  facet normal -0.353901 -0.204317 0.912693
    outer loop
      vertex -18.0534 3.09282 15.933
      vertex -18.771 4.52564 15.9755
      vertex -18.8482 4.46951 15.933
    endloop
  endfacet
  facet normal -0.750873 -0.433473 0.498288
    outer loop
      vertex -19.0108 4.3514 15.7135
      vertex -18.1946 3.02998 15.7939
      vertex -18.9732 4.37869 15.7939
    endloop
  endfacet
  facet normal -0.75145 -0.433905 0.497041
    outer loop
      vertex -19.0155 4.34797 15.7034
      vertex -18.1946 3.02998 15.7939
      vertex -19.0108 4.3514 15.7135
    endloop
  endfacet
  facet normal -0.751118 -0.433649 0.497765
    outer loop
      vertex -18.1946 3.02998 15.7939
      vertex -19.0155 4.34797 15.7034
      vertex -18.2423 3.00872 15.7034
    endloop
  endfacet
  facet normal -0.353961 -0.204355 -0.912661
    outer loop
      vertex -18.0534 3.09282 0.066988
      vertex -18.771 4.52564 0.0244722
      vertex -17.9662 3.13166 0.0244722
    endloop
  endfacet
  facet normal -0.354011 -0.20438 -0.912636
    outer loop
      vertex -18.771 4.52564 0.0244722
      vertex -18.0534 3.09282 0.066988
      vertex -18.8482 4.46951 0.066988
    endloop
  endfacet
  facet normal -0.181015 -0.104508 -0.977912
    outer loop
      vertex -17.9662 3.13166 0.0244722
      vertex -18.6883 4.58574 0.00273991
      vertex -17.8728 3.17324 0.00273991
    endloop
  endfacet
  facet normal -0.181027 -0.104514 -0.977909
    outer loop
      vertex -18.6883 4.58574 0.00273991
      vertex -17.9662 3.13166 0.0244722
      vertex -18.771 4.52564 0.0244722
    endloop
  endfacet
  facet normal 0.750873 -0.433473 0.498288
    outer loop
      vertex 18.1946 3.02998 15.7939
      vertex 19.0108 4.3514 15.7135
      vertex 18.9732 4.37869 15.7939
    endloop
  endfacet
  facet normal 0.75145 -0.433905 0.497041
    outer loop
      vertex 18.1946 3.02998 15.7939
      vertex 19.0155 4.34797 15.7034
      vertex 19.0108 4.3514 15.7135
    endloop
  endfacet
  facet normal 0.751118 -0.433649 0.497765
    outer loop
      vertex 19.0155 4.34797 15.7034
      vertex 18.1946 3.02998 15.7939
      vertex 18.2423 3.00872 15.7034
    endloop
  endfacet
  facet normal 0.510347 -0.294652 0.807914
    outer loop
      vertex 18.8482 4.46951 15.933
      vertex 18.1307 3.05842 15.8716
      vertex 18.9167 4.4198 15.8716
    endloop
  endfacet
  facet normal 0.510488 -0.294718 0.807802
    outer loop
      vertex 18.1307 3.05842 15.8716
      vertex 18.8482 4.46951 15.933
      vertex 18.0534 3.09282 15.933
    endloop
  endfacet
  facet normal 0.645562 -0.372678 0.666603
    outer loop
      vertex 18.9167 4.4198 15.8716
      vertex 18.1946 3.02998 15.7939
      vertex 18.9732 4.37869 15.7939
    endloop
  endfacet
  facet normal 0.64524 -0.372533 0.666997
    outer loop
      vertex 18.1946 3.02998 15.7939
      vertex 18.9167 4.4198 15.8716
      vertex 18.1307 3.05842 15.8716
    endloop
  endfacet
  facet normal 0.510564 -0.294777 -0.807732
    outer loop
      vertex 18.1307 3.05842 0.128428
      vertex 18.8482 4.46951 0.066988
      vertex 18.9167 4.4198 0.128428
    endloop
  endfacet
  facet normal 0.510705 -0.294844 -0.807619
    outer loop
      vertex 18.8482 4.46951 0.066988
      vertex 18.1307 3.05842 0.128428
      vertex 18.0534 3.09282 0.066988
    endloop
  endfacet
  facet normal -0.645166 -0.37249 -0.667092
    outer loop
      vertex -18.1946 3.02998 0.206108
      vertex -18.9167 4.4198 0.128428
      vertex -18.1307 3.05842 0.128428
    endloop
  endfacet
  facet normal -0.645489 -0.372636 -0.666699
    outer loop
      vertex -18.9167 4.4198 0.128428
      vertex -18.1946 3.02998 0.206108
      vertex -18.9732 4.37869 0.206108
    endloop
  endfacet
  facet normal -0.750889 -0.433483 -0.498255
    outer loop
      vertex -18.1946 3.02998 0.206108
      vertex -19.0108 4.3514 0.286515
      vertex -18.9732 4.37869 0.206108
    endloop
  endfacet
  facet normal -0.75174 -0.43412 -0.496413
    outer loop
      vertex -18.1946 3.02998 0.206108
      vertex -19.0155 4.34797 0.296632
      vertex -19.0108 4.3514 0.286515
    endloop
  endfacet
  facet normal -0.751168 -0.433678 -0.497666
    outer loop
      vertex -19.0155 4.34797 0.296632
      vertex -18.1946 3.02998 0.206108
      vertex -18.2423 3.00872 0.296632
    endloop
  endfacet
  facet normal 0.354011 -0.20438 -0.912636
    outer loop
      vertex 18.0534 3.09282 0.066988
      vertex 18.771 4.52564 0.0244722
      vertex 18.8482 4.46951 0.066988
    endloop
  endfacet
  facet normal 0.353961 -0.204355 -0.912661
    outer loop
      vertex 18.771 4.52564 0.0244722
      vertex 18.0534 3.09282 0.066988
      vertex 17.9662 3.13166 0.0244722
    endloop
  endfacet
  facet normal 0.86135 -0.49734 0.103585
    outer loop
      vertex 18.2718 2.99558 15.604
      vertex 19.0505 4.32256 15.5
      vertex 19.0417 4.32898 15.604
    endloop
  endfacet
  facet normal 0.861323 -0.497288 0.10405
    outer loop
      vertex 19.0505 4.32256 15.5
      vertex 18.2718 2.99558 15.604
      vertex 18.2818 2.99114 15.5
    endloop
  endfacet
  facet normal -0.510705 -0.294844 -0.807619
    outer loop
      vertex -18.1307 3.05842 0.128428
      vertex -18.8482 4.46951 0.066988
      vertex -18.0534 3.09282 0.066988
    endloop
  endfacet
  facet normal -0.510564 -0.294777 -0.807732
    outer loop
      vertex -18.8482 4.46951 0.066988
      vertex -18.1307 3.05842 0.128428
      vertex -18.9167 4.4198 0.128428
    endloop
  endfacet
  facet normal -0.861346 -0.497338 -0.103629
    outer loop
      vertex -18.2718 2.99558 0.396045
      vertex -19.0505 4.32256 0.5
      vertex -19.0417 4.32898 0.396045
    endloop
  endfacet
  facet normal -0.861319 -0.497286 -0.104094
    outer loop
      vertex -19.0505 4.32256 0.5
      vertex -18.2718 2.99558 0.396045
      vertex -18.2818 2.99114 0.5
    endloop
  endfacet
  facet normal -0.181537 0.10481 0.977783
    outer loop
      vertex -5.46618 18.519 15.9755
      vertex -6.18828 17.0649 15.9973
      vertex -5.37278 18.4774 15.9973
    endloop
  endfacet
  facet normal -0.181536 0.104809 0.977783
    outer loop
      vertex -6.18828 17.0649 15.9973
      vertex -5.46618 18.519 15.9755
      vertex -6.271 17.125 15.9755
    endloop
  endfacet
  facet normal 0.75109 0.43366 0.497797
    outer loop
      vertex 5.69457 18.6207 15.7939
      vertex 6.51553 17.3027 15.7034
      vertex 5.74231 18.6419 15.7034
    endloop
  endfacet
  facet normal 0.750854 0.433478 0.498312
    outer loop
      vertex 6.51553 17.3027 15.7034
      vertex 5.69457 18.6207 15.7939
      vertex 6.47325 17.2719 15.7939
    endloop
  endfacet
  facet normal 0.823996 0.475699 0.3078
    outer loop
      vertex 5.74231 18.6419 15.7034
      vertex 6.54166 17.3216 15.604
      vertex 5.77182 18.6551 15.604
    endloop
  endfacet
  facet normal 0.824159 0.475849 0.307131
    outer loop
      vertex 6.54166 17.3216 15.604
      vertex 5.74231 18.6419 15.7034
      vertex 6.51553 17.3027 15.7034
    endloop
  endfacet
  facet normal -0.510873 0.29495 -0.807474
    outer loop
      vertex -6.34825 17.1811 0.066988
      vertex -5.63067 18.5922 0.128428
      vertex -5.55342 18.5578 0.066988
    endloop
  endfacet
  facet normal -0.510897 0.294961 -0.807454
    outer loop
      vertex -5.63067 18.5922 0.128428
      vertex -6.34825 17.1811 0.066988
      vertex -6.41666 17.2308 0.128428
    endloop
  endfacet
  facet normal 0.510897 0.294961 -0.807454
    outer loop
      vertex 6.34825 17.1811 0.066988
      vertex 5.63067 18.5922 0.128428
      vertex 6.41666 17.2308 0.128428
    endloop
  endfacet
  facet normal 0.510873 0.29495 -0.807474
    outer loop
      vertex 5.63067 18.5922 0.128428
      vertex 6.34825 17.1811 0.066988
      vertex 5.55342 18.5578 0.066988
    endloop
  endfacet
  facet normal -0.823996 0.475699 0.3078
    outer loop
      vertex -6.54166 17.3216 15.604
      vertex -5.74231 18.6419 15.7034
      vertex -5.77182 18.6551 15.604
    endloop
  endfacet
  facet normal -0.824159 0.475849 0.307131
    outer loop
      vertex -5.74231 18.6419 15.7034
      vertex -6.54166 17.3216 15.604
      vertex -6.51553 17.3027 15.7034
    endloop
  endfacet
  facet normal -0.861352 0.497312 0.103697
    outer loop
      vertex -6.5505 17.3281 15.5
      vertex -5.77182 18.6551 15.604
      vertex -5.7818 18.6595 15.5
    endloop
  endfacet
  facet normal -0.861319 0.497246 0.10429
    outer loop
      vertex -5.77182 18.6551 15.604
      vertex -6.5505 17.3281 15.5
      vertex -6.54166 17.3216 15.604
    endloop
  endfacet
  facet normal -0.64512 0.372453 0.667157
    outer loop
      vertex -5.69457 18.6207 15.7939
      vertex -6.41666 17.2308 15.8716
      vertex -5.63067 18.5922 15.8716
    endloop
  endfacet
  facet normal -0.645255 0.372514 0.666993
    outer loop
      vertex -6.41666 17.2308 15.8716
      vertex -5.69457 18.6207 15.7939
      vertex -6.47325 17.2719 15.7939
    endloop
  endfacet
  facet normal 0.645255 0.372514 0.666993
    outer loop
      vertex 5.69457 18.6207 15.7939
      vertex 6.41666 17.2308 15.8716
      vertex 6.47325 17.2719 15.7939
    endloop
  endfacet
  facet normal 0.64512 0.372453 0.667157
    outer loop
      vertex 6.41666 17.2308 15.8716
      vertex 5.69457 18.6207 15.7939
      vertex 5.63067 18.5922 15.8716
    endloop
  endfacet
  facet normal 0.861352 0.497312 0.103697
    outer loop
      vertex 5.77182 18.6551 15.604
      vertex 6.5505 17.3281 15.5
      vertex 5.7818 18.6595 15.5
    endloop
  endfacet
  facet normal 0.861319 0.497246 0.10429
    outer loop
      vertex 6.5505 17.3281 15.5
      vertex 5.77182 18.6551 15.604
      vertex 6.54166 17.3216 15.604
    endloop
  endfacet
  facet normal -0.75109 0.43366 0.497797
    outer loop
      vertex -6.51553 17.3027 15.7034
      vertex -5.69457 18.6207 15.7939
      vertex -5.74231 18.6419 15.7034
    endloop
  endfacet
  facet normal -0.750854 0.433478 0.498312
    outer loop
      vertex -5.69457 18.6207 15.7939
      vertex -6.51553 17.3027 15.7034
      vertex -6.47325 17.2719 15.7939
    endloop
  endfacet
  facet normal -0.510656 0.294824 0.807657
    outer loop
      vertex -5.63067 18.5922 15.8716
      vertex -6.34825 17.1811 15.933
      vertex -5.55342 18.5578 15.933
    endloop
  endfacet
  facet normal -0.51068 0.294836 0.807637
    outer loop
      vertex -6.34825 17.1811 15.933
      vertex -5.63067 18.5922 15.8716
      vertex -6.41666 17.2308 15.8716
    endloop
  endfacet
  facet normal 0.861348 0.49731 -0.103741
    outer loop
      vertex 6.5505 17.3281 0.5
      vertex 5.77182 18.6551 0.396045
      vertex 5.7818 18.6595 0.5
    endloop
  endfacet
  facet normal 0.861315 0.497244 -0.104335
    outer loop
      vertex 5.77182 18.6551 0.396045
      vertex 6.5505 17.3281 0.5
      vertex 6.54166 17.3216 0.396045
    endloop
  endfacet
  facet normal 0.75114 0.433689 -0.497698
    outer loop
      vertex 6.51553 17.3027 0.296632
      vertex 5.69457 18.6207 0.206108
      vertex 5.74231 18.6419 0.296632
    endloop
  endfacet
  facet normal 0.750904 0.433507 -0.498213
    outer loop
      vertex 5.69457 18.6207 0.206108
      vertex 6.51553 17.3027 0.296632
      vertex 6.47325 17.2719 0.206108
    endloop
  endfacet
  facet normal -0.180998 0.104498 -0.977916
    outer loop
      vertex -6.18828 17.0649 0.00273991
      vertex -5.46618 18.519 0.0244722
      vertex -5.37278 18.4774 0.00273991
    endloop
  endfacet
  facet normal -0.180997 0.104498 -0.977916
    outer loop
      vertex -5.46618 18.519 0.0244722
      vertex -6.18828 17.0649 0.00273991
      vertex -6.271 17.125 0.0244722
    endloop
  endfacet
  facet normal -0.861348 0.49731 -0.103741
    outer loop
      vertex -5.77182 18.6551 0.396045
      vertex -6.5505 17.3281 0.5
      vertex -5.7818 18.6595 0.5
    endloop
  endfacet
  facet normal -0.861315 0.497244 -0.104335
    outer loop
      vertex -6.5505 17.3281 0.5
      vertex -5.77182 18.6551 0.396045
      vertex -6.54166 17.3216 0.396045
    endloop
  endfacet
  facet normal -0.866021 0.500008 0
    outer loop
      vertex -6.5505 17.3281 0.5
      vertex -5.7818 18.6595 15.5
      vertex -5.7818 18.6595 0.5
    endloop
  endfacet
  facet normal -0.866021 0.500008 0
    outer loop
      vertex -5.7818 18.6595 15.5
      vertex -6.5505 17.3281 0.5
      vertex -6.5505 17.3281 15.5
    endloop
  endfacet
  facet normal 0.51068 0.294836 0.807637
    outer loop
      vertex 5.63067 18.5922 15.8716
      vertex 6.34825 17.1811 15.933
      vertex 6.41666 17.2308 15.8716
    endloop
  endfacet
  facet normal 0.510656 0.294824 0.807657
    outer loop
      vertex 6.34825 17.1811 15.933
      vertex 5.63067 18.5922 15.8716
      vertex 5.55342 18.5578 15.933
    endloop
  endfacet
  facet normal -0.353805 0.204268 0.912741
    outer loop
      vertex -5.55342 18.5578 15.933
      vertex -6.271 17.125 15.9755
      vertex -5.46618 18.519 15.9755
    endloop
  endfacet
  facet normal -0.35381 0.20427 0.912739
    outer loop
      vertex -6.271 17.125 15.9755
      vertex -5.55342 18.5578 15.933
      vertex -6.34825 17.1811 15.933
    endloop
  endfacet
  facet normal -0.645046 0.372411 -0.667252
    outer loop
      vertex -6.41666 17.2308 0.128428
      vertex -5.69457 18.6207 0.206108
      vertex -5.63067 18.5922 0.128428
    endloop
  endfacet
  facet normal -0.645181 0.372472 -0.667088
    outer loop
      vertex -5.69457 18.6207 0.206108
      vertex -6.41666 17.2308 0.128428
      vertex -6.47325 17.2719 0.206108
    endloop
  endfacet
  facet normal -0.824006 0.475705 -0.307764
    outer loop
      vertex -5.74231 18.6419 0.296632
      vertex -6.54166 17.3216 0.396045
      vertex -5.77182 18.6551 0.396045
    endloop
  endfacet
  facet normal -0.82417 0.475855 -0.307095
    outer loop
      vertex -6.54166 17.3216 0.396045
      vertex -5.74231 18.6419 0.296632
      vertex -6.51553 17.3027 0.296632
    endloop
  endfacet
  facet normal 0.645181 0.372472 -0.667088
    outer loop
      vertex 6.41666 17.2308 0.128428
      vertex 5.69457 18.6207 0.206108
      vertex 6.47325 17.2719 0.206108
    endloop
  endfacet
  facet normal 0.645046 0.372411 -0.667252
    outer loop
      vertex 5.69457 18.6207 0.206108
      vertex 6.41666 17.2308 0.128428
      vertex 5.63067 18.5922 0.128428
    endloop
  endfacet
  facet normal 0.824006 0.475705 -0.307764
    outer loop
      vertex 6.54166 17.3216 0.396045
      vertex 5.74231 18.6419 0.296632
      vertex 5.77182 18.6551 0.396045
    endloop
  endfacet
  facet normal 0.82417 0.475855 -0.307095
    outer loop
      vertex 5.74231 18.6419 0.296632
      vertex 6.54166 17.3216 0.396045
      vertex 6.51553 17.3027 0.296632
    endloop
  endfacet
  facet normal 0.35392 0.204334 -0.912682
    outer loop
      vertex 6.271 17.125 0.0244722
      vertex 5.55342 18.5578 0.066988
      vertex 6.34825 17.1811 0.066988
    endloop
  endfacet
  facet normal 0.353914 0.204331 -0.912685
    outer loop
      vertex 5.55342 18.5578 0.066988
      vertex 6.271 17.125 0.0244722
      vertex 5.46618 18.519 0.0244722
    endloop
  endfacet
  facet normal -0.353914 0.204331 -0.912685
    outer loop
      vertex -6.271 17.125 0.0244722
      vertex -5.55342 18.5578 0.066988
      vertex -5.46618 18.519 0.0244722
    endloop
  endfacet
  facet normal -0.35392 0.204334 -0.912682
    outer loop
      vertex -5.55342 18.5578 0.066988
      vertex -6.271 17.125 0.0244722
      vertex -6.34825 17.1811 0.066988
    endloop
  endfacet
  facet normal 0.181536 0.104809 0.977783
    outer loop
      vertex 5.46618 18.519 15.9755
      vertex 6.18828 17.0649 15.9973
      vertex 6.271 17.125 15.9755
    endloop
  endfacet
  facet normal 0.181537 0.10481 0.977783
    outer loop
      vertex 6.18828 17.0649 15.9973
      vertex 5.46618 18.519 15.9755
      vertex 5.37278 18.4774 15.9973
    endloop
  endfacet
  facet normal -0.75114 0.433689 -0.497698
    outer loop
      vertex -5.69457 18.6207 0.206108
      vertex -6.51553 17.3027 0.296632
      vertex -5.74231 18.6419 0.296632
    endloop
  endfacet
  facet normal -0.750904 0.433507 -0.498213
    outer loop
      vertex -6.51553 17.3027 0.296632
      vertex -5.69457 18.6207 0.206108
      vertex -6.47325 17.2719 0.206108
    endloop
  endfacet
  facet normal 0.35381 0.20427 0.912739
    outer loop
      vertex 5.55342 18.5578 15.933
      vertex 6.271 17.125 15.9755
      vertex 6.34825 17.1811 15.933
    endloop
  endfacet
  facet normal 0.353805 0.204268 0.912741
    outer loop
      vertex 6.271 17.125 15.9755
      vertex 5.55342 18.5578 15.933
      vertex 5.46618 18.519 15.9755
    endloop
  endfacet
  facet normal 0.866021 0.500008 0
    outer loop
      vertex 6.5505 17.3281 15.5
      vertex 5.7818 18.6595 0.5
      vertex 5.7818 18.6595 15.5
    endloop
  endfacet
  facet normal 0.866021 0.500008 0
    outer loop
      vertex 5.7818 18.6595 0.5
      vertex 6.5505 17.3281 15.5
      vertex 6.5505 17.3281 0.5
    endloop
  endfacet
  facet normal 0.180997 0.104498 -0.977916
    outer loop
      vertex 6.18828 17.0649 0.00273991
      vertex 5.46618 18.519 0.0244722
      vertex 6.271 17.125 0.0244722
    endloop
  endfacet
  facet normal 0.180998 0.104498 -0.977916
    outer loop
      vertex 5.46618 18.519 0.0244722
      vertex 6.18828 17.0649 0.00273991
      vertex 5.37278 18.4774 0.00273991
    endloop
  endfacet
  facet normal 0.155298 0.139829 -0.977922
    outer loop
      vertex 7.27963 15.8528 0.00273991
      vertex 6.271 17.125 0.0244722
      vertex 7.34805 15.9288 0.0244722
    endloop
  endfacet
  facet normal 0.155316 0.139844 -0.977916
    outer loop
      vertex 6.271 17.125 0.0244722
      vertex 7.27963 15.8528 0.00273991
      vertex 6.18828 17.0649 0.00273991
    endloop
  endfacet
  facet normal -0.743142 0.669134 0
    outer loop
      vertex -7.57922 16.1856 0.5
      vertex -6.5505 17.3281 15.5
      vertex -6.5505 17.3281 0.5
    endloop
  endfacet
  facet normal -0.743142 0.669134 0
    outer loop
      vertex -6.5505 17.3281 15.5
      vertex -7.57922 16.1856 0.5
      vertex -7.57922 16.1856 15.5
    endloop
  endfacet
  facet normal -0.739077 0.665473 -0.104459
    outer loop
      vertex -6.54166 17.3216 0.396045
      vertex -7.57922 16.1856 0.5
      vertex -6.5505 17.3281 0.5
    endloop
  endfacet
  facet normal -0.739079 0.665481 -0.104393
    outer loop
      vertex -7.57922 16.1856 0.5
      vertex -6.54166 17.3216 0.396045
      vertex -7.57192 16.1774 0.396045
    endloop
  endfacet
  facet normal 0.15576 0.140246 0.977788
    outer loop
      vertex 6.271 17.125 15.9755
      vertex 7.27963 15.8528 15.9973
      vertex 7.34805 15.9288 15.9755
    endloop
  endfacet
  facet normal 0.155779 0.14026 0.977783
    outer loop
      vertex 7.27963 15.8528 15.9973
      vertex 6.271 17.125 15.9755
      vertex 6.18828 17.0649 15.9973
    endloop
  endfacet
  facet normal 0.303596 0.27337 -0.912742
    outer loop
      vertex 7.34805 15.9288 0.0244722
      vertex 6.34825 17.1811 0.066988
      vertex 7.41194 15.9998 0.066988
    endloop
  endfacet
  facet normal 0.303714 0.273462 -0.912675
    outer loop
      vertex 6.34825 17.1811 0.066988
      vertex 7.34805 15.9288 0.0244722
      vertex 6.271 17.125 0.0244722
    endloop
  endfacet
  facet normal 0.73908 0.665476 0.104414
    outer loop
      vertex 6.54166 17.3216 15.604
      vertex 7.57922 16.1856 15.5
      vertex 6.5505 17.3281 15.5
    endloop
  endfacet
  facet normal 0.739082 0.665484 0.104349
    outer loop
      vertex 7.57922 16.1856 15.5
      vertex 6.54166 17.3216 15.604
      vertex 7.57192 16.1774 15.604
    endloop
  endfacet
  facet normal -0.303714 0.273462 -0.912675
    outer loop
      vertex -7.34805 15.9288 0.0244722
      vertex -6.34825 17.1811 0.066988
      vertex -6.271 17.125 0.0244722
    endloop
  endfacet
  facet normal -0.303596 0.27337 -0.912742
    outer loop
      vertex -6.34825 17.1811 0.066988
      vertex -7.34805 15.9288 0.0244722
      vertex -7.41194 15.9998 0.066988
    endloop
  endfacet
  facet normal 0.707251 0.636823 0.307006
    outer loop
      vertex 6.51553 17.3027 15.7034
      vertex 7.57192 16.1774 15.604
      vertex 6.54166 17.3216 15.604
    endloop
  endfacet
  facet normal 0.707149 0.636681 0.307534
    outer loop
      vertex 7.57192 16.1774 15.604
      vertex 6.51553 17.3027 15.7034
      vertex 7.5503 16.1534 15.7034
    endloop
  endfacet
  facet normal 0.739077 0.665473 -0.104459
    outer loop
      vertex 7.57922 16.1856 0.5
      vertex 6.54166 17.3216 0.396045
      vertex 6.5505 17.3281 0.5
    endloop
  endfacet
  facet normal 0.739079 0.665481 -0.104393
    outer loop
      vertex 6.54166 17.3216 0.396045
      vertex 7.57922 16.1856 0.5
      vertex 7.57192 16.1774 0.396045
    endloop
  endfacet
  facet normal 0.644279 0.580076 0.498414
    outer loop
      vertex 6.47325 17.2719 15.7939
      vertex 7.5503 16.1534 15.7034
      vertex 6.51553 17.3027 15.7034
    endloop
  endfacet
  facet normal 0.644494 0.580328 0.497842
    outer loop
      vertex 7.5503 16.1534 15.7034
      vertex 6.47325 17.2719 15.7939
      vertex 7.51533 16.1146 15.7939
    endloop
  endfacet
  facet normal 0.553624 0.498506 0.667077
    outer loop
      vertex 6.47325 17.2719 15.7939
      vertex 7.46853 16.0626 15.8716
      vertex 7.51533 16.1146 15.7939
    endloop
  endfacet
  facet normal 0.553695 0.498558 0.66698
    outer loop
      vertex 7.46853 16.0626 15.8716
      vertex 6.47325 17.2719 15.7939
      vertex 6.41666 17.2308 15.8716
    endloop
  endfacet
  facet normal -0.155779 0.14026 0.977783
    outer loop
      vertex -6.271 17.125 15.9755
      vertex -7.27963 15.8528 15.9973
      vertex -6.18828 17.0649 15.9973
    endloop
  endfacet
  facet normal -0.15576 0.140246 0.977788
    outer loop
      vertex -7.27963 15.8528 15.9973
      vertex -6.271 17.125 15.9755
      vertex -7.34805 15.9288 15.9755
    endloop
  endfacet
  facet normal -0.73908 0.665476 0.104414
    outer loop
      vertex -7.57922 16.1856 15.5
      vertex -6.54166 17.3216 15.604
      vertex -6.5505 17.3281 15.5
    endloop
  endfacet
  facet normal -0.739082 0.665484 0.104349
    outer loop
      vertex -6.54166 17.3216 15.604
      vertex -7.57922 16.1856 15.5
      vertex -7.57192 16.1774 15.604
    endloop
  endfacet
  facet normal 0.303502 0.273285 0.912799
    outer loop
      vertex 6.34825 17.1811 15.933
      vertex 7.34805 15.9288 15.9755
      vertex 7.41194 15.9998 15.933
    endloop
  endfacet
  facet normal 0.30362 0.273377 0.912732
    outer loop
      vertex 7.34805 15.9288 15.9755
      vertex 6.34825 17.1811 15.933
      vertex 6.271 17.125 15.9755
    endloop
  endfacet
  facet normal 0.438277 0.394634 0.807575
    outer loop
      vertex 6.41666 17.2308 15.8716
      vertex 7.41194 15.9998 15.933
      vertex 7.46853 16.0626 15.8716
    endloop
  endfacet
  facet normal 0.438211 0.394583 0.807635
    outer loop
      vertex 7.41194 15.9998 15.933
      vertex 6.41666 17.2308 15.8716
      vertex 6.34825 17.1811 15.933
    endloop
  endfacet
  facet normal -0.155316 0.139844 -0.977916
    outer loop
      vertex -7.27963 15.8528 0.00273991
      vertex -6.271 17.125 0.0244722
      vertex -6.18828 17.0649 0.00273991
    endloop
  endfacet
  facet normal -0.155298 0.139829 -0.977922
    outer loop
      vertex -6.271 17.125 0.0244722
      vertex -7.27963 15.8528 0.00273991
      vertex -7.34805 15.9288 0.0244722
    endloop
  endfacet
  facet normal -0.707251 0.636823 0.307006
    outer loop
      vertex -7.57192 16.1774 15.604
      vertex -6.51553 17.3027 15.7034
      vertex -6.54166 17.3216 15.604
    endloop
  endfacet
  facet normal -0.707149 0.636681 0.307534
    outer loop
      vertex -6.51553 17.3027 15.7034
      vertex -7.57192 16.1774 15.604
      vertex -7.5503 16.1534 15.7034
    endloop
  endfacet
  facet normal -0.644279 0.580076 0.498414
    outer loop
      vertex -7.5503 16.1534 15.7034
      vertex -6.47325 17.2719 15.7939
      vertex -6.51553 17.3027 15.7034
    endloop
  endfacet
  facet normal -0.644494 0.580328 0.497842
    outer loop
      vertex -6.47325 17.2719 15.7939
      vertex -7.5503 16.1534 15.7034
      vertex -7.51533 16.1146 15.7939
    endloop
  endfacet
  facet normal -0.70726 0.636831 -0.30697
    outer loop
      vertex -6.51553 17.3027 0.296632
      vertex -7.57192 16.1774 0.396045
      vertex -6.54166 17.3216 0.396045
    endloop
  endfacet
  facet normal -0.707158 0.636689 -0.307498
    outer loop
      vertex -7.57192 16.1774 0.396045
      vertex -6.51553 17.3027 0.296632
      vertex -7.5503 16.1534 0.296632
    endloop
  endfacet
  facet normal 0.70726 0.636831 -0.30697
    outer loop
      vertex 7.57192 16.1774 0.396045
      vertex 6.51553 17.3027 0.296632
      vertex 6.54166 17.3216 0.396045
    endloop
  endfacet
  facet normal 0.707158 0.636689 -0.307498
    outer loop
      vertex 6.51553 17.3027 0.296632
      vertex 7.57192 16.1774 0.396045
      vertex 7.5503 16.1534 0.296632
    endloop
  endfacet
  facet normal -0.553695 0.498558 0.66698
    outer loop
      vertex -6.47325 17.2719 15.7939
      vertex -7.46853 16.0626 15.8716
      vertex -6.41666 17.2308 15.8716
    endloop
  endfacet
  facet normal -0.553624 0.498506 0.667077
    outer loop
      vertex -7.46853 16.0626 15.8716
      vertex -6.47325 17.2719 15.7939
      vertex -7.51533 16.1146 15.7939
    endloop
  endfacet
  facet normal -0.30362 0.273377 0.912732
    outer loop
      vertex -6.34825 17.1811 15.933
      vertex -7.34805 15.9288 15.9755
      vertex -6.271 17.125 15.9755
    endloop
  endfacet
  facet normal -0.303502 0.273285 0.912799
    outer loop
      vertex -7.34805 15.9288 15.9755
      vertex -6.34825 17.1811 15.933
      vertex -7.41194 15.9998 15.933
    endloop
  endfacet
  facet normal -0.438211 0.394583 0.807635
    outer loop
      vertex -6.41666 17.2308 15.8716
      vertex -7.41194 15.9998 15.933
      vertex -6.34825 17.1811 15.933
    endloop
  endfacet
  facet normal -0.438277 0.394634 0.807575
    outer loop
      vertex -7.41194 15.9998 15.933
      vertex -6.41666 17.2308 15.8716
      vertex -7.46853 16.0626 15.8716
    endloop
  endfacet
  facet normal -0.438397 0.394751 -0.807452
    outer loop
      vertex -7.41194 15.9998 0.066988
      vertex -6.41666 17.2308 0.128428
      vertex -6.34825 17.1811 0.066988
    endloop
  endfacet
  facet normal -0.438464 0.394801 -0.807392
    outer loop
      vertex -6.41666 17.2308 0.128428
      vertex -7.41194 15.9998 0.066988
      vertex -7.46853 16.0626 0.128428
    endloop
  endfacet
  facet normal -0.553632 0.498501 -0.667075
    outer loop
      vertex -7.46853 16.0626 0.128428
      vertex -6.47325 17.2719 0.206108
      vertex -6.41666 17.2308 0.128428
    endloop
  endfacet
  facet normal -0.553561 0.498449 -0.667173
    outer loop
      vertex -6.47325 17.2719 0.206108
      vertex -7.46853 16.0626 0.128428
      vertex -7.51533 16.1146 0.206108
    endloop
  endfacet
  facet normal -0.644322 0.580114 -0.498315
    outer loop
      vertex -6.47325 17.2719 0.206108
      vertex -7.5503 16.1534 0.296632
      vertex -6.51553 17.3027 0.296632
    endloop
  endfacet
  facet normal -0.644536 0.580367 -0.497743
    outer loop
      vertex -7.5503 16.1534 0.296632
      vertex -6.47325 17.2719 0.206108
      vertex -7.51533 16.1146 0.206108
    endloop
  endfacet
  facet normal 0.438464 0.394801 -0.807392
    outer loop
      vertex 7.41194 15.9998 0.066988
      vertex 6.41666 17.2308 0.128428
      vertex 7.46853 16.0626 0.128428
    endloop
  endfacet
  facet normal 0.438397 0.394751 -0.807452
    outer loop
      vertex 6.41666 17.2308 0.128428
      vertex 7.41194 15.9998 0.066988
      vertex 6.34825 17.1811 0.066988
    endloop
  endfacet
  facet normal 0.743142 0.669134 0
    outer loop
      vertex 7.57922 16.1856 15.5
      vertex 6.5505 17.3281 0.5
      vertex 6.5505 17.3281 15.5
    endloop
  endfacet
  facet normal 0.743142 0.669134 0
    outer loop
      vertex 6.5505 17.3281 0.5
      vertex 7.57922 16.1856 15.5
      vertex 7.57922 16.1856 0.5
    endloop
  endfacet
  facet normal 0.553561 0.498449 -0.667173
    outer loop
      vertex 7.46853 16.0626 0.128428
      vertex 6.47325 17.2719 0.206108
      vertex 7.51533 16.1146 0.206108
    endloop
  endfacet
  facet normal 0.553632 0.498501 -0.667075
    outer loop
      vertex 6.47325 17.2719 0.206108
      vertex 7.46853 16.0626 0.128428
      vertex 6.41666 17.2308 0.128428
    endloop
  endfacet
  facet normal 0.644322 0.580114 -0.498315
    outer loop
      vertex 7.5503 16.1534 0.296632
      vertex 6.47325 17.2719 0.206108
      vertex 6.51553 17.3027 0.296632
    endloop
  endfacet
  facet normal 0.644536 0.580367 -0.497743
    outer loop
      vertex 6.47325 17.2719 0.206108
      vertex 7.5503 16.1534 0.296632
      vertex 7.51533 16.1146 0.206108
    endloop
  endfacet
  facet normal -0.30296 0.680457 -0.667228
    outer loop
      vertex -10.1764 14.4992 0.128428
      vertex -8.77526 15.1992 0.206108
      vertex -8.74029 15.1386 0.128428
    endloop
  endfacet
  facet normal -0.302857 0.680277 -0.667458
    outer loop
      vertex -8.77526 15.1992 0.206108
      vertex -10.1764 14.4992 0.128428
      vertex -10.198 14.5658 0.206108
    endloop
  endfacet
  facet normal -0.406726 0.91355 0
    outer loop
      vertex -8.82301 15.2819 0.5
      vertex -10.2275 14.6566 15.5
      vertex -8.82301 15.2819 15.5
    endloop
  endfacet
  facet normal -0.406726 0.91355 0
    outer loop
      vertex -10.2275 14.6566 15.5
      vertex -8.82301 15.2819 0.5
      vertex -10.2275 14.6566 0.5
    endloop
  endfacet
  facet normal -0.302995 0.680535 0.667132
    outer loop
      vertex -8.77526 15.1992 15.7939
      vertex -10.1764 14.4992 15.8716
      vertex -8.74029 15.1386 15.8716
    endloop
  endfacet
  facet normal -0.302892 0.680355 0.667363
    outer loop
      vertex -10.1764 14.4992 15.8716
      vertex -8.77526 15.1992 15.7939
      vertex -10.198 14.5658 15.7939
    endloop
  endfacet
  facet normal 0.387023 0.869324 -0.307389
    outer loop
      vertex 10.2141 14.6155 0.296632
      vertex 8.81754 15.2724 0.396045
      vertex 10.2241 14.6462 0.396045
    endloop
  endfacet
  facet normal 0.387119 0.869455 -0.306899
    outer loop
      vertex 8.81754 15.2724 0.396045
      vertex 10.2141 14.6155 0.296632
      vertex 8.80139 15.2445 0.296632
    endloop
  endfacet
  facet normal -0.352626 0.792066 0.498284
    outer loop
      vertex -8.80139 15.2445 15.7034
      vertex -10.198 14.5658 15.7939
      vertex -8.77526 15.1992 15.7939
    endloop
  endfacet
  facet normal -0.352757 0.792279 0.497852
    outer loop
      vertex -10.198 14.5658 15.7939
      vertex -8.80139 15.2445 15.7034
      vertex -10.2141 14.6155 15.7034
    endloop
  endfacet
  facet normal -0.0852164 0.19142 0.977802
    outer loop
      vertex -8.65026 14.9827 15.9755
      vertex -10.0891 14.2308 15.9973
      vertex -8.59914 14.8941 15.9973
    endloop
  endfacet
  facet normal -0.0852924 0.191565 0.977767
    outer loop
      vertex -10.0891 14.2308 15.9973
      vertex -8.65026 14.9827 15.9755
      vertex -10.1207 14.328 15.9755
    endloop
  endfacet
  facet normal -0.387114 0.869444 0.306935
    outer loop
      vertex -8.81754 15.2724 15.604
      vertex -10.2141 14.6155 15.7034
      vertex -8.80139 15.2445 15.7034
    endloop
  endfacet
  facet normal -0.387018 0.869314 0.307426
    outer loop
      vertex -10.2141 14.6155 15.7034
      vertex -8.81754 15.2724 15.604
      vertex -10.2241 14.6462 15.604
    endloop
  endfacet
  facet normal 0.239927 0.538882 -0.807491
    outer loop
      vertex 10.1502 14.4188 0.066988
      vertex 8.74029 15.1386 0.128428
      vertex 10.1764 14.4992 0.128428
    endloop
  endfacet
  facet normal 0.240008 0.539031 -0.807367
    outer loop
      vertex 8.74029 15.1386 0.128428
      vertex 10.1502 14.4188 0.066988
      vertex 8.69801 15.0654 0.066988
    endloop
  endfacet
  facet normal -0.404496 0.908571 -0.104315
    outer loop
      vertex -10.2241 14.6462 0.396045
      vertex -8.82301 15.2819 0.5
      vertex -8.81754 15.2724 0.396045
    endloop
  endfacet
  facet normal -0.404515 0.908584 -0.104128
    outer loop
      vertex -8.82301 15.2819 0.5
      vertex -10.2241 14.6462 0.396045
      vertex -10.2275 14.6566 0.5
    endloop
  endfacet
  facet normal -0.404498 0.908576 0.10427
    outer loop
      vertex -8.82301 15.2819 15.5
      vertex -10.2241 14.6462 15.604
      vertex -8.81754 15.2724 15.604
    endloop
  endfacet
  facet normal -0.404517 0.908588 0.104083
    outer loop
      vertex -10.2241 14.6462 15.604
      vertex -8.82301 15.2819 15.5
      vertex -10.2275 14.6566 15.5
    endloop
  endfacet
  facet normal 0.166233 0.373341 -0.912679
    outer loop
      vertex 10.1207 14.328 0.0244722
      vertex 8.69801 15.0654 0.066988
      vertex 10.1502 14.4188 0.066988
    endloop
  endfacet
  facet normal 0.166194 0.373267 -0.912717
    outer loop
      vertex 8.69801 15.0654 0.066988
      vertex 10.1207 14.328 0.0244722
      vertex 8.65026 14.9827 0.0244722
    endloop
  endfacet
  facet normal 0.404517 0.908588 0.104083
    outer loop
      vertex 8.82301 15.2819 15.5
      vertex 10.2241 14.6462 15.604
      vertex 10.2275 14.6566 15.5
    endloop
  endfacet
  facet normal 0.404498 0.908576 0.10427
    outer loop
      vertex 10.2241 14.6462 15.604
      vertex 8.82301 15.2819 15.5
      vertex 8.81754 15.2724 15.604
    endloop
  endfacet
  facet normal -0.239906 0.538802 0.80755
    outer loop
      vertex -8.74029 15.1386 15.8716
      vertex -10.1502 14.4188 15.933
      vertex -8.69801 15.0654 15.933
    endloop
  endfacet
  facet normal -0.239825 0.538653 0.807673
    outer loop
      vertex -10.1502 14.4188 15.933
      vertex -8.74029 15.1386 15.8716
      vertex -10.1764 14.4992 15.8716
    endloop
  endfacet
  facet normal 0.406726 0.91355 -0
    outer loop
      vertex 10.2275 14.6566 0.5
      vertex 8.82301 15.2819 15.5
      vertex 10.2275 14.6566 15.5
    endloop
  endfacet
  facet normal 0.406726 0.91355 0
    outer loop
      vertex 8.82301 15.2819 15.5
      vertex 10.2275 14.6566 0.5
      vertex 8.82301 15.2819 0.5
    endloop
  endfacet
  facet normal 0.0850391 0.190996 -0.9779
    outer loop
      vertex 10.0891 14.2308 0.00273991
      vertex 8.65026 14.9827 0.0244722
      vertex 10.1207 14.328 0.0244722
    endloop
  endfacet
  facet normal 0.0849632 0.190852 -0.977935
    outer loop
      vertex 8.65026 14.9827 0.0244722
      vertex 10.0891 14.2308 0.00273991
      vertex 8.59914 14.8941 0.00273991
    endloop
  endfacet
  facet normal -0.387119 0.869455 -0.306899
    outer loop
      vertex -10.2141 14.6155 0.296632
      vertex -8.81754 15.2724 0.396045
      vertex -8.80139 15.2445 0.296632
    endloop
  endfacet
  facet normal -0.387023 0.869324 -0.307389
    outer loop
      vertex -8.81754 15.2724 0.396045
      vertex -10.2141 14.6155 0.296632
      vertex -10.2241 14.6462 0.396045
    endloop
  endfacet
  facet normal -0.166142 0.373151 0.912773
    outer loop
      vertex -8.69801 15.0654 15.933
      vertex -10.1207 14.328 15.9755
      vertex -8.65026 14.9827 15.9755
    endloop
  endfacet
  facet normal -0.166182 0.373226 0.912736
    outer loop
      vertex -10.1207 14.328 15.9755
      vertex -8.69801 15.0654 15.933
      vertex -10.1502 14.4188 15.933
    endloop
  endfacet
  facet normal 0.35278 0.792331 -0.497753
    outer loop
      vertex 10.198 14.5658 0.206108
      vertex 8.80139 15.2445 0.296632
      vertex 10.2141 14.6155 0.296632
    endloop
  endfacet
  facet normal 0.352649 0.792118 -0.498185
    outer loop
      vertex 8.80139 15.2445 0.296632
      vertex 10.198 14.5658 0.206108
      vertex 8.77526 15.1992 0.206108
    endloop
  endfacet
  facet normal 0.302857 0.680277 -0.667458
    outer loop
      vertex 10.1764 14.4992 0.128428
      vertex 8.77526 15.1992 0.206108
      vertex 10.198 14.5658 0.206108
    endloop
  endfacet
  facet normal 0.30296 0.680457 -0.667228
    outer loop
      vertex 8.77526 15.1992 0.206108
      vertex 10.1764 14.4992 0.128428
      vertex 8.74029 15.1386 0.128428
    endloop
  endfacet
  facet normal -0.0849632 0.190852 -0.977935
    outer loop
      vertex -10.0891 14.2308 0.00273991
      vertex -8.65026 14.9827 0.0244722
      vertex -8.59914 14.8941 0.00273991
    endloop
  endfacet
  facet normal -0.0850391 0.190996 -0.9779
    outer loop
      vertex -8.65026 14.9827 0.0244722
      vertex -10.0891 14.2308 0.00273991
      vertex -10.1207 14.328 0.0244722
    endloop
  endfacet
  facet normal -0.240008 0.539031 -0.807367
    outer loop
      vertex -10.1502 14.4188 0.066988
      vertex -8.74029 15.1386 0.128428
      vertex -8.69801 15.0654 0.066988
    endloop
  endfacet
  facet normal -0.239927 0.538882 -0.807491
    outer loop
      vertex -8.74029 15.1386 0.128428
      vertex -10.1502 14.4188 0.066988
      vertex -10.1764 14.4992 0.128428
    endloop
  endfacet
  facet normal 0.404515 0.908584 -0.104128
    outer loop
      vertex 10.2241 14.6462 0.396045
      vertex 8.82301 15.2819 0.5
      vertex 10.2275 14.6566 0.5
    endloop
  endfacet
  facet normal 0.404496 0.908571 -0.104315
    outer loop
      vertex 8.82301 15.2819 0.5
      vertex 10.2241 14.6462 0.396045
      vertex 8.81754 15.2724 0.396045
    endloop
  endfacet
  facet normal -0.352649 0.792118 -0.498185
    outer loop
      vertex -10.198 14.5658 0.206108
      vertex -8.80139 15.2445 0.296632
      vertex -8.77526 15.1992 0.206108
    endloop
  endfacet
  facet normal -0.35278 0.792331 -0.497753
    outer loop
      vertex -8.80139 15.2445 0.296632
      vertex -10.198 14.5658 0.206108
      vertex -10.2141 14.6155 0.296632
    endloop
  endfacet
  facet normal -0.166194 0.373267 -0.912717
    outer loop
      vertex -10.1207 14.328 0.0244722
      vertex -8.69801 15.0654 0.066988
      vertex -8.65026 14.9827 0.0244722
    endloop
  endfacet
  facet normal -0.166233 0.373341 -0.912679
    outer loop
      vertex -8.69801 15.0654 0.066988
      vertex -10.1207 14.328 0.0244722
      vertex -10.1502 14.4188 0.066988
    endloop
  endfacet
  facet normal 0.166182 0.373226 0.912736
    outer loop
      vertex 8.69801 15.0654 15.933
      vertex 10.1207 14.328 15.9755
      vertex 10.1502 14.4188 15.933
    endloop
  endfacet
  facet normal 0.166142 0.373151 0.912773
    outer loop
      vertex 10.1207 14.328 15.9755
      vertex 8.69801 15.0654 15.933
      vertex 8.65026 14.9827 15.9755
    endloop
  endfacet
  facet normal 0.387018 0.869314 0.307426
    outer loop
      vertex 8.81754 15.2724 15.604
      vertex 10.2141 14.6155 15.7034
      vertex 10.2241 14.6462 15.604
    endloop
  endfacet
  facet normal 0.387114 0.869444 0.306935
    outer loop
      vertex 10.2141 14.6155 15.7034
      vertex 8.81754 15.2724 15.604
      vertex 8.80139 15.2445 15.7034
    endloop
  endfacet
  facet normal 0.352757 0.792279 0.497852
    outer loop
      vertex 8.80139 15.2445 15.7034
      vertex 10.198 14.5658 15.7939
      vertex 10.2141 14.6155 15.7034
    endloop
  endfacet
  facet normal 0.352626 0.792066 0.498284
    outer loop
      vertex 10.198 14.5658 15.7939
      vertex 8.80139 15.2445 15.7034
      vertex 8.77526 15.1992 15.7939
    endloop
  endfacet
  facet normal 0.0852924 0.191565 0.977767
    outer loop
      vertex 8.65026 14.9827 15.9755
      vertex 10.0891 14.2308 15.9973
      vertex 10.1207 14.328 15.9755
    endloop
  endfacet
  facet normal 0.0852164 0.19142 0.977802
    outer loop
      vertex 10.0891 14.2308 15.9973
      vertex 8.65026 14.9827 15.9755
      vertex 8.59914 14.8941 15.9973
    endloop
  endfacet
  facet normal 0.302892 0.680355 0.667363
    outer loop
      vertex 8.77526 15.1992 15.7939
      vertex 10.1764 14.4992 15.8716
      vertex 10.198 14.5658 15.7939
    endloop
  endfacet
  facet normal 0.302995 0.680535 0.667132
    outer loop
      vertex 10.1764 14.4992 15.8716
      vertex 8.77526 15.1992 15.7939
      vertex 8.74029 15.1386 15.8716
    endloop
  endfacet
  facet normal 0.239825 0.538653 0.807673
    outer loop
      vertex 8.74029 15.1386 15.8716
      vertex 10.1502 14.4188 15.933
      vertex 10.1764 14.4992 15.8716
    endloop
  endfacet
  facet normal 0.239906 0.538802 0.80755
    outer loop
      vertex 10.1502 14.4188 15.933
      vertex 8.74029 15.1386 15.8716
      vertex 8.69801 15.0654 15.933
    endloop
  endfacet
  facet normal -0.206763 0.972838 -0.104088
    outer loop
      vertex -11.7302 14.3261 0.396045
      vertex -10.2275 14.6566 0.5
      vertex -10.2241 14.6462 0.396045
    endloop
  endfacet
  facet normal -0.206836 0.972911 -0.103265
    outer loop
      vertex -10.2275 14.6566 0.5
      vertex -11.7302 14.3261 0.396045
      vertex -11.7313 14.3369 0.5
    endloop
  endfacet
  facet normal -0.206764 0.972843 0.104044
    outer loop
      vertex -10.2275 14.6566 15.5
      vertex -11.7302 14.3261 15.604
      vertex -10.2241 14.6462 15.604
    endloop
  endfacet
  facet normal -0.206837 0.972915 0.103221
    outer loop
      vertex -11.7302 14.3261 15.604
      vertex -10.2275 14.6566 15.5
      vertex -11.7313 14.3369 15.5
    endloop
  endfacet
  facet normal -0.122597 0.576816 0.807622
    outer loop
      vertex -10.1764 14.4992 15.8716
      vertex -11.7052 14.0883 15.933
      vertex -10.1502 14.4188 15.933
    endloop
  endfacet
  facet normal -0.122594 0.576808 0.807628
    outer loop
      vertex -11.7052 14.0883 15.933
      vertex -10.1764 14.4992 15.8716
      vertex -11.714 14.1724 15.8716
    endloop
  endfacet
  facet normal -0.197887 0.930795 -0.307347
    outer loop
      vertex -11.7268 14.2939 0.296632
      vertex -10.2241 14.6462 0.396045
      vertex -10.2141 14.6155 0.296632
    endloop
  endfacet
  facet normal -0.197774 0.930547 -0.308169
    outer loop
      vertex -10.2241 14.6462 0.396045
      vertex -11.7268 14.2939 0.296632
      vertex -11.7302 14.3261 0.396045
    endloop
  endfacet
  facet normal -0.154801 0.728342 -0.667499
    outer loop
      vertex -11.714 14.1724 0.128428
      vertex -10.198 14.5658 0.206108
      vertex -10.1764 14.4992 0.128428
    endloop
  endfacet
  facet normal -0.154857 0.728518 -0.667293
    outer loop
      vertex -10.198 14.5658 0.206108
      vertex -11.714 14.1724 0.128428
      vertex -11.7213 14.242 0.206108
    endloop
  endfacet
  facet normal 0.207947 0.97814 -0
    outer loop
      vertex 11.7313 14.3369 0.5
      vertex 10.2275 14.6566 15.5
      vertex 11.7313 14.3369 15.5
    endloop
  endfacet
  facet normal 0.207947 0.97814 0
    outer loop
      vertex 10.2275 14.6566 15.5
      vertex 11.7313 14.3369 0.5
      vertex 10.2275 14.6566 0.5
    endloop
  endfacet
  facet normal -0.197884 0.930783 0.307383
    outer loop
      vertex -10.2241 14.6462 15.604
      vertex -11.7268 14.2939 15.7034
      vertex -10.2141 14.6155 15.7034
    endloop
  endfacet
  facet normal -0.197772 0.930535 0.308206
    outer loop
      vertex -11.7268 14.2939 15.7034
      vertex -10.2241 14.6462 15.604
      vertex -11.7302 14.3261 15.604
    endloop
  endfacet
  facet normal -0.180312 0.848269 0.497923
    outer loop
      vertex -10.2141 14.6155 15.7034
      vertex -11.7213 14.242 15.7939
      vertex -10.198 14.5658 15.7939
    endloop
  endfacet
  facet normal -0.180386 0.848474 0.497546
    outer loop
      vertex -11.7213 14.242 15.7939
      vertex -10.2141 14.6155 15.7034
      vertex -11.7268 14.2939 15.7034
    endloop
  endfacet
  facet normal -0.207947 0.97814 0
    outer loop
      vertex -10.2275 14.6566 0.5
      vertex -11.7313 14.3369 15.5
      vertex -10.2275 14.6566 15.5
    endloop
  endfacet
  facet normal -0.207947 0.97814 0
    outer loop
      vertex -11.7313 14.3369 15.5
      vertex -10.2275 14.6566 0.5
      vertex -11.7313 14.3369 0.5
    endloop
  endfacet
  facet normal 0.206836 0.972911 -0.103265
    outer loop
      vertex 11.7302 14.3261 0.396045
      vertex 10.2275 14.6566 0.5
      vertex 11.7313 14.3369 0.5
    endloop
  endfacet
  facet normal 0.206763 0.972838 -0.104088
    outer loop
      vertex 10.2275 14.6566 0.5
      vertex 11.7302 14.3261 0.396045
      vertex 10.2241 14.6462 0.396045
    endloop
  endfacet
  facet normal 0.0434906 0.204589 -0.977881
    outer loop
      vertex 11.6845 13.8917 0.00273991
      vertex 10.1207 14.328 0.0244722
      vertex 11.6952 13.9933 0.0244722
    endloop
  endfacet
  facet normal 0.0434683 0.20451 -0.977899
    outer loop
      vertex 10.1207 14.328 0.0244722
      vertex 11.6845 13.8917 0.00273991
      vertex 10.0891 14.2308 0.00273991
    endloop
  endfacet
  facet normal -0.180324 0.848325 -0.497823
    outer loop
      vertex -11.7213 14.242 0.206108
      vertex -10.2141 14.6155 0.296632
      vertex -10.198 14.5658 0.206108
    endloop
  endfacet
  facet normal -0.180397 0.84853 -0.497447
    outer loop
      vertex -10.2141 14.6155 0.296632
      vertex -11.7213 14.242 0.206108
      vertex -11.7268 14.2939 0.296632
    endloop
  endfacet
  facet normal 0.180386 0.848474 0.497546
    outer loop
      vertex 10.2141 14.6155 15.7034
      vertex 11.7213 14.242 15.7939
      vertex 11.7268 14.2939 15.7034
    endloop
  endfacet
  facet normal 0.180312 0.848269 0.497923
    outer loop
      vertex 11.7213 14.242 15.7939
      vertex 10.2141 14.6155 15.7034
      vertex 10.198 14.5658 15.7939
    endloop
  endfacet
  facet normal 0.180397 0.84853 -0.497447
    outer loop
      vertex 11.7213 14.242 0.206108
      vertex 10.2141 14.6155 0.296632
      vertex 11.7268 14.2939 0.296632
    endloop
  endfacet
  facet normal 0.180324 0.848325 -0.497823
    outer loop
      vertex 10.2141 14.6155 0.296632
      vertex 11.7213 14.242 0.206108
      vertex 10.198 14.5658 0.206108
    endloop
  endfacet
  facet normal 0.197774 0.930547 -0.308169
    outer loop
      vertex 11.7268 14.2939 0.296632
      vertex 10.2241 14.6462 0.396045
      vertex 11.7302 14.3261 0.396045
    endloop
  endfacet
  facet normal 0.197887 0.930795 -0.307347
    outer loop
      vertex 10.2241 14.6462 0.396045
      vertex 11.7268 14.2939 0.296632
      vertex 10.2141 14.6155 0.296632
    endloop
  endfacet
  facet normal -0.154819 0.728426 0.667403
    outer loop
      vertex -10.198 14.5658 15.7939
      vertex -11.714 14.1724 15.8716
      vertex -10.1764 14.4992 15.8716
    endloop
  endfacet
  facet normal -0.154875 0.728602 0.667198
    outer loop
      vertex -11.714 14.1724 15.8716
      vertex -10.198 14.5658 15.7939
      vertex -11.7213 14.242 15.7939
    endloop
  endfacet
  facet normal 0.206837 0.972915 0.103221
    outer loop
      vertex 10.2275 14.6566 15.5
      vertex 11.7302 14.3261 15.604
      vertex 11.7313 14.3369 15.5
    endloop
  endfacet
  facet normal 0.206764 0.972843 0.104044
    outer loop
      vertex 11.7302 14.3261 15.604
      vertex 10.2275 14.6566 15.5
      vertex 10.2241 14.6462 15.604
    endloop
  endfacet
  facet normal 0.0848954 0.399432 0.912824
    outer loop
      vertex 10.1502 14.4188 15.933
      vertex 11.6952 13.9933 15.9755
      vertex 11.7052 14.0883 15.933
    endloop
  endfacet
  facet normal 0.084949 0.399618 0.912737
    outer loop
      vertex 11.6952 13.9933 15.9755
      vertex 10.1502 14.4188 15.933
      vertex 10.1207 14.328 15.9755
    endloop
  endfacet
  facet normal 0.0436202 0.205198 0.977748
    outer loop
      vertex 10.1207 14.328 15.9755
      vertex 11.6845 13.8917 15.9973
      vertex 11.6952 13.9933 15.9755
    endloop
  endfacet
  facet normal 0.0435978 0.205119 0.977765
    outer loop
      vertex 11.6845 13.8917 15.9973
      vertex 10.1207 14.328 15.9755
      vertex 10.0891 14.2308 15.9973
    endloop
  endfacet
  facet normal 0.154857 0.728518 -0.667293
    outer loop
      vertex 11.714 14.1724 0.128428
      vertex 10.198 14.5658 0.206108
      vertex 11.7213 14.242 0.206108
    endloop
  endfacet
  facet normal 0.154801 0.728342 -0.667499
    outer loop
      vertex 10.198 14.5658 0.206108
      vertex 11.714 14.1724 0.128428
      vertex 10.1764 14.4992 0.128428
    endloop
  endfacet
  facet normal 0.122646 0.577053 -0.807445
    outer loop
      vertex 11.7052 14.0883 0.066988
      vertex 10.1764 14.4992 0.128428
      vertex 11.714 14.1724 0.128428
    endloop
  endfacet
  facet normal 0.122649 0.577061 -0.807439
    outer loop
      vertex 10.1764 14.4992 0.128428
      vertex 11.7052 14.0883 0.066988
      vertex 10.1502 14.4188 0.066988
    endloop
  endfacet
  facet normal -0.0435978 0.205119 0.977765
    outer loop
      vertex -10.1207 14.328 15.9755
      vertex -11.6845 13.8917 15.9973
      vertex -10.0891 14.2308 15.9973
    endloop
  endfacet
  facet normal -0.0436202 0.205198 0.977748
    outer loop
      vertex -11.6845 13.8917 15.9973
      vertex -10.1207 14.328 15.9755
      vertex -11.6952 13.9933 15.9755
    endloop
  endfacet
  facet normal -0.084949 0.399618 0.912737
    outer loop
      vertex -10.1502 14.4188 15.933
      vertex -11.6952 13.9933 15.9755
      vertex -10.1207 14.328 15.9755
    endloop
  endfacet
  facet normal -0.0848954 0.399432 0.912824
    outer loop
      vertex -11.6952 13.9933 15.9755
      vertex -10.1502 14.4188 15.933
      vertex -11.7052 14.0883 15.933
    endloop
  endfacet
  facet normal 0.122594 0.576808 0.807628
    outer loop
      vertex 10.1764 14.4992 15.8716
      vertex 11.7052 14.0883 15.933
      vertex 11.714 14.1724 15.8716
    endloop
  endfacet
  facet normal 0.122597 0.576816 0.807622
    outer loop
      vertex 11.7052 14.0883 15.933
      vertex 10.1764 14.4992 15.8716
      vertex 10.1502 14.4188 15.933
    endloop
  endfacet
  facet normal 0.197772 0.930535 0.308206
    outer loop
      vertex 10.2241 14.6462 15.604
      vertex 11.7268 14.2939 15.7034
      vertex 11.7302 14.3261 15.604
    endloop
  endfacet
  facet normal 0.197884 0.930783 0.307383
    outer loop
      vertex 11.7268 14.2939 15.7034
      vertex 10.2241 14.6462 15.604
      vertex 10.2141 14.6155 15.7034
    endloop
  endfacet
  facet normal 0.154875 0.728602 0.667198
    outer loop
      vertex 10.198 14.5658 15.7939
      vertex 11.714 14.1724 15.8716
      vertex 11.7213 14.242 15.7939
    endloop
  endfacet
  facet normal 0.154819 0.728426 0.667403
    outer loop
      vertex 11.714 14.1724 15.8716
      vertex 10.198 14.5658 15.7939
      vertex 10.1764 14.4992 15.8716
    endloop
  endfacet
  facet normal 0.0849217 0.399556 -0.912767
    outer loop
      vertex 11.6952 13.9933 0.0244722
      vertex 10.1502 14.4188 0.066988
      vertex 11.7052 14.0883 0.066988
    endloop
  endfacet
  facet normal 0.0849753 0.399742 -0.91268
    outer loop
      vertex 10.1502 14.4188 0.066988
      vertex 11.6952 13.9933 0.0244722
      vertex 10.1207 14.328 0.0244722
    endloop
  endfacet
  facet normal -0.0434683 0.20451 -0.977899
    outer loop
      vertex -11.6845 13.8917 0.00273991
      vertex -10.1207 14.328 0.0244722
      vertex -10.0891 14.2308 0.00273991
    endloop
  endfacet
  facet normal -0.0434906 0.204589 -0.977881
    outer loop
      vertex -10.1207 14.328 0.0244722
      vertex -11.6845 13.8917 0.00273991
      vertex -11.6952 13.9933 0.0244722
    endloop
  endfacet
  facet normal -0.122649 0.577061 -0.807439
    outer loop
      vertex -11.7052 14.0883 0.066988
      vertex -10.1764 14.4992 0.128428
      vertex -10.1502 14.4188 0.066988
    endloop
  endfacet
  facet normal -0.122646 0.577053 -0.807445
    outer loop
      vertex -10.1764 14.4992 0.128428
      vertex -11.7052 14.0883 0.066988
      vertex -11.714 14.1724 0.128428
    endloop
  endfacet
  facet normal -0.0849753 0.399742 -0.91268
    outer loop
      vertex -11.6952 13.9933 0.0244722
      vertex -10.1502 14.4188 0.066988
      vertex -10.1207 14.328 0.0244722
    endloop
  endfacet
  facet normal -0.0849217 0.399556 -0.912767
    outer loop
      vertex -10.1502 14.4188 0.066988
      vertex -11.6952 13.9933 0.0244722
      vertex -11.7052 14.0883 0.066988
    endloop
  endfacet
  facet normal 0.437876 0.602679 0.667115
    outer loop
      vertex 7.51533 16.1146 15.7939
      vertex 8.74029 15.1386 15.8716
      vertex 8.77526 15.1992 15.7939
    endloop
  endfacet
  facet normal 0.437888 0.602693 0.667094
    outer loop
      vertex 8.74029 15.1386 15.8716
      vertex 7.51533 16.1146 15.7939
      vertex 7.46853 16.0626 15.8716
    endloop
  endfacet
  facet normal 0.509636 0.701507 -0.498156
    outer loop
      vertex 8.77526 15.1992 0.206108
      vertex 7.5503 16.1534 0.296632
      vertex 8.80139 15.2445 0.296632
    endloop
  endfacet
  facet normal 0.509817 0.701697 -0.497704
    outer loop
      vertex 7.5503 16.1534 0.296632
      vertex 8.77526 15.1992 0.206108
      vertex 7.51533 16.1146 0.206108
    endloop
  endfacet
  facet normal 0.559402 0.769948 0.307001
    outer loop
      vertex 7.57192 16.1774 15.604
      vertex 8.80139 15.2445 15.7034
      vertex 8.81754 15.2724 15.604
    endloop
  endfacet
  facet normal 0.559274 0.769834 0.30752
    outer loop
      vertex 8.80139 15.2445 15.7034
      vertex 7.57192 16.1774 15.604
      vertex 7.5503 16.1534 15.7034
    endloop
  endfacet
  facet normal -0.584568 0.804585 -0.104516
    outer loop
      vertex -8.81754 15.2724 0.396045
      vertex -7.57922 16.1856 0.5
      vertex -7.57192 16.1774 0.396045
    endloop
  endfacet
  facet normal -0.584594 0.804595 -0.104289
    outer loop
      vertex -7.57922 16.1856 0.5
      vertex -8.81754 15.2724 0.396045
      vertex -8.82301 15.2819 0.5
    endloop
  endfacet
  facet normal -0.5878 0.809007 0
    outer loop
      vertex -7.57922 16.1856 0.5
      vertex -8.82301 15.2819 15.5
      vertex -7.57922 16.1856 15.5
    endloop
  endfacet
  facet normal -0.5878 0.809007 0
    outer loop
      vertex -8.82301 15.2819 15.5
      vertex -7.57922 16.1856 0.5
      vertex -8.82301 15.2819 0.5
    endloop
  endfacet
  facet normal -0.346678 0.477153 0.807552
    outer loop
      vertex -7.46853 16.0626 15.8716
      vertex -8.69801 15.0654 15.933
      vertex -7.41194 15.9998 15.933
    endloop
  endfacet
  facet normal -0.34667 0.477144 0.80756
    outer loop
      vertex -8.69801 15.0654 15.933
      vertex -7.46853 16.0626 15.8716
      vertex -8.74029 15.1386 15.8716
    endloop
  endfacet
  facet normal -0.584571 0.804589 0.104471
    outer loop
      vertex -7.57922 16.1856 15.5
      vertex -8.81754 15.2724 15.604
      vertex -7.57192 16.1774 15.604
    endloop
  endfacet
  facet normal -0.584597 0.804599 0.104245
    outer loop
      vertex -8.81754 15.2724 15.604
      vertex -7.57922 16.1856 15.5
      vertex -8.82301 15.2819 15.5
    endloop
  endfacet
  facet normal -0.509783 0.701651 0.497803
    outer loop
      vertex -7.5503 16.1534 15.7034
      vertex -8.77526 15.1992 15.7939
      vertex -7.51533 16.1146 15.7939
    endloop
  endfacet
  facet normal -0.509602 0.701461 0.498255
    outer loop
      vertex -8.77526 15.1992 15.7939
      vertex -7.5503 16.1534 15.7034
      vertex -8.80139 15.2445 15.7034
    endloop
  endfacet
  facet normal -0.123196 0.169562 0.977789
    outer loop
      vertex -7.34805 15.9288 15.9755
      vertex -8.59914 14.8941 15.9973
      vertex -7.27963 15.8528 15.9973
    endloop
  endfacet
  facet normal -0.123165 0.169524 0.9778
    outer loop
      vertex -8.59914 14.8941 15.9973
      vertex -7.34805 15.9288 15.9755
      vertex -8.65026 14.9827 15.9755
    endloop
  endfacet
  facet normal -0.559274 0.769834 0.30752
    outer loop
      vertex -7.57192 16.1774 15.604
      vertex -8.80139 15.2445 15.7034
      vertex -7.5503 16.1534 15.7034
    endloop
  endfacet
  facet normal -0.559402 0.769948 0.307001
    outer loop
      vertex -8.80139 15.2445 15.7034
      vertex -7.57192 16.1774 15.604
      vertex -8.81754 15.2724 15.604
    endloop
  endfacet
  facet normal -0.437888 0.602693 0.667094
    outer loop
      vertex -7.51533 16.1146 15.7939
      vertex -8.74029 15.1386 15.8716
      vertex -7.46853 16.0626 15.8716
    endloop
  endfacet
  facet normal -0.437876 0.602679 0.667115
    outer loop
      vertex -8.74029 15.1386 15.8716
      vertex -7.51533 16.1146 15.7939
      vertex -8.77526 15.1992 15.7939
    endloop
  endfacet
  facet normal -0.240043 0.330395 0.912808
    outer loop
      vertex -7.41194 15.9998 15.933
      vertex -8.65026 14.9827 15.9755
      vertex -7.34805 15.9288 15.9755
    endloop
  endfacet
  facet normal -0.240092 0.330453 0.912774
    outer loop
      vertex -8.65026 14.9827 15.9755
      vertex -7.41194 15.9998 15.933
      vertex -8.69801 15.0654 15.933
    endloop
  endfacet
  facet normal 0.584597 0.804599 0.104245
    outer loop
      vertex 7.57922 16.1856 15.5
      vertex 8.81754 15.2724 15.604
      vertex 8.82301 15.2819 15.5
    endloop
  endfacet
  facet normal 0.584571 0.804589 0.104471
    outer loop
      vertex 8.81754 15.2724 15.604
      vertex 7.57922 16.1856 15.5
      vertex 7.57192 16.1774 15.604
    endloop
  endfacet
  facet normal 0.584594 0.804595 -0.104289
    outer loop
      vertex 8.81754 15.2724 0.396045
      vertex 7.57922 16.1856 0.5
      vertex 8.82301 15.2819 0.5
    endloop
  endfacet
  facet normal 0.584568 0.804585 -0.104516
    outer loop
      vertex 7.57922 16.1856 0.5
      vertex 8.81754 15.2724 0.396045
      vertex 7.57192 16.1774 0.396045
    endloop
  endfacet
  facet normal -0.122831 0.169058 -0.977922
    outer loop
      vertex -8.59914 14.8941 0.00273991
      vertex -7.34805 15.9288 0.0244722
      vertex -7.27963 15.8528 0.00273991
    endloop
  endfacet
  facet normal -0.122799 0.169021 -0.977933
    outer loop
      vertex -7.34805 15.9288 0.0244722
      vertex -8.59914 14.8941 0.00273991
      vertex -8.65026 14.9827 0.0244722
    endloop
  endfacet
  facet normal 0.34667 0.477144 0.80756
    outer loop
      vertex 7.46853 16.0626 15.8716
      vertex 8.69801 15.0654 15.933
      vertex 8.74029 15.1386 15.8716
    endloop
  endfacet
  facet normal 0.346678 0.477153 0.807552
    outer loop
      vertex 8.69801 15.0654 15.933
      vertex 7.46853 16.0626 15.8716
      vertex 7.41194 15.9998 15.933
    endloop
  endfacet
  facet normal 0.509602 0.701461 0.498255
    outer loop
      vertex 7.5503 16.1534 15.7034
      vertex 8.77526 15.1992 15.7939
      vertex 8.80139 15.2445 15.7034
    endloop
  endfacet
  facet normal 0.509783 0.701651 0.497803
    outer loop
      vertex 8.77526 15.1992 15.7939
      vertex 7.5503 16.1534 15.7034
      vertex 7.51533 16.1146 15.7939
    endloop
  endfacet
  facet normal 0.5878 0.809007 -0
    outer loop
      vertex 8.82301 15.2819 0.5
      vertex 7.57922 16.1856 15.5
      vertex 8.82301 15.2819 15.5
    endloop
  endfacet
  facet normal 0.5878 0.809007 0
    outer loop
      vertex 7.57922 16.1856 15.5
      vertex 8.82301 15.2819 0.5
      vertex 7.57922 16.1856 0.5
    endloop
  endfacet
  facet normal 0.346817 0.477347 -0.807377
    outer loop
      vertex 8.69801 15.0654 0.066988
      vertex 7.46853 16.0626 0.128428
      vertex 8.74029 15.1386 0.128428
    endloop
  endfacet
  facet normal 0.346825 0.477355 -0.807369
    outer loop
      vertex 7.46853 16.0626 0.128428
      vertex 8.69801 15.0654 0.066988
      vertex 7.41194 15.9998 0.066988
    endloop
  endfacet
  facet normal -0.437838 0.602624 -0.66719
    outer loop
      vertex -8.74029 15.1386 0.128428
      vertex -7.51533 16.1146 0.206108
      vertex -7.46853 16.0626 0.128428
    endloop
  endfacet
  facet normal -0.437825 0.60261 -0.667211
    outer loop
      vertex -7.51533 16.1146 0.206108
      vertex -8.74029 15.1386 0.128428
      vertex -8.77526 15.1992 0.206108
    endloop
  endfacet
  facet normal -0.240117 0.330497 -0.912752
    outer loop
      vertex -8.65026 14.9827 0.0244722
      vertex -7.41194 15.9998 0.066988
      vertex -7.34805 15.9288 0.0244722
    endloop
  endfacet
  facet normal -0.240167 0.330556 -0.912717
    outer loop
      vertex -7.41194 15.9998 0.066988
      vertex -8.65026 14.9827 0.0244722
      vertex -8.69801 15.0654 0.066988
    endloop
  endfacet
  facet normal -0.559281 0.769843 -0.307484
    outer loop
      vertex -8.80139 15.2445 0.296632
      vertex -7.57192 16.1774 0.396045
      vertex -7.5503 16.1534 0.296632
    endloop
  endfacet
  facet normal -0.559409 0.769957 -0.306965
    outer loop
      vertex -7.57192 16.1774 0.396045
      vertex -8.80139 15.2445 0.296632
      vertex -8.81754 15.2724 0.396045
    endloop
  endfacet
  facet normal 0.240167 0.330556 -0.912717
    outer loop
      vertex 8.65026 14.9827 0.0244722
      vertex 7.41194 15.9998 0.066988
      vertex 8.69801 15.0654 0.066988
    endloop
  endfacet
  facet normal 0.240117 0.330497 -0.912752
    outer loop
      vertex 7.41194 15.9998 0.066988
      vertex 8.65026 14.9827 0.0244722
      vertex 7.34805 15.9288 0.0244722
    endloop
  endfacet
  facet normal 0.240092 0.330453 0.912774
    outer loop
      vertex 7.41194 15.9998 15.933
      vertex 8.65026 14.9827 15.9755
      vertex 8.69801 15.0654 15.933
    endloop
  endfacet
  facet normal 0.240043 0.330395 0.912808
    outer loop
      vertex 8.65026 14.9827 15.9755
      vertex 7.41194 15.9998 15.933
      vertex 7.34805 15.9288 15.9755
    endloop
  endfacet
  facet normal 0.123165 0.169524 0.9778
    outer loop
      vertex 7.34805 15.9288 15.9755
      vertex 8.59914 14.8941 15.9973
      vertex 8.65026 14.9827 15.9755
    endloop
  endfacet
  facet normal 0.123196 0.169562 0.977789
    outer loop
      vertex 8.59914 14.8941 15.9973
      vertex 7.34805 15.9288 15.9755
      vertex 7.27963 15.8528 15.9973
    endloop
  endfacet
  facet normal -0.346825 0.477355 -0.807369
    outer loop
      vertex -8.69801 15.0654 0.066988
      vertex -7.46853 16.0626 0.128428
      vertex -7.41194 15.9998 0.066988
    endloop
  endfacet
  facet normal -0.346817 0.477347 -0.807377
    outer loop
      vertex -7.46853 16.0626 0.128428
      vertex -8.69801 15.0654 0.066988
      vertex -8.74029 15.1386 0.128428
    endloop
  endfacet
  facet normal 0.122799 0.169021 -0.977933
    outer loop
      vertex 8.59914 14.8941 0.00273991
      vertex 7.34805 15.9288 0.0244722
      vertex 8.65026 14.9827 0.0244722
    endloop
  endfacet
  facet normal 0.122831 0.169058 -0.977922
    outer loop
      vertex 7.34805 15.9288 0.0244722
      vertex 8.59914 14.8941 0.00273991
      vertex 7.27963 15.8528 0.00273991
    endloop
  endfacet
  facet normal 0.559409 0.769957 -0.306965
    outer loop
      vertex 8.80139 15.2445 0.296632
      vertex 7.57192 16.1774 0.396045
      vertex 8.81754 15.2724 0.396045
    endloop
  endfacet
  facet normal 0.559281 0.769843 -0.307484
    outer loop
      vertex 7.57192 16.1774 0.396045
      vertex 8.80139 15.2445 0.296632
      vertex 7.5503 16.1534 0.296632
    endloop
  endfacet
  facet normal 0.437825 0.60261 -0.667211
    outer loop
      vertex 8.74029 15.1386 0.128428
      vertex 7.51533 16.1146 0.206108
      vertex 8.77526 15.1992 0.206108
    endloop
  endfacet
  facet normal 0.437838 0.602624 -0.66719
    outer loop
      vertex 7.51533 16.1146 0.206108
      vertex 8.74029 15.1386 0.128428
      vertex 7.46853 16.0626 0.128428
    endloop
  endfacet
  facet normal -0.509817 0.701697 -0.497704
    outer loop
      vertex -8.77526 15.1992 0.206108
      vertex -7.5503 16.1534 0.296632
      vertex -7.51533 16.1146 0.206108
    endloop
  endfacet
  facet normal -0.509636 0.701507 -0.498156
    outer loop
      vertex -7.5503 16.1534 0.296632
      vertex -8.77526 15.1992 0.206108
      vertex -8.80139 15.2445 0.296632
    endloop
  endfacet
  facet normal 0.206378 0.972925 0.10404
    outer loop
      vertex -13.9915 14.4906 15.5
      vertex -14.0938 14.5123 15.5
      vertex -13.9949 14.4802 15.604
    endloop
  endfacet
  facet normal 0 1 -0
    outer loop
      vertex -14.0938 14.5123 0.5
      vertex -14.1983 14.5123 15.5
      vertex -14.0938 14.5123 15.5
    endloop
  endfacet
  facet normal 0 1 0
    outer loop
      vertex -14.1983 14.5123 15.5
      vertex -14.0938 14.5123 0.5
      vertex -14.1983 14.5123 0.5
    endloop
  endfacet
  facet normal 0.207995 0.97813 -0
    outer loop
      vertex -13.2687 14.3369 0.5
      vertex -13.9915 14.4906 15.5
      vertex -13.2687 14.3369 15.5
    endloop
  endfacet
  facet normal 0.207995 0.97813 0
    outer loop
      vertex -13.9915 14.4906 15.5
      vertex -13.2687 14.3369 0.5
      vertex -13.9915 14.4906 0.5
    endloop
  endfacet
  facet normal -0.404374 0.908652 0.104085
    outer loop
      vertex -14.3005 14.4906 15.5
      vertex -14.396 14.4481 15.5
      vertex -14.2971 14.4802 15.604
    endloop
  endfacet
  facet normal 0.207504 0.978234 -0
    outer loop
      vertex -13.9915 14.4906 0.5
      vertex -14.0938 14.5123 15.5
      vertex -13.9915 14.4906 15.5
    endloop
  endfacet
  facet normal 0.207504 0.978234 0
    outer loop
      vertex -14.0938 14.5123 15.5
      vertex -13.9915 14.4906 0.5
      vertex -14.0938 14.5123 0.5
    endloop
  endfacet
  facet normal -0.404372 0.908648 -0.10413
    outer loop
      vertex -14.2971 14.4802 0.396045
      vertex -14.396 14.4481 0.5
      vertex -14.3005 14.4906 0.5
    endloop
  endfacet
  facet normal -0.165918 0.373316 0.912746
    outer loop
      vertex -14.2233 14.2528 15.933
      vertex -14.271 14.2316 15.933
      vertex -14.1938 14.162 15.9755
    endloop
  endfacet
  facet normal 0.154298 0.729168 0.666713
    outer loop
      vertex -14.1037 14.4173 15.7939
      vertex -14.111 14.3478 15.8716
      vertex -14.021 14.3998 15.7939
    endloop
  endfacet
  facet normal 0 0.951609 0.30731
    outer loop
      vertex -14.0949 14.5014 15.604
      vertex -14.1938 14.4693 15.7034
      vertex -14.0983 14.4693 15.7034
    endloop
  endfacet
  facet normal 0 0.951609 0.30731
    outer loop
      vertex -14.1938 14.4693 15.7034
      vertex -14.0949 14.5014 15.604
      vertex -14.1971 14.5014 15.604
    endloop
  endfacet
  facet normal -0.0850473 0.399488 0.912785
    outer loop
      vertex -14.1721 14.2637 15.933
      vertex -14.2233 14.2528 15.933
      vertex -14.1622 14.1687 15.9755
    endloop
  endfacet
  facet normal -0.74321 0.669058 0
    outer loop
      vertex -14.6385 14.2112 0.5
      vertex -14.4806 14.3866 15.5
      vertex -14.4806 14.3866 0.5
    endloop
  endfacet
  facet normal -0.74321 0.669058 0
    outer loop
      vertex -14.4806 14.3866 15.5
      vertex -14.6385 14.2112 0.5
      vertex -14.6385 14.2112 15.5
    endloop
  endfacet
  facet normal -0.207698 0.978193 0
    outer loop
      vertex -14.1983 14.5123 0.5
      vertex -14.3005 14.4906 15.5
      vertex -14.1983 14.5123 15.5
    endloop
  endfacet
  facet normal -0.207698 0.978193 0
    outer loop
      vertex -14.3005 14.4906 15.5
      vertex -14.1983 14.5123 0.5
      vertex -14.3005 14.4906 0.5
    endloop
  endfacet
  facet normal -0.588001 0.80886 0
    outer loop
      vertex -14.396 14.4481 0.5
      vertex -14.4806 14.3866 15.5
      vertex -14.396 14.4481 15.5
    endloop
  endfacet
  facet normal -0.588001 0.80886 0
    outer loop
      vertex -14.4806 14.3866 15.5
      vertex -14.396 14.4481 0.5
      vertex -14.4806 14.3866 0.5
    endloop
  endfacet
  facet normal -0.346506 0.477184 0.807607
    outer loop
      vertex -14.3133 14.3048 15.8716
      vertex -14.3699 14.2637 15.8716
      vertex -14.271 14.2316 15.933
    endloop
  endfacet
  facet normal 0 0.994553 0.104237
    outer loop
      vertex -14.0938 14.5123 15.5
      vertex -14.1971 14.5014 15.604
      vertex -14.0949 14.5014 15.604
    endloop
  endfacet
  facet normal 0 0.994553 0.104237
    outer loop
      vertex -14.1971 14.5014 15.604
      vertex -14.0938 14.5123 15.5
      vertex -14.1983 14.5123 15.5
    endloop
  endfacet
  facet normal -0.154298 0.729168 0.666713
    outer loop
      vertex -14.1883 14.4173 15.7939
      vertex -14.271 14.3998 15.7939
      vertex -14.181 14.3478 15.8716
    endloop
  endfacet
  facet normal -0.0850964 0.191629 0.977771
    outer loop
      vertex -14.1938 14.162 15.9755
      vertex -14.2233 14.1489 15.9755
      vertex -14.1622 14.0648 15.9973
    endloop
  endfacet
  facet normal -0.406582 0.913614 0
    outer loop
      vertex -14.3005 14.4906 0.5
      vertex -14.396 14.4481 15.5
      vertex -14.3005 14.4906 15.5
    endloop
  endfacet
  facet normal -0.406582 0.913614 0
    outer loop
      vertex -14.396 14.4481 15.5
      vertex -14.3005 14.4906 0.5
      vertex -14.396 14.4481 0.5
    endloop
  endfacet
  facet normal -0.155448 0.728261 0.667437
    outer loop
      vertex -14.181 14.3478 15.8716
      vertex -14.271 14.3998 15.7939
      vertex -14.2494 14.3332 15.8716
    endloop
  endfacet
  facet normal -0.206571 0.972884 0.104042
    outer loop
      vertex -14.1983 14.5123 15.5
      vertex -14.3005 14.4906 15.5
      vertex -14.2971 14.4802 15.604
    endloop
  endfacet
  facet normal 0.206884 0.972905 0.103221
    outer loop
      vertex -13.9915 14.4906 15.5
      vertex -13.2698 14.3261 15.604
      vertex -13.2687 14.3369 15.5
    endloop
  endfacet
  facet normal 0.206752 0.972846 0.104044
    outer loop
      vertex -13.2698 14.3261 15.604
      vertex -13.9915 14.4906 15.5
      vertex -13.9949 14.4802 15.604
    endloop
  endfacet
  facet normal -0.353262 0.791887 0.498117
    outer loop
      vertex -14.2872 14.4495 15.7034
      vertex -14.3744 14.4106 15.7034
      vertex -14.271 14.3998 15.7939
    endloop
  endfacet
  facet normal -0.179831 0.848296 0.498051
    outer loop
      vertex -14.1938 14.4693 15.7034
      vertex -14.2872 14.4495 15.7034
      vertex -14.271 14.3998 15.7939
    endloop
  endfacet
  facet normal 0.197351 0.9309 0.307373
    outer loop
      vertex -14.0949 14.5014 15.604
      vertex -14.0983 14.4693 15.7034
      vertex -13.9949 14.4802 15.604
    endloop
  endfacet
  facet normal 0.206263 0.972938 0.104153
    outer loop
      vertex -14.0938 14.5123 15.5
      vertex -14.0949 14.5014 15.604
      vertex -13.9949 14.4802 15.604
    endloop
  endfacet
  facet normal -0.122771 0.576687 0.807688
    outer loop
      vertex -14.181 14.3478 15.8716
      vertex -14.2233 14.2528 15.933
      vertex -14.1721 14.2637 15.933
    endloop
  endfacet
  facet normal -0.179492 0.848228 0.498288
    outer loop
      vertex -14.1938 14.4693 15.7034
      vertex -14.271 14.3998 15.7939
      vertex -14.1883 14.4173 15.7939
    endloop
  endfacet
  facet normal -0.123355 0.169451 0.977788
    outer loop
      vertex -14.2233 14.1489 15.9755
      vertex -14.2494 14.1299 15.9755
      vertex -14.181 14.0539 15.9973
    endloop
  endfacet
  facet normal -0.509899 0.701752 0.497542
    outer loop
      vertex -14.3744 14.4106 15.7034
      vertex -14.4167 14.3157 15.7939
      vertex -14.3483 14.3654 15.7939
    endloop
  endfacet
  facet normal -0.387721 0.869133 0.307051
    outer loop
      vertex -14.2971 14.4802 15.604
      vertex -14.3744 14.4106 15.7034
      vertex -14.2872 14.4495 15.7034
    endloop
  endfacet
  facet normal 0.19776 0.930537 0.308206
    outer loop
      vertex -13.9949 14.4802 15.604
      vertex -13.2732 14.2939 15.7034
      vertex -13.2698 14.3261 15.604
    endloop
  endfacet
  facet normal 0.197836 0.93064 0.307849
    outer loop
      vertex -13.2732 14.2939 15.7034
      vertex -13.9949 14.4802 15.604
      vertex -14.0983 14.4693 15.7034
    endloop
  endfacet
  facet normal 0 0.589655 0.807655
    outer loop
      vertex -14.111 14.3478 15.8716
      vertex -14.1721 14.2637 15.933
      vertex -14.1199 14.2637 15.933
    endloop
  endfacet
  facet normal 0 0.589655 0.807655
    outer loop
      vertex -14.1721 14.2637 15.933
      vertex -14.111 14.3478 15.8716
      vertex -14.181 14.3478 15.8716
    endloop
  endfacet
  facet normal -0.16582 0.373412 0.912725
    outer loop
      vertex -14.1938 14.162 15.9755
      vertex -14.271 14.2316 15.933
      vertex -14.2233 14.1489 15.9755
    endloop
  endfacet
  facet normal -0.24048 0.330343 0.912712
    outer loop
      vertex -14.2233 14.1489 15.9755
      vertex -14.271 14.2316 15.933
      vertex -14.2494 14.1299 15.9755
    endloop
  endfacet
  facet normal -0.707304 0.636574 0.3074
    outer loop
      vertex -14.4517 14.3545 15.7034
      vertex -14.5417 14.3025 15.604
      vertex -14.5156 14.2835 15.7034
    endloop
  endfacet
  facet normal -0.303392 0.273678 0.912718
    outer loop
      vertex -14.3133 14.2008 15.933
      vertex -14.3483 14.162 15.933
      vertex -14.2494 14.1299 15.9755
    endloop
  endfacet
  facet normal -0.122224 0.169967 0.977841
    outer loop
      vertex -14.1721 14.0603 15.9973
      vertex -14.2233 14.1489 15.9755
      vertex -14.181 14.0539 15.9973
    endloop
  endfacet
  facet normal -0.437734 0.602817 0.667084
    outer loop
      vertex -14.3133 14.3048 15.8716
      vertex -14.4167 14.3157 15.7939
      vertex -14.3699 14.2637 15.8716
    endloop
  endfacet
  facet normal 0.0436109 0.20515 0.977758
    outer loop
      vertex -14.1299 14.0648 15.9973
      vertex -13.3048 13.9933 15.9755
      vertex -14.1299 14.1687 15.9755
    endloop
  endfacet
  facet normal 0.0436149 0.205199 0.977748
    outer loop
      vertex -13.3048 13.9933 15.9755
      vertex -14.1299 14.0648 15.9973
      vertex -13.3155 13.8917 15.9973
    endloop
  endfacet
  facet normal -0.644571 0.580114 0.497993
    outer loop
      vertex -14.4517 14.3545 15.7034
      vertex -14.5156 14.2835 15.7034
      vertex -14.4167 14.3157 15.7939
    endloop
  endfacet
  facet normal -0.584711 0.804586 0.103707
    outer loop
      vertex -14.3906 14.4386 15.604
      vertex -14.4806 14.3866 15.5
      vertex -14.4733 14.3785 15.604
    endloop
  endfacet
  facet normal -0.352684 0.792513 0.497532
    outer loop
      vertex -14.271 14.3998 15.7939
      vertex -14.3744 14.4106 15.7034
      vertex -14.3483 14.3654 15.7939
    endloop
  endfacet
  facet normal 0.17951 0.848312 0.498139
    outer loop
      vertex -14.0983 14.4693 15.7034
      vertex -14.1037 14.4173 15.7939
      vertex -14.021 14.3998 15.7939
    endloop
  endfacet
  facet normal 0.0851939 0.399395 0.912812
    outer loop
      vertex -14.1199 14.2637 15.933
      vertex -14.1299 14.1687 15.9755
      vertex -14.0688 14.2528 15.933
    endloop
  endfacet
  facet normal 0.12259 0.576808 0.807628
    outer loop
      vertex -13.286 14.1724 15.8716
      vertex -14.0688 14.2528 15.933
      vertex -13.2948 14.0883 15.933
    endloop
  endfacet
  facet normal 0.122579 0.576553 0.807813
    outer loop
      vertex -14.0688 14.2528 15.933
      vertex -13.286 14.1724 15.8716
      vertex -14.111 14.3478 15.8716
    endloop
  endfacet
  facet normal 0.123004 0.576654 0.807676
    outer loop
      vertex -14.111 14.3478 15.8716
      vertex -14.1199 14.2637 15.933
      vertex -14.0688 14.2528 15.933
    endloop
  endfacet
  facet normal 0.180371 0.848477 0.497547
    outer loop
      vertex -13.2732 14.2939 15.7034
      vertex -14.021 14.3998 15.7939
      vertex -13.2787 14.242 15.7939
    endloop
  endfacet
  facet normal 0.180371 0.848484 0.497535
    outer loop
      vertex -14.021 14.3998 15.7939
      vertex -13.2732 14.2939 15.7034
      vertex -14.0983 14.4693 15.7034
    endloop
  endfacet
  facet normal 0.0848923 0.399432 0.912824
    outer loop
      vertex -14.0688 14.2528 15.933
      vertex -13.3048 13.9933 15.9755
      vertex -13.2948 14.0883 15.933
    endloop
  endfacet
  facet normal 0.084938 0.399557 0.912765
    outer loop
      vertex -13.3048 13.9933 15.9755
      vertex -14.0688 14.2528 15.933
      vertex -14.1299 14.1687 15.9755
    endloop
  endfacet
  facet normal 0.0421831 0.205163 0.977818
    outer loop
      vertex -14.1299 14.1687 15.9755
      vertex -14.1406 14.067 15.9973
      vertex -14.1299 14.0648 15.9973
    endloop
  endfacet
  facet normal -0.0847426 0.399681 0.912729
    outer loop
      vertex -14.1622 14.1687 15.9755
      vertex -14.2233 14.2528 15.933
      vertex -14.1938 14.162 15.9755
    endloop
  endfacet
  facet normal -0.0434973 0.205151 0.977763
    outer loop
      vertex -14.1622 14.1687 15.9755
      vertex -14.1938 14.162 15.9755
      vertex -14.1622 14.0648 15.9973
    endloop
  endfacet
  facet normal -0.239536 0.538957 0.807557
    outer loop
      vertex -14.2494 14.3332 15.8716
      vertex -14.3133 14.3048 15.8716
      vertex -14.271 14.2316 15.933
    endloop
  endfacet
  facet normal -0.302456 0.680525 0.667388
    outer loop
      vertex -14.271 14.3998 15.7939
      vertex -14.3133 14.3048 15.8716
      vertex -14.2494 14.3332 15.8716
    endloop
  endfacet
  facet normal -0.0866127 0.190548 0.97785
    outer loop
      vertex -14.1622 14.0648 15.9973
      vertex -14.2233 14.1489 15.9755
      vertex -14.1721 14.0603 15.9973
    endloop
  endfacet
  facet normal -0.239536 0.538957 0.807557
    outer loop
      vertex -14.2494 14.3332 15.8716
      vertex -14.271 14.2316 15.933
      vertex -14.2233 14.2528 15.933
    endloop
  endfacet
  facet normal -0.123111 0.576768 0.807578
    outer loop
      vertex -14.181 14.3478 15.8716
      vertex -14.2494 14.3332 15.8716
      vertex -14.2233 14.2528 15.933
    endloop
  endfacet
  facet normal 0.197763 0.930549 -0.30817
    outer loop
      vertex -13.2732 14.2939 0.296632
      vertex -13.9949 14.4802 0.396045
      vertex -13.2698 14.3261 0.396045
    endloop
  endfacet
  facet normal 0.197838 0.930651 -0.307812
    outer loop
      vertex -13.9949 14.4802 0.396045
      vertex -13.2732 14.2939 0.296632
      vertex -14.0983 14.4693 0.296632
    endloop
  endfacet
  facet normal 0.206262 0.972933 -0.104198
    outer loop
      vertex -13.9949 14.4802 0.396045
      vertex -14.0949 14.5014 0.396045
      vertex -14.0938 14.5123 0.5
    endloop
  endfacet
  facet normal -0.197356 0.93096 0.307186
    outer loop
      vertex -14.1938 14.4693 15.7034
      vertex -14.2971 14.4802 15.604
      vertex -14.2872 14.4495 15.7034
    endloop
  endfacet
  facet normal -0.739192 0.665442 0.103836
    outer loop
      vertex -14.6385 14.2112 15.5
      vertex -14.5417 14.3025 15.604
      vertex -14.4806 14.3866 15.5
    endloop
  endfacet
  facet normal -0.739192 0.665442 0.103836
    outer loop
      vertex -14.5417 14.3025 15.604
      vertex -14.6385 14.2112 15.5
      vertex -14.6996 14.1271 15.604
    endloop
  endfacet
  facet normal -0.240524 0.330331 0.912705
    outer loop
      vertex -14.271 14.2316 15.933
      vertex -14.3133 14.2008 15.933
      vertex -14.2494 14.1299 15.9755
    endloop
  endfacet
  facet normal -0.553655 0.498415 0.66712
    outer loop
      vertex -14.5746 14.1403 15.7939
      vertex -14.4167 14.2117 15.8716
      vertex -14.4167 14.3157 15.7939
    endloop
  endfacet
  facet normal -0.553655 0.498415 0.66712
    outer loop
      vertex -14.4167 14.2117 15.8716
      vertex -14.5746 14.1403 15.7939
      vertex -14.5746 14.0363 15.8716
    endloop
  endfacet
  facet normal -0.197363 0.930957 0.307193
    outer loop
      vertex -14.1971 14.5014 15.604
      vertex -14.2971 14.4802 15.604
      vertex -14.1938 14.4693 15.7034
    endloop
  endfacet
  facet normal -0.206259 0.972918 0.104349
    outer loop
      vertex -14.1983 14.5123 15.5
      vertex -14.2971 14.4802 15.604
      vertex -14.1971 14.5014 15.604
    endloop
  endfacet
  facet normal 0 0.867062 0.498201
    outer loop
      vertex -14.0983 14.4693 15.7034
      vertex -14.1883 14.4173 15.7939
      vertex -14.1037 14.4173 15.7939
    endloop
  endfacet
  facet normal 0 0.867062 0.498201
    outer loop
      vertex -14.1883 14.4173 15.7939
      vertex -14.0983 14.4693 15.7034
      vertex -14.1938 14.4693 15.7034
    endloop
  endfacet
  facet normal 0 0.408366 0.912818
    outer loop
      vertex -14.1199 14.2637 15.933
      vertex -14.1622 14.1687 15.9755
      vertex -14.1299 14.1687 15.9755
    endloop
  endfacet
  facet normal 0 0.408366 0.912818
    outer loop
      vertex -14.1622 14.1687 15.9755
      vertex -14.1199 14.2637 15.933
      vertex -14.1721 14.2637 15.933
    endloop
  endfacet
  facet normal 0 0.745342 0.666683
    outer loop
      vertex -14.1037 14.4173 15.7939
      vertex -14.181 14.3478 15.8716
      vertex -14.111 14.3478 15.8716
    endloop
  endfacet
  facet normal 0 0.745342 0.666683
    outer loop
      vertex -14.181 14.3478 15.8716
      vertex -14.1037 14.4173 15.7939
      vertex -14.1883 14.4173 15.7939
    endloop
  endfacet
  facet normal 0 0.209595 0.977788
    outer loop
      vertex -14.1299 14.1687 15.9755
      vertex -14.1515 14.067 15.9973
      vertex -14.1406 14.067 15.9973
    endloop
  endfacet
  facet normal 0 0.209595 0.977788
    outer loop
      vertex -14.1515 14.067 15.9973
      vertex -14.1299 14.1687 15.9755
      vertex -14.1622 14.1687 15.9755
    endloop
  endfacet
  facet normal -0.0421831 0.205163 0.977818
    outer loop
      vertex -14.1622 14.1687 15.9755
      vertex -14.1622 14.0648 15.9973
      vertex -14.1515 14.067 15.9973
    endloop
  endfacet
  facet normal -0.346912 0.476441 0.807872
    outer loop
      vertex -14.271 14.2316 15.933
      vertex -14.3699 14.2637 15.8716
      vertex -14.3133 14.2008 15.933
    endloop
  endfacet
  facet normal -0.553752 0.498377 0.667068
    outer loop
      vertex -14.4167 14.3157 15.7939
      vertex -14.4167 14.2117 15.8716
      vertex -14.3699 14.2637 15.8716
    endloop
  endfacet
  facet normal -0.302854 0.680541 0.66719
    outer loop
      vertex -14.271 14.3998 15.7939
      vertex -14.3483 14.3654 15.7939
      vertex -14.3133 14.3048 15.8716
    endloop
  endfacet
  facet normal -0.437851 0.602595 0.667208
    outer loop
      vertex -14.3483 14.3654 15.7939
      vertex -14.4167 14.3157 15.7939
      vertex -14.3133 14.3048 15.8716
    endloop
  endfacet
  facet normal -0.404295 0.908692 -0.104043
    outer loop
      vertex -14.3906 14.4386 0.396045
      vertex -14.396 14.4481 0.5
      vertex -14.2971 14.4802 0.396045
    endloop
  endfacet
  facet normal -0.558821 0.769997 -0.307936
    outer loop
      vertex -14.3744 14.4106 0.296632
      vertex -14.4517 14.3545 0.296632
      vertex -14.3906 14.4386 0.396045
    endloop
  endfacet
  facet normal -0.558814 0.769987 0.307972
    outer loop
      vertex -14.3906 14.4386 15.604
      vertex -14.4517 14.3545 15.7034
      vertex -14.3744 14.4106 15.7034
    endloop
  endfacet
  facet normal -0.386753 0.869265 0.307896
    outer loop
      vertex -14.2971 14.4802 15.604
      vertex -14.3906 14.4386 15.604
      vertex -14.3744 14.4106 15.7034
    endloop
  endfacet
  facet normal -0.707225 0.636664 0.307396
    outer loop
      vertex -14.6996 14.1271 15.604
      vertex -14.5156 14.2835 15.7034
      vertex -14.5417 14.3025 15.604
    endloop
  endfacet
  facet normal -0.70719 0.63695 0.306882
    outer loop
      vertex -14.6697 14.1139 15.7003
      vertex -14.5156 14.2835 15.7034
      vertex -14.6996 14.1271 15.604
    endloop
  endfacet
  facet normal -0.707419 0.637176 0.305884
    outer loop
      vertex -14.5156 14.2835 15.7034
      vertex -14.6697 14.1139 15.7003
      vertex -14.6689 14.1133 15.7034
    endloop
  endfacet
  facet normal -0.559412 0.769773 0.307423
    outer loop
      vertex -14.3906 14.4386 15.604
      vertex -14.4733 14.3785 15.604
      vertex -14.4517 14.3545 15.7034
    endloop
  endfacet
  facet normal -0.509378 0.70187 0.497909
    outer loop
      vertex -14.3744 14.4106 15.7034
      vertex -14.4517 14.3545 15.7034
      vertex -14.4167 14.3157 15.7939
    endloop
  endfacet
  facet normal -0.438123 0.394311 0.807816
    outer loop
      vertex -14.3699 14.2637 15.8716
      vertex -14.4167 14.2117 15.8716
      vertex -14.3133 14.2008 15.933
    endloop
  endfacet
  facet normal -0.155796 0.140252 0.977782
    outer loop
      vertex -14.4073 13.9545 15.9755
      vertex -14.181 14.0539 15.9973
      vertex -14.2494 14.1299 15.9755
    endloop
  endfacet
  facet normal -0.155796 0.140252 0.977782
    outer loop
      vertex -14.181 14.0539 15.9973
      vertex -14.4073 13.9545 15.9755
      vertex -14.3389 13.8785 15.9973
    endloop
  endfacet
  facet normal 0.154888 0.7286 0.667197
    outer loop
      vertex -14.021 14.3998 15.7939
      vertex -13.286 14.1724 15.8716
      vertex -13.2787 14.242 15.7939
    endloop
  endfacet
  facet normal 0.154921 0.728677 0.667105
    outer loop
      vertex -13.286 14.1724 15.8716
      vertex -14.021 14.3998 15.7939
      vertex -14.111 14.3478 15.8716
    endloop
  endfacet
  facet normal -0.197365 0.930968 -0.307157
    outer loop
      vertex -14.1938 14.4693 0.296632
      vertex -14.2971 14.4802 0.396045
      vertex -14.1971 14.5014 0.396045
    endloop
  endfacet
  facet normal 0 0.867119 -0.498102
    outer loop
      vertex -14.1037 14.4173 0.206108
      vertex -14.1938 14.4693 0.296632
      vertex -14.0983 14.4693 0.296632
    endloop
  endfacet
  facet normal 0 0.867119 -0.498102
    outer loop
      vertex -14.1938 14.4693 0.296632
      vertex -14.1037 14.4173 0.206108
      vertex -14.1883 14.4173 0.206108
    endloop
  endfacet
  facet normal -0.20657 0.97288 -0.104086
    outer loop
      vertex -14.2971 14.4802 0.396045
      vertex -14.3005 14.4906 0.5
      vertex -14.1983 14.5123 0.5
    endloop
  endfacet
  facet normal -0.438096 0.39519 -0.807401
    outer loop
      vertex -14.3483 14.162 0.066988
      vertex -14.4167 14.2117 0.128428
      vertex -14.3133 14.2008 0.066988
    endloop
  endfacet
  facet normal -0.559418 0.769782 -0.307386
    outer loop
      vertex -14.4517 14.3545 0.296632
      vertex -14.4733 14.3785 0.396045
      vertex -14.3906 14.4386 0.396045
    endloop
  endfacet
  facet normal 0.0852203 0.399519 -0.912755
    outer loop
      vertex -14.0688 14.2528 0.066988
      vertex -14.1299 14.1687 0.0244722
      vertex -14.1199 14.2637 0.066988
    endloop
  endfacet
  facet normal -0.739189 0.665439 -0.103881
    outer loop
      vertex -14.5417 14.3025 0.396045
      vertex -14.6385 14.2112 0.5
      vertex -14.4806 14.3866 0.5
    endloop
  endfacet
  facet normal -0.739189 0.665439 -0.103881
    outer loop
      vertex -14.6385 14.2112 0.5
      vertex -14.5417 14.3025 0.396045
      vertex -14.6996 14.1271 0.396045
    endloop
  endfacet
  facet normal -0.386758 0.869276 -0.307859
    outer loop
      vertex -14.3744 14.4106 0.296632
      vertex -14.3906 14.4386 0.396045
      vertex -14.2971 14.4802 0.396045
    endloop
  endfacet
  facet normal -0.707304 0.636574 0.3074
    outer loop
      vertex -14.4733 14.3785 15.604
      vertex -14.5417 14.3025 15.604
      vertex -14.4517 14.3545 15.7034
    endloop
  endfacet
  facet normal -0.739286 0.665357 0.103713
    outer loop
      vertex -14.4806 14.3866 15.5
      vertex -14.5417 14.3025 15.604
      vertex -14.4733 14.3785 15.604
    endloop
  endfacet
  facet normal -0.644532 0.580226 0.497911
    outer loop
      vertex -14.5156 14.2835 15.7034
      vertex -14.5746 14.1403 15.7939
      vertex -14.4167 14.3157 15.7939
    endloop
  endfacet
  facet normal -0.644645 0.5802 0.497796
    outer loop
      vertex -14.5156 14.2835 15.7034
      vertex -14.6658 14.1143 15.7061
      vertex -14.5746 14.1403 15.7939
    endloop
  endfacet
  facet normal -0.635672 0.572553 0.517789
    outer loop
      vertex -14.6658 14.1143 15.7061
      vertex -14.5156 14.2835 15.7034
      vertex -14.6689 14.1133 15.7034
    endloop
  endfacet
  facet normal -0.404297 0.908696 0.103998
    outer loop
      vertex -14.2971 14.4802 15.604
      vertex -14.396 14.4481 15.5
      vertex -14.3906 14.4386 15.604
    endloop
  endfacet
  facet normal -0.584822 0.804486 0.103852
    outer loop
      vertex -14.396 14.4481 15.5
      vertex -14.4806 14.3866 15.5
      vertex -14.3906 14.4386 15.604
    endloop
  endfacet
  facet normal -0.43791 0.395022 0.807584
    outer loop
      vertex -14.3133 14.2008 15.933
      vertex -14.4167 14.2117 15.8716
      vertex -14.3483 14.162 15.933
    endloop
  endfacet
  facet normal -0.438279 0.394551 0.807614
    outer loop
      vertex -14.4167 14.2117 15.8716
      vertex -14.5062 13.9866 15.933
      vertex -14.3483 14.162 15.933
    endloop
  endfacet
  facet normal -0.438279 0.394551 0.807614
    outer loop
      vertex -14.5062 13.9866 15.933
      vertex -14.4167 14.2117 15.8716
      vertex -14.5746 14.0363 15.8716
    endloop
  endfacet
  facet normal -0.303554 0.273268 0.912787
    outer loop
      vertex -14.3483 14.162 15.933
      vertex -14.4073 13.9545 15.9755
      vertex -14.2494 14.1299 15.9755
    endloop
  endfacet
  facet normal -0.303554 0.273268 0.912787
    outer loop
      vertex -14.4073 13.9545 15.9755
      vertex -14.3483 14.162 15.933
      vertex -14.5062 13.9866 15.933
    endloop
  endfacet
  facet normal 0.206883 0.972901 -0.103265
    outer loop
      vertex -13.2698 14.3261 0.396045
      vertex -13.9915 14.4906 0.5
      vertex -13.2687 14.3369 0.5
    endloop
  endfacet
  facet normal 0.206751 0.972841 -0.104088
    outer loop
      vertex -13.9915 14.4906 0.5
      vertex -13.2698 14.3261 0.396045
      vertex -13.9949 14.4802 0.396045
    endloop
  endfacet
  facet normal -0.347059 0.476643 -0.807689
    outer loop
      vertex -14.3133 14.2008 0.066988
      vertex -14.3699 14.2637 0.128428
      vertex -14.271 14.2316 0.066988
    endloop
  endfacet
  facet normal -0.206258 0.972913 -0.104394
    outer loop
      vertex -14.1971 14.5014 0.396045
      vertex -14.2971 14.4802 0.396045
      vertex -14.1983 14.5123 0.5
    endloop
  endfacet
  facet normal 0 0.994548 -0.104281
    outer loop
      vertex -14.0949 14.5014 0.396045
      vertex -14.1983 14.5123 0.5
      vertex -14.0938 14.5123 0.5
    endloop
  endfacet
  facet normal 0 0.994548 -0.104281
    outer loop
      vertex -14.1983 14.5123 0.5
      vertex -14.0949 14.5014 0.396045
      vertex -14.1971 14.5014 0.396045
    endloop
  endfacet
  facet normal 0.180383 0.848533 -0.497448
    outer loop
      vertex -14.021 14.3998 0.206108
      vertex -13.2732 14.2939 0.296632
      vertex -13.2787 14.242 0.206108
    endloop
  endfacet
  facet normal 0.180383 0.84854 -0.497436
    outer loop
      vertex -13.2732 14.2939 0.296632
      vertex -14.021 14.3998 0.206108
      vertex -14.0983 14.4693 0.296632
    endloop
  endfacet
  facet normal -0.4378 0.602526 -0.667303
    outer loop
      vertex -14.3133 14.3048 0.128428
      vertex -14.4167 14.3157 0.206108
      vertex -14.3483 14.3654 0.206108
    endloop
  endfacet
  facet normal -0.707313 0.636582 -0.307363
    outer loop
      vertex -14.5156 14.2835 0.296632
      vertex -14.5417 14.3025 0.396045
      vertex -14.4517 14.3545 0.296632
    endloop
  endfacet
  facet normal -0.584708 0.804582 -0.103751
    outer loop
      vertex -14.4733 14.3785 0.396045
      vertex -14.4806 14.3866 0.5
      vertex -14.3906 14.4386 0.396045
    endloop
  endfacet
  facet normal -0.584819 0.804483 -0.103897
    outer loop
      vertex -14.3906 14.4386 0.396045
      vertex -14.4806 14.3866 0.5
      vertex -14.396 14.4481 0.5
    endloop
  endfacet
  facet normal -0.739282 0.665354 -0.103758
    outer loop
      vertex -14.4733 14.3785 0.396045
      vertex -14.5417 14.3025 0.396045
      vertex -14.4806 14.3866 0.5
    endloop
  endfacet
  facet normal -0.707313 0.636582 -0.307363
    outer loop
      vertex -14.4517 14.3545 0.296632
      vertex -14.5417 14.3025 0.396045
      vertex -14.4733 14.3785 0.396045
    endloop
  endfacet
  facet normal 0.206377 0.972921 -0.104084
    outer loop
      vertex -13.9949 14.4802 0.396045
      vertex -14.0938 14.5123 0.5
      vertex -13.9915 14.4906 0.5
    endloop
  endfacet
  facet normal -0.387726 0.869144 -0.307014
    outer loop
      vertex -14.2872 14.4495 0.296632
      vertex -14.3744 14.4106 0.296632
      vertex -14.2971 14.4802 0.396045
    endloop
  endfacet
  facet normal -0.0863554 0.189982 -0.977982
    outer loop
      vertex -14.1721 14.0603 0.00273991
      vertex -14.2233 14.1489 0.0244722
      vertex -14.1622 14.0648 0.00273991
    endloop
  endfacet
  facet normal 0.197353 0.930911 -0.307337
    outer loop
      vertex -13.9949 14.4802 0.396045
      vertex -14.0983 14.4693 0.296632
      vertex -14.0949 14.5014 0.396045
    endloop
  endfacet
  facet normal -0.197358 0.930972 -0.30715
    outer loop
      vertex -14.2872 14.4495 0.296632
      vertex -14.2971 14.4802 0.396045
      vertex -14.1938 14.4693 0.296632
    endloop
  endfacet
  facet normal -0.0433681 0.204542 -0.977897
    outer loop
      vertex -14.1622 14.0648 0.00273991
      vertex -14.1938 14.162 0.0244722
      vertex -14.1622 14.1687 0.0244722
    endloop
  endfacet
  facet normal -0.352707 0.792565 -0.497432
    outer loop
      vertex -14.3483 14.3654 0.206108
      vertex -14.3744 14.4106 0.296632
      vertex -14.271 14.3998 0.206108
    endloop
  endfacet
  facet normal -0.239638 0.539185 -0.807374
    outer loop
      vertex -14.271 14.2316 0.066988
      vertex -14.3133 14.3048 0.128428
      vertex -14.2494 14.3332 0.128428
    endloop
  endfacet
  facet normal -0.707234 0.636672 -0.30736
    outer loop
      vertex -14.5156 14.2835 0.296632
      vertex -14.6996 14.1271 0.396045
      vertex -14.5417 14.3025 0.396045
    endloop
  endfacet
  facet normal -0.707186 0.637063 -0.306657
    outer loop
      vertex -14.5156 14.2835 0.296632
      vertex -14.6697 14.1139 0.29967
      vertex -14.6996 14.1271 0.396045
    endloop
  endfacet
  facet normal -0.706058 0.63595 -0.311526
    outer loop
      vertex -14.6697 14.1139 0.29967
      vertex -14.5156 14.2835 0.296632
      vertex -14.6689 14.1133 0.296632
    endloop
  endfacet
  facet normal -0.179504 0.848284 -0.498189
    outer loop
      vertex -14.1883 14.4173 0.206108
      vertex -14.271 14.3998 0.206108
      vertex -14.1938 14.4693 0.296632
    endloop
  endfacet
  facet normal 0 0.745256 -0.666778
    outer loop
      vertex -14.111 14.3478 0.128428
      vertex -14.1883 14.4173 0.206108
      vertex -14.1037 14.4173 0.206108
    endloop
  endfacet
  facet normal 0 0.745256 -0.666778
    outer loop
      vertex -14.1883 14.4173 0.206108
      vertex -14.111 14.3478 0.128428
      vertex -14.181 14.3478 0.128428
    endloop
  endfacet
  facet normal 0.15487 0.728516 -0.667293
    outer loop
      vertex -13.286 14.1724 0.128428
      vertex -14.021 14.3998 0.206108
      vertex -13.2787 14.242 0.206108
    endloop
  endfacet
  facet normal 0.154903 0.728593 -0.667201
    outer loop
      vertex -14.021 14.3998 0.206108
      vertex -13.286 14.1724 0.128428
      vertex -14.111 14.3478 0.128428
    endloop
  endfacet
  facet normal -0.346653 0.477386 -0.807424
    outer loop
      vertex -14.271 14.2316 0.066988
      vertex -14.3699 14.2637 0.128428
      vertex -14.3133 14.3048 0.128428
    endloop
  endfacet
  facet normal 0 0.951621 -0.307274
    outer loop
      vertex -14.0983 14.4693 0.296632
      vertex -14.1971 14.5014 0.396045
      vertex -14.0949 14.5014 0.396045
    endloop
  endfacet
  facet normal 0 0.951621 -0.307274
    outer loop
      vertex -14.1971 14.5014 0.396045
      vertex -14.0983 14.4693 0.296632
      vertex -14.1938 14.4693 0.296632
    endloop
  endfacet
  facet normal 0 0.208972 -0.977922
    outer loop
      vertex -14.1515 14.067 0.00273991
      vertex -14.1299 14.1687 0.0244722
      vertex -14.1406 14.067 0.00273991
    endloop
  endfacet
  facet normal 0 0.208972 -0.977922
    outer loop
      vertex -14.1299 14.1687 0.0244722
      vertex -14.1515 14.067 0.00273991
      vertex -14.1622 14.1687 0.0244722
    endloop
  endfacet
  facet normal -0.303486 0.273763 -0.912661
    outer loop
      vertex -14.2494 14.1299 0.0244722
      vertex -14.3483 14.162 0.066988
      vertex -14.3133 14.2008 0.066988
    endloop
  endfacet
  facet normal -0.437684 0.602747 -0.667179
    outer loop
      vertex -14.3699 14.2637 0.128428
      vertex -14.4167 14.3157 0.206108
      vertex -14.3133 14.3048 0.128428
    endloop
  endfacet
  facet normal -0.553591 0.498358 -0.667215
    outer loop
      vertex -14.5746 14.1403 0.206108
      vertex -14.4167 14.2117 0.128428
      vertex -14.5746 14.0363 0.128428
    endloop
  endfacet
  facet normal -0.553591 0.498358 -0.667215
    outer loop
      vertex -14.4167 14.2117 0.128428
      vertex -14.5746 14.1403 0.206108
      vertex -14.4167 14.3157 0.206108
    endloop
  endfacet
  facet normal -0.302819 0.680463 -0.667286
    outer loop
      vertex -14.3133 14.3048 0.128428
      vertex -14.3483 14.3654 0.206108
      vertex -14.271 14.3998 0.206108
    endloop
  endfacet
  facet normal 0 0.408493 -0.912762
    outer loop
      vertex -14.1622 14.1687 0.0244722
      vertex -14.1199 14.2637 0.066988
      vertex -14.1299 14.1687 0.0244722
    endloop
  endfacet
  facet normal 0 0.408493 -0.912762
    outer loop
      vertex -14.1199 14.2637 0.066988
      vertex -14.1622 14.1687 0.0244722
      vertex -14.1721 14.2637 0.066988
    endloop
  endfacet
  facet normal 0.15428 0.729085 -0.666808
    outer loop
      vertex -14.021 14.3998 0.206108
      vertex -14.111 14.3478 0.128428
      vertex -14.1037 14.4173 0.206108
    endloop
  endfacet
  facet normal 0.179522 0.848368 -0.49804
    outer loop
      vertex -14.021 14.3998 0.206108
      vertex -14.1037 14.4173 0.206108
      vertex -14.0983 14.4693 0.296632
    endloop
  endfacet
  facet normal -0.0848437 0.19106 -0.977905
    outer loop
      vertex -14.1622 14.0648 0.00273991
      vertex -14.2233 14.1489 0.0244722
      vertex -14.1938 14.162 0.0244722
    endloop
  endfacet
  facet normal -0.179843 0.848352 -0.497951
    outer loop
      vertex -14.271 14.3998 0.206108
      vertex -14.2872 14.4495 0.296632
      vertex -14.1938 14.4693 0.296632
    endloop
  endfacet
  facet normal -0.353285 0.791939 -0.498018
    outer loop
      vertex -14.271 14.3998 0.206108
      vertex -14.3744 14.4106 0.296632
      vertex -14.2872 14.4495 0.296632
    endloop
  endfacet
  facet normal 0 0.589906 -0.807472
    outer loop
      vertex -14.1721 14.2637 0.066988
      vertex -14.111 14.3478 0.128428
      vertex -14.1199 14.2637 0.066988
    endloop
  endfacet
  facet normal 0 0.589906 -0.807472
    outer loop
      vertex -14.111 14.3478 0.128428
      vertex -14.1721 14.2637 0.066988
      vertex -14.181 14.3478 0.128428
    endloop
  endfacet
  facet normal -0.509932 0.701798 -0.497443
    outer loop
      vertex -14.3483 14.3654 0.206108
      vertex -14.4167 14.3157 0.206108
      vertex -14.3744 14.4106 0.296632
    endloop
  endfacet
  facet normal -0.438309 0.394478 -0.807633
    outer loop
      vertex -14.3133 14.2008 0.066988
      vertex -14.4167 14.2117 0.128428
      vertex -14.3699 14.2637 0.128428
    endloop
  endfacet
  facet normal -0.553688 0.49832 -0.667163
    outer loop
      vertex -14.3699 14.2637 0.128428
      vertex -14.4167 14.2117 0.128428
      vertex -14.4167 14.3157 0.206108
    endloop
  endfacet
  facet normal -0.644575 0.580264 -0.497812
    outer loop
      vertex -14.5746 14.1403 0.206108
      vertex -14.5156 14.2835 0.296632
      vertex -14.4167 14.3157 0.206108
    endloop
  endfacet
  facet normal -0.644514 0.580278 -0.497874
    outer loop
      vertex -14.6658 14.1143 0.293866
      vertex -14.5156 14.2835 0.296632
      vertex -14.5746 14.1403 0.206108
    endloop
  endfacet
  facet normal -0.639728 0.576206 -0.508659
    outer loop
      vertex -14.5156 14.2835 0.296632
      vertex -14.6658 14.1143 0.293866
      vertex -14.6689 14.1133 0.296632
    endloop
  endfacet
  facet normal -0.0850736 0.399612 -0.912728
    outer loop
      vertex -14.1622 14.1687 0.0244722
      vertex -14.2233 14.2528 0.066988
      vertex -14.1721 14.2637 0.066988
    endloop
  endfacet
  facet normal 0.123057 0.576899 -0.807493
    outer loop
      vertex -14.0688 14.2528 0.066988
      vertex -14.1199 14.2637 0.066988
      vertex -14.111 14.3478 0.128428
    endloop
  endfacet
  facet normal -0.239638 0.539185 -0.807374
    outer loop
      vertex -14.2233 14.2528 0.066988
      vertex -14.271 14.2316 0.066988
      vertex -14.2494 14.3332 0.128428
    endloop
  endfacet
  facet normal -0.0420578 0.204554 -0.977951
    outer loop
      vertex -14.1515 14.067 0.00273991
      vertex -14.1622 14.0648 0.00273991
      vertex -14.1622 14.1687 0.0244722
    endloop
  endfacet
  facet normal 0.122642 0.577053 -0.807445
    outer loop
      vertex -14.0688 14.2528 0.066988
      vertex -13.286 14.1724 0.128428
      vertex -13.2948 14.0883 0.066988
    endloop
  endfacet
  facet normal 0.122631 0.576798 -0.80763
    outer loop
      vertex -13.286 14.1724 0.128428
      vertex -14.0688 14.2528 0.066988
      vertex -14.111 14.3478 0.128428
    endloop
  endfacet
  facet normal -0.240554 0.330445 -0.912655
    outer loop
      vertex -14.2494 14.1299 0.0244722
      vertex -14.271 14.2316 0.066988
      vertex -14.2233 14.1489 0.0244722
    endloop
  endfacet
  facet normal -0.240599 0.330433 -0.912648
    outer loop
      vertex -14.2494 14.1299 0.0244722
      vertex -14.3133 14.2008 0.066988
      vertex -14.271 14.2316 0.066988
    endloop
  endfacet
  facet normal -0.644613 0.580152 -0.497894
    outer loop
      vertex -14.4167 14.3157 0.206108
      vertex -14.5156 14.2835 0.296632
      vertex -14.4517 14.3545 0.296632
    endloop
  endfacet
  facet normal -0.509411 0.701916 -0.49781
    outer loop
      vertex -14.4167 14.3157 0.206108
      vertex -14.4517 14.3545 0.296632
      vertex -14.3744 14.4106 0.296632
    endloop
  endfacet
  facet normal -0.438465 0.394719 -0.807431
    outer loop
      vertex -14.5062 13.9866 0.066988
      vertex -14.4167 14.2117 0.128428
      vertex -14.3483 14.162 0.066988
    endloop
  endfacet
  facet normal -0.438465 0.394719 -0.807431
    outer loop
      vertex -14.4167 14.2117 0.128428
      vertex -14.5062 13.9866 0.066988
      vertex -14.5746 14.0363 0.128428
    endloop
  endfacet
  facet normal -0.303648 0.273353 -0.91273
    outer loop
      vertex -14.4073 13.9545 0.0244722
      vertex -14.3483 14.162 0.066988
      vertex -14.2494 14.1299 0.0244722
    endloop
  endfacet
  facet normal -0.303648 0.273353 -0.91273
    outer loop
      vertex -14.3483 14.162 0.066988
      vertex -14.4073 13.9545 0.0244722
      vertex -14.5062 13.9866 0.066988
    endloop
  endfacet
  facet normal -0.302421 0.680447 -0.667483
    outer loop
      vertex -14.2494 14.3332 0.128428
      vertex -14.3133 14.3048 0.128428
      vertex -14.271 14.3998 0.206108
    endloop
  endfacet
  facet normal -0.15428 0.729085 -0.666808
    outer loop
      vertex -14.181 14.3478 0.128428
      vertex -14.271 14.3998 0.206108
      vertex -14.1883 14.4173 0.206108
    endloop
  endfacet
  facet normal 0.0849186 0.399556 -0.912767
    outer loop
      vertex -13.3048 13.9933 0.0244722
      vertex -14.0688 14.2528 0.066988
      vertex -13.2948 14.0883 0.066988
    endloop
  endfacet
  facet normal 0.0849644 0.399681 -0.912708
    outer loop
      vertex -14.0688 14.2528 0.066988
      vertex -13.3048 13.9933 0.0244722
      vertex -14.1299 14.1687 0.0244722
    endloop
  endfacet
  facet normal 0.0420578 0.204554 -0.977951
    outer loop
      vertex -14.1299 14.0648 0.00273991
      vertex -14.1406 14.067 0.00273991
      vertex -14.1299 14.1687 0.0244722
    endloop
  endfacet
  facet normal -0.155334 0.139836 -0.977915
    outer loop
      vertex -14.4073 13.9545 0.0244722
      vertex -14.181 14.0539 0.00273991
      vertex -14.3389 13.8785 0.00273991
    endloop
  endfacet
  facet normal -0.155334 0.139836 -0.977915
    outer loop
      vertex -14.181 14.0539 0.00273991
      vertex -14.4073 13.9545 0.0244722
      vertex -14.2494 14.1299 0.0244722
    endloop
  endfacet
  facet normal -0.122989 0.168948 -0.977921
    outer loop
      vertex -14.181 14.0539 0.00273991
      vertex -14.2494 14.1299 0.0244722
      vertex -14.2233 14.1489 0.0244722
    endloop
  endfacet
  facet normal -0.165872 0.373528 -0.912668
    outer loop
      vertex -14.2233 14.1489 0.0244722
      vertex -14.271 14.2316 0.066988
      vertex -14.1938 14.162 0.0244722
    endloop
  endfacet
  facet normal -0.16597 0.373432 -0.91269
    outer loop
      vertex -14.1938 14.162 0.0244722
      vertex -14.271 14.2316 0.066988
      vertex -14.2233 14.2528 0.066988
    endloop
  endfacet
  facet normal -0.15543 0.728177 -0.667532
    outer loop
      vertex -14.2494 14.3332 0.128428
      vertex -14.271 14.3998 0.206108
      vertex -14.181 14.3478 0.128428
    endloop
  endfacet
  facet normal -0.0847688 0.399805 -0.912672
    outer loop
      vertex -14.1938 14.162 0.0244722
      vertex -14.2233 14.2528 0.066988
      vertex -14.1622 14.1687 0.0244722
    endloop
  endfacet
  facet normal 0.0434854 0.20459 -0.977881
    outer loop
      vertex -14.1299 14.0648 0.00273991
      vertex -13.3048 13.9933 0.0244722
      vertex -13.3155 13.8917 0.00273991
    endloop
  endfacet
  facet normal 0.0434814 0.204541 -0.977892
    outer loop
      vertex -13.3048 13.9933 0.0244722
      vertex -14.1299 14.0648 0.00273991
      vertex -14.1299 14.1687 0.0244722
    endloop
  endfacet
  facet normal -0.12186 0.169462 -0.977974
    outer loop
      vertex -14.181 14.0539 0.00273991
      vertex -14.2233 14.1489 0.0244722
      vertex -14.1721 14.0603 0.00273991
    endloop
  endfacet
  facet normal -0.123163 0.577013 -0.807395
    outer loop
      vertex -14.2233 14.2528 0.066988
      vertex -14.2494 14.3332 0.128428
      vertex -14.181 14.3478 0.128428
    endloop
  endfacet
  facet normal -0.122823 0.576932 -0.807505
    outer loop
      vertex -14.1721 14.2637 0.066988
      vertex -14.2233 14.2528 0.066988
      vertex -14.181 14.3478 0.128428
    endloop
  endfacet
  facet normal 0.438309 -0.394478 -0.807633
    outer loop
      vertex 14.3699 -14.2637 0.128428
      vertex 14.3133 -14.2008 0.066988
      vertex 14.4167 -14.2117 0.128428
    endloop
  endfacet
  facet normal 0.346506 -0.477184 0.807607
    outer loop
      vertex 14.3699 -14.2637 15.8716
      vertex 14.271 -14.2316 15.933
      vertex 14.3133 -14.3048 15.8716
    endloop
  endfacet
  facet normal -0.206884 -0.972905 0.103221
    outer loop
      vertex 13.9915 -14.4906 15.5
      vertex 13.2698 -14.3261 15.604
      vertex 13.2687 -14.3369 15.5
    endloop
  endfacet
  facet normal -0.206752 -0.972846 0.104044
    outer loop
      vertex 13.2698 -14.3261 15.604
      vertex 13.9915 -14.4906 15.5
      vertex 13.9949 -14.4802 15.604
    endloop
  endfacet
  facet normal 0.644613 -0.580152 -0.497894
    outer loop
      vertex 14.4517 -14.3545 0.296632
      vertex 14.4167 -14.3157 0.206108
      vertex 14.5156 -14.2835 0.296632
    endloop
  endfacet
  facet normal 0.584711 -0.804586 0.103707
    outer loop
      vertex 14.4733 -14.3785 15.604
      vertex 14.3906 -14.4386 15.604
      vertex 14.4806 -14.3866 15.5
    endloop
  endfacet
  facet normal -0.206883 -0.972901 -0.103265
    outer loop
      vertex 13.2698 -14.3261 0.396045
      vertex 13.9915 -14.4906 0.5
      vertex 13.2687 -14.3369 0.5
    endloop
  endfacet
  facet normal -0.206751 -0.972841 -0.104088
    outer loop
      vertex 13.9915 -14.4906 0.5
      vertex 13.2698 -14.3261 0.396045
      vertex 13.9949 -14.4802 0.396045
    endloop
  endfacet
  facet normal 0 -1 0
    outer loop
      vertex 14.0938 -14.5123 0.5
      vertex 14.1983 -14.5123 15.5
      vertex 14.0938 -14.5123 15.5
    endloop
  endfacet
  facet normal 0 -1 -0
    outer loop
      vertex 14.1983 -14.5123 15.5
      vertex 14.0938 -14.5123 0.5
      vertex 14.1983 -14.5123 0.5
    endloop
  endfacet
  facet normal 0.207698 -0.978193 0
    outer loop
      vertex 14.1983 -14.5123 0.5
      vertex 14.3005 -14.4906 15.5
      vertex 14.1983 -14.5123 15.5
    endloop
  endfacet
  facet normal 0.207698 -0.978193 0
    outer loop
      vertex 14.3005 -14.4906 15.5
      vertex 14.1983 -14.5123 0.5
      vertex 14.3005 -14.4906 0.5
    endloop
  endfacet
  facet normal 0 -0.951621 -0.307274
    outer loop
      vertex 14.0983 -14.4693 0.296632
      vertex 14.1971 -14.5014 0.396045
      vertex 14.0949 -14.5014 0.396045
    endloop
  endfacet
  facet normal 0 -0.951621 -0.307274
    outer loop
      vertex 14.1971 -14.5014 0.396045
      vertex 14.0983 -14.4693 0.296632
      vertex 14.1938 -14.4693 0.296632
    endloop
  endfacet
  facet normal -0.197353 -0.930911 -0.307337
    outer loop
      vertex 14.0949 -14.5014 0.396045
      vertex 13.9949 -14.4802 0.396045
      vertex 14.0983 -14.4693 0.296632
    endloop
  endfacet
  facet normal -0.0851939 -0.399395 0.912812
    outer loop
      vertex 14.1299 -14.1687 15.9755
      vertex 14.0688 -14.2528 15.933
      vertex 14.1199 -14.2637 15.933
    endloop
  endfacet
  facet normal 0.155448 -0.728261 0.667437
    outer loop
      vertex 14.2494 -14.3332 15.8716
      vertex 14.181 -14.3478 15.8716
      vertex 14.271 -14.3998 15.7939
    endloop
  endfacet
  facet normal -0.207995 -0.97813 0
    outer loop
      vertex 13.2687 -14.3369 0.5
      vertex 13.9915 -14.4906 15.5
      vertex 13.2687 -14.3369 15.5
    endloop
  endfacet
  facet normal -0.207995 -0.97813 -0
    outer loop
      vertex 13.9915 -14.4906 15.5
      vertex 13.2687 -14.3369 0.5
      vertex 13.9915 -14.4906 0.5
    endloop
  endfacet
  facet normal 0 -0.951609 0.30731
    outer loop
      vertex 14.0949 -14.5014 15.604
      vertex 14.1938 -14.4693 15.7034
      vertex 14.0983 -14.4693 15.7034
    endloop
  endfacet
  facet normal 0 -0.951609 0.30731
    outer loop
      vertex 14.1938 -14.4693 15.7034
      vertex 14.0949 -14.5014 15.604
      vertex 14.1971 -14.5014 15.604
    endloop
  endfacet
  facet normal 0.206259 -0.972918 0.104349
    outer loop
      vertex 14.2971 -14.4802 15.604
      vertex 14.1971 -14.5014 15.604
      vertex 14.1983 -14.5123 15.5
    endloop
  endfacet
  facet normal -0.197763 -0.930549 -0.30817
    outer loop
      vertex 13.2732 -14.2939 0.296632
      vertex 13.9949 -14.4802 0.396045
      vertex 13.2698 -14.3261 0.396045
    endloop
  endfacet
  facet normal -0.197838 -0.930651 -0.307812
    outer loop
      vertex 13.9949 -14.4802 0.396045
      vertex 13.2732 -14.2939 0.296632
      vertex 14.0983 -14.4693 0.296632
    endloop
  endfacet
  facet normal -0.123004 -0.576654 0.807676
    outer loop
      vertex 14.1199 -14.2637 15.933
      vertex 14.0688 -14.2528 15.933
      vertex 14.111 -14.3478 15.8716
    endloop
  endfacet
  facet normal 0.559412 -0.769773 0.307423
    outer loop
      vertex 14.4517 -14.3545 15.7034
      vertex 14.3906 -14.4386 15.604
      vertex 14.4733 -14.3785 15.604
    endloop
  endfacet
  facet normal 0.197363 -0.930957 0.307193
    outer loop
      vertex 14.2971 -14.4802 15.604
      vertex 14.1938 -14.4693 15.7034
      vertex 14.1971 -14.5014 15.604
    endloop
  endfacet
  facet normal 0.509899 -0.701752 0.497542
    outer loop
      vertex 14.4167 -14.3157 15.7939
      vertex 14.3483 -14.3654 15.7939
      vertex 14.3744 -14.4106 15.7034
    endloop
  endfacet
  facet normal -0.206378 -0.972925 0.10404
    outer loop
      vertex 13.9949 -14.4802 15.604
      vertex 13.9915 -14.4906 15.5
      vertex 14.0938 -14.5123 15.5
    endloop
  endfacet
  facet normal 0.588001 -0.80886 0
    outer loop
      vertex 14.396 -14.4481 0.5
      vertex 14.4806 -14.3866 15.5
      vertex 14.396 -14.4481 15.5
    endloop
  endfacet
  facet normal 0.588001 -0.80886 0
    outer loop
      vertex 14.4806 -14.3866 15.5
      vertex 14.396 -14.4481 0.5
      vertex 14.4806 -14.3866 0.5
    endloop
  endfacet
  facet normal 0.404374 -0.908652 0.104085
    outer loop
      vertex 14.396 -14.4481 15.5
      vertex 14.2971 -14.4802 15.604
      vertex 14.3005 -14.4906 15.5
    endloop
  endfacet
  facet normal 0.558821 -0.769997 -0.307936
    outer loop
      vertex 14.3906 -14.4386 0.396045
      vertex 14.3744 -14.4106 0.296632
      vertex 14.4517 -14.3545 0.296632
    endloop
  endfacet
  facet normal 0 -0.208972 -0.977922
    outer loop
      vertex 14.1622 -14.1687 0.0244722
      vertex 14.1406 -14.067 0.00273991
      vertex 14.1515 -14.067 0.00273991
    endloop
  endfacet
  facet normal 0 -0.208972 -0.977922
    outer loop
      vertex 14.1406 -14.067 0.00273991
      vertex 14.1622 -14.1687 0.0244722
      vertex 14.1299 -14.1687 0.0244722
    endloop
  endfacet
  facet normal 0.584819 -0.804483 -0.103897
    outer loop
      vertex 14.396 -14.4481 0.5
      vertex 14.3906 -14.4386 0.396045
      vertex 14.4806 -14.3866 0.5
    endloop
  endfacet
  facet normal 0 -0.867062 0.498201
    outer loop
      vertex 14.0983 -14.4693 15.7034
      vertex 14.1883 -14.4173 15.7939
      vertex 14.1037 -14.4173 15.7939
    endloop
  endfacet
  facet normal 0 -0.867062 0.498201
    outer loop
      vertex 14.1883 -14.4173 15.7939
      vertex 14.0983 -14.4693 15.7034
      vertex 14.1938 -14.4693 15.7034
    endloop
  endfacet
  facet normal 0.553752 -0.498377 0.667068
    outer loop
      vertex 14.4167 -14.2117 15.8716
      vertex 14.3699 -14.2637 15.8716
      vertex 14.4167 -14.3157 15.7939
    endloop
  endfacet
  facet normal -0.206263 -0.972938 0.104153
    outer loop
      vertex 14.0949 -14.5014 15.604
      vertex 13.9949 -14.4802 15.604
      vertex 14.0938 -14.5123 15.5
    endloop
  endfacet
  facet normal -0.207504 -0.978234 0
    outer loop
      vertex 13.9915 -14.4906 0.5
      vertex 14.0938 -14.5123 15.5
      vertex 13.9915 -14.4906 15.5
    endloop
  endfacet
  facet normal -0.207504 -0.978234 -0
    outer loop
      vertex 14.0938 -14.5123 15.5
      vertex 13.9915 -14.4906 0.5
      vertex 14.0938 -14.5123 0.5
    endloop
  endfacet
  facet normal 0.438279 -0.394551 0.807614
    outer loop
      vertex 14.5062 -13.9866 15.933
      vertex 14.4167 -14.2117 15.8716
      vertex 14.5746 -14.0363 15.8716
    endloop
  endfacet
  facet normal 0.438279 -0.394551 0.807614
    outer loop
      vertex 14.4167 -14.2117 15.8716
      vertex 14.5062 -13.9866 15.933
      vertex 14.3483 -14.162 15.933
    endloop
  endfacet
  facet normal 0.74321 -0.669058 0
    outer loop
      vertex 14.4806 -14.3866 15.5
      vertex 14.6385 -14.2112 0.5
      vertex 14.6385 -14.2112 15.5
    endloop
  endfacet
  facet normal 0.74321 -0.669058 0
    outer loop
      vertex 14.6385 -14.2112 0.5
      vertex 14.4806 -14.3866 15.5
      vertex 14.4806 -14.3866 0.5
    endloop
  endfacet
  facet normal 0 -0.745256 -0.666778
    outer loop
      vertex 14.111 -14.3478 0.128428
      vertex 14.1883 -14.4173 0.206108
      vertex 14.1037 -14.4173 0.206108
    endloop
  endfacet
  facet normal 0 -0.745256 -0.666778
    outer loop
      vertex 14.1883 -14.4173 0.206108
      vertex 14.111 -14.3478 0.128428
      vertex 14.181 -14.3478 0.128428
    endloop
  endfacet
  facet normal 0.347059 -0.476643 -0.807689
    outer loop
      vertex 14.3699 -14.2637 0.128428
      vertex 14.271 -14.2316 0.066988
      vertex 14.3133 -14.2008 0.066988
    endloop
  endfacet
  facet normal 0 -0.867119 -0.498102
    outer loop
      vertex 14.1037 -14.4173 0.206108
      vertex 14.1938 -14.4693 0.296632
      vertex 14.0983 -14.4693 0.296632
    endloop
  endfacet
  facet normal 0 -0.867119 -0.498102
    outer loop
      vertex 14.1938 -14.4693 0.296632
      vertex 14.1037 -14.4173 0.206108
      vertex 14.1883 -14.4173 0.206108
    endloop
  endfacet
  facet normal -0.19776 -0.930537 0.308206
    outer loop
      vertex 13.9949 -14.4802 15.604
      vertex 13.2732 -14.2939 15.7034
      vertex 13.2698 -14.3261 15.604
    endloop
  endfacet
  facet normal -0.197836 -0.93064 0.307849
    outer loop
      vertex 13.2732 -14.2939 15.7034
      vertex 13.9949 -14.4802 15.604
      vertex 14.0983 -14.4693 15.7034
    endloop
  endfacet
  facet normal 0.122823 -0.576932 -0.807505
    outer loop
      vertex 14.181 -14.3478 0.128428
      vertex 14.1721 -14.2637 0.066988
      vertex 14.2233 -14.2528 0.066988
    endloop
  endfacet
  facet normal 0.406582 -0.913614 0
    outer loop
      vertex 14.3005 -14.4906 0.5
      vertex 14.396 -14.4481 15.5
      vertex 14.3005 -14.4906 15.5
    endloop
  endfacet
  facet normal 0.406582 -0.913614 0
    outer loop
      vertex 14.396 -14.4481 15.5
      vertex 14.3005 -14.4906 0.5
      vertex 14.396 -14.4481 0.5
    endloop
  endfacet
  facet normal 0.206571 -0.972884 0.104042
    outer loop
      vertex 14.2971 -14.4802 15.604
      vertex 14.1983 -14.5123 15.5
      vertex 14.3005 -14.4906 15.5
    endloop
  endfacet
  facet normal 0.644571 -0.580114 0.497993
    outer loop
      vertex 14.5156 -14.2835 15.7034
      vertex 14.4167 -14.3157 15.7939
      vertex 14.4517 -14.3545 15.7034
    endloop
  endfacet
  facet normal 0.123355 -0.169451 0.977788
    outer loop
      vertex 14.2494 -14.1299 15.9755
      vertex 14.181 -14.0539 15.9973
      vertex 14.2233 -14.1489 15.9755
    endloop
  endfacet
  facet normal 0 -0.994553 0.104237
    outer loop
      vertex 14.0938 -14.5123 15.5
      vertex 14.1971 -14.5014 15.604
      vertex 14.0949 -14.5014 15.604
    endloop
  endfacet
  facet normal 0 -0.994553 0.104237
    outer loop
      vertex 14.1971 -14.5014 15.604
      vertex 14.0938 -14.5123 15.5
      vertex 14.1983 -14.5123 15.5
    endloop
  endfacet
  facet normal -0.180371 -0.848477 0.497547
    outer loop
      vertex 13.2732 -14.2939 15.7034
      vertex 14.021 -14.3998 15.7939
      vertex 13.2787 -14.242 15.7939
    endloop
  endfacet
  facet normal -0.180371 -0.848484 0.497535
    outer loop
      vertex 14.021 -14.3998 15.7939
      vertex 13.2732 -14.2939 15.7034
      vertex 14.0983 -14.4693 15.7034
    endloop
  endfacet
  facet normal -0.197351 -0.9309 0.307373
    outer loop
      vertex 14.0983 -14.4693 15.7034
      vertex 13.9949 -14.4802 15.604
      vertex 14.0949 -14.5014 15.604
    endloop
  endfacet
  facet normal -0.084938 -0.399557 0.912765
    outer loop
      vertex 13.3048 -13.9933 15.9755
      vertex 14.0688 -14.2528 15.933
      vertex 14.1299 -14.1687 15.9755
    endloop
  endfacet
  facet normal -0.0848923 -0.399432 0.912824
    outer loop
      vertex 14.0688 -14.2528 15.933
      vertex 13.3048 -13.9933 15.9755
      vertex 13.2948 -14.0883 15.933
    endloop
  endfacet
  facet normal 0.302456 -0.680525 0.667388
    outer loop
      vertex 14.3133 -14.3048 15.8716
      vertex 14.2494 -14.3332 15.8716
      vertex 14.271 -14.3998 15.7939
    endloop
  endfacet
  facet normal -0.17951 -0.848312 0.498139
    outer loop
      vertex 14.1037 -14.4173 15.7939
      vertex 14.021 -14.3998 15.7939
      vertex 14.0983 -14.4693 15.7034
    endloop
  endfacet
  facet normal 0.584708 -0.804582 -0.103751
    outer loop
      vertex 14.4806 -14.3866 0.5
      vertex 14.3906 -14.4386 0.396045
      vertex 14.4733 -14.3785 0.396045
    endloop
  endfacet
  facet normal 0.706058 -0.63595 -0.311526
    outer loop
      vertex 14.6697 -14.1139 0.29967
      vertex 14.5156 -14.2835 0.296632
      vertex 14.6689 -14.1133 0.296632
    endloop
  endfacet
  facet normal 0.707186 -0.637063 -0.306657
    outer loop
      vertex 14.6996 -14.1271 0.396045
      vertex 14.5156 -14.2835 0.296632
      vertex 14.6697 -14.1139 0.29967
    endloop
  endfacet
  facet normal 0.707234 -0.636672 -0.30736
    outer loop
      vertex 14.5156 -14.2835 0.296632
      vertex 14.6996 -14.1271 0.396045
      vertex 14.5417 -14.3025 0.396045
    endloop
  endfacet
  facet normal 0.739189 -0.665439 -0.103881
    outer loop
      vertex 14.6385 -14.2112 0.5
      vertex 14.5417 -14.3025 0.396045
      vertex 14.6996 -14.1271 0.396045
    endloop
  endfacet
  facet normal 0.739189 -0.665439 -0.103881
    outer loop
      vertex 14.5417 -14.3025 0.396045
      vertex 14.6385 -14.2112 0.5
      vertex 14.4806 -14.3866 0.5
    endloop
  endfacet
  facet normal 0.165872 -0.373528 -0.912668
    outer loop
      vertex 14.271 -14.2316 0.066988
      vertex 14.1938 -14.162 0.0244722
      vertex 14.2233 -14.1489 0.0244722
    endloop
  endfacet
  facet normal -0.179522 -0.848368 -0.49804
    outer loop
      vertex 14.0983 -14.4693 0.296632
      vertex 14.021 -14.3998 0.206108
      vertex 14.1037 -14.4173 0.206108
    endloop
  endfacet
  facet normal 0.404297 -0.908696 0.103998
    outer loop
      vertex 14.3906 -14.4386 15.604
      vertex 14.2971 -14.4802 15.604
      vertex 14.396 -14.4481 15.5
    endloop
  endfacet
  facet normal 0.584822 -0.804486 0.103852
    outer loop
      vertex 14.4806 -14.3866 15.5
      vertex 14.3906 -14.4386 15.604
      vertex 14.396 -14.4481 15.5
    endloop
  endfacet
  facet normal 0.707419 -0.637176 0.305884
    outer loop
      vertex 14.5156 -14.2835 15.7034
      vertex 14.6697 -14.1139 15.7003
      vertex 14.6689 -14.1133 15.7034
    endloop
  endfacet
  facet normal 0.70719 -0.63695 0.306882
    outer loop
      vertex 14.5156 -14.2835 15.7034
      vertex 14.6996 -14.1271 15.604
      vertex 14.6697 -14.1139 15.7003
    endloop
  endfacet
  facet normal 0.707225 -0.636664 0.307396
    outer loop
      vertex 14.6996 -14.1271 15.604
      vertex 14.5156 -14.2835 15.7034
      vertex 14.5417 -14.3025 15.604
    endloop
  endfacet
  facet normal 0.558814 -0.769987 0.307972
    outer loop
      vertex 14.4517 -14.3545 15.7034
      vertex 14.3744 -14.4106 15.7034
      vertex 14.3906 -14.4386 15.604
    endloop
  endfacet
  facet normal 0.437851 -0.602595 0.667208
    outer loop
      vertex 14.4167 -14.3157 15.7939
      vertex 14.3133 -14.3048 15.8716
      vertex 14.3483 -14.3654 15.7939
    endloop
  endfacet
  facet normal 0.739192 -0.665442 0.103836
    outer loop
      vertex 14.5417 -14.3025 15.604
      vertex 14.6385 -14.2112 15.5
      vertex 14.6996 -14.1271 15.604
    endloop
  endfacet
  facet normal 0.739192 -0.665442 0.103836
    outer loop
      vertex 14.6385 -14.2112 15.5
      vertex 14.5417 -14.3025 15.604
      vertex 14.4806 -14.3866 15.5
    endloop
  endfacet
  facet normal -0.154888 -0.7286 0.667197
    outer loop
      vertex 14.021 -14.3998 15.7939
      vertex 13.286 -14.1724 15.8716
      vertex 13.2787 -14.242 15.7939
    endloop
  endfacet
  facet normal -0.154921 -0.728677 0.667105
    outer loop
      vertex 13.286 -14.1724 15.8716
      vertex 14.021 -14.3998 15.7939
      vertex 14.111 -14.3478 15.8716
    endloop
  endfacet
  facet normal -0.154298 -0.729168 0.666713
    outer loop
      vertex 14.111 -14.3478 15.8716
      vertex 14.021 -14.3998 15.7939
      vertex 14.1037 -14.4173 15.7939
    endloop
  endfacet
  facet normal 0 -0.589655 0.807655
    outer loop
      vertex 14.1199 -14.2637 15.933
      vertex 14.181 -14.3478 15.8716
      vertex 14.1721 -14.2637 15.933
    endloop
  endfacet
  facet normal 0 -0.589655 0.807655
    outer loop
      vertex 14.181 -14.3478 15.8716
      vertex 14.1199 -14.2637 15.933
      vertex 14.111 -14.3478 15.8716
    endloop
  endfacet
  facet normal 0.0434973 -0.205151 0.977763
    outer loop
      vertex 14.1622 -14.0648 15.9973
      vertex 14.1622 -14.1687 15.9755
      vertex 14.1938 -14.162 15.9755
    endloop
  endfacet
  facet normal 0 -0.209595 0.977788
    outer loop
      vertex 14.1406 -14.067 15.9973
      vertex 14.1622 -14.1687 15.9755
      vertex 14.1515 -14.067 15.9973
    endloop
  endfacet
  facet normal 0 -0.209595 0.977788
    outer loop
      vertex 14.1622 -14.1687 15.9755
      vertex 14.1406 -14.067 15.9973
      vertex 14.1299 -14.1687 15.9755
    endloop
  endfacet
  facet normal 0.509932 -0.701798 -0.497443
    outer loop
      vertex 14.3744 -14.4106 0.296632
      vertex 14.3483 -14.3654 0.206108
      vertex 14.4167 -14.3157 0.206108
    endloop
  endfacet
  facet normal 0.438096 -0.39519 -0.807401
    outer loop
      vertex 14.4167 -14.2117 0.128428
      vertex 14.3133 -14.2008 0.066988
      vertex 14.3483 -14.162 0.066988
    endloop
  endfacet
  facet normal 0.404372 -0.908648 -0.10413
    outer loop
      vertex 14.3005 -14.4906 0.5
      vertex 14.2971 -14.4802 0.396045
      vertex 14.396 -14.4481 0.5
    endloop
  endfacet
  facet normal 0.404295 -0.908692 -0.104043
    outer loop
      vertex 14.396 -14.4481 0.5
      vertex 14.2971 -14.4802 0.396045
      vertex 14.3906 -14.4386 0.396045
    endloop
  endfacet
  facet normal 0 -0.408493 -0.912762
    outer loop
      vertex 14.1721 -14.2637 0.066988
      vertex 14.1299 -14.1687 0.0244722
      vertex 14.1622 -14.1687 0.0244722
    endloop
  endfacet
  facet normal 0 -0.408493 -0.912762
    outer loop
      vertex 14.1299 -14.1687 0.0244722
      vertex 14.1721 -14.2637 0.066988
      vertex 14.1199 -14.2637 0.066988
    endloop
  endfacet
  facet normal -0.123057 -0.576899 -0.807493
    outer loop
      vertex 14.111 -14.3478 0.128428
      vertex 14.0688 -14.2528 0.066988
      vertex 14.1199 -14.2637 0.066988
    endloop
  endfacet
  facet normal -0.0420578 -0.204554 -0.977951
    outer loop
      vertex 14.1406 -14.067 0.00273991
      vertex 14.1299 -14.1687 0.0244722
      vertex 14.1299 -14.0648 0.00273991
    endloop
  endfacet
  facet normal 0.20657 -0.97288 -0.104086
    outer loop
      vertex 14.3005 -14.4906 0.5
      vertex 14.1983 -14.5123 0.5
      vertex 14.2971 -14.4802 0.396045
    endloop
  endfacet
  facet normal 0.206258 -0.972913 -0.104394
    outer loop
      vertex 14.1983 -14.5123 0.5
      vertex 14.1971 -14.5014 0.396045
      vertex 14.2971 -14.4802 0.396045
    endloop
  endfacet
  facet normal 0.386753 -0.869265 0.307896
    outer loop
      vertex 14.3744 -14.4106 15.7034
      vertex 14.2971 -14.4802 15.604
      vertex 14.3906 -14.4386 15.604
    endloop
  endfacet
  facet normal 0.154298 -0.729168 0.666713
    outer loop
      vertex 14.271 -14.3998 15.7939
      vertex 14.181 -14.3478 15.8716
      vertex 14.1883 -14.4173 15.7939
    endloop
  endfacet
  facet normal 0.302854 -0.680541 0.66719
    outer loop
      vertex 14.3133 -14.3048 15.8716
      vertex 14.271 -14.3998 15.7939
      vertex 14.3483 -14.3654 15.7939
    endloop
  endfacet
  facet normal 0.509378 -0.70187 0.497909
    outer loop
      vertex 14.4167 -14.3157 15.7939
      vertex 14.3744 -14.4106 15.7034
      vertex 14.4517 -14.3545 15.7034
    endloop
  endfacet
  facet normal 0.179492 -0.848228 0.498288
    outer loop
      vertex 14.271 -14.3998 15.7939
      vertex 14.1883 -14.4173 15.7939
      vertex 14.1938 -14.4693 15.7034
    endloop
  endfacet
  facet normal 0.352684 -0.792513 0.497532
    outer loop
      vertex 14.3483 -14.3654 15.7939
      vertex 14.271 -14.3998 15.7939
      vertex 14.3744 -14.4106 15.7034
    endloop
  endfacet
  facet normal 0.553655 -0.498415 0.66712
    outer loop
      vertex 14.4167 -14.2117 15.8716
      vertex 14.5746 -14.1403 15.7939
      vertex 14.5746 -14.0363 15.8716
    endloop
  endfacet
  facet normal 0.553655 -0.498415 0.66712
    outer loop
      vertex 14.5746 -14.1403 15.7939
      vertex 14.4167 -14.2117 15.8716
      vertex 14.4167 -14.3157 15.7939
    endloop
  endfacet
  facet normal 0.346912 -0.476441 0.807872
    outer loop
      vertex 14.3133 -14.2008 15.933
      vertex 14.271 -14.2316 15.933
      vertex 14.3699 -14.2637 15.8716
    endloop
  endfacet
  facet normal 0 -0.408366 0.912818
    outer loop
      vertex 14.1299 -14.1687 15.9755
      vertex 14.1721 -14.2637 15.933
      vertex 14.1622 -14.1687 15.9755
    endloop
  endfacet
  facet normal 0 -0.408366 0.912818
    outer loop
      vertex 14.1721 -14.2637 15.933
      vertex 14.1299 -14.1687 15.9755
      vertex 14.1199 -14.2637 15.933
    endloop
  endfacet
  facet normal -0.12259 -0.576808 0.807628
    outer loop
      vertex 13.286 -14.1724 15.8716
      vertex 14.0688 -14.2528 15.933
      vertex 13.2948 -14.0883 15.933
    endloop
  endfacet
  facet normal -0.122579 -0.576553 0.807813
    outer loop
      vertex 14.0688 -14.2528 15.933
      vertex 13.286 -14.1724 15.8716
      vertex 14.111 -14.3478 15.8716
    endloop
  endfacet
  facet normal 0 -0.745342 0.666683
    outer loop
      vertex 14.1037 -14.4173 15.7939
      vertex 14.181 -14.3478 15.8716
      vertex 14.111 -14.3478 15.8716
    endloop
  endfacet
  facet normal 0 -0.745342 0.666683
    outer loop
      vertex 14.181 -14.3478 15.8716
      vertex 14.1037 -14.4173 15.7939
      vertex 14.1883 -14.4173 15.7939
    endloop
  endfacet
  facet normal 0.0850964 -0.191629 0.977771
    outer loop
      vertex 14.2233 -14.1489 15.9755
      vertex 14.1622 -14.0648 15.9973
      vertex 14.1938 -14.162 15.9755
    endloop
  endfacet
  facet normal 0.0421831 -0.205163 0.977818
    outer loop
      vertex 14.1622 -14.0648 15.9973
      vertex 14.1515 -14.067 15.9973
      vertex 14.1622 -14.1687 15.9755
    endloop
  endfacet
  facet normal 0.16597 -0.373432 -0.91269
    outer loop
      vertex 14.2233 -14.2528 0.066988
      vertex 14.1938 -14.162 0.0244722
      vertex 14.271 -14.2316 0.066988
    endloop
  endfacet
  facet normal 0 -0.589906 -0.807472
    outer loop
      vertex 14.181 -14.3478 0.128428
      vertex 14.1199 -14.2637 0.066988
      vertex 14.1721 -14.2637 0.066988
    endloop
  endfacet
  facet normal 0 -0.589906 -0.807472
    outer loop
      vertex 14.1199 -14.2637 0.066988
      vertex 14.181 -14.3478 0.128428
      vertex 14.111 -14.3478 0.128428
    endloop
  endfacet
  facet normal 0.553688 -0.49832 -0.667163
    outer loop
      vertex 14.4167 -14.3157 0.206108
      vertex 14.3699 -14.2637 0.128428
      vertex 14.4167 -14.2117 0.128428
    endloop
  endfacet
  facet normal -0.0852203 -0.399519 -0.912755
    outer loop
      vertex 14.1199 -14.2637 0.066988
      vertex 14.0688 -14.2528 0.066988
      vertex 14.1299 -14.1687 0.0244722
    endloop
  endfacet
  facet normal -0.0434814 -0.204541 -0.977892
    outer loop
      vertex 13.3048 -13.9933 0.0244722
      vertex 14.1299 -14.0648 0.00273991
      vertex 14.1299 -14.1687 0.0244722
    endloop
  endfacet
  facet normal -0.0434854 -0.20459 -0.977881
    outer loop
      vertex 14.1299 -14.0648 0.00273991
      vertex 13.3048 -13.9933 0.0244722
      vertex 13.3155 -13.8917 0.00273991
    endloop
  endfacet
  facet normal 0.0420578 -0.204554 -0.977951
    outer loop
      vertex 14.1622 -14.1687 0.0244722
      vertex 14.1515 -14.067 0.00273991
      vertex 14.1622 -14.0648 0.00273991
    endloop
  endfacet
  facet normal 0.240554 -0.330445 -0.912655
    outer loop
      vertex 14.271 -14.2316 0.066988
      vertex 14.2233 -14.1489 0.0244722
      vertex 14.2494 -14.1299 0.0244722
    endloop
  endfacet
  facet normal 0.739286 -0.665357 0.103713
    outer loop
      vertex 14.5417 -14.3025 15.604
      vertex 14.4733 -14.3785 15.604
      vertex 14.4806 -14.3866 15.5
    endloop
  endfacet
  facet normal 0.707304 -0.636574 0.3074
    outer loop
      vertex 14.5417 -14.3025 15.604
      vertex 14.4517 -14.3545 15.7034
      vertex 14.4733 -14.3785 15.604
    endloop
  endfacet
  facet normal 0.387721 -0.869133 0.307051
    outer loop
      vertex 14.3744 -14.4106 15.7034
      vertex 14.2872 -14.4495 15.7034
      vertex 14.2971 -14.4802 15.604
    endloop
  endfacet
  facet normal 0.353262 -0.791887 0.498117
    outer loop
      vertex 14.3744 -14.4106 15.7034
      vertex 14.271 -14.3998 15.7939
      vertex 14.2872 -14.4495 15.7034
    endloop
  endfacet
  facet normal 0.707304 -0.636574 0.3074
    outer loop
      vertex 14.5156 -14.2835 15.7034
      vertex 14.4517 -14.3545 15.7034
      vertex 14.5417 -14.3025 15.604
    endloop
  endfacet
  facet normal 0.239536 -0.538957 0.807557
    outer loop
      vertex 14.271 -14.2316 15.933
      vertex 14.2494 -14.3332 15.8716
      vertex 14.3133 -14.3048 15.8716
    endloop
  endfacet
  facet normal 0.0847426 -0.399681 0.912729
    outer loop
      vertex 14.1938 -14.162 15.9755
      vertex 14.1622 -14.1687 15.9755
      vertex 14.2233 -14.2528 15.933
    endloop
  endfacet
  facet normal 0.240524 -0.330331 0.912705
    outer loop
      vertex 14.3133 -14.2008 15.933
      vertex 14.2494 -14.1299 15.9755
      vertex 14.271 -14.2316 15.933
    endloop
  endfacet
  facet normal 0.437734 -0.602817 0.667084
    outer loop
      vertex 14.3699 -14.2637 15.8716
      vertex 14.3133 -14.3048 15.8716
      vertex 14.4167 -14.3157 15.7939
    endloop
  endfacet
  facet normal 0.303392 -0.273678 0.912718
    outer loop
      vertex 14.3483 -14.162 15.933
      vertex 14.2494 -14.1299 15.9755
      vertex 14.3133 -14.2008 15.933
    endloop
  endfacet
  facet normal 0.165918 -0.373316 0.912746
    outer loop
      vertex 14.271 -14.2316 15.933
      vertex 14.1938 -14.162 15.9755
      vertex 14.2233 -14.2528 15.933
    endloop
  endfacet
  facet normal 0.303554 -0.273268 0.912787
    outer loop
      vertex 14.4073 -13.9545 15.9755
      vertex 14.3483 -14.162 15.933
      vertex 14.5062 -13.9866 15.933
    endloop
  endfacet
  facet normal 0.303554 -0.273268 0.912787
    outer loop
      vertex 14.3483 -14.162 15.933
      vertex 14.4073 -13.9545 15.9755
      vertex 14.2494 -14.1299 15.9755
    endloop
  endfacet
  facet normal 0.155796 -0.140252 0.977782
    outer loop
      vertex 14.181 -14.0539 15.9973
      vertex 14.4073 -13.9545 15.9755
      vertex 14.3389 -13.8785 15.9973
    endloop
  endfacet
  facet normal 0.155796 -0.140252 0.977782
    outer loop
      vertex 14.4073 -13.9545 15.9755
      vertex 14.181 -14.0539 15.9973
      vertex 14.2494 -14.1299 15.9755
    endloop
  endfacet
  facet normal 0.0866127 -0.190548 0.97785
    outer loop
      vertex 14.1721 -14.0603 15.9973
      vertex 14.1622 -14.0648 15.9973
      vertex 14.2233 -14.1489 15.9755
    endloop
  endfacet
  facet normal 0.635672 -0.572553 0.517789
    outer loop
      vertex 14.6658 -14.1143 15.7061
      vertex 14.5156 -14.2835 15.7034
      vertex 14.6689 -14.1133 15.7034
    endloop
  endfacet
  facet normal 0.644645 -0.5802 0.497796
    outer loop
      vertex 14.5746 -14.1403 15.7939
      vertex 14.5156 -14.2835 15.7034
      vertex 14.6658 -14.1143 15.7061
    endloop
  endfacet
  facet normal 0.644532 -0.580226 0.497911
    outer loop
      vertex 14.5156 -14.2835 15.7034
      vertex 14.5746 -14.1403 15.7939
      vertex 14.4167 -14.3157 15.7939
    endloop
  endfacet
  facet normal -0.0421831 -0.205163 0.977818
    outer loop
      vertex 14.1299 -14.0648 15.9973
      vertex 14.1299 -14.1687 15.9755
      vertex 14.1406 -14.067 15.9973
    endloop
  endfacet
  facet normal 0 -0.994548 -0.104281
    outer loop
      vertex 14.0949 -14.5014 0.396045
      vertex 14.1983 -14.5123 0.5
      vertex 14.0938 -14.5123 0.5
    endloop
  endfacet
  facet normal 0 -0.994548 -0.104281
    outer loop
      vertex 14.1983 -14.5123 0.5
      vertex 14.0949 -14.5014 0.396045
      vertex 14.1971 -14.5014 0.396045
    endloop
  endfacet
  facet normal 0.179504 -0.848284 -0.498189
    outer loop
      vertex 14.1938 -14.4693 0.296632
      vertex 14.1883 -14.4173 0.206108
      vertex 14.271 -14.3998 0.206108
    endloop
  endfacet
  facet normal 0.197365 -0.930968 -0.307157
    outer loop
      vertex 14.1971 -14.5014 0.396045
      vertex 14.1938 -14.4693 0.296632
      vertex 14.2971 -14.4802 0.396045
    endloop
  endfacet
  facet normal -0.122631 -0.576798 -0.80763
    outer loop
      vertex 13.286 -14.1724 0.128428
      vertex 14.0688 -14.2528 0.066988
      vertex 14.111 -14.3478 0.128428
    endloop
  endfacet
  facet normal -0.122642 -0.577053 -0.807445
    outer loop
      vertex 14.0688 -14.2528 0.066988
      vertex 13.286 -14.1724 0.128428
      vertex 13.2948 -14.0883 0.066988
    endloop
  endfacet
  facet normal -0.15428 -0.729085 -0.666808
    outer loop
      vertex 14.1037 -14.4173 0.206108
      vertex 14.021 -14.3998 0.206108
      vertex 14.111 -14.3478 0.128428
    endloop
  endfacet
  facet normal -0.15487 -0.728516 -0.667293
    outer loop
      vertex 13.286 -14.1724 0.128428
      vertex 14.021 -14.3998 0.206108
      vertex 13.2787 -14.242 0.206108
    endloop
  endfacet
  facet normal -0.154903 -0.728593 -0.667201
    outer loop
      vertex 14.021 -14.3998 0.206108
      vertex 13.286 -14.1724 0.128428
      vertex 14.111 -14.3478 0.128428
    endloop
  endfacet
  facet normal 0.346653 -0.477386 -0.807424
    outer loop
      vertex 14.3133 -14.3048 0.128428
      vertex 14.271 -14.2316 0.066988
      vertex 14.3699 -14.2637 0.128428
    endloop
  endfacet
  facet normal 0.352707 -0.792565 -0.497432
    outer loop
      vertex 14.3744 -14.4106 0.296632
      vertex 14.271 -14.3998 0.206108
      vertex 14.3483 -14.3654 0.206108
    endloop
  endfacet
  facet normal 0.303648 -0.273353 -0.91273
    outer loop
      vertex 14.3483 -14.162 0.066988
      vertex 14.4073 -13.9545 0.0244722
      vertex 14.5062 -13.9866 0.066988
    endloop
  endfacet
  facet normal 0.303648 -0.273353 -0.91273
    outer loop
      vertex 14.4073 -13.9545 0.0244722
      vertex 14.3483 -14.162 0.066988
      vertex 14.2494 -14.1299 0.0244722
    endloop
  endfacet
  facet normal 0.559418 -0.769782 -0.307386
    outer loop
      vertex 14.4733 -14.3785 0.396045
      vertex 14.3906 -14.4386 0.396045
      vertex 14.4517 -14.3545 0.296632
    endloop
  endfacet
  facet normal 0.739282 -0.665354 -0.103758
    outer loop
      vertex 14.4806 -14.3866 0.5
      vertex 14.4733 -14.3785 0.396045
      vertex 14.5417 -14.3025 0.396045
    endloop
  endfacet
  facet normal 0.437684 -0.602747 -0.667179
    outer loop
      vertex 14.4167 -14.3157 0.206108
      vertex 14.3133 -14.3048 0.128428
      vertex 14.3699 -14.2637 0.128428
    endloop
  endfacet
  facet normal 0.639728 -0.576206 -0.508659
    outer loop
      vertex 14.5156 -14.2835 0.296632
      vertex 14.6658 -14.1143 0.293866
      vertex 14.6689 -14.1133 0.296632
    endloop
  endfacet
  facet normal 0.644514 -0.580278 -0.497874
    outer loop
      vertex 14.5156 -14.2835 0.296632
      vertex 14.5746 -14.1403 0.206108
      vertex 14.6658 -14.1143 0.293866
    endloop
  endfacet
  facet normal 0.644575 -0.580264 -0.497812
    outer loop
      vertex 14.5746 -14.1403 0.206108
      vertex 14.5156 -14.2835 0.296632
      vertex 14.4167 -14.3157 0.206108
    endloop
  endfacet
  facet normal -0.0849644 -0.399681 -0.912708
    outer loop
      vertex 14.0688 -14.2528 0.066988
      vertex 13.3048 -13.9933 0.0244722
      vertex 14.1299 -14.1687 0.0244722
    endloop
  endfacet
  facet normal -0.0849186 -0.399556 -0.912767
    outer loop
      vertex 13.3048 -13.9933 0.0244722
      vertex 14.0688 -14.2528 0.066988
      vertex 13.2948 -14.0883 0.066988
    endloop
  endfacet
  facet normal 0.0863554 -0.189982 -0.977982
    outer loop
      vertex 14.2233 -14.1489 0.0244722
      vertex 14.1622 -14.0648 0.00273991
      vertex 14.1721 -14.0603 0.00273991
    endloop
  endfacet
  facet normal 0.122989 -0.168948 -0.977921
    outer loop
      vertex 14.2233 -14.1489 0.0244722
      vertex 14.181 -14.0539 0.00273991
      vertex 14.2494 -14.1299 0.0244722
    endloop
  endfacet
  facet normal 0.0433681 -0.204542 -0.977897
    outer loop
      vertex 14.1938 -14.162 0.0244722
      vertex 14.1622 -14.1687 0.0244722
      vertex 14.1622 -14.0648 0.00273991
    endloop
  endfacet
  facet normal 0.0848437 -0.19106 -0.977905
    outer loop
      vertex 14.1938 -14.162 0.0244722
      vertex 14.1622 -14.0648 0.00273991
      vertex 14.2233 -14.1489 0.0244722
    endloop
  endfacet
  facet normal 0.179831 -0.848296 0.498051
    outer loop
      vertex 14.271 -14.3998 15.7939
      vertex 14.1938 -14.4693 15.7034
      vertex 14.2872 -14.4495 15.7034
    endloop
  endfacet
  facet normal 0.197356 -0.93096 0.307186
    outer loop
      vertex 14.2872 -14.4495 15.7034
      vertex 14.1938 -14.4693 15.7034
      vertex 14.2971 -14.4802 15.604
    endloop
  endfacet
  facet normal 0.123111 -0.576768 0.807578
    outer loop
      vertex 14.2233 -14.2528 15.933
      vertex 14.181 -14.3478 15.8716
      vertex 14.2494 -14.3332 15.8716
    endloop
  endfacet
  facet normal 0.239536 -0.538957 0.807557
    outer loop
      vertex 14.271 -14.2316 15.933
      vertex 14.2233 -14.2528 15.933
      vertex 14.2494 -14.3332 15.8716
    endloop
  endfacet
  facet normal 0.43791 -0.395022 0.807584
    outer loop
      vertex 14.3483 -14.162 15.933
      vertex 14.3133 -14.2008 15.933
      vertex 14.4167 -14.2117 15.8716
    endloop
  endfacet
  facet normal 0.438123 -0.394311 0.807816
    outer loop
      vertex 14.4167 -14.2117 15.8716
      vertex 14.3133 -14.2008 15.933
      vertex 14.3699 -14.2637 15.8716
    endloop
  endfacet
  facet normal 0.16582 -0.373412 0.912725
    outer loop
      vertex 14.2233 -14.1489 15.9755
      vertex 14.1938 -14.162 15.9755
      vertex 14.271 -14.2316 15.933
    endloop
  endfacet
  facet normal 0.24048 -0.330343 0.912712
    outer loop
      vertex 14.2494 -14.1299 15.9755
      vertex 14.2233 -14.1489 15.9755
      vertex 14.271 -14.2316 15.933
    endloop
  endfacet
  facet normal -0.0436149 -0.205199 0.977748
    outer loop
      vertex 13.3048 -13.9933 15.9755
      vertex 14.1299 -14.0648 15.9973
      vertex 13.3155 -13.8917 15.9973
    endloop
  endfacet
  facet normal -0.0436109 -0.20515 0.977758
    outer loop
      vertex 14.1299 -14.0648 15.9973
      vertex 13.3048 -13.9933 15.9755
      vertex 14.1299 -14.1687 15.9755
    endloop
  endfacet
  facet normal 0.122224 -0.169967 0.977841
    outer loop
      vertex 14.181 -14.0539 15.9973
      vertex 14.1721 -14.0603 15.9973
      vertex 14.2233 -14.1489 15.9755
    endloop
  endfacet
  facet normal -0.206262 -0.972933 -0.104198
    outer loop
      vertex 14.0938 -14.5123 0.5
      vertex 13.9949 -14.4802 0.396045
      vertex 14.0949 -14.5014 0.396045
    endloop
  endfacet
  facet normal -0.206377 -0.972921 -0.104084
    outer loop
      vertex 14.0938 -14.5123 0.5
      vertex 13.9915 -14.4906 0.5
      vertex 13.9949 -14.4802 0.396045
    endloop
  endfacet
  facet normal 0.387726 -0.869144 -0.307014
    outer loop
      vertex 14.2971 -14.4802 0.396045
      vertex 14.2872 -14.4495 0.296632
      vertex 14.3744 -14.4106 0.296632
    endloop
  endfacet
  facet normal 0.197358 -0.930972 -0.30715
    outer loop
      vertex 14.2971 -14.4802 0.396045
      vertex 14.1938 -14.4693 0.296632
      vertex 14.2872 -14.4495 0.296632
    endloop
  endfacet
  facet normal -0.180383 -0.848533 -0.497448
    outer loop
      vertex 14.021 -14.3998 0.206108
      vertex 13.2732 -14.2939 0.296632
      vertex 13.2787 -14.242 0.206108
    endloop
  endfacet
  facet normal -0.180383 -0.84854 -0.497436
    outer loop
      vertex 13.2732 -14.2939 0.296632
      vertex 14.021 -14.3998 0.206108
      vertex 14.0983 -14.4693 0.296632
    endloop
  endfacet
  facet normal 0.15428 -0.729085 -0.666808
    outer loop
      vertex 14.1883 -14.4173 0.206108
      vertex 14.181 -14.3478 0.128428
      vertex 14.271 -14.3998 0.206108
    endloop
  endfacet
  facet normal 0.302819 -0.680463 -0.667286
    outer loop
      vertex 14.3483 -14.3654 0.206108
      vertex 14.271 -14.3998 0.206108
      vertex 14.3133 -14.3048 0.128428
    endloop
  endfacet
  facet normal 0.0850736 -0.399612 -0.912728
    outer loop
      vertex 14.1721 -14.2637 0.066988
      vertex 14.1622 -14.1687 0.0244722
      vertex 14.2233 -14.2528 0.066988
    endloop
  endfacet
  facet normal 0.0847688 -0.399805 -0.912672
    outer loop
      vertex 14.2233 -14.2528 0.066988
      vertex 14.1622 -14.1687 0.0244722
      vertex 14.1938 -14.162 0.0244722
    endloop
  endfacet
  facet normal 0.4378 -0.602526 -0.667303
    outer loop
      vertex 14.3483 -14.3654 0.206108
      vertex 14.3133 -14.3048 0.128428
      vertex 14.4167 -14.3157 0.206108
    endloop
  endfacet
  facet normal 0.239638 -0.539185 -0.807374
    outer loop
      vertex 14.3133 -14.3048 0.128428
      vertex 14.2494 -14.3332 0.128428
      vertex 14.271 -14.2316 0.066988
    endloop
  endfacet
  facet normal 0.240599 -0.330433 -0.912648
    outer loop
      vertex 14.271 -14.2316 0.066988
      vertex 14.2494 -14.1299 0.0244722
      vertex 14.3133 -14.2008 0.066988
    endloop
  endfacet
  facet normal 0.303486 -0.273763 -0.912661
    outer loop
      vertex 14.3133 -14.2008 0.066988
      vertex 14.2494 -14.1299 0.0244722
      vertex 14.3483 -14.162 0.066988
    endloop
  endfacet
  facet normal 0.386758 -0.869276 -0.307859
    outer loop
      vertex 14.3906 -14.4386 0.396045
      vertex 14.2971 -14.4802 0.396045
      vertex 14.3744 -14.4106 0.296632
    endloop
  endfacet
  facet normal 0.509411 -0.701916 -0.49781
    outer loop
      vertex 14.4517 -14.3545 0.296632
      vertex 14.3744 -14.4106 0.296632
      vertex 14.4167 -14.3157 0.206108
    endloop
  endfacet
  facet normal 0.707313 -0.636582 -0.307363
    outer loop
      vertex 14.5417 -14.3025 0.396045
      vertex 14.4517 -14.3545 0.296632
      vertex 14.5156 -14.2835 0.296632
    endloop
  endfacet
  facet normal 0.707313 -0.636582 -0.307363
    outer loop
      vertex 14.4733 -14.3785 0.396045
      vertex 14.4517 -14.3545 0.296632
      vertex 14.5417 -14.3025 0.396045
    endloop
  endfacet
  facet normal 0.438465 -0.394719 -0.807431
    outer loop
      vertex 14.4167 -14.2117 0.128428
      vertex 14.5062 -13.9866 0.066988
      vertex 14.5746 -14.0363 0.128428
    endloop
  endfacet
  facet normal 0.438465 -0.394719 -0.807431
    outer loop
      vertex 14.5062 -13.9866 0.066988
      vertex 14.4167 -14.2117 0.128428
      vertex 14.3483 -14.162 0.066988
    endloop
  endfacet
  facet normal 0.155334 -0.139836 -0.977915
    outer loop
      vertex 14.181 -14.0539 0.00273991
      vertex 14.4073 -13.9545 0.0244722
      vertex 14.2494 -14.1299 0.0244722
    endloop
  endfacet
  facet normal 0.155334 -0.139836 -0.977915
    outer loop
      vertex 14.4073 -13.9545 0.0244722
      vertex 14.181 -14.0539 0.00273991
      vertex 14.3389 -13.8785 0.00273991
    endloop
  endfacet
  facet normal 0.12186 -0.169462 -0.977974
    outer loop
      vertex 14.2233 -14.1489 0.0244722
      vertex 14.1721 -14.0603 0.00273991
      vertex 14.181 -14.0539 0.00273991
    endloop
  endfacet
  facet normal 0.0850473 -0.399488 0.912785
    outer loop
      vertex 14.2233 -14.2528 15.933
      vertex 14.1622 -14.1687 15.9755
      vertex 14.1721 -14.2637 15.933
    endloop
  endfacet
  facet normal 0.122771 -0.576687 0.807688
    outer loop
      vertex 14.2233 -14.2528 15.933
      vertex 14.1721 -14.2637 15.933
      vertex 14.181 -14.3478 15.8716
    endloop
  endfacet
  facet normal 0.353285 -0.791939 -0.498018
    outer loop
      vertex 14.2872 -14.4495 0.296632
      vertex 14.271 -14.3998 0.206108
      vertex 14.3744 -14.4106 0.296632
    endloop
  endfacet
  facet normal 0.179843 -0.848352 -0.497951
    outer loop
      vertex 14.2872 -14.4495 0.296632
      vertex 14.1938 -14.4693 0.296632
      vertex 14.271 -14.3998 0.206108
    endloop
  endfacet
  facet normal 0.123163 -0.577013 -0.807395
    outer loop
      vertex 14.2494 -14.3332 0.128428
      vertex 14.181 -14.3478 0.128428
      vertex 14.2233 -14.2528 0.066988
    endloop
  endfacet
  facet normal 0.239638 -0.539185 -0.807374
    outer loop
      vertex 14.2494 -14.3332 0.128428
      vertex 14.2233 -14.2528 0.066988
      vertex 14.271 -14.2316 0.066988
    endloop
  endfacet
  facet normal 0.302421 -0.680447 -0.667483
    outer loop
      vertex 14.271 -14.3998 0.206108
      vertex 14.2494 -14.3332 0.128428
      vertex 14.3133 -14.3048 0.128428
    endloop
  endfacet
  facet normal 0.15543 -0.728177 -0.667532
    outer loop
      vertex 14.271 -14.3998 0.206108
      vertex 14.181 -14.3478 0.128428
      vertex 14.2494 -14.3332 0.128428
    endloop
  endfacet
  facet normal 0.553591 -0.498358 -0.667215
    outer loop
      vertex 14.4167 -14.2117 0.128428
      vertex 14.5746 -14.1403 0.206108
      vertex 14.4167 -14.3157 0.206108
    endloop
  endfacet
  facet normal 0.553591 -0.498358 -0.667215
    outer loop
      vertex 14.5746 -14.1403 0.206108
      vertex 14.4167 -14.2117 0.128428
      vertex 14.5746 -14.0363 0.128428
    endloop
  endfacet
  facet normal 0.346653 0.477386 -0.807424
    outer loop
      vertex 14.3699 14.2637 0.128428
      vertex 14.271 14.2316 0.066988
      vertex 14.3133 14.3048 0.128428
    endloop
  endfacet
  facet normal 0.303486 0.273763 -0.912661
    outer loop
      vertex 14.3483 14.162 0.066988
      vertex 14.2494 14.1299 0.0244722
      vertex 14.3133 14.2008 0.066988
    endloop
  endfacet
  facet normal 0.437684 0.602747 -0.667179
    outer loop
      vertex 14.3699 14.2637 0.128428
      vertex 14.3133 14.3048 0.128428
      vertex 14.4167 14.3157 0.206108
    endloop
  endfacet
  facet normal 0.584822 0.804486 0.103852
    outer loop
      vertex 14.396 14.4481 15.5
      vertex 14.3906 14.4386 15.604
      vertex 14.4806 14.3866 15.5
    endloop
  endfacet
  facet normal 0.240599 0.330433 -0.912648
    outer loop
      vertex 14.3133 14.2008 0.066988
      vertex 14.2494 14.1299 0.0244722
      vertex 14.271 14.2316 0.066988
    endloop
  endfacet
  facet normal 0.404297 0.908696 0.103998
    outer loop
      vertex 14.396 14.4481 15.5
      vertex 14.2971 14.4802 15.604
      vertex 14.3906 14.4386 15.604
    endloop
  endfacet
  facet normal 0.406582 0.913614 -0
    outer loop
      vertex 14.396 14.4481 0.5
      vertex 14.3005 14.4906 15.5
      vertex 14.396 14.4481 15.5
    endloop
  endfacet
  facet normal 0.406582 0.913614 0
    outer loop
      vertex 14.3005 14.4906 15.5
      vertex 14.396 14.4481 0.5
      vertex 14.3005 14.4906 0.5
    endloop
  endfacet
  facet normal 0.553688 0.49832 -0.667163
    outer loop
      vertex 14.4167 14.2117 0.128428
      vertex 14.3699 14.2637 0.128428
      vertex 14.4167 14.3157 0.206108
    endloop
  endfacet
  facet normal 0.0863554 0.189982 -0.977982
    outer loop
      vertex 14.1721 14.0603 0.00273991
      vertex 14.1622 14.0648 0.00273991
      vertex 14.2233 14.1489 0.0244722
    endloop
  endfacet
  facet normal 0.347059 0.476643 -0.807689
    outer loop
      vertex 14.3133 14.2008 0.066988
      vertex 14.271 14.2316 0.066988
      vertex 14.3699 14.2637 0.128428
    endloop
  endfacet
  facet normal 0.584708 0.804582 -0.103751
    outer loop
      vertex 14.4733 14.3785 0.396045
      vertex 14.3906 14.4386 0.396045
      vertex 14.4806 14.3866 0.5
    endloop
  endfacet
  facet normal 0.644575 0.580264 -0.497812
    outer loop
      vertex 14.5156 14.2835 0.296632
      vertex 14.5746 14.1403 0.206108
      vertex 14.4167 14.3157 0.206108
    endloop
  endfacet
  facet normal 0.644514 0.580278 -0.497874
    outer loop
      vertex 14.5156 14.2835 0.296632
      vertex 14.6658 14.1143 0.293866
      vertex 14.5746 14.1403 0.206108
    endloop
  endfacet
  facet normal 0.639728 0.576206 -0.508659
    outer loop
      vertex 14.6658 14.1143 0.293866
      vertex 14.5156 14.2835 0.296632
      vertex 14.6689 14.1133 0.296632
    endloop
  endfacet
  facet normal 0.509411 0.701916 -0.49781
    outer loop
      vertex 14.4167 14.3157 0.206108
      vertex 14.3744 14.4106 0.296632
      vertex 14.4517 14.3545 0.296632
    endloop
  endfacet
  facet normal 0.707304 0.636574 0.3074
    outer loop
      vertex 14.5417 14.3025 15.604
      vertex 14.4517 14.3545 15.7034
      vertex 14.5156 14.2835 15.7034
    endloop
  endfacet
  facet normal -0.0436109 0.20515 0.977758
    outer loop
      vertex 13.3048 13.9933 15.9755
      vertex 14.1299 14.0648 15.9973
      vertex 14.1299 14.1687 15.9755
    endloop
  endfacet
  facet normal -0.0436149 0.205199 0.977748
    outer loop
      vertex 14.1299 14.0648 15.9973
      vertex 13.3048 13.9933 15.9755
      vertex 13.3155 13.8917 15.9973
    endloop
  endfacet
  facet normal 0.509932 0.701798 -0.497443
    outer loop
      vertex 14.4167 14.3157 0.206108
      vertex 14.3483 14.3654 0.206108
      vertex 14.3744 14.4106 0.296632
    endloop
  endfacet
  facet normal 0.4378 0.602526 -0.667303
    outer loop
      vertex 14.4167 14.3157 0.206108
      vertex 14.3133 14.3048 0.128428
      vertex 14.3483 14.3654 0.206108
    endloop
  endfacet
  facet normal 0.302854 0.680541 0.66719
    outer loop
      vertex 14.3483 14.3654 15.7939
      vertex 14.271 14.3998 15.7939
      vertex 14.3133 14.3048 15.8716
    endloop
  endfacet
  facet normal 0.155796 0.140252 0.977782
    outer loop
      vertex 14.181 14.0539 15.9973
      vertex 14.4073 13.9545 15.9755
      vertex 14.2494 14.1299 15.9755
    endloop
  endfacet
  facet normal 0.155796 0.140252 0.977782
    outer loop
      vertex 14.4073 13.9545 15.9755
      vertex 14.181 14.0539 15.9973
      vertex 14.3389 13.8785 15.9973
    endloop
  endfacet
  facet normal 0.197363 0.930957 0.307193
    outer loop
      vertex 14.1971 14.5014 15.604
      vertex 14.1938 14.4693 15.7034
      vertex 14.2971 14.4802 15.604
    endloop
  endfacet
  facet normal 0.553752 0.498377 0.667068
    outer loop
      vertex 14.4167 14.3157 15.7939
      vertex 14.3699 14.2637 15.8716
      vertex 14.4167 14.2117 15.8716
    endloop
  endfacet
  facet normal -0.122642 0.577053 -0.807445
    outer loop
      vertex 13.286 14.1724 0.128428
      vertex 14.0688 14.2528 0.066988
      vertex 13.2948 14.0883 0.066988
    endloop
  endfacet
  facet normal -0.122631 0.576798 -0.80763
    outer loop
      vertex 14.0688 14.2528 0.066988
      vertex 13.286 14.1724 0.128428
      vertex 14.111 14.3478 0.128428
    endloop
  endfacet
  facet normal 0.558821 0.769997 -0.307936
    outer loop
      vertex 14.4517 14.3545 0.296632
      vertex 14.3744 14.4106 0.296632
      vertex 14.3906 14.4386 0.396045
    endloop
  endfacet
  facet normal 0 0.951621 -0.307274
    outer loop
      vertex 14.1938 14.4693 0.296632
      vertex 14.0949 14.5014 0.396045
      vertex 14.1971 14.5014 0.396045
    endloop
  endfacet
  facet normal 0 0.951621 -0.307274
    outer loop
      vertex 14.0949 14.5014 0.396045
      vertex 14.1938 14.4693 0.296632
      vertex 14.0983 14.4693 0.296632
    endloop
  endfacet
  facet normal 0.644613 0.580152 -0.497894
    outer loop
      vertex 14.5156 14.2835 0.296632
      vertex 14.4167 14.3157 0.206108
      vertex 14.4517 14.3545 0.296632
    endloop
  endfacet
  facet normal 0.438465 0.394719 -0.807431
    outer loop
      vertex 14.5062 13.9866 0.066988
      vertex 14.4167 14.2117 0.128428
      vertex 14.5746 14.0363 0.128428
    endloop
  endfacet
  facet normal 0.438465 0.394719 -0.807431
    outer loop
      vertex 14.4167 14.2117 0.128428
      vertex 14.5062 13.9866 0.066988
      vertex 14.3483 14.162 0.066988
    endloop
  endfacet
  facet normal 0.240554 0.330445 -0.912655
    outer loop
      vertex 14.2494 14.1299 0.0244722
      vertex 14.2233 14.1489 0.0244722
      vertex 14.271 14.2316 0.066988
    endloop
  endfacet
  facet normal 0.12186 0.169462 -0.977974
    outer loop
      vertex 14.181 14.0539 0.00273991
      vertex 14.1721 14.0603 0.00273991
      vertex 14.2233 14.1489 0.0244722
    endloop
  endfacet
  facet normal -0.197836 0.93064 0.307849
    outer loop
      vertex 13.9949 14.4802 15.604
      vertex 13.2732 14.2939 15.7034
      vertex 14.0983 14.4693 15.7034
    endloop
  endfacet
  facet normal -0.19776 0.930537 0.308206
    outer loop
      vertex 13.2732 14.2939 15.7034
      vertex 13.9949 14.4802 15.604
      vertex 13.2698 14.3261 15.604
    endloop
  endfacet
  facet normal 0 1 -0
    outer loop
      vertex 14.1983 14.5123 0.5
      vertex 14.0938 14.5123 15.5
      vertex 14.1983 14.5123 15.5
    endloop
  endfacet
  facet normal 0 1 0
    outer loop
      vertex 14.0938 14.5123 15.5
      vertex 14.1983 14.5123 0.5
      vertex 14.0938 14.5123 0.5
    endloop
  endfacet
  facet normal 0 0.951609 0.30731
    outer loop
      vertex 14.1971 14.5014 15.604
      vertex 14.0983 14.4693 15.7034
      vertex 14.1938 14.4693 15.7034
    endloop
  endfacet
  facet normal 0 0.951609 0.30731
    outer loop
      vertex 14.0983 14.4693 15.7034
      vertex 14.1971 14.5014 15.604
      vertex 14.0949 14.5014 15.604
    endloop
  endfacet
  facet normal 0.197365 0.930968 -0.307157
    outer loop
      vertex 14.2971 14.4802 0.396045
      vertex 14.1938 14.4693 0.296632
      vertex 14.1971 14.5014 0.396045
    endloop
  endfacet
  facet normal -0.206752 0.972846 0.104044
    outer loop
      vertex 13.9915 14.4906 15.5
      vertex 13.2698 14.3261 15.604
      vertex 13.9949 14.4802 15.604
    endloop
  endfacet
  facet normal -0.206884 0.972905 0.103221
    outer loop
      vertex 13.2698 14.3261 15.604
      vertex 13.9915 14.4906 15.5
      vertex 13.2687 14.3369 15.5
    endloop
  endfacet
  facet normal -0.17951 0.848312 0.498139
    outer loop
      vertex 14.0983 14.4693 15.7034
      vertex 14.021 14.3998 15.7939
      vertex 14.1037 14.4173 15.7939
    endloop
  endfacet
  facet normal 0.404374 0.908652 0.104085
    outer loop
      vertex 14.3005 14.4906 15.5
      vertex 14.2971 14.4802 15.604
      vertex 14.396 14.4481 15.5
    endloop
  endfacet
  facet normal -0.207995 0.97813 0
    outer loop
      vertex 13.9915 14.4906 0.5
      vertex 13.2687 14.3369 15.5
      vertex 13.9915 14.4906 15.5
    endloop
  endfacet
  facet normal -0.207995 0.97813 0
    outer loop
      vertex 13.2687 14.3369 15.5
      vertex 13.9915 14.4906 0.5
      vertex 13.2687 14.3369 0.5
    endloop
  endfacet
  facet normal 0.302421 0.680447 -0.667483
    outer loop
      vertex 14.3133 14.3048 0.128428
      vertex 14.2494 14.3332 0.128428
      vertex 14.271 14.3998 0.206108
    endloop
  endfacet
  facet normal -0.197353 0.930911 -0.307337
    outer loop
      vertex 14.0983 14.4693 0.296632
      vertex 13.9949 14.4802 0.396045
      vertex 14.0949 14.5014 0.396045
    endloop
  endfacet
  facet normal 0.206258 0.972913 -0.104394
    outer loop
      vertex 14.2971 14.4802 0.396045
      vertex 14.1971 14.5014 0.396045
      vertex 14.1983 14.5123 0.5
    endloop
  endfacet
  facet normal 0.584711 0.804586 0.103707
    outer loop
      vertex 14.4806 14.3866 15.5
      vertex 14.3906 14.4386 15.604
      vertex 14.4733 14.3785 15.604
    endloop
  endfacet
  facet normal 0.739189 0.665439 -0.103881
    outer loop
      vertex 14.6385 14.2112 0.5
      vertex 14.5417 14.3025 0.396045
      vertex 14.4806 14.3866 0.5
    endloop
  endfacet
  facet normal 0.739189 0.665439 -0.103881
    outer loop
      vertex 14.5417 14.3025 0.396045
      vertex 14.6385 14.2112 0.5
      vertex 14.6996 14.1271 0.396045
    endloop
  endfacet
  facet normal 0.122989 0.168948 -0.977921
    outer loop
      vertex 14.2494 14.1299 0.0244722
      vertex 14.181 14.0539 0.00273991
      vertex 14.2233 14.1489 0.0244722
    endloop
  endfacet
  facet normal -0.0434854 0.20459 -0.977881
    outer loop
      vertex 13.3048 13.9933 0.0244722
      vertex 14.1299 14.0648 0.00273991
      vertex 13.3155 13.8917 0.00273991
    endloop
  endfacet
  facet normal -0.0434814 0.204541 -0.977892
    outer loop
      vertex 14.1299 14.0648 0.00273991
      vertex 13.3048 13.9933 0.0244722
      vertex 14.1299 14.1687 0.0244722
    endloop
  endfacet
  facet normal 0.0847688 0.399805 -0.912672
    outer loop
      vertex 14.1938 14.162 0.0244722
      vertex 14.1622 14.1687 0.0244722
      vertex 14.2233 14.2528 0.066988
    endloop
  endfacet
  facet normal 0.179492 0.848228 0.498288
    outer loop
      vertex 14.1938 14.4693 15.7034
      vertex 14.1883 14.4173 15.7939
      vertex 14.271 14.3998 15.7939
    endloop
  endfacet
  facet normal -0.0421831 0.205163 0.977818
    outer loop
      vertex 14.1299 14.1687 15.9755
      vertex 14.1299 14.0648 15.9973
      vertex 14.1406 14.067 15.9973
    endloop
  endfacet
  facet normal 0.559418 0.769782 -0.307386
    outer loop
      vertex 14.4517 14.3545 0.296632
      vertex 14.3906 14.4386 0.396045
      vertex 14.4733 14.3785 0.396045
    endloop
  endfacet
  facet normal 0.353285 0.791939 -0.498018
    outer loop
      vertex 14.3744 14.4106 0.296632
      vertex 14.271 14.3998 0.206108
      vertex 14.2872 14.4495 0.296632
    endloop
  endfacet
  facet normal 0.206259 0.972918 0.104349
    outer loop
      vertex 14.1983 14.5123 15.5
      vertex 14.1971 14.5014 15.604
      vertex 14.2971 14.4802 15.604
    endloop
  endfacet
  facet normal 0 0.994553 0.104237
    outer loop
      vertex 14.1983 14.5123 15.5
      vertex 14.0949 14.5014 15.604
      vertex 14.1971 14.5014 15.604
    endloop
  endfacet
  facet normal 0 0.994553 0.104237
    outer loop
      vertex 14.0949 14.5014 15.604
      vertex 14.1983 14.5123 15.5
      vertex 14.0938 14.5123 15.5
    endloop
  endfacet
  facet normal 0.239536 0.538957 0.807557
    outer loop
      vertex 14.2494 14.3332 15.8716
      vertex 14.2233 14.2528 15.933
      vertex 14.271 14.2316 15.933
    endloop
  endfacet
  facet normal -0.154298 0.729168 0.666713
    outer loop
      vertex 14.1037 14.4173 15.7939
      vertex 14.021 14.3998 15.7939
      vertex 14.111 14.3478 15.8716
    endloop
  endfacet
  facet normal 0 0.867062 0.498201
    outer loop
      vertex 14.1938 14.4693 15.7034
      vertex 14.1037 14.4173 15.7939
      vertex 14.1883 14.4173 15.7939
    endloop
  endfacet
  facet normal 0 0.867062 0.498201
    outer loop
      vertex 14.1037 14.4173 15.7939
      vertex 14.1938 14.4693 15.7034
      vertex 14.0983 14.4693 15.7034
    endloop
  endfacet
  facet normal -0.206378 0.972925 0.10404
    outer loop
      vertex 14.0938 14.5123 15.5
      vertex 13.9915 14.4906 15.5
      vertex 13.9949 14.4802 15.604
    endloop
  endfacet
  facet normal -0.206377 0.972921 -0.104084
    outer loop
      vertex 13.9949 14.4802 0.396045
      vertex 13.9915 14.4906 0.5
      vertex 14.0938 14.5123 0.5
    endloop
  endfacet
  facet normal -0.207504 0.978234 0
    outer loop
      vertex 14.0938 14.5123 0.5
      vertex 13.9915 14.4906 15.5
      vertex 14.0938 14.5123 15.5
    endloop
  endfacet
  facet normal -0.207504 0.978234 0
    outer loop
      vertex 13.9915 14.4906 15.5
      vertex 14.0938 14.5123 0.5
      vertex 13.9915 14.4906 0.5
    endloop
  endfacet
  facet normal -0.206262 0.972933 -0.104198
    outer loop
      vertex 14.0949 14.5014 0.396045
      vertex 13.9949 14.4802 0.396045
      vertex 14.0938 14.5123 0.5
    endloop
  endfacet
  facet normal 0.386758 0.869276 -0.307859
    outer loop
      vertex 14.3744 14.4106 0.296632
      vertex 14.2971 14.4802 0.396045
      vertex 14.3906 14.4386 0.396045
    endloop
  endfacet
  facet normal 0 0.867119 -0.498102
    outer loop
      vertex 14.1883 14.4173 0.206108
      vertex 14.0983 14.4693 0.296632
      vertex 14.1938 14.4693 0.296632
    endloop
  endfacet
  facet normal 0 0.867119 -0.498102
    outer loop
      vertex 14.0983 14.4693 0.296632
      vertex 14.1883 14.4173 0.206108
      vertex 14.1037 14.4173 0.206108
    endloop
  endfacet
  facet normal -0.197838 0.930651 -0.307812
    outer loop
      vertex 13.2732 14.2939 0.296632
      vertex 13.9949 14.4802 0.396045
      vertex 14.0983 14.4693 0.296632
    endloop
  endfacet
  facet normal -0.197763 0.930549 -0.30817
    outer loop
      vertex 13.9949 14.4802 0.396045
      vertex 13.2732 14.2939 0.296632
      vertex 13.2698 14.3261 0.396045
    endloop
  endfacet
  facet normal 0.387726 0.869144 -0.307014
    outer loop
      vertex 14.3744 14.4106 0.296632
      vertex 14.2872 14.4495 0.296632
      vertex 14.2971 14.4802 0.396045
    endloop
  endfacet
  facet normal 0.404372 0.908648 -0.10413
    outer loop
      vertex 14.396 14.4481 0.5
      vertex 14.2971 14.4802 0.396045
      vertex 14.3005 14.4906 0.5
    endloop
  endfacet
  facet normal 0.122771 0.576687 0.807688
    outer loop
      vertex 14.181 14.3478 15.8716
      vertex 14.1721 14.2637 15.933
      vertex 14.2233 14.2528 15.933
    endloop
  endfacet
  facet normal 0 0.589655 0.807655
    outer loop
      vertex 14.181 14.3478 15.8716
      vertex 14.1199 14.2637 15.933
      vertex 14.1721 14.2637 15.933
    endloop
  endfacet
  facet normal 0 0.589655 0.807655
    outer loop
      vertex 14.1199 14.2637 15.933
      vertex 14.181 14.3478 15.8716
      vertex 14.111 14.3478 15.8716
    endloop
  endfacet
  facet normal 0.707313 0.636582 -0.307363
    outer loop
      vertex 14.5156 14.2835 0.296632
      vertex 14.4517 14.3545 0.296632
      vertex 14.5417 14.3025 0.396045
    endloop
  endfacet
  facet normal 0.559412 0.769773 0.307423
    outer loop
      vertex 14.4733 14.3785 15.604
      vertex 14.3906 14.4386 15.604
      vertex 14.4517 14.3545 15.7034
    endloop
  endfacet
  facet normal 0.644532 0.580226 0.497911
    outer loop
      vertex 14.5746 14.1403 15.7939
      vertex 14.5156 14.2835 15.7034
      vertex 14.4167 14.3157 15.7939
    endloop
  endfacet
  facet normal 0.644645 0.5802 0.497796
    outer loop
      vertex 14.6658 14.1143 15.7061
      vertex 14.5156 14.2835 15.7034
      vertex 14.5746 14.1403 15.7939
    endloop
  endfacet
  facet normal 0.635672 0.572553 0.517789
    outer loop
      vertex 14.5156 14.2835 15.7034
      vertex 14.6658 14.1143 15.7061
      vertex 14.6689 14.1133 15.7034
    endloop
  endfacet
  facet normal 0.707225 0.636664 0.307396
    outer loop
      vertex 14.5156 14.2835 15.7034
      vertex 14.6996 14.1271 15.604
      vertex 14.5417 14.3025 15.604
    endloop
  endfacet
  facet normal 0.70719 0.63695 0.306882
    outer loop
      vertex 14.5156 14.2835 15.7034
      vertex 14.6697 14.1139 15.7003
      vertex 14.6996 14.1271 15.604
    endloop
  endfacet
  facet normal 0.707419 0.637176 0.305884
    outer loop
      vertex 14.6697 14.1139 15.7003
      vertex 14.5156 14.2835 15.7034
      vertex 14.6689 14.1133 15.7034
    endloop
  endfacet
  facet normal 0.707313 0.636582 -0.307363
    outer loop
      vertex 14.5417 14.3025 0.396045
      vertex 14.4517 14.3545 0.296632
      vertex 14.4733 14.3785 0.396045
    endloop
  endfacet
  facet normal 0.739282 0.665354 -0.103758
    outer loop
      vertex 14.5417 14.3025 0.396045
      vertex 14.4733 14.3785 0.396045
      vertex 14.4806 14.3866 0.5
    endloop
  endfacet
  facet normal 0.16597 0.373432 -0.91269
    outer loop
      vertex 14.271 14.2316 0.066988
      vertex 14.1938 14.162 0.0244722
      vertex 14.2233 14.2528 0.066988
    endloop
  endfacet
  facet normal 0.0433681 0.204542 -0.977897
    outer loop
      vertex 14.1938 14.162 0.0244722
      vertex 14.1622 14.0648 0.00273991
      vertex 14.1622 14.1687 0.0244722
    endloop
  endfacet
  facet normal -0.15428 0.729085 -0.666808
    outer loop
      vertex 14.111 14.3478 0.128428
      vertex 14.021 14.3998 0.206108
      vertex 14.1037 14.4173 0.206108
    endloop
  endfacet
  facet normal 0.239638 0.539185 -0.807374
    outer loop
      vertex 14.271 14.2316 0.066988
      vertex 14.2494 14.3332 0.128428
      vertex 14.3133 14.3048 0.128428
    endloop
  endfacet
  facet normal -0.0420578 0.204554 -0.977951
    outer loop
      vertex 14.1406 14.067 0.00273991
      vertex 14.1299 14.0648 0.00273991
      vertex 14.1299 14.1687 0.0244722
    endloop
  endfacet
  facet normal 0 0.208972 -0.977922
    outer loop
      vertex 14.1406 14.067 0.00273991
      vertex 14.1622 14.1687 0.0244722
      vertex 14.1515 14.067 0.00273991
    endloop
  endfacet
  facet normal 0 0.208972 -0.977922
    outer loop
      vertex 14.1622 14.1687 0.0244722
      vertex 14.1406 14.067 0.00273991
      vertex 14.1299 14.1687 0.0244722
    endloop
  endfacet
  facet normal 0.43791 0.395022 0.807584
    outer loop
      vertex 14.4167 14.2117 15.8716
      vertex 14.3133 14.2008 15.933
      vertex 14.3483 14.162 15.933
    endloop
  endfacet
  facet normal 0.438123 0.394311 0.807816
    outer loop
      vertex 14.3699 14.2637 15.8716
      vertex 14.3133 14.2008 15.933
      vertex 14.4167 14.2117 15.8716
    endloop
  endfacet
  facet normal 0.0847426 0.399681 0.912729
    outer loop
      vertex 14.2233 14.2528 15.933
      vertex 14.1622 14.1687 15.9755
      vertex 14.1938 14.162 15.9755
    endloop
  endfacet
  facet normal 0.165918 0.373316 0.912746
    outer loop
      vertex 14.2233 14.2528 15.933
      vertex 14.1938 14.162 15.9755
      vertex 14.271 14.2316 15.933
    endloop
  endfacet
  facet normal 0.20657 0.97288 -0.104086
    outer loop
      vertex 14.2971 14.4802 0.396045
      vertex 14.1983 14.5123 0.5
      vertex 14.3005 14.4906 0.5
    endloop
  endfacet
  facet normal 0.584819 0.804483 -0.103897
    outer loop
      vertex 14.4806 14.3866 0.5
      vertex 14.3906 14.4386 0.396045
      vertex 14.396 14.4481 0.5
    endloop
  endfacet
  facet normal -0.154921 0.728677 0.667105
    outer loop
      vertex 14.021 14.3998 15.7939
      vertex 13.286 14.1724 15.8716
      vertex 14.111 14.3478 15.8716
    endloop
  endfacet
  facet normal -0.154888 0.7286 0.667197
    outer loop
      vertex 13.286 14.1724 15.8716
      vertex 14.021 14.3998 15.7939
      vertex 13.2787 14.242 15.7939
    endloop
  endfacet
  facet normal 0.386753 0.869265 0.307896
    outer loop
      vertex 14.3906 14.4386 15.604
      vertex 14.2971 14.4802 15.604
      vertex 14.3744 14.4106 15.7034
    endloop
  endfacet
  facet normal 0.387721 0.869133 0.307051
    outer loop
      vertex 14.2971 14.4802 15.604
      vertex 14.2872 14.4495 15.7034
      vertex 14.3744 14.4106 15.7034
    endloop
  endfacet
  facet normal -0.206751 0.972841 -0.104088
    outer loop
      vertex 13.2698 14.3261 0.396045
      vertex 13.9915 14.4906 0.5
      vertex 13.9949 14.4802 0.396045
    endloop
  endfacet
  facet normal -0.206883 0.972901 -0.103265
    outer loop
      vertex 13.9915 14.4906 0.5
      vertex 13.2698 14.3261 0.396045
      vertex 13.2687 14.3369 0.5
    endloop
  endfacet
  facet normal 0.0850736 0.399612 -0.912728
    outer loop
      vertex 14.2233 14.2528 0.066988
      vertex 14.1622 14.1687 0.0244722
      vertex 14.1721 14.2637 0.066988
    endloop
  endfacet
  facet normal 0.24048 0.330343 0.912712
    outer loop
      vertex 14.271 14.2316 15.933
      vertex 14.2233 14.1489 15.9755
      vertex 14.2494 14.1299 15.9755
    endloop
  endfacet
  facet normal -0.0851939 0.399395 0.912812
    outer loop
      vertex 14.1199 14.2637 15.933
      vertex 14.0688 14.2528 15.933
      vertex 14.1299 14.1687 15.9755
    endloop
  endfacet
  facet normal 0.438096 0.39519 -0.807401
    outer loop
      vertex 14.3483 14.162 0.066988
      vertex 14.3133 14.2008 0.066988
      vertex 14.4167 14.2117 0.128428
    endloop
  endfacet
  facet normal 0.438309 0.394478 -0.807633
    outer loop
      vertex 14.4167 14.2117 0.128428
      vertex 14.3133 14.2008 0.066988
      vertex 14.3699 14.2637 0.128428
    endloop
  endfacet
  facet normal 0.553591 0.498358 -0.667215
    outer loop
      vertex 14.4167 14.2117 0.128428
      vertex 14.5746 14.1403 0.206108
      vertex 14.5746 14.0363 0.128428
    endloop
  endfacet
  facet normal 0.553591 0.498358 -0.667215
    outer loop
      vertex 14.5746 14.1403 0.206108
      vertex 14.4167 14.2117 0.128428
      vertex 14.4167 14.3157 0.206108
    endloop
  endfacet
  facet normal 0.155334 0.139836 -0.977915
    outer loop
      vertex 14.181 14.0539 0.00273991
      vertex 14.4073 13.9545 0.0244722
      vertex 14.3389 13.8785 0.00273991
    endloop
  endfacet
  facet normal 0.155334 0.139836 -0.977915
    outer loop
      vertex 14.4073 13.9545 0.0244722
      vertex 14.181 14.0539 0.00273991
      vertex 14.2494 14.1299 0.0244722
    endloop
  endfacet
  facet normal 0.707234 0.636672 -0.30736
    outer loop
      vertex 14.6996 14.1271 0.396045
      vertex 14.5156 14.2835 0.296632
      vertex 14.5417 14.3025 0.396045
    endloop
  endfacet
  facet normal 0.707186 0.637063 -0.306657
    outer loop
      vertex 14.6697 14.1139 0.29967
      vertex 14.5156 14.2835 0.296632
      vertex 14.6996 14.1271 0.396045
    endloop
  endfacet
  facet normal 0.706058 0.63595 -0.311526
    outer loop
      vertex 14.5156 14.2835 0.296632
      vertex 14.6697 14.1139 0.29967
      vertex 14.6689 14.1133 0.296632
    endloop
  endfacet
  facet normal 0.644571 0.580114 0.497993
    outer loop
      vertex 14.4517 14.3545 15.7034
      vertex 14.4167 14.3157 15.7939
      vertex 14.5156 14.2835 15.7034
    endloop
  endfacet
  facet normal 0.707304 0.636574 0.3074
    outer loop
      vertex 14.4733 14.3785 15.604
      vertex 14.4517 14.3545 15.7034
      vertex 14.5417 14.3025 15.604
    endloop
  endfacet
  facet normal 0.739286 0.665357 0.103713
    outer loop
      vertex 14.4806 14.3866 15.5
      vertex 14.4733 14.3785 15.604
      vertex 14.5417 14.3025 15.604
    endloop
  endfacet
  facet normal 0.739192 0.665442 0.103836
    outer loop
      vertex 14.5417 14.3025 15.604
      vertex 14.6385 14.2112 15.5
      vertex 14.4806 14.3866 15.5
    endloop
  endfacet
  facet normal 0.739192 0.665442 0.103836
    outer loop
      vertex 14.6385 14.2112 15.5
      vertex 14.5417 14.3025 15.604
      vertex 14.6996 14.1271 15.604
    endloop
  endfacet
  facet normal 0.0848437 0.19106 -0.977905
    outer loop
      vertex 14.2233 14.1489 0.0244722
      vertex 14.1622 14.0648 0.00273991
      vertex 14.1938 14.162 0.0244722
    endloop
  endfacet
  facet normal 0.165872 0.373528 -0.912668
    outer loop
      vertex 14.2233 14.1489 0.0244722
      vertex 14.1938 14.162 0.0244722
      vertex 14.271 14.2316 0.066988
    endloop
  endfacet
  facet normal -0.0852203 0.399519 -0.912755
    outer loop
      vertex 14.1299 14.1687 0.0244722
      vertex 14.0688 14.2528 0.066988
      vertex 14.1199 14.2637 0.066988
    endloop
  endfacet
  facet normal -0.179522 0.848368 -0.49804
    outer loop
      vertex 14.1037 14.4173 0.206108
      vertex 14.021 14.3998 0.206108
      vertex 14.0983 14.4693 0.296632
    endloop
  endfacet
  facet normal 0 0.745256 -0.666778
    outer loop
      vertex 14.181 14.3478 0.128428
      vertex 14.1037 14.4173 0.206108
      vertex 14.1883 14.4173 0.206108
    endloop
  endfacet
  facet normal 0 0.745256 -0.666778
    outer loop
      vertex 14.1037 14.4173 0.206108
      vertex 14.181 14.3478 0.128428
      vertex 14.111 14.3478 0.128428
    endloop
  endfacet
  facet normal -0.123057 0.576899 -0.807493
    outer loop
      vertex 14.1199 14.2637 0.066988
      vertex 14.0688 14.2528 0.066988
      vertex 14.111 14.3478 0.128428
    endloop
  endfacet
  facet normal 0.179504 0.848284 -0.498189
    outer loop
      vertex 14.271 14.3998 0.206108
      vertex 14.1883 14.4173 0.206108
      vertex 14.1938 14.4693 0.296632
    endloop
  endfacet
  facet normal 0.15428 0.729085 -0.666808
    outer loop
      vertex 14.271 14.3998 0.206108
      vertex 14.181 14.3478 0.128428
      vertex 14.1883 14.4173 0.206108
    endloop
  endfacet
  facet normal 0.303648 0.273353 -0.91273
    outer loop
      vertex 14.4073 13.9545 0.0244722
      vertex 14.3483 14.162 0.066988
      vertex 14.5062 13.9866 0.066988
    endloop
  endfacet
  facet normal 0.303648 0.273353 -0.91273
    outer loop
      vertex 14.3483 14.162 0.066988
      vertex 14.4073 13.9545 0.0244722
      vertex 14.2494 14.1299 0.0244722
    endloop
  endfacet
  facet normal 0.0434973 0.205151 0.977763
    outer loop
      vertex 14.1622 14.1687 15.9755
      vertex 14.1622 14.0648 15.9973
      vertex 14.1938 14.162 15.9755
    endloop
  endfacet
  facet normal 0.346912 0.476441 0.807872
    outer loop
      vertex 14.3699 14.2637 15.8716
      vertex 14.271 14.2316 15.933
      vertex 14.3133 14.2008 15.933
    endloop
  endfacet
  facet normal 0.240524 0.330331 0.912705
    outer loop
      vertex 14.271 14.2316 15.933
      vertex 14.2494 14.1299 15.9755
      vertex 14.3133 14.2008 15.933
    endloop
  endfacet
  facet normal 0.239536 0.538957 0.807557
    outer loop
      vertex 14.3133 14.3048 15.8716
      vertex 14.2494 14.3332 15.8716
      vertex 14.271 14.2316 15.933
    endloop
  endfacet
  facet normal 0.437734 0.602817 0.667084
    outer loop
      vertex 14.4167 14.3157 15.7939
      vertex 14.3133 14.3048 15.8716
      vertex 14.3699 14.2637 15.8716
    endloop
  endfacet
  facet normal 0.404295 0.908692 -0.104043
    outer loop
      vertex 14.3906 14.4386 0.396045
      vertex 14.2971 14.4802 0.396045
      vertex 14.396 14.4481 0.5
    endloop
  endfacet
  facet normal 0 0.994548 -0.104281
    outer loop
      vertex 14.1971 14.5014 0.396045
      vertex 14.0938 14.5123 0.5
      vertex 14.1983 14.5123 0.5
    endloop
  endfacet
  facet normal 0 0.994548 -0.104281
    outer loop
      vertex 14.0938 14.5123 0.5
      vertex 14.1971 14.5014 0.396045
      vertex 14.0949 14.5014 0.396045
    endloop
  endfacet
  facet normal -0.206263 0.972938 0.104153
    outer loop
      vertex 14.0938 14.5123 15.5
      vertex 13.9949 14.4802 15.604
      vertex 14.0949 14.5014 15.604
    endloop
  endfacet
  facet normal -0.197351 0.9309 0.307373
    outer loop
      vertex 14.0949 14.5014 15.604
      vertex 13.9949 14.4802 15.604
      vertex 14.0983 14.4693 15.7034
    endloop
  endfacet
  facet normal -0.123004 0.576654 0.807676
    outer loop
      vertex 14.111 14.3478 15.8716
      vertex 14.0688 14.2528 15.933
      vertex 14.1199 14.2637 15.933
    endloop
  endfacet
  facet normal -0.180371 0.848484 0.497535
    outer loop
      vertex 13.2732 14.2939 15.7034
      vertex 14.021 14.3998 15.7939
      vertex 14.0983 14.4693 15.7034
    endloop
  endfacet
  facet normal -0.180371 0.848477 0.497547
    outer loop
      vertex 14.021 14.3998 15.7939
      vertex 13.2732 14.2939 15.7034
      vertex 13.2787 14.242 15.7939
    endloop
  endfacet
  facet normal 0.352684 0.792513 0.497532
    outer loop
      vertex 14.3744 14.4106 15.7034
      vertex 14.271 14.3998 15.7939
      vertex 14.3483 14.3654 15.7939
    endloop
  endfacet
  facet normal 0.197356 0.93096 0.307186
    outer loop
      vertex 14.2971 14.4802 15.604
      vertex 14.1938 14.4693 15.7034
      vertex 14.2872 14.4495 15.7034
    endloop
  endfacet
  facet normal 0.0850473 0.399488 0.912785
    outer loop
      vertex 14.1721 14.2637 15.933
      vertex 14.1622 14.1687 15.9755
      vertex 14.2233 14.2528 15.933
    endloop
  endfacet
  facet normal 0.16582 0.373412 0.912725
    outer loop
      vertex 14.271 14.2316 15.933
      vertex 14.1938 14.162 15.9755
      vertex 14.2233 14.1489 15.9755
    endloop
  endfacet
  facet normal 0 0.408366 0.912818
    outer loop
      vertex 14.1721 14.2637 15.933
      vertex 14.1299 14.1687 15.9755
      vertex 14.1622 14.1687 15.9755
    endloop
  endfacet
  facet normal 0 0.408366 0.912818
    outer loop
      vertex 14.1299 14.1687 15.9755
      vertex 14.1721 14.2637 15.933
      vertex 14.1199 14.2637 15.933
    endloop
  endfacet
  facet normal -0.122579 0.576553 0.807813
    outer loop
      vertex 13.286 14.1724 15.8716
      vertex 14.0688 14.2528 15.933
      vertex 14.111 14.3478 15.8716
    endloop
  endfacet
  facet normal -0.12259 0.576808 0.807628
    outer loop
      vertex 14.0688 14.2528 15.933
      vertex 13.286 14.1724 15.8716
      vertex 13.2948 14.0883 15.933
    endloop
  endfacet
  facet normal -0.084938 0.399557 0.912765
    outer loop
      vertex 14.0688 14.2528 15.933
      vertex 13.3048 13.9933 15.9755
      vertex 14.1299 14.1687 15.9755
    endloop
  endfacet
  facet normal -0.0848923 0.399432 0.912824
    outer loop
      vertex 13.3048 13.9933 15.9755
      vertex 14.0688 14.2528 15.933
      vertex 13.2948 14.0883 15.933
    endloop
  endfacet
  facet normal 0.303392 0.273678 0.912718
    outer loop
      vertex 14.3133 14.2008 15.933
      vertex 14.2494 14.1299 15.9755
      vertex 14.3483 14.162 15.933
    endloop
  endfacet
  facet normal 0.74321 0.669058 0
    outer loop
      vertex 14.6385 14.2112 15.5
      vertex 14.4806 14.3866 0.5
      vertex 14.4806 14.3866 15.5
    endloop
  endfacet
  facet normal 0.74321 0.669058 0
    outer loop
      vertex 14.4806 14.3866 0.5
      vertex 14.6385 14.2112 15.5
      vertex 14.6385 14.2112 0.5
    endloop
  endfacet
  facet normal 0 0.408493 -0.912762
    outer loop
      vertex 14.1299 14.1687 0.0244722
      vertex 14.1721 14.2637 0.066988
      vertex 14.1622 14.1687 0.0244722
    endloop
  endfacet
  facet normal 0 0.408493 -0.912762
    outer loop
      vertex 14.1721 14.2637 0.066988
      vertex 14.1299 14.1687 0.0244722
      vertex 14.1199 14.2637 0.066988
    endloop
  endfacet
  facet normal 0.239638 0.539185 -0.807374
    outer loop
      vertex 14.271 14.2316 0.066988
      vertex 14.2233 14.2528 0.066988
      vertex 14.2494 14.3332 0.128428
    endloop
  endfacet
  facet normal 0.0420578 0.204554 -0.977951
    outer loop
      vertex 14.1622 14.0648 0.00273991
      vertex 14.1515 14.067 0.00273991
      vertex 14.1622 14.1687 0.0244722
    endloop
  endfacet
  facet normal -0.180383 0.84854 -0.497436
    outer loop
      vertex 14.021 14.3998 0.206108
      vertex 13.2732 14.2939 0.296632
      vertex 14.0983 14.4693 0.296632
    endloop
  endfacet
  facet normal -0.180383 0.848533 -0.497448
    outer loop
      vertex 13.2732 14.2939 0.296632
      vertex 14.021 14.3998 0.206108
      vertex 13.2787 14.242 0.206108
    endloop
  endfacet
  facet normal 0.352707 0.792565 -0.497432
    outer loop
      vertex 14.3483 14.3654 0.206108
      vertex 14.271 14.3998 0.206108
      vertex 14.3744 14.4106 0.296632
    endloop
  endfacet
  facet normal 0.302819 0.680463 -0.667286
    outer loop
      vertex 14.3133 14.3048 0.128428
      vertex 14.271 14.3998 0.206108
      vertex 14.3483 14.3654 0.206108
    endloop
  endfacet
  facet normal 0.197358 0.930972 -0.30715
    outer loop
      vertex 14.2872 14.4495 0.296632
      vertex 14.1938 14.4693 0.296632
      vertex 14.2971 14.4802 0.396045
    endloop
  endfacet
  facet normal 0.179843 0.848352 -0.497951
    outer loop
      vertex 14.271 14.3998 0.206108
      vertex 14.1938 14.4693 0.296632
      vertex 14.2872 14.4495 0.296632
    endloop
  endfacet
  facet normal 0.303554 0.273268 0.912787
    outer loop
      vertex 14.3483 14.162 15.933
      vertex 14.4073 13.9545 15.9755
      vertex 14.5062 13.9866 15.933
    endloop
  endfacet
  facet normal 0.303554 0.273268 0.912787
    outer loop
      vertex 14.4073 13.9545 15.9755
      vertex 14.3483 14.162 15.933
      vertex 14.2494 14.1299 15.9755
    endloop
  endfacet
  facet normal 0.438279 0.394551 0.807614
    outer loop
      vertex 14.4167 14.2117 15.8716
      vertex 14.5062 13.9866 15.933
      vertex 14.5746 14.0363 15.8716
    endloop
  endfacet
  facet normal 0.438279 0.394551 0.807614
    outer loop
      vertex 14.5062 13.9866 15.933
      vertex 14.4167 14.2117 15.8716
      vertex 14.3483 14.162 15.933
    endloop
  endfacet
  facet normal 0.509378 0.70187 0.497909
    outer loop
      vertex 14.4517 14.3545 15.7034
      vertex 14.3744 14.4106 15.7034
      vertex 14.4167 14.3157 15.7939
    endloop
  endfacet
  facet normal 0.123355 0.169451 0.977788
    outer loop
      vertex 14.2233 14.1489 15.9755
      vertex 14.181 14.0539 15.9973
      vertex 14.2494 14.1299 15.9755
    endloop
  endfacet
  facet normal 0.207698 0.978193 -0
    outer loop
      vertex 14.3005 14.4906 0.5
      vertex 14.1983 14.5123 15.5
      vertex 14.3005 14.4906 15.5
    endloop
  endfacet
  facet normal 0.207698 0.978193 0
    outer loop
      vertex 14.1983 14.5123 15.5
      vertex 14.3005 14.4906 0.5
      vertex 14.1983 14.5123 0.5
    endloop
  endfacet
  facet normal 0.206571 0.972884 0.104042
    outer loop
      vertex 14.3005 14.4906 15.5
      vertex 14.1983 14.5123 15.5
      vertex 14.2971 14.4802 15.604
    endloop
  endfacet
  facet normal 0.588001 0.80886 -0
    outer loop
      vertex 14.4806 14.3866 0.5
      vertex 14.396 14.4481 15.5
      vertex 14.4806 14.3866 15.5
    endloop
  endfacet
  facet normal 0.588001 0.80886 0
    outer loop
      vertex 14.396 14.4481 15.5
      vertex 14.4806 14.3866 0.5
      vertex 14.396 14.4481 0.5
    endloop
  endfacet
  facet normal 0.154298 0.729168 0.666713
    outer loop
      vertex 14.1883 14.4173 15.7939
      vertex 14.181 14.3478 15.8716
      vertex 14.271 14.3998 15.7939
    endloop
  endfacet
  facet normal 0.353262 0.791887 0.498117
    outer loop
      vertex 14.2872 14.4495 15.7034
      vertex 14.271 14.3998 15.7939
      vertex 14.3744 14.4106 15.7034
    endloop
  endfacet
  facet normal 0 0.209595 0.977788
    outer loop
      vertex 14.1622 14.1687 15.9755
      vertex 14.1406 14.067 15.9973
      vertex 14.1515 14.067 15.9973
    endloop
  endfacet
  facet normal 0 0.209595 0.977788
    outer loop
      vertex 14.1406 14.067 15.9973
      vertex 14.1622 14.1687 15.9755
      vertex 14.1299 14.1687 15.9755
    endloop
  endfacet
  facet normal 0 0.589906 -0.807472
    outer loop
      vertex 14.1199 14.2637 0.066988
      vertex 14.181 14.3478 0.128428
      vertex 14.1721 14.2637 0.066988
    endloop
  endfacet
  facet normal 0 0.589906 -0.807472
    outer loop
      vertex 14.181 14.3478 0.128428
      vertex 14.1199 14.2637 0.066988
      vertex 14.111 14.3478 0.128428
    endloop
  endfacet
  facet normal 0.15543 0.728177 -0.667532
    outer loop
      vertex 14.2494 14.3332 0.128428
      vertex 14.181 14.3478 0.128428
      vertex 14.271 14.3998 0.206108
    endloop
  endfacet
  facet normal 0.123163 0.577013 -0.807395
    outer loop
      vertex 14.2233 14.2528 0.066988
      vertex 14.181 14.3478 0.128428
      vertex 14.2494 14.3332 0.128428
    endloop
  endfacet
  facet normal -0.154903 0.728593 -0.667201
    outer loop
      vertex 13.286 14.1724 0.128428
      vertex 14.021 14.3998 0.206108
      vertex 14.111 14.3478 0.128428
    endloop
  endfacet
  facet normal -0.15487 0.728516 -0.667293
    outer loop
      vertex 14.021 14.3998 0.206108
      vertex 13.286 14.1724 0.128428
      vertex 13.2787 14.242 0.206108
    endloop
  endfacet
  facet normal 0.346506 0.477184 0.807607
    outer loop
      vertex 14.3133 14.3048 15.8716
      vertex 14.271 14.2316 15.933
      vertex 14.3699 14.2637 15.8716
    endloop
  endfacet
  facet normal 0.553655 0.498415 0.66712
    outer loop
      vertex 14.4167 14.2117 15.8716
      vertex 14.5746 14.1403 15.7939
      vertex 14.4167 14.3157 15.7939
    endloop
  endfacet
  facet normal 0.553655 0.498415 0.66712
    outer loop
      vertex 14.5746 14.1403 15.7939
      vertex 14.4167 14.2117 15.8716
      vertex 14.5746 14.0363 15.8716
    endloop
  endfacet
  facet normal 0.558814 0.769987 0.307972
    outer loop
      vertex 14.3906 14.4386 15.604
      vertex 14.3744 14.4106 15.7034
      vertex 14.4517 14.3545 15.7034
    endloop
  endfacet
  facet normal 0.437851 0.602595 0.667208
    outer loop
      vertex 14.3483 14.3654 15.7939
      vertex 14.3133 14.3048 15.8716
      vertex 14.4167 14.3157 15.7939
    endloop
  endfacet
  facet normal 0.179831 0.848296 0.498051
    outer loop
      vertex 14.2872 14.4495 15.7034
      vertex 14.1938 14.4693 15.7034
      vertex 14.271 14.3998 15.7939
    endloop
  endfacet
  facet normal 0.509899 0.701752 0.497542
    outer loop
      vertex 14.3744 14.4106 15.7034
      vertex 14.3483 14.3654 15.7939
      vertex 14.4167 14.3157 15.7939
    endloop
  endfacet
  facet normal 0.122224 0.169967 0.977841
    outer loop
      vertex 14.2233 14.1489 15.9755
      vertex 14.1721 14.0603 15.9973
      vertex 14.181 14.0539 15.9973
    endloop
  endfacet
  facet normal 0 0.745342 0.666683
    outer loop
      vertex 14.1883 14.4173 15.7939
      vertex 14.111 14.3478 15.8716
      vertex 14.181 14.3478 15.8716
    endloop
  endfacet
  facet normal 0 0.745342 0.666683
    outer loop
      vertex 14.111 14.3478 15.8716
      vertex 14.1883 14.4173 15.7939
      vertex 14.1037 14.4173 15.7939
    endloop
  endfacet
  facet normal 0.302456 0.680525 0.667388
    outer loop
      vertex 14.271 14.3998 15.7939
      vertex 14.2494 14.3332 15.8716
      vertex 14.3133 14.3048 15.8716
    endloop
  endfacet
  facet normal 0.123111 0.576768 0.807578
    outer loop
      vertex 14.2494 14.3332 15.8716
      vertex 14.181 14.3478 15.8716
      vertex 14.2233 14.2528 15.933
    endloop
  endfacet
  facet normal 0.155448 0.728261 0.667437
    outer loop
      vertex 14.271 14.3998 15.7939
      vertex 14.181 14.3478 15.8716
      vertex 14.2494 14.3332 15.8716
    endloop
  endfacet
  facet normal 0.0850964 0.191629 0.977771
    outer loop
      vertex 14.1938 14.162 15.9755
      vertex 14.1622 14.0648 15.9973
      vertex 14.2233 14.1489 15.9755
    endloop
  endfacet
  facet normal 0.0421831 0.205163 0.977818
    outer loop
      vertex 14.1622 14.1687 15.9755
      vertex 14.1515 14.067 15.9973
      vertex 14.1622 14.0648 15.9973
    endloop
  endfacet
  facet normal 0.122823 0.576932 -0.807505
    outer loop
      vertex 14.2233 14.2528 0.066988
      vertex 14.1721 14.2637 0.066988
      vertex 14.181 14.3478 0.128428
    endloop
  endfacet
  facet normal -0.0849644 0.399681 -0.912708
    outer loop
      vertex 13.3048 13.9933 0.0244722
      vertex 14.0688 14.2528 0.066988
      vertex 14.1299 14.1687 0.0244722
    endloop
  endfacet
  facet normal -0.0849186 0.399556 -0.912767
    outer loop
      vertex 14.0688 14.2528 0.066988
      vertex 13.3048 13.9933 0.0244722
      vertex 13.2948 14.0883 0.066988
    endloop
  endfacet
  facet normal 0.0866127 0.190548 0.97785
    outer loop
      vertex 14.2233 14.1489 15.9755
      vertex 14.1622 14.0648 15.9973
      vertex 14.1721 14.0603 15.9973
    endloop
  endfacet
  facet normal 0.140571 -0.193413 -0.970995
    outer loop
      vertex 9.24231 -10.4578 0.00273991
      vertex 2.50924 -2.78679 -2.5
      vertex 9.34743 -10.3814 0.00273991
    endloop
  endfacet
  facet normal 0.140541 -0.193439 -0.970994
    outer loop
      vertex 2.50924 -2.78679 -2.5
      vertex 9.24231 -10.4578 0.00273991
      vertex 1.875 -3.24759 -2.5
    endloop
  endfacet
  facet normal 0.227399 -0.0738946 -0.970994
    outer loop
      vertex 12.8019 -5.55833 0.00273991
      vertex 3.66805 -0.779669 -2.5
      vertex 13.6643 -2.90443 0.00273991
    endloop
  endfacet
  facet normal 0.237795 0.0249946 -0.970994
    outer loop
      vertex 13.9695 0 0.00273991
      vertex 3.75 0 -2.5
      vertex 13.6778 2.77519 0.00273991
    endloop
  endfacet
  facet normal 0.237795 0.0249943 -0.970994
    outer loop
      vertex 3.66805 0.779669 -2.5
      vertex 13.6778 2.77519 0.00273991
      vertex 3.75 0 -2.5
    endloop
  endfacet
  facet normal 0.237824 0.0248424 -0.97099
    outer loop
      vertex 13.6778 2.77519 0.00273991
      vertex 3.66805 0.779669 -2.5
      vertex 13.6643 2.90443 0.00273991
    endloop
  endfacet
  facet normal 0.140541 -0.193439 -0.970994
    outer loop
      vertex 6.98476 -12.098 0.00273991
      vertex 1.875 -3.24759 -2.5
      vertex 9.24231 -10.4578 0.00273991
    endloop
  endfacet
  facet normal 0.20705 0.119597 -0.970993
    outer loop
      vertex 3.42579 1.52526 -2.5
      vertex 12.6968 5.79445 0.00273991
      vertex 12.7618 5.68192 0.00273991
    endloop
  endfacet
  facet normal 0.207071 0.119552 -0.970994
    outer loop
      vertex 12.6968 5.79445 0.00273991
      vertex 3.42579 1.52526 -2.5
      vertex 3.03381 2.20419 -2.5
    endloop
  endfacet
  facet normal 0.20705 -0.119597 -0.970993
    outer loop
      vertex 12.6968 -5.79445 0.00273991
      vertex 3.42579 -1.52526 -2.5
      vertex 12.7618 -5.68192 0.00273991
    endloop
  endfacet
  facet normal 0.207071 -0.119552 -0.970994
    outer loop
      vertex 3.42579 -1.52526 -2.5
      vertex 12.6968 -5.79445 0.00273991
      vertex 3.03381 -2.20419 -2.5
    endloop
  endfacet
  facet normal -0.207072 0.119549 -0.970994
    outer loop
      vertex -3.03381 2.20419 -2.5
      vertex -12.6968 5.79445 0.00273991
      vertex -11.3016 8.21108 0.00273991
    endloop
  endfacet
  facet normal 0.0496814 0.233889 -0.970993
    outer loop
      vertex 1.15881 3.56646 -2.5
      vertex 4.18971 13.3128 0.00273991
      vertex 4.31682 13.2858 0.00273991
    endloop
  endfacet
  facet normal 0.0497142 0.233879 -0.970994
    outer loop
      vertex 4.18971 13.3128 0.00273991
      vertex 1.15881 3.56646 -2.5
      vertex 0.391981 3.72946 -2.5
    endloop
  endfacet
  facet normal 0.140571 0.193413 -0.970995
    outer loop
      vertex 2.50924 2.78679 -2.5
      vertex 9.24231 10.4578 0.00273991
      vertex 9.34743 10.3814 0.00273991
    endloop
  endfacet
  facet normal 0.140541 0.193439 -0.970994
    outer loop
      vertex 9.24231 10.4578 0.00273991
      vertex 2.50924 2.78679 -2.5
      vertex 1.875 3.24759 -2.5
    endloop
  endfacet
  facet normal 0.227399 0.0738946 -0.970994
    outer loop
      vertex 13.6643 2.90443 0.00273991
      vertex 3.66805 0.779669 -2.5
      vertex 12.8019 5.55833 0.00273991
    endloop
  endfacet
  facet normal 0.177687 -0.159993 -0.970994
    outer loop
      vertex 9.43438 -10.2848 0.00273991
      vertex 3.03381 -2.20419 -2.5
      vertex 11.3016 -8.21108 0.00273991
    endloop
  endfacet
  facet normal 0.177718 -0.159965 -0.970993
    outer loop
      vertex 2.50924 -2.78679 -2.5
      vertex 9.43438 -10.2848 0.00273991
      vertex 9.34743 -10.3814 0.00273991
    endloop
  endfacet
  facet normal 0.17769 -0.159991 -0.970994
    outer loop
      vertex 9.43438 -10.2848 0.00273991
      vertex 2.50924 -2.78679 -2.5
      vertex 3.03381 -2.20419 -2.5
    endloop
  endfacet
  facet normal 0.237795 -0.0249946 -0.970994
    outer loop
      vertex 13.6778 -2.77519 0.00273991
      vertex 3.75 0 -2.5
      vertex 13.9695 0 0.00273991
    endloop
  endfacet
  facet normal -0.177718 -0.159965 -0.970993
    outer loop
      vertex -9.43438 -10.2848 0.00273991
      vertex -2.50924 -2.78679 -2.5
      vertex -9.34743 -10.3814 0.00273991
    endloop
  endfacet
  facet normal -0.17769 -0.159991 -0.970994
    outer loop
      vertex -2.50924 -2.78679 -2.5
      vertex -9.43438 -10.2848 0.00273991
      vertex -3.03381 -2.20419 -2.5
    endloop
  endfacet
  facet normal 0.0497148 0.233879 -0.970994
    outer loop
      vertex 4.18971 13.3128 0.00273991
      vertex 0.391981 3.72946 -2.5
      vertex 1.46021 13.893 0.00273991
    endloop
  endfacet
  facet normal 0.207072 -0.119549 -0.970994
    outer loop
      vertex 11.3016 -8.21108 0.00273991
      vertex 3.03381 -2.20419 -2.5
      vertex 12.6968 -5.79445 0.00273991
    endloop
  endfacet
  facet normal 0.140541 0.193439 -0.970994
    outer loop
      vertex 9.24231 10.4578 0.00273991
      vertex 1.875 3.24759 -2.5
      vertex 6.98476 12.098 0.00273991
    endloop
  endfacet
  facet normal -0.227399 0.0738946 -0.970994
    outer loop
      vertex -3.66805 0.779669 -2.5
      vertex -13.6643 2.90443 0.00273991
      vertex -12.8019 5.55833 0.00273991
    endloop
  endfacet
  facet normal 0.227441 -0.0737956 -0.970992
    outer loop
      vertex 3.42579 -1.52526 -2.5
      vertex 12.8019 -5.55833 0.00273991
      vertex 12.7618 -5.68192 0.00273991
    endloop
  endfacet
  facet normal 0.227402 -0.0738883 -0.970994
    outer loop
      vertex 12.8019 -5.55833 0.00273991
      vertex 3.42579 -1.52526 -2.5
      vertex 3.66805 -0.779669 -2.5
    endloop
  endfacet
  facet normal 0.0497148 -0.233879 -0.970994
    outer loop
      vertex 1.46021 -13.893 0.00273991
      vertex 0.391981 -3.72946 -2.5
      vertex 4.18971 -13.3128 0.00273991
    endloop
  endfacet
  facet normal -0.0497148 0.233879 -0.970994
    outer loop
      vertex -0.391981 3.72946 -2.5
      vertex -4.18971 13.3128 0.00273991
      vertex -1.46021 13.893 0.00273991
    endloop
  endfacet
  facet normal 0.0972532 -0.218432 -0.970994
    outer loop
      vertex 4.31682 -13.2858 0.00273991
      vertex 1.15881 -3.56646 -2.5
      vertex 6.86605 -12.1508 0.00273991
    endloop
  endfacet
  facet normal -0.140541 0.193439 -0.970994
    outer loop
      vertex -2.50924 2.78679 -2.5
      vertex -9.24231 10.4578 0.00273991
      vertex -1.875 3.24759 -2.5
    endloop
  endfacet
  facet normal -0.140571 0.193413 -0.970995
    outer loop
      vertex -9.24231 10.4578 0.00273991
      vertex -2.50924 2.78679 -2.5
      vertex -9.34743 10.3814 0.00273991
    endloop
  endfacet
  facet normal -0.237795 0.0249946 -0.970994
    outer loop
      vertex -3.75 0 -2.5
      vertex -13.9695 0 0.00273991
      vertex -13.6778 2.77519 0.00273991
    endloop
  endfacet
  facet normal -0.207071 0.119552 -0.970994
    outer loop
      vertex -3.42579 1.52526 -2.5
      vertex -12.6968 5.79445 0.00273991
      vertex -3.03381 2.20419 -2.5
    endloop
  endfacet
  facet normal -0.20705 0.119597 -0.970993
    outer loop
      vertex -12.6968 5.79445 0.00273991
      vertex -3.42579 1.52526 -2.5
      vertex -12.7618 5.68192 0.00273991
    endloop
  endfacet
  facet normal -0.227402 0.0738883 -0.970994
    outer loop
      vertex -12.8019 5.55833 0.00273991
      vertex -3.42579 1.52526 -2.5
      vertex -3.66805 0.779669 -2.5
    endloop
  endfacet
  facet normal -0.227441 0.0737956 -0.970992
    outer loop
      vertex -3.42579 1.52526 -2.5
      vertex -12.8019 5.55833 0.00273991
      vertex -12.7618 5.68192 0.00273991
    endloop
  endfacet
  facet normal -0.0497148 -0.233879 -0.970994
    outer loop
      vertex -1.46021 -13.893 0.00273991
      vertex -4.18971 -13.3128 0.00273991
      vertex -0.391981 -3.72946 -2.5
    endloop
  endfacet
  facet normal 0.177687 0.159993 -0.970994
    outer loop
      vertex 11.3016 8.21108 0.00273991
      vertex 3.03381 2.20419 -2.5
      vertex 9.43438 10.2848 0.00273991
    endloop
  endfacet
  facet normal 0.237824 -0.0248424 -0.97099
    outer loop
      vertex 3.66805 -0.779669 -2.5
      vertex 13.6778 -2.77519 0.00273991
      vertex 13.6643 -2.90443 0.00273991
    endloop
  endfacet
  facet normal 0.237795 -0.0249943 -0.970994
    outer loop
      vertex 13.6778 -2.77519 0.00273991
      vertex 3.66805 -0.779669 -2.5
      vertex 3.75 0 -2.5
    endloop
  endfacet
  facet normal 0 -0.239104 -0.970994
    outer loop
      vertex 1.46021 -13.893 0.00273991
      vertex -0.391981 -3.72946 -2.5
      vertex 0.391981 -3.72946 -2.5
    endloop
  endfacet
  facet normal 0 -0.239104 -0.970994
    outer loop
      vertex -0.391981 -3.72946 -2.5
      vertex 1.46021 -13.893 0.00273991
      vertex -1.46021 -13.893 0.00273991
    endloop
  endfacet
  facet normal -0.140541 -0.193439 -0.970994
    outer loop
      vertex -9.24231 -10.4578 0.00273991
      vertex -2.50924 -2.78679 -2.5
      vertex -1.875 -3.24759 -2.5
    endloop
  endfacet
  facet normal -0.140571 -0.193413 -0.970995
    outer loop
      vertex -2.50924 -2.78679 -2.5
      vertex -9.24231 -10.4578 0.00273991
      vertex -9.34743 -10.3814 0.00273991
    endloop
  endfacet
  facet normal -0.227399 -0.0738946 -0.970994
    outer loop
      vertex -12.8019 -5.55833 0.00273991
      vertex -13.6643 -2.90443 0.00273991
      vertex -3.66805 -0.779669 -2.5
    endloop
  endfacet
  facet normal 0 0.239104 -0.970994
    outer loop
      vertex -0.391981 3.72946 -2.5
      vertex 1.46021 13.893 0.00273991
      vertex 0.391981 3.72946 -2.5
    endloop
  endfacet
  facet normal 0 0.239104 -0.970994
    outer loop
      vertex 1.46021 13.893 0.00273991
      vertex -0.391981 3.72946 -2.5
      vertex -1.46021 13.893 0.00273991
    endloop
  endfacet
  facet normal -0.140541 -0.193439 -0.970994
    outer loop
      vertex -6.98476 -12.098 0.00273991
      vertex -9.24231 -10.4578 0.00273991
      vertex -1.875 -3.24759 -2.5
    endloop
  endfacet
  facet normal -0.237795 -0.0249946 -0.970994
    outer loop
      vertex -13.6778 -2.77519 0.00273991
      vertex -13.9695 0 0.00273991
      vertex -3.75 0 -2.5
    endloop
  endfacet
  facet normal -0.0497142 0.233879 -0.970994
    outer loop
      vertex -1.15881 3.56646 -2.5
      vertex -4.18971 13.3128 0.00273991
      vertex -0.391981 3.72946 -2.5
    endloop
  endfacet
  facet normal -0.0496814 0.233889 -0.970993
    outer loop
      vertex -4.18971 13.3128 0.00273991
      vertex -1.15881 3.56646 -2.5
      vertex -4.31682 13.2858 0.00273991
    endloop
  endfacet
  facet normal -0.237824 -0.0248424 -0.97099
    outer loop
      vertex -13.6778 -2.77519 0.00273991
      vertex -3.66805 -0.779669 -2.5
      vertex -13.6643 -2.90443 0.00273991
    endloop
  endfacet
  facet normal -0.237795 -0.0249943 -0.970994
    outer loop
      vertex -3.66805 -0.779669 -2.5
      vertex -13.6778 -2.77519 0.00273991
      vertex -3.75 0 -2.5
    endloop
  endfacet
  facet normal -0.0972532 0.218432 -0.970994
    outer loop
      vertex -1.15881 3.56646 -2.5
      vertex -6.86605 12.1508 0.00273991
      vertex -4.31682 13.2858 0.00273991
    endloop
  endfacet
  facet normal -0.140541 0.193439 -0.970994
    outer loop
      vertex -1.875 3.24759 -2.5
      vertex -9.24231 10.4578 0.00273991
      vertex -6.98476 12.098 0.00273991
    endloop
  endfacet
  facet normal -0.177687 0.159993 -0.970994
    outer loop
      vertex -3.03381 2.20419 -2.5
      vertex -11.3016 8.21108 0.00273991
      vertex -9.43438 10.2848 0.00273991
    endloop
  endfacet
  facet normal -0.207072 -0.119549 -0.970994
    outer loop
      vertex -11.3016 -8.21108 0.00273991
      vertex -12.6968 -5.79445 0.00273991
      vertex -3.03381 -2.20419 -2.5
    endloop
  endfacet
  facet normal -0.177687 -0.159993 -0.970994
    outer loop
      vertex -9.43438 -10.2848 0.00273991
      vertex -11.3016 -8.21108 0.00273991
      vertex -3.03381 -2.20419 -2.5
    endloop
  endfacet
  facet normal 0.207072 0.119549 -0.970994
    outer loop
      vertex 12.6968 5.79445 0.00273991
      vertex 3.03381 2.20419 -2.5
      vertex 11.3016 8.21108 0.00273991
    endloop
  endfacet
  facet normal -0.0972532 -0.218432 -0.970994
    outer loop
      vertex -4.31682 -13.2858 0.00273991
      vertex -6.86605 -12.1508 0.00273991
      vertex -1.15881 -3.56646 -2.5
    endloop
  endfacet
  facet normal 0.0971741 -0.218476 -0.970992
    outer loop
      vertex 6.86605 -12.1508 0.00273991
      vertex 1.875 -3.24759 -2.5
      vertex 6.98476 -12.098 0.00273991
    endloop
  endfacet
  facet normal 0.0972529 -0.218433 -0.970994
    outer loop
      vertex 1.875 -3.24759 -2.5
      vertex 6.86605 -12.1508 0.00273991
      vertex 1.15881 -3.56646 -2.5
    endloop
  endfacet
  facet normal -0.237795 0.0249943 -0.970994
    outer loop
      vertex -13.6778 2.77519 0.00273991
      vertex -3.66805 0.779669 -2.5
      vertex -3.75 0 -2.5
    endloop
  endfacet
  facet normal -0.237824 0.0248424 -0.97099
    outer loop
      vertex -3.66805 0.779669 -2.5
      vertex -13.6778 2.77519 0.00273991
      vertex -13.6643 2.90443 0.00273991
    endloop
  endfacet
  facet normal 0.0972532 0.218432 -0.970994
    outer loop
      vertex 6.86605 12.1508 0.00273991
      vertex 1.15881 3.56646 -2.5
      vertex 4.31682 13.2858 0.00273991
    endloop
  endfacet
  facet normal -0.17769 0.159991 -0.970994
    outer loop
      vertex -9.43438 10.2848 0.00273991
      vertex -2.50924 2.78679 -2.5
      vertex -3.03381 2.20419 -2.5
    endloop
  endfacet
  facet normal -0.177718 0.159965 -0.970993
    outer loop
      vertex -2.50924 2.78679 -2.5
      vertex -9.43438 10.2848 0.00273991
      vertex -9.34743 10.3814 0.00273991
    endloop
  endfacet
  facet normal -0.0972529 0.218433 -0.970994
    outer loop
      vertex -1.875 3.24759 -2.5
      vertex -6.86605 12.1508 0.00273991
      vertex -1.15881 3.56646 -2.5
    endloop
  endfacet
  facet normal -0.0971741 0.218476 -0.970992
    outer loop
      vertex -6.86605 12.1508 0.00273991
      vertex -1.875 3.24759 -2.5
      vertex -6.98476 12.098 0.00273991
    endloop
  endfacet
  facet normal 0.17769 0.159991 -0.970994
    outer loop
      vertex 2.50924 2.78679 -2.5
      vertex 9.43438 10.2848 0.00273991
      vertex 3.03381 2.20419 -2.5
    endloop
  endfacet
  facet normal 0.177718 0.159965 -0.970993
    outer loop
      vertex 9.43438 10.2848 0.00273991
      vertex 2.50924 2.78679 -2.5
      vertex 9.34743 10.3814 0.00273991
    endloop
  endfacet
  facet normal -0.0972529 -0.218433 -0.970994
    outer loop
      vertex -6.86605 -12.1508 0.00273991
      vertex -1.875 -3.24759 -2.5
      vertex -1.15881 -3.56646 -2.5
    endloop
  endfacet
  facet normal -0.0971741 -0.218476 -0.970992
    outer loop
      vertex -1.875 -3.24759 -2.5
      vertex -6.86605 -12.1508 0.00273991
      vertex -6.98476 -12.098 0.00273991
    endloop
  endfacet
  facet normal -0.0497142 -0.233879 -0.970994
    outer loop
      vertex -4.18971 -13.3128 0.00273991
      vertex -1.15881 -3.56646 -2.5
      vertex -0.391981 -3.72946 -2.5
    endloop
  endfacet
  facet normal -0.0496814 -0.233889 -0.970993
    outer loop
      vertex -1.15881 -3.56646 -2.5
      vertex -4.18971 -13.3128 0.00273991
      vertex -4.31682 -13.2858 0.00273991
    endloop
  endfacet
  facet normal -0.207071 -0.119552 -0.970994
    outer loop
      vertex -12.6968 -5.79445 0.00273991
      vertex -3.42579 -1.52526 -2.5
      vertex -3.03381 -2.20419 -2.5
    endloop
  endfacet
  facet normal -0.20705 -0.119597 -0.970993
    outer loop
      vertex -3.42579 -1.52526 -2.5
      vertex -12.6968 -5.79445 0.00273991
      vertex -12.7618 -5.68192 0.00273991
    endloop
  endfacet
  facet normal -0.227441 -0.0737956 -0.970992
    outer loop
      vertex -12.8019 -5.55833 0.00273991
      vertex -3.42579 -1.52526 -2.5
      vertex -12.7618 -5.68192 0.00273991
    endloop
  endfacet
  facet normal -0.227402 -0.0738883 -0.970994
    outer loop
      vertex -3.42579 -1.52526 -2.5
      vertex -12.8019 -5.55833 0.00273991
      vertex -3.66805 -0.779669 -2.5
    endloop
  endfacet
  facet normal 0.0496814 -0.233889 -0.970993
    outer loop
      vertex 4.18971 -13.3128 0.00273991
      vertex 1.15881 -3.56646 -2.5
      vertex 4.31682 -13.2858 0.00273991
    endloop
  endfacet
  facet normal 0.0497142 -0.233879 -0.970994
    outer loop
      vertex 1.15881 -3.56646 -2.5
      vertex 4.18971 -13.3128 0.00273991
      vertex 0.391981 -3.72946 -2.5
    endloop
  endfacet
  facet normal 0.227402 0.0738883 -0.970994
    outer loop
      vertex 3.42579 1.52526 -2.5
      vertex 12.8019 5.55833 0.00273991
      vertex 3.66805 0.779669 -2.5
    endloop
  endfacet
  facet normal 0.227441 0.0737956 -0.970992
    outer loop
      vertex 12.8019 5.55833 0.00273991
      vertex 3.42579 1.52526 -2.5
      vertex 12.7618 5.68192 0.00273991
    endloop
  endfacet
  facet normal 0.0971741 0.218476 -0.970992
    outer loop
      vertex 1.875 3.24759 -2.5
      vertex 6.86605 12.1508 0.00273991
      vertex 6.98476 12.098 0.00273991
    endloop
  endfacet
  facet normal 0.0972529 0.218433 -0.970994
    outer loop
      vertex 6.86605 12.1508 0.00273991
      vertex 1.875 3.24759 -2.5
      vertex 1.15881 3.56646 -2.5
    endloop
  endfacet
  facet normal 0 0 -1
    outer loop
      vertex 1.75 0 -2.5
      vertex 3.75 0 -2.5
      vertex 3.66805 -0.779669 -2.5
    endloop
  endfacet
  facet normal 0 0 -1
    outer loop
      vertex 1.71176 -0.363845 -2.5
      vertex 3.66805 -0.779669 -2.5
      vertex 3.42579 -1.52526 -2.5
    endloop
  endfacet
  facet normal 0 0 -1
    outer loop
      vertex 3.75 0 -2.5
      vertex 1.75 0 -2.5
      vertex 3.66805 0.779669 -2.5
    endloop
  endfacet
  facet normal 0 0 -1
    outer loop
      vertex 1.5987 -0.711788 -2.5
      vertex 3.42579 -1.52526 -2.5
      vertex 3.03381 -2.20419 -2.5
    endloop
  endfacet
  facet normal 0 0 -1
    outer loop
      vertex 1.71176 0.363845 -2.5
      vertex 3.66805 0.779669 -2.5
      vertex 1.75 0 -2.5
    endloop
  endfacet
  facet normal 0 0 -1
    outer loop
      vertex 1.41578 -1.02862 -2.5
      vertex 3.03381 -2.20419 -2.5
      vertex 2.50924 -2.78679 -2.5
    endloop
  endfacet
  facet normal -0 0 -1
    outer loop
      vertex 3.66805 0.779669 -2.5
      vertex 1.71176 0.363845 -2.5
      vertex 3.42579 1.52526 -2.5
    endloop
  endfacet
  facet normal 0 0 -1
    outer loop
      vertex 1.17098 -1.3005 -2.5
      vertex 2.50924 -2.78679 -2.5
      vertex 1.875 -3.24759 -2.5
    endloop
  endfacet
  facet normal 0 0 -1
    outer loop
      vertex 1.5987 0.711788 -2.5
      vertex 3.42579 1.52526 -2.5
      vertex 1.71176 0.363845 -2.5
    endloop
  endfacet
  facet normal -0 0 -1
    outer loop
      vertex 3.42579 1.52526 -2.5
      vertex 1.5987 0.711788 -2.5
      vertex 3.03381 2.20419 -2.5
    endloop
  endfacet
  facet normal 0 0 -1
    outer loop
      vertex 3.66805 -0.779669 -2.5
      vertex 1.71176 -0.363845 -2.5
      vertex 1.75 0 -2.5
    endloop
  endfacet
  facet normal 0 0 -1
    outer loop
      vertex 3.42579 -1.52526 -2.5
      vertex 1.5987 -0.711788 -2.5
      vertex 1.71176 -0.363845 -2.5
    endloop
  endfacet
  facet normal 0 0 -1
    outer loop
      vertex 3.03381 -2.20419 -2.5
      vertex 1.41578 -1.02862 -2.5
      vertex 1.5987 -0.711788 -2.5
    endloop
  endfacet
  facet normal 0 0 -1
    outer loop
      vertex 2.50924 -2.78679 -2.5
      vertex 1.17098 -1.3005 -2.5
      vertex 1.41578 -1.02862 -2.5
    endloop
  endfacet
  facet normal 0 0 -1
    outer loop
      vertex 0.875 -1.51554 -2.5
      vertex 1.875 -3.24759 -2.5
      vertex 1.15881 -3.56646 -2.5
    endloop
  endfacet
  facet normal 0 0 -1
    outer loop
      vertex 1.875 -3.24759 -2.5
      vertex 0.875 -1.51554 -2.5
      vertex 1.17098 -1.3005 -2.5
    endloop
  endfacet
  facet normal 0 0 -1
    outer loop
      vertex 1.15881 -3.56646 -2.5
      vertex 0.540779 -1.66435 -2.5
      vertex 0.875 -1.51554 -2.5
    endloop
  endfacet
  facet normal 0 0 -1
    outer loop
      vertex 0.391981 -3.72946 -2.5
      vertex 0.540779 -1.66435 -2.5
      vertex 1.15881 -3.56646 -2.5
    endloop
  endfacet
  facet normal 0 0 -1
    outer loop
      vertex 0.391981 -3.72946 -2.5
      vertex 0.182924 -1.74041 -2.5
      vertex 0.540779 -1.66435 -2.5
    endloop
  endfacet
  facet normal 0 0 -1
    outer loop
      vertex 0.391981 -3.72946 -2.5
      vertex -0.182924 -1.74041 -2.5
      vertex 0.182924 -1.74041 -2.5
    endloop
  endfacet
  facet normal 0 0 -1
    outer loop
      vertex -0.391981 -3.72946 -2.5
      vertex -0.182924 -1.74041 -2.5
      vertex 0.391981 -3.72946 -2.5
    endloop
  endfacet
  facet normal 0 0 -1
    outer loop
      vertex -0.391981 -3.72946 -2.5
      vertex -0.540779 -1.66435 -2.5
      vertex -0.182924 -1.74041 -2.5
    endloop
  endfacet
  facet normal 0 0 -1
    outer loop
      vertex -1.15881 -3.56646 -2.5
      vertex -0.540779 -1.66435 -2.5
      vertex -0.391981 -3.72946 -2.5
    endloop
  endfacet
  facet normal -0 0 -1
    outer loop
      vertex -0.540779 -1.66435 -2.5
      vertex -1.15881 -3.56646 -2.5
      vertex -0.875 -1.51554 -2.5
    endloop
  endfacet
  facet normal 0 0 -1
    outer loop
      vertex -1.875 -3.24759 -2.5
      vertex -0.875 -1.51554 -2.5
      vertex -1.15881 -3.56646 -2.5
    endloop
  endfacet
  facet normal -0 0 -1
    outer loop
      vertex -0.875 -1.51554 -2.5
      vertex -1.875 -3.24759 -2.5
      vertex -1.17098 -1.3005 -2.5
    endloop
  endfacet
  facet normal 0 0 -1
    outer loop
      vertex -2.50924 -2.78679 -2.5
      vertex -1.17098 -1.3005 -2.5
      vertex -1.875 -3.24759 -2.5
    endloop
  endfacet
  facet normal -0 0 -1
    outer loop
      vertex -1.17098 -1.3005 -2.5
      vertex -2.50924 -2.78679 -2.5
      vertex -1.41578 -1.02862 -2.5
    endloop
  endfacet
  facet normal -0 0 -1
    outer loop
      vertex -1.41578 -1.02862 -2.5
      vertex -3.03381 -2.20419 -2.5
      vertex -1.5987 -0.711788 -2.5
    endloop
  endfacet
  facet normal 0 0 -1
    outer loop
      vertex -3.03381 -2.20419 -2.5
      vertex -1.41578 -1.02862 -2.5
      vertex -2.50924 -2.78679 -2.5
    endloop
  endfacet
  facet normal 0 0 -1
    outer loop
      vertex 1.41578 1.02862 -2.5
      vertex 3.03381 2.20419 -2.5
      vertex 1.5987 0.711788 -2.5
    endloop
  endfacet
  facet normal -0 0 -1
    outer loop
      vertex 3.03381 2.20419 -2.5
      vertex 1.41578 1.02862 -2.5
      vertex 2.50924 2.78679 -2.5
    endloop
  endfacet
  facet normal 0 0 -1
    outer loop
      vertex 1.17098 1.3005 -2.5
      vertex 2.50924 2.78679 -2.5
      vertex 1.41578 1.02862 -2.5
    endloop
  endfacet
  facet normal -0 0 -1
    outer loop
      vertex 2.50924 2.78679 -2.5
      vertex 1.17098 1.3005 -2.5
      vertex 1.875 3.24759 -2.5
    endloop
  endfacet
  facet normal 0 0 -1
    outer loop
      vertex 0.875 1.51554 -2.5
      vertex 1.875 3.24759 -2.5
      vertex 1.17098 1.3005 -2.5
    endloop
  endfacet
  facet normal -0 0 -1
    outer loop
      vertex 1.875 3.24759 -2.5
      vertex 0.875 1.51554 -2.5
      vertex 1.15881 3.56646 -2.5
    endloop
  endfacet
  facet normal 0 0 -1
    outer loop
      vertex 0.540779 1.66435 -2.5
      vertex 1.15881 3.56646 -2.5
      vertex 0.875 1.51554 -2.5
    endloop
  endfacet
  facet normal 0 0 -1
    outer loop
      vertex 0.540779 1.66435 -2.5
      vertex 0.391981 3.72946 -2.5
      vertex 1.15881 3.56646 -2.5
    endloop
  endfacet
  facet normal 0 0 -1
    outer loop
      vertex 0.182924 1.74041 -2.5
      vertex 0.391981 3.72946 -2.5
      vertex 0.540779 1.66435 -2.5
    endloop
  endfacet
  facet normal 0 0 -1
    outer loop
      vertex -0.182924 1.74041 -2.5
      vertex 0.391981 3.72946 -2.5
      vertex 0.182924 1.74041 -2.5
    endloop
  endfacet
  facet normal 0 0 -1
    outer loop
      vertex -0.182924 1.74041 -2.5
      vertex -0.391981 3.72946 -2.5
      vertex 0.391981 3.72946 -2.5
    endloop
  endfacet
  facet normal 0 0 -1
    outer loop
      vertex -0.540779 1.66435 -2.5
      vertex -0.391981 3.72946 -2.5
      vertex -0.182924 1.74041 -2.5
    endloop
  endfacet
  facet normal 0 0 -1
    outer loop
      vertex -1.15881 3.56646 -2.5
      vertex -0.540779 1.66435 -2.5
      vertex -0.875 1.51554 -2.5
    endloop
  endfacet
  facet normal 0 0 -1
    outer loop
      vertex -0.540779 1.66435 -2.5
      vertex -1.15881 3.56646 -2.5
      vertex -0.391981 3.72946 -2.5
    endloop
  endfacet
  facet normal 0 0 -1
    outer loop
      vertex -1.875 3.24759 -2.5
      vertex -0.875 1.51554 -2.5
      vertex -1.17098 1.3005 -2.5
    endloop
  endfacet
  facet normal 0 0 -1
    outer loop
      vertex -2.50924 2.78679 -2.5
      vertex -1.17098 1.3005 -2.5
      vertex -1.41578 1.02862 -2.5
    endloop
  endfacet
  facet normal 0 0 -1
    outer loop
      vertex -3.03381 2.20419 -2.5
      vertex -1.41578 1.02862 -2.5
      vertex -1.5987 0.711788 -2.5
    endloop
  endfacet
  facet normal 0 0 -1
    outer loop
      vertex -3.42579 1.52526 -2.5
      vertex -1.5987 0.711788 -2.5
      vertex -1.71176 0.363845 -2.5
    endloop
  endfacet
  facet normal 0 0 -1
    outer loop
      vertex -0.875 1.51554 -2.5
      vertex -1.875 3.24759 -2.5
      vertex -1.15881 3.56646 -2.5
    endloop
  endfacet
  facet normal 0 0 -1
    outer loop
      vertex -3.66805 0.779669 -2.5
      vertex -1.71176 0.363845 -2.5
      vertex -1.75 0 -2.5
    endloop
  endfacet
  facet normal 0 0 -1
    outer loop
      vertex -3.42579 -1.52526 -2.5
      vertex -1.5987 -0.711788 -2.5
      vertex -3.03381 -2.20419 -2.5
    endloop
  endfacet
  facet normal -0 0 -1
    outer loop
      vertex -1.5987 -0.711788 -2.5
      vertex -3.42579 -1.52526 -2.5
      vertex -1.71176 -0.363845 -2.5
    endloop
  endfacet
  facet normal 0 0 -1
    outer loop
      vertex -1.17098 1.3005 -2.5
      vertex -2.50924 2.78679 -2.5
      vertex -1.875 3.24759 -2.5
    endloop
  endfacet
  facet normal 0 0 -1
    outer loop
      vertex -3.66805 -0.779669 -2.5
      vertex -1.71176 -0.363845 -2.5
      vertex -3.42579 -1.52526 -2.5
    endloop
  endfacet
  facet normal 0 0 -1
    outer loop
      vertex -1.41578 1.02862 -2.5
      vertex -3.03381 2.20419 -2.5
      vertex -2.50924 2.78679 -2.5
    endloop
  endfacet
  facet normal -0 0 -1
    outer loop
      vertex -1.71176 -0.363845 -2.5
      vertex -3.66805 -0.779669 -2.5
      vertex -1.75 0 -2.5
    endloop
  endfacet
  facet normal 0 0 -1
    outer loop
      vertex -1.5987 0.711788 -2.5
      vertex -3.42579 1.52526 -2.5
      vertex -3.03381 2.20419 -2.5
    endloop
  endfacet
  facet normal 0 0 -1
    outer loop
      vertex -3.75 0 -2.5
      vertex -1.75 0 -2.5
      vertex -3.66805 -0.779669 -2.5
    endloop
  endfacet
  facet normal 0 0 -1
    outer loop
      vertex -1.71176 0.363845 -2.5
      vertex -3.66805 0.779669 -2.5
      vertex -3.42579 1.52526 -2.5
    endloop
  endfacet
  facet normal 0 0 -1
    outer loop
      vertex -1.75 0 -2.5
      vertex -3.75 0 -2.5
      vertex -3.66805 0.779669 -2.5
    endloop
  endfacet
  facet normal 0.994522 -0.104524 0
    outer loop
      vertex -1.75 0 1
      vertex -1.71176 0.363845 -2.5
      vertex -1.71176 0.363845 1
    endloop
  endfacet
  facet normal 0.994522 -0.104524 0
    outer loop
      vertex -1.71176 0.363845 -2.5
      vertex -1.75 0 1
      vertex -1.75 0 -2.5
    endloop
  endfacet
  facet normal -0.2079 0.97815 0
    outer loop
      vertex 0.540779 -1.66435 -2.5
      vertex 0.182924 -1.74041 1
      vertex 0.540779 -1.66435 1
    endloop
  endfacet
  facet normal -0.2079 0.97815 0
    outer loop
      vertex 0.182924 -1.74041 1
      vertex 0.540779 -1.66435 -2.5
      vertex 0.182924 -1.74041 -2.5
    endloop
  endfacet
  facet normal 0.406749 0.91354 -0
    outer loop
      vertex -0.540779 -1.66435 -2.5
      vertex -0.875 -1.51554 1
      vertex -0.540779 -1.66435 1
    endloop
  endfacet
  facet normal 0.406749 0.91354 0
    outer loop
      vertex -0.875 -1.51554 1
      vertex -0.540779 -1.66435 -2.5
      vertex -0.875 -1.51554 -2.5
    endloop
  endfacet
  facet normal -0.994522 0.104524 0
    outer loop
      vertex 1.71176 -0.363845 -2.5
      vertex 1.75 0 1
      vertex 1.75 0 -2.5
    endloop
  endfacet
  facet normal -0.994522 0.104524 0
    outer loop
      vertex 1.75 0 1
      vertex 1.71176 -0.363845 -2.5
      vertex 1.71176 -0.363845 1
    endloop
  endfacet
  facet normal -0.866029 -0.499994 0
    outer loop
      vertex 1.5987 0.711788 -2.5
      vertex 1.41578 1.02862 1
      vertex 1.41578 1.02862 -2.5
    endloop
  endfacet
  facet normal -0.866029 -0.499994 0
    outer loop
      vertex 1.41578 1.02862 1
      vertex 1.5987 0.711788 -2.5
      vertex 1.5987 0.711788 1
    endloop
  endfacet
  facet normal 0.743147 -0.669128 0
    outer loop
      vertex -1.41578 1.02862 1
      vertex -1.17098 1.3005 -2.5
      vertex -1.17098 1.3005 1
    endloop
  endfacet
  facet normal 0.743147 -0.669128 0
    outer loop
      vertex -1.17098 1.3005 -2.5
      vertex -1.41578 1.02862 1
      vertex -1.41578 1.02862 -2.5
    endloop
  endfacet
  facet normal -0.2079 -0.97815 0
    outer loop
      vertex 0.182924 1.74041 -2.5
      vertex 0.540779 1.66435 1
      vertex 0.182924 1.74041 1
    endloop
  endfacet
  facet normal -0.2079 -0.97815 -0
    outer loop
      vertex 0.540779 1.66435 1
      vertex 0.182924 1.74041 -2.5
      vertex 0.540779 1.66435 -2.5
    endloop
  endfacet
  facet normal -0.866029 0.499994 0
    outer loop
      vertex 1.41578 -1.02862 -2.5
      vertex 1.5987 -0.711788 1
      vertex 1.5987 -0.711788 -2.5
    endloop
  endfacet
  facet normal -0.866029 0.499994 0
    outer loop
      vertex 1.5987 -0.711788 1
      vertex 1.41578 -1.02862 -2.5
      vertex 1.41578 -1.02862 1
    endloop
  endfacet
  facet normal -0.994522 -0.104524 0
    outer loop
      vertex 1.75 0 -2.5
      vertex 1.71176 0.363845 1
      vertex 1.71176 0.363845 -2.5
    endloop
  endfacet
  facet normal -0.994522 -0.104524 0
    outer loop
      vertex 1.71176 0.363845 1
      vertex 1.75 0 -2.5
      vertex 1.75 0 1
    endloop
  endfacet
  facet normal 0.951051 -0.309033 0
    outer loop
      vertex -1.71176 0.363845 1
      vertex -1.5987 0.711788 -2.5
      vertex -1.5987 0.711788 1
    endloop
  endfacet
  facet normal 0.951051 -0.309033 0
    outer loop
      vertex -1.5987 0.711788 -2.5
      vertex -1.71176 0.363845 1
      vertex -1.71176 0.363845 -2.5
    endloop
  endfacet
  facet normal 0.2079 -0.97815 0
    outer loop
      vertex -0.540779 1.66435 -2.5
      vertex -0.182924 1.74041 1
      vertex -0.540779 1.66435 1
    endloop
  endfacet
  facet normal 0.2079 -0.97815 0
    outer loop
      vertex -0.182924 1.74041 1
      vertex -0.540779 1.66435 -2.5
      vertex -0.182924 1.74041 -2.5
    endloop
  endfacet
  facet normal -0.951051 -0.309033 0
    outer loop
      vertex 1.71176 0.363845 -2.5
      vertex 1.5987 0.711788 1
      vertex 1.5987 0.711788 -2.5
    endloop
  endfacet
  facet normal -0.951051 -0.309033 0
    outer loop
      vertex 1.5987 0.711788 1
      vertex 1.71176 0.363845 -2.5
      vertex 1.71176 0.363845 1
    endloop
  endfacet
  facet normal -0.406749 0.91354 0
    outer loop
      vertex 0.875 -1.51554 -2.5
      vertex 0.540779 -1.66435 1
      vertex 0.875 -1.51554 1
    endloop
  endfacet
  facet normal -0.406749 0.91354 0
    outer loop
      vertex 0.540779 -1.66435 1
      vertex 0.875 -1.51554 -2.5
      vertex 0.540779 -1.66435 -2.5
    endloop
  endfacet
  facet normal -0.406749 -0.91354 0
    outer loop
      vertex 0.540779 1.66435 -2.5
      vertex 0.875 1.51554 1
      vertex 0.540779 1.66435 1
    endloop
  endfacet
  facet normal -0.406749 -0.91354 -0
    outer loop
      vertex 0.875 1.51554 1
      vertex 0.540779 1.66435 -2.5
      vertex 0.875 1.51554 -2.5
    endloop
  endfacet
  facet normal 0.587782 -0.80902 0
    outer loop
      vertex -1.17098 1.3005 -2.5
      vertex -0.875 1.51554 1
      vertex -1.17098 1.3005 1
    endloop
  endfacet
  facet normal 0.587782 -0.80902 0
    outer loop
      vertex -0.875 1.51554 1
      vertex -1.17098 1.3005 -2.5
      vertex -0.875 1.51554 -2.5
    endloop
  endfacet
  facet normal 0.406749 -0.91354 0
    outer loop
      vertex -0.875 1.51554 -2.5
      vertex -0.540779 1.66435 1
      vertex -0.875 1.51554 1
    endloop
  endfacet
  facet normal 0.406749 -0.91354 0
    outer loop
      vertex -0.540779 1.66435 1
      vertex -0.875 1.51554 -2.5
      vertex -0.540779 1.66435 -2.5
    endloop
  endfacet
  facet normal 0.2079 0.97815 -0
    outer loop
      vertex -0.182924 -1.74041 -2.5
      vertex -0.540779 -1.66435 1
      vertex -0.182924 -1.74041 1
    endloop
  endfacet
  facet normal 0.2079 0.97815 0
    outer loop
      vertex -0.540779 -1.66435 1
      vertex -0.182924 -1.74041 -2.5
      vertex -0.540779 -1.66435 -2.5
    endloop
  endfacet
  facet normal -0.587782 0.80902 0
    outer loop
      vertex 1.17098 -1.3005 -2.5
      vertex 0.875 -1.51554 1
      vertex 1.17098 -1.3005 1
    endloop
  endfacet
  facet normal -0.587782 0.80902 0
    outer loop
      vertex 0.875 -1.51554 1
      vertex 1.17098 -1.3005 -2.5
      vertex 0.875 -1.51554 -2.5
    endloop
  endfacet
  facet normal 0 -1 0
    outer loop
      vertex -0.182924 1.74041 -2.5
      vertex 0.182924 1.74041 1
      vertex -0.182924 1.74041 1
    endloop
  endfacet
  facet normal 0 -1 -0
    outer loop
      vertex 0.182924 1.74041 1
      vertex -0.182924 1.74041 -2.5
      vertex 0.182924 1.74041 -2.5
    endloop
  endfacet
  facet normal 0.951051 0.309033 0
    outer loop
      vertex -1.5987 -0.711788 1
      vertex -1.71176 -0.363845 -2.5
      vertex -1.71176 -0.363845 1
    endloop
  endfacet
  facet normal 0.951051 0.309033 0
    outer loop
      vertex -1.71176 -0.363845 -2.5
      vertex -1.5987 -0.711788 1
      vertex -1.5987 -0.711788 -2.5
    endloop
  endfacet
  facet normal -0.587782 -0.80902 0
    outer loop
      vertex 0.875 1.51554 -2.5
      vertex 1.17098 1.3005 1
      vertex 0.875 1.51554 1
    endloop
  endfacet
  facet normal -0.587782 -0.80902 -0
    outer loop
      vertex 1.17098 1.3005 1
      vertex 0.875 1.51554 -2.5
      vertex 1.17098 1.3005 -2.5
    endloop
  endfacet
  facet normal -0.743147 -0.669128 0
    outer loop
      vertex 1.41578 1.02862 -2.5
      vertex 1.17098 1.3005 1
      vertex 1.17098 1.3005 -2.5
    endloop
  endfacet
  facet normal -0.743147 -0.669128 0
    outer loop
      vertex 1.17098 1.3005 1
      vertex 1.41578 1.02862 -2.5
      vertex 1.41578 1.02862 1
    endloop
  endfacet
  facet normal -0.743147 0.669128 0
    outer loop
      vertex 1.17098 -1.3005 -2.5
      vertex 1.41578 -1.02862 1
      vertex 1.41578 -1.02862 -2.5
    endloop
  endfacet
  facet normal -0.743147 0.669128 0
    outer loop
      vertex 1.41578 -1.02862 1
      vertex 1.17098 -1.3005 -2.5
      vertex 1.17098 -1.3005 1
    endloop
  endfacet
  facet normal 0 1 -0
    outer loop
      vertex 0.182924 -1.74041 -2.5
      vertex -0.182924 -1.74041 1
      vertex 0.182924 -1.74041 1
    endloop
  endfacet
  facet normal 0 1 0
    outer loop
      vertex -0.182924 -1.74041 1
      vertex 0.182924 -1.74041 -2.5
      vertex -0.182924 -1.74041 -2.5
    endloop
  endfacet
  facet normal 0.866029 0.499994 0
    outer loop
      vertex -1.41578 -1.02862 1
      vertex -1.5987 -0.711788 -2.5
      vertex -1.5987 -0.711788 1
    endloop
  endfacet
  facet normal 0.866029 0.499994 0
    outer loop
      vertex -1.5987 -0.711788 -2.5
      vertex -1.41578 -1.02862 1
      vertex -1.41578 -1.02862 -2.5
    endloop
  endfacet
  facet normal 0.743147 0.669128 0
    outer loop
      vertex -1.17098 -1.3005 1
      vertex -1.41578 -1.02862 -2.5
      vertex -1.41578 -1.02862 1
    endloop
  endfacet
  facet normal 0.743147 0.669128 0
    outer loop
      vertex -1.41578 -1.02862 -2.5
      vertex -1.17098 -1.3005 1
      vertex -1.17098 -1.3005 -2.5
    endloop
  endfacet
  facet normal -0.951051 0.309033 0
    outer loop
      vertex 1.5987 -0.711788 -2.5
      vertex 1.71176 -0.363845 1
      vertex 1.71176 -0.363845 -2.5
    endloop
  endfacet
  facet normal -0.951051 0.309033 0
    outer loop
      vertex 1.71176 -0.363845 1
      vertex 1.5987 -0.711788 -2.5
      vertex 1.5987 -0.711788 1
    endloop
  endfacet
  facet normal 0.994522 0.104524 0
    outer loop
      vertex -1.71176 -0.363845 1
      vertex -1.75 0 -2.5
      vertex -1.75 0 1
    endloop
  endfacet
  facet normal 0.994522 0.104524 0
    outer loop
      vertex -1.75 0 -2.5
      vertex -1.71176 -0.363845 1
      vertex -1.71176 -0.363845 -2.5
    endloop
  endfacet
  facet normal 0.587782 0.80902 -0
    outer loop
      vertex -0.875 -1.51554 -2.5
      vertex -1.17098 -1.3005 1
      vertex -0.875 -1.51554 1
    endloop
  endfacet
  facet normal 0.587782 0.80902 0
    outer loop
      vertex -1.17098 -1.3005 1
      vertex -0.875 -1.51554 -2.5
      vertex -1.17098 -1.3005 -2.5
    endloop
  endfacet
  facet normal 0.866029 -0.499994 0
    outer loop
      vertex -1.5987 0.711788 1
      vertex -1.41578 1.02862 -2.5
      vertex -1.41578 1.02862 1
    endloop
  endfacet
  facet normal 0.866029 -0.499994 0
    outer loop
      vertex -1.41578 1.02862 -2.5
      vertex -1.5987 0.711788 1
      vertex -1.5987 0.711788 -2.5
    endloop
  endfacet
  facet normal 0 -1 0
    outer loop
      vertex -1.675 2.90119 1
      vertex 1.675 2.90119 15.9973
      vertex -1.675 2.90119 15.9973
    endloop
  endfacet
  facet normal 0 -1 -0
    outer loop
      vertex 1.675 2.90119 15.9973
      vertex -1.675 2.90119 1
      vertex 1.675 2.90119 1
    endloop
  endfacet
  facet normal 0 1 -0
    outer loop
      vertex 1.675 -2.90119 1
      vertex -1.675 -2.90119 15.9973
      vertex 1.675 -2.90119 15.9973
    endloop
  endfacet
  facet normal 0 1 0
    outer loop
      vertex -1.675 -2.90119 15.9973
      vertex 1.675 -2.90119 1
      vertex -1.675 -2.90119 1
    endloop
  endfacet
  facet normal -0.866026 0.499999 0
    outer loop
      vertex 1.675 -2.90119 1
      vertex 3.35 0 15.9973
      vertex 3.35 0 1
    endloop
  endfacet
  facet normal -0.866026 0.499999 0
    outer loop
      vertex 3.35 0 15.9973
      vertex 1.675 -2.90119 1
      vertex 1.675 -2.90119 15.9973
    endloop
  endfacet
  facet normal 0.866026 0.499999 0
    outer loop
      vertex -1.675 -2.90119 15.9973
      vertex -3.35 0 1
      vertex -3.35 0 15.9973
    endloop
  endfacet
  facet normal 0.866026 0.499999 0
    outer loop
      vertex -3.35 0 1
      vertex -1.675 -2.90119 15.9973
      vertex -1.675 -2.90119 1
    endloop
  endfacet
  facet normal 0.866026 -0.499999 0
    outer loop
      vertex -3.35 0 15.9973
      vertex -1.675 2.90119 1
      vertex -1.675 2.90119 15.9973
    endloop
  endfacet
  facet normal 0.866026 -0.499999 0
    outer loop
      vertex -1.675 2.90119 1
      vertex -3.35 0 15.9973
      vertex -3.35 0 1
    endloop
  endfacet
  facet normal 0 0 1
    outer loop
      vertex 3.35 0 1
      vertex 1.71176 0.363845 1
      vertex 1.75 0 1
    endloop
  endfacet
  facet normal -0 0 1
    outer loop
      vertex 1.5987 0.711788 1
      vertex 3.35 0 1
      vertex 1.675 2.90119 1
    endloop
  endfacet
  facet normal 0 0 1
    outer loop
      vertex 3.35 0 1
      vertex 1.5987 0.711788 1
      vertex 1.71176 0.363845 1
    endloop
  endfacet
  facet normal 0 0 1
    outer loop
      vertex 1.675 2.90119 1
      vertex 1.41578 1.02862 1
      vertex 1.5987 0.711788 1
    endloop
  endfacet
  facet normal 0 0 1
    outer loop
      vertex 1.675 2.90119 1
      vertex 1.17098 1.3005 1
      vertex 1.41578 1.02862 1
    endloop
  endfacet
  facet normal 0 0 1
    outer loop
      vertex 1.675 2.90119 1
      vertex 0.875 1.51554 1
      vertex 1.17098 1.3005 1
    endloop
  endfacet
  facet normal 0 0 1
    outer loop
      vertex 1.675 2.90119 1
      vertex 0.540779 1.66435 1
      vertex 0.875 1.51554 1
    endloop
  endfacet
  facet normal 0 0 1
    outer loop
      vertex 1.675 2.90119 1
      vertex 0.182924 1.74041 1
      vertex 0.540779 1.66435 1
    endloop
  endfacet
  facet normal 0 0 1
    outer loop
      vertex 1.675 2.90119 1
      vertex -0.182924 1.74041 1
      vertex 0.182924 1.74041 1
    endloop
  endfacet
  facet normal -0 0 1
    outer loop
      vertex -1.675 2.90119 1
      vertex -0.182924 1.74041 1
      vertex 1.675 2.90119 1
    endloop
  endfacet
  facet normal 0 0 1
    outer loop
      vertex -0.182924 1.74041 1
      vertex -1.675 2.90119 1
      vertex -0.540779 1.66435 1
    endloop
  endfacet
  facet normal 0 0 1
    outer loop
      vertex -0.540779 1.66435 1
      vertex -1.675 2.90119 1
      vertex -0.875 1.51554 1
    endloop
  endfacet
  facet normal 0 0 1
    outer loop
      vertex -1.675 2.90119 1
      vertex -1.17098 1.3005 1
      vertex -0.875 1.51554 1
    endloop
  endfacet
  facet normal 0 0 1
    outer loop
      vertex -1.675 2.90119 1
      vertex -1.41578 1.02862 1
      vertex -1.17098 1.3005 1
    endloop
  endfacet
  facet normal 0 0 1
    outer loop
      vertex -1.675 2.90119 1
      vertex -1.5987 0.711788 1
      vertex -1.41578 1.02862 1
    endloop
  endfacet
  facet normal 0 0 1
    outer loop
      vertex -3.35 0 1
      vertex -1.5987 0.711788 1
      vertex -1.675 2.90119 1
    endloop
  endfacet
  facet normal 0 0 1
    outer loop
      vertex -1.5987 0.711788 1
      vertex -3.35 0 1
      vertex -1.71176 0.363845 1
    endloop
  endfacet
  facet normal 0 0 1
    outer loop
      vertex -1.71176 0.363845 1
      vertex -3.35 0 1
      vertex -1.75 0 1
    endloop
  endfacet
  facet normal 0 0 1
    outer loop
      vertex 1.71176 -0.363845 1
      vertex 3.35 0 1
      vertex 1.75 0 1
    endloop
  endfacet
  facet normal 0 0 1
    outer loop
      vertex 1.5987 -0.711788 1
      vertex 3.35 0 1
      vertex 1.71176 -0.363845 1
    endloop
  endfacet
  facet normal 0 0 1
    outer loop
      vertex 3.35 0 1
      vertex 1.5987 -0.711788 1
      vertex 1.675 -2.90119 1
    endloop
  endfacet
  facet normal -0 0 1
    outer loop
      vertex 1.41578 -1.02862 1
      vertex 1.675 -2.90119 1
      vertex 1.5987 -0.711788 1
    endloop
  endfacet
  facet normal -0 0 1
    outer loop
      vertex 1.17098 -1.3005 1
      vertex 1.675 -2.90119 1
      vertex 1.41578 -1.02862 1
    endloop
  endfacet
  facet normal -0 0 1
    outer loop
      vertex 0.875 -1.51554 1
      vertex 1.675 -2.90119 1
      vertex 1.17098 -1.3005 1
    endloop
  endfacet
  facet normal -0 0 1
    outer loop
      vertex 0.540779 -1.66435 1
      vertex 1.675 -2.90119 1
      vertex 0.875 -1.51554 1
    endloop
  endfacet
  facet normal -0 0 1
    outer loop
      vertex 0.182924 -1.74041 1
      vertex 1.675 -2.90119 1
      vertex 0.540779 -1.66435 1
    endloop
  endfacet
  facet normal -0 0 1
    outer loop
      vertex -0.182924 -1.74041 1
      vertex 1.675 -2.90119 1
      vertex 0.182924 -1.74041 1
    endloop
  endfacet
  facet normal 0 0 1
    outer loop
      vertex -1.675 -2.90119 1
      vertex -0.182924 -1.74041 1
      vertex -0.540779 -1.66435 1
    endloop
  endfacet
  facet normal 0 0 1
    outer loop
      vertex -1.675 -2.90119 1
      vertex -0.540779 -1.66435 1
      vertex -0.875 -1.51554 1
    endloop
  endfacet
  facet normal 0 0 1
    outer loop
      vertex -0.182924 -1.74041 1
      vertex -1.675 -2.90119 1
      vertex 1.675 -2.90119 1
    endloop
  endfacet
  facet normal 0 0 1
    outer loop
      vertex -1.17098 -1.3005 1
      vertex -1.675 -2.90119 1
      vertex -0.875 -1.51554 1
    endloop
  endfacet
  facet normal 0 0 1
    outer loop
      vertex -1.41578 -1.02862 1
      vertex -1.675 -2.90119 1
      vertex -1.17098 -1.3005 1
    endloop
  endfacet
  facet normal 0 0 1
    outer loop
      vertex -1.5987 -0.711788 1
      vertex -1.675 -2.90119 1
      vertex -1.41578 -1.02862 1
    endloop
  endfacet
  facet normal 0 0 1
    outer loop
      vertex -3.35 0 1
      vertex -1.5987 -0.711788 1
      vertex -1.71176 -0.363845 1
    endloop
  endfacet
  facet normal -0 0 1
    outer loop
      vertex -3.35 0 1
      vertex -1.71176 -0.363845 1
      vertex -1.75 0 1
    endloop
  endfacet
  facet normal 0 0 1
    outer loop
      vertex -1.5987 -0.711788 1
      vertex -3.35 0 1
      vertex -1.675 -2.90119 1
    endloop
  endfacet
  facet normal -0.866026 -0.499999 0
    outer loop
      vertex 3.35 0 1
      vertex 1.675 2.90119 15.9973
      vertex 1.675 2.90119 1
    endloop
  endfacet
  facet normal -0.866026 -0.499999 0
    outer loop
      vertex 1.675 2.90119 15.9973
      vertex 3.35 0 1
      vertex 3.35 0 15.9973
    endloop
  endfacet
endsolid OpenSCAD_Model
