solid OpenSCAD_Model
  facet normal -0.945883 -0.307383 0.104026
    outer loop
      vertex -10.0836 -2.72333 15.604
      vertex -10.0943 -2.7256 15.5
      vertex -10.052 -2.82057 15.604
    endloop
  endfacet
  facet normal 0.18101 0.104479 -0.977916
    outer loop
      vertex 9.74635 -2.5588 0.0244722
      vertex 9.65294 -2.60038 0.00273991
      vertex 9.7302 -2.53082 0.0244722
    endloop
  endfacet
  facet normal -0.740726 0.0778422 -0.667282
    outer loop
      vertex -9.93976 -2.62164 0.128428
      vertex -10.0009 -2.53754 0.206108
      vertex -9.93245 -2.55208 0.128428
    endloop
  endfacet
  facet normal -0.510656 -0.294825 0.807656
    outer loop
      vertex -9.40612 -4.26402 15.8716
      vertex -8.31856 -5.97954 15.933
      vertex -9.36384 -4.16905 15.933
    endloop
  endfacet
  facet normal -0.510674 -0.294838 0.80764
    outer loop
      vertex -8.31856 -5.97954 15.933
      vertex -9.40612 -4.26402 15.8716
      vertex -8.36084 -6.0745 15.8716
    endloop
  endfacet
  facet normal -0.741009 0.0775372 0.667003
    outer loop
      vertex -10.0009 -2.53754 15.7939
      vertex -10.0097 -2.62164 15.7939
      vertex -9.93976 -2.62164 15.8716
    endloop
  endfacet
  facet normal 0 -1 0
    outer loop
      vertex -6.60822 -7.4171 0.5
      vertex -5.89178 -7.4171 15.5
      vertex -6.60822 -7.4171 15.5
    endloop
  endfacet
  facet normal 0 -1 -0
    outer loop
      vertex -5.89178 -7.4171 15.5
      vertex -6.60822 -7.4171 0.5
      vertex -5.89178 -7.4171 0.5
    endloop
  endfacet
  facet normal 0 -1 0
    outer loop
      vertex 5.89178 -7.4171 0.5
      vertex 6.60822 -7.4171 15.5
      vertex 5.89178 -7.4171 15.5
    endloop
  endfacet
  facet normal 0 -1 -0
    outer loop
      vertex 6.60822 -7.4171 15.5
      vertex 5.89178 -7.4171 0.5
      vertex 6.60822 -7.4171 0.5
    endloop
  endfacet
  facet normal -0.644432 -0.580316 -0.497937
    outer loop
      vertex -8.39581 -6.2173 0.296632
      vertex -8.45971 -6.14634 0.296632
      vertex -8.36084 -6.17846 0.206108
    endloop
  endfacet
  facet normal -0.750828 0.433701 0.498157
    outer loop
      vertex -9.97473 -2.35316 15.7034
      vertex -10.0225 -2.43586 15.7034
      vertex -9.97473 -2.45711 15.7939
    endloop
  endfacet
  facet normal -0.553696 0.498563 0.666976
    outer loop
      vertex -9.87587 -2.32103 15.7939
      vertex -9.59367 -2.11157 15.8716
      vertex -9.65025 -2.07046 15.7939
    endloop
  endfacet
  facet normal -0.553681 0.498528 0.667014
    outer loop
      vertex -9.59367 -2.11157 15.8716
      vertex -9.87587 -2.32103 15.7939
      vertex -9.87587 -2.42499 15.8716
    endloop
  endfacet
  facet normal -0.989188 0.103724 0.103675
    outer loop
      vertex -10.0943 -2.51769 15.5
      vertex -10.1052 -2.62164 15.5
      vertex -10.0943 -2.62164 15.604
    endloop
  endfacet
  facet normal -0.406339 -0.0426194 -0.912728
    outer loop
      vertex -9.75633 -2.65377 0.0244722
      vertex -9.8552 -2.62164 0.066988
      vertex -9.7597 -2.62164 0.0244722
    endloop
  endfacet
  facet normal 0.207864 0.0218199 -0.977914
    outer loop
      vertex 9.65746 -2.62164 0.00273991
      vertex 9.65632 -2.61078 0.00273991
      vertex 9.75633 -2.58952 0.0244722
    endloop
  endfacet
  facet normal 0.388505 -0.126235 0.912759
    outer loop
      vertex 9.2766 -4.13021 15.9755
      vertex 9.83358 -2.72333 15.933
      vertex 9.74635 -2.68449 15.9755
    endloop
  endfacet
  facet normal 0.388474 -0.126222 0.912774
    outer loop
      vertex 9.83358 -2.72333 15.933
      vertex 9.2766 -4.13021 15.9755
      vertex 9.36384 -4.16905 15.933
    endloop
  endfacet
  facet normal -0.553612 -0.498473 -0.667112
    outer loop
      vertex -8.36084 -6.17846 0.206108
      vertex -7.42263 -7.11649 0.128428
      vertex -7.42263 -7.22045 0.206108
    endloop
  endfacet
  facet normal -0.553612 -0.498473 -0.667112
    outer loop
      vertex -7.42263 -7.11649 0.128428
      vertex -8.36084 -6.17846 0.206108
      vertex -8.36084 -6.0745 0.128428
    endloop
  endfacet
  facet normal 0.951057 -0.309015 0
    outer loop
      vertex 9.59223 -4.27073 15.5
      vertex 9.62453 -4.17132 0.5
      vertex 9.62453 -4.17132 15.5
    endloop
  endfacet
  facet normal 0.951057 -0.309015 0
    outer loop
      vertex 9.62453 -4.17132 0.5
      vertex 9.59223 -4.27073 15.5
      vertex 9.59223 -4.27073 0.5
    endloop
  endfacet
  facet normal -0.739121 -0.665506 0.103931
    outer loop
      vertex -8.42474 -6.24942 15.5
      vertex -7.54763 -7.20731 15.604
      vertex -8.48584 -6.16532 15.604
    endloop
  endfacet
  facet normal -0.739121 -0.665506 0.103931
    outer loop
      vertex -7.54763 -7.20731 15.604
      vertex -8.42474 -6.24942 15.5
      vertex -7.48653 -7.29141 15.5
    endloop
  endfacet
  facet normal 0.586437 -0.0617124 0.80764
    outer loop
      vertex 9.8552 -2.62164 15.933
      vertex 9.84973 -2.67362 15.933
      vertex 9.93976 -2.62164 15.8716
    endloop
  endfacet
  facet normal 0.741009 -0.0775372 0.667003
    outer loop
      vertex 10.0097 -2.62164 15.7939
      vertex 9.93976 -2.62164 15.8716
      vertex 10.0009 -2.70574 15.7939
    endloop
  endfacet
  facet normal -0.750947 -0.433588 0.498075
    outer loop
      vertex -9.50499 -4.23189 15.7939
      vertex -9.55274 -4.25315 15.7034
      vertex -9.50499 -4.33585 15.7034
    endloop
  endfacet
  facet normal -0.208486 0.0218742 0.977781
    outer loop
      vertex -9.75633 -2.58952 15.9755
      vertex -9.7597 -2.62164 15.9755
      vertex -9.65746 -2.62164 15.9973
    endloop
  endfacet
  facet normal 0.198757 -0.0646581 -0.977914
    outer loop
      vertex 9.75633 -2.65377 0.0244722
      vertex 9.65294 -2.6429 0.00273991
      vertex 9.65632 -2.63251 0.00273991
    endloop
  endfacet
  facet normal -0.904972 -0.294054 -0.307503
    outer loop
      vertex -9.58224 -4.16233 0.296632
      vertex -10.052 -2.82057 0.396045
      vertex -10.052 -2.71661 0.296632
    endloop
  endfacet
  facet normal -0.904972 -0.294054 -0.307503
    outer loop
      vertex -10.052 -2.82057 0.396045
      vertex -9.58224 -4.16233 0.296632
      vertex -9.58224 -4.26629 0.396045
    endloop
  endfacet
  facet normal -0.989189 -0.103715 0.103675
    outer loop
      vertex -10.0943 -2.62164 15.604
      vertex -10.1052 -2.62164 15.5
      vertex -10.0943 -2.7256 15.5
    endloop
  endfacet
  facet normal 0.561036 -0.182293 -0.80747
    outer loop
      vertex 9.36384 -4.16905 0.066988
      vertex 9.91084 -2.75772 0.128428
      vertex 9.44109 -4.20345 0.128428
    endloop
  endfacet
  facet normal 0.561009 -0.182282 -0.807491
    outer loop
      vertex 9.91084 -2.75772 0.128428
      vertex 9.36384 -4.16905 0.066988
      vertex 9.83358 -2.72333 0.066988
    endloop
  endfacet
  facet normal 0 -0.951565 -0.307447
    outer loop
      vertex -6.61274 -7.37411 0.296632
      vertex -5.89064 -7.40623 0.396045
      vertex -6.60936 -7.40623 0.396045
    endloop
  endfacet
  facet normal 0 -0.951565 -0.307447
    outer loop
      vertex -5.89064 -7.40623 0.396045
      vertex -6.61274 -7.37411 0.296632
      vertex -5.88726 -7.37411 0.296632
    endloop
  endfacet
  facet normal 0 -0.951565 -0.307447
    outer loop
      vertex 5.88726 -7.37411 0.296632
      vertex 6.60936 -7.40623 0.396045
      vertex 5.89064 -7.40623 0.396045
    endloop
  endfacet
  facet normal 0 -0.951565 -0.307447
    outer loop
      vertex 6.60936 -7.40623 0.396045
      vertex 5.88726 -7.37411 0.296632
      vertex 6.61274 -7.37411 0.296632
    endloop
  endfacet
  facet normal -0.73916 0.66551 0.103627
    outer loop
      vertex -9.93976 -2.25007 15.5
      vertex -10.0097 -2.32775 15.5
      vertex -10.0009 -2.33417 15.604
    endloop
  endfacet
  facet normal 0.198772 0.0645751 -0.977916
    outer loop
      vertex 9.75633 -2.58952 0.0244722
      vertex 9.65294 -2.60038 0.00273991
      vertex 9.74635 -2.5588 0.0244722
    endloop
  endfacet
  facet normal 0.15533 -0.139835 -0.977916
    outer loop
      vertex 8.19356 -5.99267 0.0244722
      vertex 8.12514 -5.91669 0.00273991
      vertex 8.13245 -5.90857 0.00273991
    endloop
  endfacet
  facet normal 0 -0.867201 -0.497958
    outer loop
      vertex -6.6182 -7.32213 0.206108
      vertex -5.88726 -7.37411 0.296632
      vertex -6.61274 -7.37411 0.296632
    endloop
  endfacet
  facet normal 0 -0.867201 -0.497958
    outer loop
      vertex -5.88726 -7.37411 0.296632
      vertex -6.6182 -7.32213 0.206108
      vertex -5.8818 -7.32213 0.206108
    endloop
  endfacet
  facet normal 0 -0.867201 -0.497958
    outer loop
      vertex 5.8818 -7.32213 0.206108
      vertex 6.61274 -7.37411 0.296632
      vertex 5.88726 -7.37411 0.296632
    endloop
  endfacet
  facet normal 0 -0.867201 -0.497958
    outer loop
      vertex 6.61274 -7.37411 0.296632
      vertex 5.8818 -7.32213 0.206108
      vertex 6.6182 -7.32213 0.206108
    endloop
  endfacet
  facet normal 0.86134 -0.497278 -0.103956
    outer loop
      vertex 8.49468 -6.17174 0.5
      vertex 8.48584 -6.16532 0.396045
      vertex 8.54694 -6.08122 0.5
    endloop
  endfacet
  facet normal -0.181552 0.104786 0.977782
    outer loop
      vertex -9.64748 -2.59092 15.9973
      vertex -9.7302 -2.53082 15.9755
      vertex -9.65294 -2.60038 15.9973
    endloop
  endfacet
  facet normal -0.824693 -0.267959 0.498076
    outer loop
      vertex -9.53112 -4.15147 15.7939
      vertex -9.55274 -4.25315 15.7034
      vertex -9.50499 -4.23189 15.7939
    endloop
  endfacet
  facet normal -0.951051 -0.309033 0
    outer loop
      vertex -9.62453 -4.17132 0.5
      vertex -10.0943 -2.7256 15.5
      vertex -10.0943 -2.7256 0.5
    endloop
  endfacet
  facet normal -0.951051 -0.309033 0
    outer loop
      vertex -10.0943 -2.7256 15.5
      vertex -9.62453 -4.17132 0.5
      vertex -9.62453 -4.17132 15.5
    endloop
  endfacet
  facet normal 0.208487 -0.0218652 0.977781
    outer loop
      vertex 9.65746 -2.62164 15.9973
      vertex 9.65632 -2.63251 15.9973
      vertex 9.75633 -2.65377 15.9755
    endloop
  endfacet
  facet normal -0.743161 -0.669113 0
    outer loop
      vertex -8.42474 -6.24942 0.5
      vertex -8.49468 -6.17174 15.5
      vertex -8.49468 -6.17174 0.5
    endloop
  endfacet
  facet normal -0.743161 -0.669113 0
    outer loop
      vertex -8.49468 -6.17174 15.5
      vertex -8.42474 -6.24942 0.5
      vertex -8.42474 -6.24942 15.5
    endloop
  endfacet
  facet normal -0.739138 -0.665491 0.103908
    outer loop
      vertex -8.48584 -6.16532 15.604
      vertex -8.49468 -6.17174 15.5
      vertex -8.42474 -6.24942 15.5
    endloop
  endfacet
  facet normal -0.645221 -0.372518 0.667023
    outer loop
      vertex -9.40612 -4.26402 15.8716
      vertex -8.45971 -6.04238 15.7939
      vertex -8.36084 -6.0745 15.8716
    endloop
  endfacet
  facet normal -0.645242 -0.372528 0.666998
    outer loop
      vertex -8.45971 -6.04238 15.7939
      vertex -9.40612 -4.26402 15.8716
      vertex -9.50499 -4.23189 15.7939
    endloop
  endfacet
  facet normal -0.862288 -0.0902275 0.498316
    outer loop
      vertex -10.0097 -2.62164 15.7939
      vertex -10.062 -2.62164 15.7034
      vertex -10.0009 -2.70574 15.7939
    endloop
  endfacet
  facet normal -0.406213 0.0426195 0.912784
    outer loop
      vertex -9.75633 -2.58952 15.9755
      vertex -9.8552 -2.62164 15.933
      vertex -9.7597 -2.62164 15.9755
    endloop
  endfacet
  facet normal -0.707091 0.636746 0.307533
    outer loop
      vertex -10.0009 -2.33417 15.604
      vertex -9.69253 -2.03974 15.7034
      vertex -9.71867 -2.02076 15.604
    endloop
  endfacet
  facet normal -0.707074 0.636642 0.307786
    outer loop
      vertex -9.69253 -2.03974 15.7034
      vertex -10.0009 -2.33417 15.604
      vertex -9.97473 -2.35316 15.7034
    endloop
  endfacet
  facet normal -0.861344 -0.497281 0.103912
    outer loop
      vertex -8.48584 -6.16532 15.604
      vertex -8.54694 -6.08122 15.5
      vertex -8.49468 -6.17174 15.5
    endloop
  endfacet
  facet normal -0.905029 -0.29397 -0.307416
    outer loop
      vertex -9.55274 -4.25315 0.296632
      vertex -9.58224 -4.26629 0.396045
      vertex -9.58224 -4.16233 0.296632
    endloop
  endfacet
  facet normal -0.708369 -0.230124 -0.667275
    outer loop
      vertex -9.91084 -2.75772 0.128428
      vertex -10.0009 -2.70574 0.206108
      vertex -9.93245 -2.6912 0.128428
    endloop
  endfacet
  facet normal -0.739135 -0.665488 -0.103952
    outer loop
      vertex -8.42474 -6.24942 0.5
      vertex -8.49468 -6.17174 0.5
      vertex -8.48584 -6.16532 0.396045
    endloop
  endfacet
  facet normal -0.181003 -0.104512 -0.977914
    outer loop
      vertex -8.21517 -5.96867 0.0244722
      vertex -8.23132 -5.9407 0.0244722
      vertex -8.13792 -5.89911 0.00273991
    endloop
  endfacet
  facet normal -0.994547 0.104286 0
    outer loop
      vertex -10.1052 -2.62164 0.5
      vertex -10.0943 -2.51769 15.5
      vertex -10.0943 -2.51769 0.5
    endloop
  endfacet
  facet normal -0.994547 0.104286 0
    outer loop
      vertex -10.0943 -2.51769 15.5
      vertex -10.1052 -2.62164 0.5
      vertex -10.1052 -2.62164 15.5
    endloop
  endfacet
  facet normal -0.739157 0.665507 -0.103671
    outer loop
      vertex -10.0009 -2.33417 0.396045
      vertex -10.0097 -2.32775 0.5
      vertex -9.93976 -2.25007 0.5
    endloop
  endfacet
  facet normal -0.861346 -0.497256 -0.104013
    outer loop
      vertex -9.53112 -4.35484 0.396045
      vertex -9.59223 -4.27073 0.5
      vertex -9.58224 -4.26629 0.396045
    endloop
  endfacet
  facet normal 0.743146 -0.66913 0
    outer loop
      vertex 7.48653 -7.29141 15.5
      vertex 8.42474 -6.24942 0.5
      vertex 8.42474 -6.24942 15.5
    endloop
  endfacet
  facet normal 0.743146 -0.66913 0
    outer loop
      vertex 8.42474 -6.24942 0.5
      vertex 7.48653 -7.29141 15.5
      vertex 7.48653 -7.29141 0.5
    endloop
  endfacet
  facet normal 0.51081 -0.295019 -0.807488
    outer loop
      vertex 8.36084 -6.0745 0.128428
      vertex 8.29242 -6.0248 0.066988
      vertex 8.31856 -5.97954 0.066988
    endloop
  endfacet
  facet normal 0.510872 -0.294951 -0.807474
    outer loop
      vertex 9.40612 -4.26402 0.128428
      vertex 9.36384 -4.16905 0.066988
      vertex 9.44109 -4.20345 0.128428
    endloop
  endfacet
  facet normal 0.824072 -0.475809 -0.307427
    outer loop
      vertex 9.58224 -4.26629 0.396045
      vertex 9.50499 -4.33585 0.296632
      vertex 9.55274 -4.25315 0.296632
    endloop
  endfacet
  facet normal 0.155316 -0.139847 -0.977916
    outer loop
      vertex 7.18693 -6.95868 0.00273991
      vertex 8.19356 -5.99267 0.0244722
      vertex 7.25535 -7.03466 0.0244722
    endloop
  endfacet
  facet normal 0.155316 -0.139847 -0.977916
    outer loop
      vertex 8.19356 -5.99267 0.0244722
      vertex 7.18693 -6.95868 0.00273991
      vertex 8.12514 -5.91669 0.00273991
    endloop
  endfacet
  facet normal 0.645168 -0.372485 -0.667093
    outer loop
      vertex 8.45971 -6.04238 0.206108
      vertex 9.40612 -4.26402 0.128428
      vertex 9.50499 -4.23189 0.206108
    endloop
  endfacet
  facet normal 0.645147 -0.372475 -0.667119
    outer loop
      vertex 9.40612 -4.26402 0.128428
      vertex 8.45971 -6.04238 0.206108
      vertex 8.36084 -6.0745 0.128428
    endloop
  endfacet
  facet normal 0.644462 0.580291 -0.497927
    outer loop
      vertex 9.69253 -2.03974 0.296632
      vertex 9.87587 -2.32103 0.206108
      vertex 9.65025 -2.07046 0.206108
    endloop
  endfacet
  facet normal 0.644495 0.580296 -0.497877
    outer loop
      vertex 9.87587 -2.32103 0.206108
      vertex 9.69253 -2.03974 0.296632
      vertex 9.97473 -2.35316 0.296632
    endloop
  endfacet
  facet normal -0.739121 0.665504 -0.103945
    outer loop
      vertex -9.71867 -2.02076 0.396045
      vertex -9.93976 -2.25007 0.5
      vertex -9.7275 -2.01433 0.5
    endloop
  endfacet
  facet normal -0.739094 0.665564 -0.103754
    outer loop
      vertex -9.93976 -2.25007 0.5
      vertex -9.71867 -2.02076 0.396045
      vertex -10.0009 -2.33417 0.396045
    endloop
  endfacet
  facet normal -0.743147 0.669128 0
    outer loop
      vertex -9.93976 -2.25007 0.5
      vertex -9.7275 -2.01433 15.5
      vertex -9.7275 -2.01433 0.5
    endloop
  endfacet
  facet normal -0.743147 0.669128 0
    outer loop
      vertex -9.7275 -2.01433 15.5
      vertex -9.93976 -2.25007 0.5
      vertex -9.93976 -2.25007 15.5
    endloop
  endfacet
  facet normal -0.353716 -0.204289 0.912771
    outer loop
      vertex -8.23132 -5.9407 15.9755
      vertex -8.31856 -5.97954 15.933
      vertex -8.29242 -6.0248 15.933
    endloop
  endfacet
  facet normal 0.199355 -0.064774 0.977784
    outer loop
      vertex 9.1832 -4.08862 15.9973
      vertex 9.74635 -2.68449 15.9755
      vertex 9.65294 -2.6429 15.9973
    endloop
  endfacet
  facet normal 0.199372 -0.064781 0.97778
    outer loop
      vertex 9.74635 -2.68449 15.9755
      vertex 9.1832 -4.08862 15.9973
      vertex 9.2766 -4.13021 15.9755
    endloop
  endfacet
  facet normal -0.945902 -0.30734 0.103982
    outer loop
      vertex -9.58224 -4.26629 15.604
      vertex -9.62453 -4.17132 15.5
      vertex -9.59223 -4.27073 15.5
    endloop
  endfacet
  facet normal -0.951057 -0.309015 0
    outer loop
      vertex -9.59223 -4.27073 0.5
      vertex -9.62453 -4.17132 15.5
      vertex -9.62453 -4.17132 0.5
    endloop
  endfacet
  facet normal -0.951057 -0.309015 0
    outer loop
      vertex -9.62453 -4.17132 15.5
      vertex -9.59223 -4.27073 0.5
      vertex -9.59223 -4.27073 15.5
    endloop
  endfacet
  facet normal -0.946302 -0.0995716 0.307568
    outer loop
      vertex -10.052 -2.71661 15.7034
      vertex -10.0943 -2.62164 15.604
      vertex -10.0836 -2.72333 15.604
    endloop
  endfacet
  facet normal -0.707109 -0.636757 0.307469
    outer loop
      vertex -8.45971 -6.14634 15.7034
      vertex -8.48584 -6.16532 15.604
      vertex -8.39581 -6.2173 15.7034
    endloop
  endfacet
  facet normal -0.989113 -0.104076 0.104036
    outer loop
      vertex -10.0943 -2.62164 15.604
      vertex -10.0943 -2.7256 15.5
      vertex -10.0836 -2.72333 15.604
    endloop
  endfacet
  facet normal -0.989112 0.104086 0.104036
    outer loop
      vertex -10.0943 -2.51769 15.5
      vertex -10.0943 -2.62164 15.604
      vertex -10.0836 -2.51996 15.604
    endloop
  endfacet
  facet normal -0.561024 -0.182257 -0.807487
    outer loop
      vertex -9.91084 -2.75772 0.128428
      vertex -9.93245 -2.6912 0.128428
      vertex -9.84973 -2.67362 0.066988
    endloop
  endfacet
  facet normal -0.198772 0.0645751 -0.977916
    outer loop
      vertex -9.65294 -2.60038 0.00273991
      vertex -9.75633 -2.58952 0.0244722
      vertex -9.74635 -2.5588 0.0244722
    endloop
  endfacet
  facet normal -0.946315 0.0995828 -0.307523
    outer loop
      vertex -10.052 -2.52667 0.296632
      vertex -10.0943 -2.62164 0.396045
      vertex -10.0836 -2.51996 0.396045
    endloop
  endfacet
  facet normal -0.862344 -0.0902334 -0.498217
    outer loop
      vertex -10.0009 -2.70574 0.206108
      vertex -10.062 -2.62164 0.296632
      vertex -10.0097 -2.62164 0.206108
    endloop
  endfacet
  facet normal -0.181007 -0.104503 -0.977914
    outer loop
      vertex -8.23132 -5.9407 0.0244722
      vertex -9.1832 -4.08862 0.00273991
      vertex -8.13792 -5.89911 0.00273991
    endloop
  endfacet
  facet normal -0.181007 -0.104503 -0.977914
    outer loop
      vertex -9.1832 -4.08862 0.00273991
      vertex -8.23132 -5.9407 0.0244722
      vertex -9.2766 -4.13021 0.0244722
    endloop
  endfacet
  facet normal -0.951066 0.308987 0
    outer loop
      vertex -10.0943 -2.51769 0.5
      vertex -10.062 -2.41827 15.5
      vertex -10.062 -2.41827 0.5
    endloop
  endfacet
  facet normal -0.951066 0.308987 0
    outer loop
      vertex -10.062 -2.41827 15.5
      vertex -10.0943 -2.51769 0.5
      vertex -10.0943 -2.51769 15.5
    endloop
  endfacet
  facet normal -0.743161 0.669113 0
    outer loop
      vertex -10.0097 -2.32775 0.5
      vertex -9.93976 -2.25007 15.5
      vertex -9.93976 -2.25007 0.5
    endloop
  endfacet
  facet normal -0.743161 0.669113 0
    outer loop
      vertex -9.93976 -2.25007 15.5
      vertex -10.0097 -2.32775 0.5
      vertex -10.0097 -2.32775 15.5
    endloop
  endfacet
  facet normal 0.866033 -0.499987 0
    outer loop
      vertex 8.49468 -6.17174 15.5
      vertex 8.54694 -6.08122 0.5
      vertex 8.54694 -6.08122 15.5
    endloop
  endfacet
  facet normal 0.866033 -0.499987 0
    outer loop
      vertex 8.54694 -6.08122 0.5
      vertex 8.49468 -6.17174 15.5
      vertex 8.49468 -6.17174 0.5
    endloop
  endfacet
  facet normal 0.707118 -0.636765 -0.307433
    outer loop
      vertex 8.48584 -6.16532 0.396045
      vertex 8.39581 -6.2173 0.296632
      vertex 8.45971 -6.14634 0.296632
    endloop
  endfacet
  facet normal 0.739118 -0.665503 -0.103975
    outer loop
      vertex 8.42474 -6.24942 0.5
      vertex 7.54763 -7.20731 0.396045
      vertex 8.48584 -6.16532 0.396045
    endloop
  endfacet
  facet normal 0.739118 -0.665503 -0.103975
    outer loop
      vertex 7.54763 -7.20731 0.396045
      vertex 8.42474 -6.24942 0.5
      vertex 7.48653 -7.29141 0.5
    endloop
  endfacet
  facet normal 0.865867 0.500274 0
    outer loop
      vertex 10.062 -2.41827 15.5
      vertex 10.0097 -2.32775 0.5
      vertex 10.0097 -2.32775 15.5
    endloop
  endfacet
  facet normal 0.865867 0.500274 0
    outer loop
      vertex 10.0097 -2.32775 0.5
      vertex 10.062 -2.41827 15.5
      vertex 10.062 -2.41827 0.5
    endloop
  endfacet
  facet normal 0.553612 -0.498473 -0.667112
    outer loop
      vertex 7.42263 -7.11649 0.128428
      vertex 8.36084 -6.17846 0.206108
      vertex 7.42263 -7.22045 0.206108
    endloop
  endfacet
  facet normal 0.553612 -0.498473 -0.667112
    outer loop
      vertex 8.36084 -6.17846 0.206108
      vertex 7.42263 -7.11649 0.128428
      vertex 8.36084 -6.0745 0.128428
    endloop
  endfacet
  facet normal -0.181013 0.104475 -0.977916
    outer loop
      vertex -9.65294 -2.60038 0.00273991
      vertex -9.7302 -2.53082 0.0244722
      vertex -9.64748 -2.59092 0.00273991
    endloop
  endfacet
  facet normal -0.438355 -0.3947 -0.8075
    outer loop
      vertex -7.42263 -7.11649 0.128428
      vertex -8.29242 -6.0248 0.066988
      vertex -7.35421 -7.06678 0.066988
    endloop
  endfacet
  facet normal -0.43838 -0.394718 -0.807478
    outer loop
      vertex -8.29242 -6.0248 0.066988
      vertex -7.42263 -7.11649 0.128428
      vertex -8.36084 -6.0745 0.128428
    endloop
  endfacet
  facet normal 0.181007 -0.104503 -0.977914
    outer loop
      vertex 8.23132 -5.9407 0.0244722
      vertex 9.1832 -4.08862 0.00273991
      vertex 9.2766 -4.13021 0.0244722
    endloop
  endfacet
  facet normal 0.181007 -0.104503 -0.977914
    outer loop
      vertex 9.1832 -4.08862 0.00273991
      vertex 8.23132 -5.9407 0.0244722
      vertex 8.13792 -5.89911 0.00273991
    endloop
  endfacet
  facet normal 0.199359 -0.0647656 0.977784
    outer loop
      vertex 9.75633 -2.65377 15.9755
      vertex 9.65294 -2.6429 15.9973
      vertex 9.74635 -2.68449 15.9755
    endloop
  endfacet
  facet normal 0.155748 0.140303 0.977782
    outer loop
      vertex 9.70858 -2.50682 15.9755
      vertex 9.64748 -2.59092 15.9973
      vertex 9.7302 -2.53082 15.9755
    endloop
  endfacet
  facet normal 0.560778 -0.182188 0.807673
    outer loop
      vertex 9.84973 -2.67362 15.933
      vertex 9.83358 -2.72333 15.933
      vertex 9.91084 -2.75772 15.8716
    endloop
  endfacet
  facet normal -0.303586 -0.273337 0.912755
    outer loop
      vertex -7.25535 -7.03466 15.9755
      vertex -7.35421 -7.06678 15.933
      vertex -7.31924 -7.10562 15.933
    endloop
  endfacet
  facet normal 0.989183 0.103724 -0.103719
    outer loop
      vertex 10.1052 -2.62164 0.5
      vertex 10.0943 -2.62164 0.396045
      vertex 10.0943 -2.51769 0.5
    endloop
  endfacet
  facet normal 0.353805 0.204215 0.912753
    outer loop
      vertex 9.80745 -2.4747 15.933
      vertex 9.7302 -2.53082 15.9755
      vertex 9.74635 -2.5588 15.9755
    endloop
  endfacet
  facet normal 0.750981 -0.433629 -0.49799
    outer loop
      vertex 8.45971 -6.14634 0.296632
      vertex 8.41742 -6.11562 0.206108
      vertex 8.45971 -6.04238 0.206108
    endloop
  endfacet
  facet normal 0.994548 -0.104276 0
    outer loop
      vertex 10.0943 -2.7256 15.5
      vertex 10.1052 -2.62164 0.5
      vertex 10.1052 -2.62164 15.5
    endloop
  endfacet
  facet normal 0.994548 -0.104276 0
    outer loop
      vertex 10.1052 -2.62164 0.5
      vertex 10.0943 -2.7256 15.5
      vertex 10.0943 -2.7256 0.5
    endloop
  endfacet
  facet normal 0.155285 0.139886 -0.977915
    outer loop
      vertex 9.7302 -2.53082 0.0244722
      vertex 9.64748 -2.59092 0.00273991
      vertex 9.70858 -2.50682 0.0244722
    endloop
  endfacet
  facet normal 0.43838 -0.394718 -0.807478
    outer loop
      vertex 7.42263 -7.11649 0.128428
      vertex 8.29242 -6.0248 0.066988
      vertex 8.36084 -6.0745 0.128428
    endloop
  endfacet
  facet normal 0.438355 -0.3947 -0.8075
    outer loop
      vertex 8.29242 -6.0248 0.066988
      vertex 7.42263 -7.11649 0.128428
      vertex 7.35421 -7.06678 0.066988
    endloop
  endfacet
  facet normal -0.989183 0.103724 -0.103719
    outer loop
      vertex -10.0943 -2.62164 0.396045
      vertex -10.1052 -2.62164 0.5
      vertex -10.0943 -2.51769 0.5
    endloop
  endfacet
  facet normal -0.989184 -0.103714 -0.103719
    outer loop
      vertex -10.0943 -2.7256 0.5
      vertex -10.1052 -2.62164 0.5
      vertex -10.0943 -2.62164 0.396045
    endloop
  endfacet
  facet normal 0.181552 0.104786 0.977782
    outer loop
      vertex 9.7302 -2.53082 15.9755
      vertex 9.64748 -2.59092 15.9973
      vertex 9.65294 -2.60038 15.9973
    endloop
  endfacet
  facet normal -0.181542 -0.104823 0.97778
    outer loop
      vertex -8.13792 -5.89911 15.9973
      vertex -8.23132 -5.9407 15.9755
      vertex -8.21517 -5.96867 15.9755
    endloop
  endfacet
  facet normal 0.40625 -0.0427508 0.912761
    outer loop
      vertex 9.8552 -2.62164 15.933
      vertex 9.75633 -2.65377 15.9755
      vertex 9.84973 -2.67362 15.933
    endloop
  endfacet
  facet normal -0.645218 -0.37256 0.667003
    outer loop
      vertex -8.36084 -6.0745 15.8716
      vertex -8.45971 -6.04238 15.7939
      vertex -8.41742 -6.11562 15.7939
    endloop
  endfacet
  facet normal -0.82475 -0.267894 0.498017
    outer loop
      vertex -9.53112 -4.15147 15.7939
      vertex -9.58224 -4.16233 15.7034
      vertex -9.55274 -4.25315 15.7034
    endloop
  endfacet
  facet normal -0.743146 -0.66913 0
    outer loop
      vertex -7.48653 -7.29141 0.5
      vertex -8.42474 -6.24942 15.5
      vertex -8.42474 -6.24942 0.5
    endloop
  endfacet
  facet normal -0.743146 -0.66913 0
    outer loop
      vertex -8.42474 -6.24942 15.5
      vertex -7.48653 -7.29141 0.5
      vertex -7.48653 -7.29141 15.5
    endloop
  endfacet
  facet normal -0.82406 -0.475768 0.307521
    outer loop
      vertex -9.53112 -4.35484 15.604
      vertex -8.45971 -6.14634 15.7034
      vertex -9.50499 -4.33585 15.7034
    endloop
  endfacet
  facet normal -0.824071 -0.475777 0.307477
    outer loop
      vertex -8.45971 -6.14634 15.7034
      vertex -9.53112 -4.35484 15.604
      vertex -8.48584 -6.16532 15.604
    endloop
  endfacet
  facet normal -0.904942 -0.294078 0.307569
    outer loop
      vertex -10.052 -2.71661 15.7034
      vertex -10.0836 -2.72333 15.604
      vertex -10.052 -2.82057 15.604
    endloop
  endfacet
  facet normal -0.946315 0.0996436 0.307505
    outer loop
      vertex -10.052 -2.52667 15.7034
      vertex -10.0943 -2.62164 15.604
      vertex -10.062 -2.62164 15.7034
    endloop
  endfacet
  facet normal -0.945889 -0.307356 0.104053
    outer loop
      vertex -9.62453 -4.17132 15.5
      vertex -10.052 -2.82057 15.604
      vertex -10.0943 -2.7256 15.5
    endloop
  endfacet
  facet normal -0.945899 -0.307352 0.103969
    outer loop
      vertex -10.052 -2.82057 15.604
      vertex -9.62453 -4.17132 15.5
      vertex -9.58224 -4.26629 15.604
    endloop
  endfacet
  facet normal -0.866033 -0.499987 0
    outer loop
      vertex -8.49468 -6.17174 0.5
      vertex -8.54694 -6.08122 15.5
      vertex -8.54694 -6.08122 0.5
    endloop
  endfacet
  facet normal -0.866033 -0.499987 0
    outer loop
      vertex -8.54694 -6.08122 15.5
      vertex -8.49468 -6.17174 0.5
      vertex -8.49468 -6.17174 15.5
    endloop
  endfacet
  facet normal -0.740811 0.0778511 0.667187
    outer loop
      vertex -9.93245 -2.55208 15.8716
      vertex -10.0009 -2.53754 15.7939
      vertex -9.93976 -2.62164 15.8716
    endloop
  endfacet
  facet normal -0.741009 -0.0775372 0.667003
    outer loop
      vertex -9.93976 -2.62164 15.8716
      vertex -10.0097 -2.62164 15.7939
      vertex -10.0009 -2.70574 15.7939
    endloop
  endfacet
  facet normal -0.824785 -0.268008 0.497898
    outer loop
      vertex -10.052 -2.71661 15.7034
      vertex -9.53112 -4.15147 15.7939
      vertex -10.0009 -2.70574 15.7939
    endloop
  endfacet
  facet normal -0.824724 -0.267979 0.498013
    outer loop
      vertex -9.53112 -4.15147 15.7939
      vertex -10.052 -2.71661 15.7034
      vertex -9.58224 -4.16233 15.7034
    endloop
  endfacet
  facet normal -0.708459 -0.230209 0.66715
    outer loop
      vertex -9.53112 -4.15147 15.7939
      vertex -9.91084 -2.75772 15.8716
      vertex -10.0009 -2.70574 15.7939
    endloop
  endfacet
  facet normal -0.708586 -0.230236 0.667006
    outer loop
      vertex -9.91084 -2.75772 15.8716
      vertex -9.53112 -4.15147 15.7939
      vertex -9.44109 -4.20345 15.8716
    endloop
  endfacet
  facet normal -0.905008 0.293996 0.307453
    outer loop
      vertex -10.052 -2.42272 15.604
      vertex -10.052 -2.52667 15.7034
      vertex -10.0225 -2.43586 15.7034
    endloop
  endfacet
  facet normal -0.946304 0.0995815 0.307559
    outer loop
      vertex -10.0836 -2.51996 15.604
      vertex -10.0943 -2.62164 15.604
      vertex -10.052 -2.52667 15.7034
    endloop
  endfacet
  facet normal -0.51081 -0.295019 -0.807488
    outer loop
      vertex -8.29242 -6.0248 0.066988
      vertex -8.36084 -6.0745 0.128428
      vertex -8.31856 -5.97954 0.066988
    endloop
  endfacet
  facet normal -0.303657 -0.273418 -0.912707
    outer loop
      vertex -8.19356 -5.99267 0.0244722
      vertex -8.29242 -6.0248 0.066988
      vertex -8.21517 -5.96867 0.0244722
    endloop
  endfacet
  facet normal -0.824085 0.475559 -0.307778
    outer loop
      vertex -9.97473 -2.35316 0.296632
      vertex -10.052 -2.42272 0.396045
      vertex -10.0009 -2.33417 0.396045
    endloop
  endfacet
  facet normal -0.823987 0.47596 -0.307422
    outer loop
      vertex -10.0225 -2.43586 0.296632
      vertex -10.052 -2.42272 0.396045
      vertex -9.97473 -2.35316 0.296632
    endloop
  endfacet
  facet normal -0.86134 -0.497278 -0.103956
    outer loop
      vertex -8.49468 -6.17174 0.5
      vertex -8.54694 -6.08122 0.5
      vertex -8.48584 -6.16532 0.396045
    endloop
  endfacet
  facet normal -0.750981 -0.433629 -0.49799
    outer loop
      vertex -8.41742 -6.11562 0.206108
      vertex -8.45971 -6.14634 0.296632
      vertex -8.45971 -6.04238 0.206108
    endloop
  endfacet
  facet normal -0.946314 -0.0995728 -0.307532
    outer loop
      vertex -10.0836 -2.72333 0.396045
      vertex -10.0943 -2.62164 0.396045
      vertex -10.052 -2.71661 0.296632
    endloop
  endfacet
  facet normal -0.994548 -0.104276 0
    outer loop
      vertex -10.0943 -2.7256 0.5
      vertex -10.1052 -2.62164 15.5
      vertex -10.1052 -2.62164 0.5
    endloop
  endfacet
  facet normal -0.994548 -0.104276 0
    outer loop
      vertex -10.1052 -2.62164 15.5
      vertex -10.0943 -2.7256 0.5
      vertex -10.0943 -2.7256 15.5
    endloop
  endfacet
  facet normal -0.861205 0.497581 -0.103632
    outer loop
      vertex -10.0009 -2.33417 0.396045
      vertex -10.062 -2.41827 0.5
      vertex -10.0097 -2.32775 0.5
    endloop
  endfacet
  facet normal -0.865867 0.500274 0
    outer loop
      vertex -10.062 -2.41827 0.5
      vertex -10.0097 -2.32775 15.5
      vertex -10.0097 -2.32775 0.5
    endloop
  endfacet
  facet normal -0.865867 0.500274 0
    outer loop
      vertex -10.0097 -2.32775 15.5
      vertex -10.062 -2.41827 0.5
      vertex -10.062 -2.41827 15.5
    endloop
  endfacet
  facet normal -0.861423 0.497106 0.1041
    outer loop
      vertex -10.0009 -2.33417 15.604
      vertex -10.062 -2.41827 15.5
      vertex -10.052 -2.42272 15.604
    endloop
  endfacet
  facet normal -0.945899 0.307308 0.104101
    outer loop
      vertex -10.062 -2.41827 15.5
      vertex -10.0943 -2.51769 15.5
      vertex -10.052 -2.42272 15.604
    endloop
  endfacet
  facet normal -0.553675 -0.49853 0.667017
    outer loop
      vertex -8.36084 -6.17846 15.7939
      vertex -7.42263 -7.11649 15.8716
      vertex -8.36084 -6.0745 15.8716
    endloop
  endfacet
  facet normal -0.553675 -0.49853 0.667017
    outer loop
      vertex -7.42263 -7.11649 15.8716
      vertex -8.36084 -6.17846 15.7939
      vertex -7.42263 -7.22045 15.7939
    endloop
  endfacet
  facet normal 0.645218 -0.37256 0.667003
    outer loop
      vertex 8.45971 -6.04238 15.7939
      vertex 8.36084 -6.0745 15.8716
      vertex 8.41742 -6.11562 15.7939
    endloop
  endfacet
  facet normal 0.861335 -0.497293 0.103931
    outer loop
      vertex 9.53112 -4.35484 15.604
      vertex 8.54694 -6.08122 15.5
      vertex 9.59223 -4.27073 15.5
    endloop
  endfacet
  facet normal 0.861339 -0.497294 0.103898
    outer loop
      vertex 8.54694 -6.08122 15.5
      vertex 9.53112 -4.35484 15.604
      vertex 8.48584 -6.16532 15.604
    endloop
  endfacet
  facet normal 0.861331 -0.497291 -0.103976
    outer loop
      vertex 8.54694 -6.08122 0.5
      vertex 9.53112 -4.35484 0.396045
      vertex 9.59223 -4.27073 0.5
    endloop
  endfacet
  facet normal 0.861335 -0.497291 -0.103943
    outer loop
      vertex 9.53112 -4.35484 0.396045
      vertex 8.54694 -6.08122 0.5
      vertex 8.48584 -6.16532 0.396045
    endloop
  endfacet
  facet normal 0.645168 -0.372487 -0.667092
    outer loop
      vertex 9.50499 -4.23189 0.206108
      vertex 9.40612 -4.26402 0.128428
      vertex 9.44109 -4.20345 0.128428
    endloop
  endfacet
  facet normal 0.951066 0.308987 0
    outer loop
      vertex 10.0943 -2.51769 15.5
      vertex 10.062 -2.41827 0.5
      vertex 10.062 -2.41827 15.5
    endloop
  endfacet
  facet normal 0.951066 0.308987 0
    outer loop
      vertex 10.062 -2.41827 0.5
      vertex 10.0943 -2.51769 15.5
      vertex 10.0943 -2.51769 0.5
    endloop
  endfacet
  facet normal 0.751021 -0.433599 -0.497956
    outer loop
      vertex 9.50499 -4.33585 0.296632
      vertex 8.45971 -6.04238 0.206108
      vertex 9.50499 -4.23189 0.206108
    endloop
  endfacet
  facet normal 0.751021 -0.433599 -0.497956
    outer loop
      vertex 8.45971 -6.04238 0.206108
      vertex 9.50499 -4.33585 0.296632
      vertex 8.45971 -6.14634 0.296632
    endloop
  endfacet
  facet normal 0 -0.209012 -0.977913
    outer loop
      vertex -6.64433 -7.0735 0.0244722
      vertex -5.84498 -6.97182 0.00273991
      vertex -5.85567 -7.0735 0.0244722
    endloop
  endfacet
  facet normal -0 -0.209012 -0.977913
    outer loop
      vertex -5.84498 -6.97182 0.00273991
      vertex -6.64433 -7.0735 0.0244722
      vertex -6.65502 -6.97182 0.00273991
    endloop
  endfacet
  facet normal 0 -0.209012 -0.977913
    outer loop
      vertex 5.85567 -7.0735 0.0244722
      vertex 6.65502 -6.97182 0.00273991
      vertex 6.64433 -7.0735 0.0244722
    endloop
  endfacet
  facet normal -0 -0.209012 -0.977913
    outer loop
      vertex 6.65502 -6.97182 0.00273991
      vertex 5.85567 -7.0735 0.0244722
      vertex 5.84498 -6.97182 0.00273991
    endloop
  endfacet
  facet normal -0.199364 0.0647675 0.977783
    outer loop
      vertex -9.74635 -2.5588 15.9755
      vertex -9.75633 -2.58952 15.9755
      vertex -9.65294 -2.60038 15.9973
    endloop
  endfacet
  facet normal 0.945902 -0.30734 0.103982
    outer loop
      vertex 9.62453 -4.17132 15.5
      vertex 9.58224 -4.26629 15.604
      vertex 9.59223 -4.27073 15.5
    endloop
  endfacet
  facet normal 0.824062 -0.475803 0.307463
    outer loop
      vertex 9.55274 -4.25315 15.7034
      vertex 9.50499 -4.33585 15.7034
      vertex 9.58224 -4.26629 15.604
    endloop
  endfacet
  facet normal 0.73916 0.66551 0.103627
    outer loop
      vertex 10.0097 -2.32775 15.5
      vertex 9.93976 -2.25007 15.5
      vertex 10.0009 -2.33417 15.604
    endloop
  endfacet
  facet normal -0.586406 -0.0616249 0.807669
    outer loop
      vertex -9.84973 -2.67362 15.933
      vertex -9.93976 -2.62164 15.8716
      vertex -9.93245 -2.6912 15.8716
    endloop
  endfacet
  facet normal 0.994547 0.104286 0
    outer loop
      vertex 10.1052 -2.62164 15.5
      vertex 10.0943 -2.51769 0.5
      vertex 10.0943 -2.51769 15.5
    endloop
  endfacet
  facet normal 0.994547 0.104286 0
    outer loop
      vertex 10.0943 -2.51769 0.5
      vertex 10.1052 -2.62164 15.5
      vertex 10.1052 -2.62164 0.5
    endloop
  endfacet
  facet normal -0.198767 -0.0645732 -0.977917
    outer loop
      vertex -9.74635 -2.68449 0.0244722
      vertex -9.75633 -2.65377 0.0244722
      vertex -9.65294 -2.6429 0.00273991
    endloop
  endfacet
  facet normal 0.946314 -0.0995728 -0.307532
    outer loop
      vertex 10.0836 -2.72333 0.396045
      vertex 10.052 -2.71661 0.296632
      vertex 10.0943 -2.62164 0.396045
    endloop
  endfacet
  facet normal 0.353863 -0.204322 -0.912707
    outer loop
      vertex 8.29242 -6.0248 0.066988
      vertex 8.21517 -5.96867 0.0244722
      vertex 8.23132 -5.9407 0.0244722
    endloop
  endfacet
  facet normal 0.181003 -0.104512 -0.977914
    outer loop
      vertex 8.21517 -5.96867 0.0244722
      vertex 8.13792 -5.89911 0.00273991
      vertex 8.23132 -5.9407 0.0244722
    endloop
  endfacet
  facet normal -0.207868 -0.0218003 -0.977914
    outer loop
      vertex -9.65632 -2.63251 0.00273991
      vertex -9.75633 -2.65377 0.0244722
      vertex -9.65746 -2.62164 0.00273991
    endloop
  endfacet
  facet normal 0.180916 -0.10461 -0.977919
    outer loop
      vertex 8.21517 -5.96867 0.0244722
      vertex 8.13245 -5.90857 0.00273991
      vertex 8.13792 -5.89911 0.00273991
    endloop
  endfacet
  facet normal 0.645144 -0.372517 -0.667098
    outer loop
      vertex 8.41742 -6.11562 0.206108
      vertex 8.36084 -6.0745 0.128428
      vertex 8.45971 -6.04238 0.206108
    endloop
  endfacet
  facet normal -0.155313 0.139848 -0.977916
    outer loop
      vertex -9.64017 -2.5828 0.00273991
      vertex -9.448 -2.21741 0.0244722
      vertex -9.36528 -2.27751 0.00273991
    endloop
  endfacet
  facet normal -0.155329 0.139856 -0.977913
    outer loop
      vertex -9.448 -2.21741 0.0244722
      vertex -9.64017 -2.5828 0.00273991
      vertex -9.70858 -2.50682 0.0244722
    endloop
  endfacet
  facet normal 0.823987 0.47596 -0.307422
    outer loop
      vertex 10.0225 -2.43586 0.296632
      vertex 9.97473 -2.35316 0.296632
      vertex 10.052 -2.42272 0.396045
    endloop
  endfacet
  facet normal 0.155314 -0.139847 -0.977916
    outer loop
      vertex 8.19356 -5.99267 0.0244722
      vertex 8.13245 -5.90857 0.00273991
      vertex 8.21517 -5.96867 0.0244722
    endloop
  endfacet
  facet normal -0.7071 0.636753 -0.307497
    outer loop
      vertex -9.69253 -2.03974 0.296632
      vertex -10.0009 -2.33417 0.396045
      vertex -9.71867 -2.02076 0.396045
    endloop
  endfacet
  facet normal -0.707083 0.63665 -0.30775
    outer loop
      vertex -10.0009 -2.33417 0.396045
      vertex -9.69253 -2.03974 0.296632
      vertex -9.97473 -2.35316 0.296632
    endloop
  endfacet
  facet normal 0.645182 0.372502 -0.66707
    outer loop
      vertex 9.97473 -2.45711 0.206108
      vertex 9.87587 -2.42499 0.128428
      vertex 9.93245 -2.38388 0.206108
    endloop
  endfacet
  facet normal 0.64452 0.580222 -0.497931
    outer loop
      vertex 9.93245 -2.38388 0.206108
      vertex 9.87587 -2.32103 0.206108
      vertex 9.97473 -2.35316 0.296632
    endloop
  endfacet
  facet normal -0.181455 -0.104922 0.977786
    outer loop
      vertex -8.13792 -5.89911 15.9973
      vertex -8.21517 -5.96867 15.9755
      vertex -8.13245 -5.90857 15.9973
    endloop
  endfacet
  facet normal -0.388511 -0.126221 0.912758
    outer loop
      vertex -9.74635 -2.68449 15.9755
      vertex -9.84973 -2.67362 15.933
      vertex -9.83358 -2.72333 15.933
    endloop
  endfacet
  facet normal -0.510593 -0.294894 0.807671
    outer loop
      vertex -8.31856 -5.97954 15.933
      vertex -8.36084 -6.0745 15.8716
      vertex -8.29242 -6.0248 15.933
    endloop
  endfacet
  facet normal -0.199362 0.0647925 0.977782
    outer loop
      vertex -9.65294 -2.60038 15.9973
      vertex -9.75633 -2.58952 15.9755
      vertex -9.65632 -2.61078 15.9973
    endloop
  endfacet
  facet normal -0.353753 -0.204259 0.912764
    outer loop
      vertex -8.23132 -5.9407 15.9755
      vertex -8.29242 -6.0248 15.933
      vertex -8.21517 -5.96867 15.9755
    endloop
  endfacet
  facet normal -0.64439 -0.580278 0.498036
    outer loop
      vertex -8.36084 -6.17846 15.7939
      vertex -8.45971 -6.14634 15.7034
      vertex -8.39581 -6.2173 15.7034
    endloop
  endfacet
  facet normal -0.86135 -0.497258 0.103968
    outer loop
      vertex -9.58224 -4.26629 15.604
      vertex -9.59223 -4.27073 15.5
      vertex -9.53112 -4.35484 15.604
    endloop
  endfacet
  facet normal -0.861335 -0.497293 0.103931
    outer loop
      vertex -8.54694 -6.08122 15.5
      vertex -9.53112 -4.35484 15.604
      vertex -9.59223 -4.27073 15.5
    endloop
  endfacet
  facet normal -0.861339 -0.497294 0.103898
    outer loop
      vertex -9.53112 -4.35484 15.604
      vertex -8.54694 -6.08122 15.5
      vertex -8.48584 -6.16532 15.604
    endloop
  endfacet
  facet normal -0.866025 -0.500001 0
    outer loop
      vertex -8.54694 -6.08122 0.5
      vertex -9.59223 -4.27073 15.5
      vertex -9.59223 -4.27073 0.5
    endloop
  endfacet
  facet normal -0.866025 -0.500001 0
    outer loop
      vertex -9.59223 -4.27073 15.5
      vertex -8.54694 -6.08122 0.5
      vertex -8.54694 -6.08122 15.5
    endloop
  endfacet
  facet normal -0.739125 0.665507 0.103901
    outer loop
      vertex -9.93976 -2.25007 15.5
      vertex -9.71867 -2.02076 15.604
      vertex -9.7275 -2.01433 15.5
    endloop
  endfacet
  facet normal -0.739097 0.665567 0.10371
    outer loop
      vertex -9.71867 -2.02076 15.604
      vertex -9.93976 -2.25007 15.5
      vertex -10.0009 -2.33417 15.604
    endloop
  endfacet
  facet normal -0.560778 -0.182188 0.807673
    outer loop
      vertex -9.84973 -2.67362 15.933
      vertex -9.91084 -2.75772 15.8716
      vertex -9.83358 -2.72333 15.933
    endloop
  endfacet
  facet normal -0.708586 -0.230233 0.667007
    outer loop
      vertex -9.44109 -4.20345 15.8716
      vertex -9.53112 -4.15147 15.7939
      vertex -9.50499 -4.23189 15.7939
    endloop
  endfacet
  facet normal -0.199349 -0.0648508 0.97778
    outer loop
      vertex -9.65632 -2.63251 15.9973
      vertex -9.75633 -2.65377 15.9755
      vertex -9.65294 -2.6429 15.9973
    endloop
  endfacet
  facet normal -0.353743 -0.204232 0.912774
    outer loop
      vertex -9.2766 -4.13021 15.9755
      vertex -8.31856 -5.97954 15.933
      vertex -8.23132 -5.9407 15.9755
    endloop
  endfacet
  facet normal -0.353743 -0.204232 0.912774
    outer loop
      vertex -8.31856 -5.97954 15.933
      vertex -9.2766 -4.13021 15.9755
      vertex -9.36384 -4.16905 15.933
    endloop
  endfacet
  facet normal -0.824804 0.267941 0.497901
    outer loop
      vertex -10.0225 -2.43586 15.7034
      vertex -10.052 -2.52667 15.7034
      vertex -10.0009 -2.53754 15.7939
    endloop
  endfacet
  facet normal -0.904961 -0.29405 0.30754
    outer loop
      vertex -10.052 -2.82057 15.604
      vertex -9.58224 -4.16233 15.7034
      vertex -10.052 -2.71661 15.7034
    endloop
  endfacet
  facet normal -0.904961 -0.29405 0.30754
    outer loop
      vertex -9.58224 -4.16233 15.7034
      vertex -10.052 -2.82057 15.604
      vertex -9.58224 -4.26629 15.604
    endloop
  endfacet
  facet normal -0.905018 -0.293966 0.307452
    outer loop
      vertex -9.58224 -4.16233 15.7034
      vertex -9.58224 -4.26629 15.604
      vertex -9.55274 -4.25315 15.7034
    endloop
  endfacet
  facet normal -0.862288 0.0902275 0.498316
    outer loop
      vertex -10.0009 -2.53754 15.7939
      vertex -10.062 -2.62164 15.7034
      vertex -10.0097 -2.62164 15.7939
    endloop
  endfacet
  facet normal -0.86247 0.090815 0.497894
    outer loop
      vertex -10.052 -2.52667 15.7034
      vertex -10.062 -2.62164 15.7034
      vertex -10.0009 -2.53754 15.7939
    endloop
  endfacet
  facet normal -0.946315 -0.0996436 0.307505
    outer loop
      vertex -10.062 -2.62164 15.7034
      vertex -10.0943 -2.62164 15.604
      vertex -10.052 -2.71661 15.7034
    endloop
  endfacet
  facet normal -0.86247 -0.090815 0.497894
    outer loop
      vertex -10.0009 -2.70574 15.7939
      vertex -10.062 -2.62164 15.7034
      vertex -10.052 -2.71661 15.7034
    endloop
  endfacet
  facet normal -0.180916 -0.10461 -0.977919
    outer loop
      vertex -8.13245 -5.90857 0.00273991
      vertex -8.21517 -5.96867 0.0244722
      vertex -8.13792 -5.89911 0.00273991
    endloop
  endfacet
  facet normal -0.708505 -0.230207 -0.667103
    outer loop
      vertex -9.50499 -4.23189 0.206108
      vertex -9.53112 -4.15147 0.206108
      vertex -9.44109 -4.20345 0.128428
    endloop
  endfacet
  facet normal -0.862527 0.090821 -0.497794
    outer loop
      vertex -10.0009 -2.53754 0.206108
      vertex -10.062 -2.62164 0.296632
      vertex -10.052 -2.52667 0.296632
    endloop
  endfacet
  facet normal -0.824859 0.267959 -0.497802
    outer loop
      vertex -10.0009 -2.53754 0.206108
      vertex -10.052 -2.52667 0.296632
      vertex -10.0225 -2.43586 0.296632
    endloop
  endfacet
  facet normal -0.586686 -0.0617386 -0.807457
    outer loop
      vertex -9.84973 -2.67362 0.066988
      vertex -9.93976 -2.62164 0.128428
      vertex -9.8552 -2.62164 0.066988
    endloop
  endfacet
  facet normal -0.945878 0.307381 -0.104071
    outer loop
      vertex -10.0836 -2.51996 0.396045
      vertex -10.0943 -2.51769 0.5
      vertex -10.052 -2.42272 0.396045
    endloop
  endfacet
  facet normal -0.945895 0.307306 -0.104146
    outer loop
      vertex -10.052 -2.42272 0.396045
      vertex -10.0943 -2.51769 0.5
      vertex -10.062 -2.41827 0.5
    endloop
  endfacet
  facet normal -0.861419 0.497103 -0.104144
    outer loop
      vertex -10.052 -2.42272 0.396045
      vertex -10.062 -2.41827 0.5
      vertex -10.0009 -2.33417 0.396045
    endloop
  endfacet
  facet normal -0.824804 -0.267911 -0.497918
    outer loop
      vertex -9.55274 -4.25315 0.296632
      vertex -9.58224 -4.16233 0.296632
      vertex -9.53112 -4.15147 0.206108
    endloop
  endfacet
  facet normal -0.561016 -0.182265 -0.80749
    outer loop
      vertex -9.83358 -2.72333 0.066988
      vertex -9.91084 -2.75772 0.128428
      vertex -9.84973 -2.67362 0.066988
    endloop
  endfacet
  facet normal -0.861209 0.497583 0.103588
    outer loop
      vertex -10.0097 -2.32775 15.5
      vertex -10.062 -2.41827 15.5
      vertex -10.0009 -2.33417 15.604
    endloop
  endfacet
  facet normal -0.823977 0.475954 0.307458
    outer loop
      vertex -9.97473 -2.35316 15.7034
      vertex -10.052 -2.42272 15.604
      vertex -10.0225 -2.43586 15.7034
    endloop
  endfacet
  facet normal -0.824075 0.475553 0.307815
    outer loop
      vertex -10.0009 -2.33417 15.604
      vertex -10.052 -2.42272 15.604
      vertex -9.97473 -2.35316 15.7034
    endloop
  endfacet
  facet normal 0.510655 -0.294826 0.807657
    outer loop
      vertex 9.44109 -4.20345 15.8716
      vertex 9.36384 -4.16905 15.933
      vertex 9.40612 -4.26402 15.8716
    endloop
  endfacet
  facet normal 0.750997 -0.433617 -0.497976
    outer loop
      vertex 9.55274 -4.25315 0.296632
      vertex 9.50499 -4.33585 0.296632
      vertex 9.50499 -4.23189 0.206108
    endloop
  endfacet
  facet normal 0.866025 -0.500001 0
    outer loop
      vertex 8.54694 -6.08122 15.5
      vertex 9.59223 -4.27073 0.5
      vertex 9.59223 -4.27073 15.5
    endloop
  endfacet
  facet normal 0.866025 -0.500001 0
    outer loop
      vertex 9.59223 -4.27073 0.5
      vertex 8.54694 -6.08122 15.5
      vertex 8.54694 -6.08122 0.5
    endloop
  endfacet
  facet normal 0.739135 -0.665488 -0.103952
    outer loop
      vertex 8.49468 -6.17174 0.5
      vertex 8.42474 -6.24942 0.5
      vertex 8.48584 -6.16532 0.396045
    endloop
  endfacet
  facet normal 0.644432 -0.580316 -0.497937
    outer loop
      vertex 8.39581 -6.2173 0.296632
      vertex 8.36084 -6.17846 0.206108
      vertex 8.45971 -6.14634 0.296632
    endloop
  endfacet
  facet normal 0.55362 -0.49847 -0.667108
    outer loop
      vertex 8.41742 -6.11562 0.206108
      vertex 8.36084 -6.17846 0.206108
      vertex 8.36084 -6.0745 0.128428
    endloop
  endfacet
  facet normal 0.438366 -0.394687 -0.807501
    outer loop
      vertex 7.42263 -7.11649 0.128428
      vertex 7.31924 -7.10562 0.066988
      vertex 7.35421 -7.06678 0.066988
    endloop
  endfacet
  facet normal 0.644453 -0.580254 -0.497982
    outer loop
      vertex 8.45971 -6.14634 0.296632
      vertex 8.36084 -6.17846 0.206108
      vertex 8.41742 -6.11562 0.206108
    endloop
  endfacet
  facet normal 0.824804 -0.267911 -0.497918
    outer loop
      vertex 9.55274 -4.25315 0.296632
      vertex 9.53112 -4.15147 0.206108
      vertex 9.58224 -4.16233 0.296632
    endloop
  endfacet
  facet normal 0.945897 -0.307338 -0.104027
    outer loop
      vertex 9.59223 -4.27073 0.5
      vertex 9.58224 -4.26629 0.396045
      vertex 9.62453 -4.17132 0.5
    endloop
  endfacet
  facet normal 0.945884 -0.307354 -0.104098
    outer loop
      vertex 9.62453 -4.17132 0.5
      vertex 10.052 -2.82057 0.396045
      vertex 10.0943 -2.7256 0.5
    endloop
  endfacet
  facet normal 0.945895 -0.307351 -0.104014
    outer loop
      vertex 10.052 -2.82057 0.396045
      vertex 9.62453 -4.17132 0.5
      vertex 9.58224 -4.26629 0.396045
    endloop
  endfacet
  facet normal 0.743161 -0.669113 0
    outer loop
      vertex 8.42474 -6.24942 15.5
      vertex 8.49468 -6.17174 0.5
      vertex 8.49468 -6.17174 15.5
    endloop
  endfacet
  facet normal 0.743161 -0.669113 0
    outer loop
      vertex 8.49468 -6.17174 0.5
      vertex 8.42474 -6.24942 15.5
      vertex 8.42474 -6.24942 0.5
    endloop
  endfacet
  facet normal 0.181546 -0.104815 0.977781
    outer loop
      vertex 9.1832 -4.08862 15.9973
      vertex 8.23132 -5.9407 15.9755
      vertex 9.2766 -4.13021 15.9755
    endloop
  endfacet
  facet normal 0.181546 -0.104815 0.977781
    outer loop
      vertex 8.23132 -5.9407 15.9755
      vertex 9.1832 -4.08862 15.9973
      vertex 8.13792 -5.89911 15.9973
    endloop
  endfacet
  facet normal -0.388501 0.126243 0.912759
    outer loop
      vertex -9.83358 -2.51996 15.933
      vertex -9.84973 -2.56966 15.933
      vertex -9.74635 -2.5588 15.9755
    endloop
  endfacet
  facet normal 0.946302 -0.0995716 0.307568
    outer loop
      vertex 10.0943 -2.62164 15.604
      vertex 10.052 -2.71661 15.7034
      vertex 10.0836 -2.72333 15.604
    endloop
  endfacet
  facet normal 0.951051 -0.309033 0
    outer loop
      vertex 9.62453 -4.17132 15.5
      vertex 10.0943 -2.7256 0.5
      vertex 10.0943 -2.7256 15.5
    endloop
  endfacet
  facet normal 0.951051 -0.309033 0
    outer loop
      vertex 10.0943 -2.7256 0.5
      vertex 9.62453 -4.17132 15.5
      vertex 9.62453 -4.17132 0.5
    endloop
  endfacet
  facet normal 0.824077 -0.47574 0.30752
    outer loop
      vertex 9.58224 -4.26629 15.604
      vertex 9.50499 -4.33585 15.7034
      vertex 9.53112 -4.35484 15.604
    endloop
  endfacet
  facet normal 0.904961 -0.29405 0.30754
    outer loop
      vertex 9.58224 -4.16233 15.7034
      vertex 10.052 -2.82057 15.604
      vertex 10.052 -2.71661 15.7034
    endloop
  endfacet
  facet normal 0.904961 -0.29405 0.30754
    outer loop
      vertex 10.052 -2.82057 15.604
      vertex 9.58224 -4.16233 15.7034
      vertex 9.58224 -4.26629 15.604
    endloop
  endfacet
  facet normal 0.750828 0.433701 0.498157
    outer loop
      vertex 9.97473 -2.35316 15.7034
      vertex 9.97473 -2.45711 15.7939
      vertex 10.0225 -2.43586 15.7034
    endloop
  endfacet
  facet normal 0.989112 0.104086 0.104036
    outer loop
      vertex 10.0943 -2.51769 15.5
      vertex 10.0836 -2.51996 15.604
      vertex 10.0943 -2.62164 15.604
    endloop
  endfacet
  facet normal 0.989107 0.104086 -0.104081
    outer loop
      vertex 10.0943 -2.62164 0.396045
      vertex 10.0836 -2.51996 0.396045
      vertex 10.0943 -2.51769 0.5
    endloop
  endfacet
  facet normal 0.707091 0.636746 0.307533
    outer loop
      vertex 9.69253 -2.03974 15.7034
      vertex 10.0009 -2.33417 15.604
      vertex 9.71867 -2.02076 15.604
    endloop
  endfacet
  facet normal 0.707074 0.636642 0.307786
    outer loop
      vertex 10.0009 -2.33417 15.604
      vertex 9.69253 -2.03974 15.7034
      vertex 9.97473 -2.35316 15.7034
    endloop
  endfacet
  facet normal -0.181546 -0.104815 0.977781
    outer loop
      vertex -9.1832 -4.08862 15.9973
      vertex -8.23132 -5.9407 15.9755
      vertex -8.13792 -5.89911 15.9973
    endloop
  endfacet
  facet normal -0.181546 -0.104815 0.977781
    outer loop
      vertex -8.23132 -5.9407 15.9755
      vertex -9.1832 -4.08862 15.9973
      vertex -9.2766 -4.13021 15.9755
    endloop
  endfacet
  facet normal -0.510628 0.294801 0.807683
    outer loop
      vertex -9.80745 -2.4747 15.933
      vertex -9.87587 -2.42499 15.8716
      vertex -9.83358 -2.51996 15.933
    endloop
  endfacet
  facet normal 0.90495 0.294081 0.307542
    outer loop
      vertex 10.052 -2.42272 15.604
      vertex 10.052 -2.52667 15.7034
      vertex 10.0836 -2.51996 15.604
    endloop
  endfacet
  facet normal 0.989184 -0.103714 -0.103719
    outer loop
      vertex 10.1052 -2.62164 0.5
      vertex 10.0943 -2.7256 0.5
      vertex 10.0943 -2.62164 0.396045
    endloop
  endfacet
  facet normal 0.862527 -0.090821 -0.497794
    outer loop
      vertex 10.052 -2.71661 0.296632
      vertex 10.0009 -2.70574 0.206108
      vertex 10.062 -2.62164 0.296632
    endloop
  endfacet
  facet normal 0.553617 0.498471 -0.667109
    outer loop
      vertex 9.59367 -2.11157 0.128428
      vertex 9.87587 -2.32103 0.206108
      vertex 9.87587 -2.42499 0.128428
    endloop
  endfacet
  facet normal 0.553632 0.498505 -0.667071
    outer loop
      vertex 9.87587 -2.32103 0.206108
      vertex 9.59367 -2.11157 0.128428
      vertex 9.65025 -2.07046 0.206108
    endloop
  endfacet
  facet normal 0.824859 0.267959 -0.497802
    outer loop
      vertex 10.052 -2.52667 0.296632
      vertex 10.0009 -2.53754 0.206108
      vertex 10.0225 -2.43586 0.296632
    endloop
  endfacet
  facet normal -0.18101 0.104479 -0.977916
    outer loop
      vertex -9.65294 -2.60038 0.00273991
      vertex -9.74635 -2.5588 0.0244722
      vertex -9.7302 -2.53082 0.0244722
    endloop
  endfacet
  facet normal 0.303657 -0.273418 -0.912707
    outer loop
      vertex 8.29242 -6.0248 0.066988
      vertex 8.19356 -5.99267 0.0244722
      vertex 8.21517 -5.96867 0.0244722
    endloop
  endfacet
  facet normal 0 0 -1
    outer loop
      vertex 9.65632 -2.63251 0.00273991
      vertex 9.65632 -2.61078 0.00273991
      vertex 9.65746 -2.62164 0.00273991
    endloop
  endfacet
  facet normal 0 0 -1
    outer loop
      vertex 9.65294 -2.6429 0.00273991
      vertex 9.65632 -2.61078 0.00273991
      vertex 9.65632 -2.63251 0.00273991
    endloop
  endfacet
  facet normal 0 0 -1
    outer loop
      vertex 9.65294 -2.6429 0.00273991
      vertex 9.65294 -2.60038 0.00273991
      vertex 9.65632 -2.61078 0.00273991
    endloop
  endfacet
  facet normal 0 0 -1
    outer loop
      vertex 9.65294 -2.6429 0.00273991
      vertex 9.64748 -2.59092 0.00273991
      vertex 9.65294 -2.60038 0.00273991
    endloop
  endfacet
  facet normal 0 0 -1
    outer loop
      vertex 9.65294 -2.6429 0.00273991
      vertex 9.64017 -2.5828 0.00273991
      vertex 9.64748 -2.59092 0.00273991
    endloop
  endfacet
  facet normal 0 0 -1
    outer loop
      vertex 9.65294 -2.6429 0.00273991
      vertex 9.36528 -2.27751 0.00273991
      vertex 9.64017 -2.5828 0.00273991
    endloop
  endfacet
  facet normal 0 0 -1
    outer loop
      vertex 9.1832 -4.08862 0.00273991
      vertex 9.36528 -2.27751 0.00273991
      vertex 9.65294 -2.6429 0.00273991
    endloop
  endfacet
  facet normal 0 0 -1
    outer loop
      vertex 6.78604 -2.86101 0.00273991
      vertex 9.36528 -2.27751 0.00273991
      vertex 9.1832 -4.08862 0.00273991
    endloop
  endfacet
  facet normal -0 0 -1
    outer loop
      vertex 9.36528 -2.27751 0.00273991
      vertex 6.78604 -2.86101 0.00273991
      vertex 8.96026 -1.57599 0.00273991
    endloop
  endfacet
  facet normal -0 0 -1
    outer loop
      vertex 8.96026 -1.57599 0.00273991
      vertex 6.78604 -2.86101 0.00273991
      vertex 7.21719 -1.53406 0.00273991
    endloop
  endfacet
  facet normal 0 0 -1
    outer loop
      vertex 6.78604 -2.86101 0.00273991
      vertex 9.1832 -4.08862 0.00273991
      vertex 8.13792 -5.89911 0.00273991
    endloop
  endfacet
  facet normal 0 0 -1
    outer loop
      vertex 9.65632 2.61078 0.00273991
      vertex 9.65632 2.63251 0.00273991
      vertex 9.65746 2.62164 0.00273991
    endloop
  endfacet
  facet normal 0 0 -1
    outer loop
      vertex 9.65294 2.60038 0.00273991
      vertex 9.65632 2.63251 0.00273991
      vertex 9.65632 2.61078 0.00273991
    endloop
  endfacet
  facet normal 0 0 -1
    outer loop
      vertex 9.65294 2.60038 0.00273991
      vertex 9.65294 2.6429 0.00273991
      vertex 9.65632 2.63251 0.00273991
    endloop
  endfacet
  facet normal 0 0 -1
    outer loop
      vertex 9.64748 2.59092 0.00273991
      vertex 9.65294 2.6429 0.00273991
      vertex 9.65294 2.60038 0.00273991
    endloop
  endfacet
  facet normal 0 0 -1
    outer loop
      vertex 9.64017 2.5828 0.00273991
      vertex 9.65294 2.6429 0.00273991
      vertex 9.64748 2.59092 0.00273991
    endloop
  endfacet
  facet normal 0 0 -1
    outer loop
      vertex 9.36528 2.27751 0.00273991
      vertex 9.65294 2.6429 0.00273991
      vertex 9.64017 2.5828 0.00273991
    endloop
  endfacet
  facet normal 0 0 -1
    outer loop
      vertex 9.36528 2.27751 0.00273991
      vertex 9.1832 4.08862 0.00273991
      vertex 9.65294 2.6429 0.00273991
    endloop
  endfacet
  facet normal 0 0 -1
    outer loop
      vertex 6.78604 2.86101 0.00273991
      vertex 9.36528 2.27751 0.00273991
      vertex 8.96026 1.57599 0.00273991
    endloop
  endfacet
  facet normal 0 0 -1
    outer loop
      vertex 7.23258 1.3876 0.00273991
      vertex 8.96026 1.57599 0.00273991
      vertex 8.70994 0.805602 0.00273991
    endloop
  endfacet
  facet normal 0 0 -1
    outer loop
      vertex 6.78604 2.86101 0.00273991
      vertex 8.96026 1.57599 0.00273991
      vertex 7.21719 1.53406 0.00273991
    endloop
  endfacet
  facet normal 0 0 -1
    outer loop
      vertex 7.37842 0 0.00273991
      vertex 8.70994 0.805602 0.00273991
      vertex 8.62527 0 0.00273991
    endloop
  endfacet
  facet normal 0 0 -1
    outer loop
      vertex 8.96026 -1.57599 0.00273991
      vertex 7.23258 -1.3876 0.00273991
      vertex 8.70994 -0.805602 0.00273991
    endloop
  endfacet
  facet normal 0 0 -1
    outer loop
      vertex 8.12514 -5.91669 0.00273991
      vertex 8.13792 -5.89911 0.00273991
      vertex 8.13245 -5.90857 0.00273991
    endloop
  endfacet
  facet normal -0 0 -1
    outer loop
      vertex 8.70994 0.805602 0.00273991
      vertex 7.37842 0 0.00273991
      vertex 7.23258 1.3876 0.00273991
    endloop
  endfacet
  facet normal -0 0 -1
    outer loop
      vertex 8.13792 -5.89911 0.00273991
      vertex 8.12514 -5.91669 0.00273991
      vertex 5.96927 -4.33693 0.00273991
    endloop
  endfacet
  facet normal 0 0 -1
    outer loop
      vertex 8.96026 1.57599 0.00273991
      vertex 7.23258 1.3876 0.00273991
      vertex 7.21719 1.53406 0.00273991
    endloop
  endfacet
  facet normal 0 0 -1
    outer loop
      vertex 9.36528 2.27751 0.00273991
      vertex 6.78604 2.86101 0.00273991
      vertex 9.1832 4.08862 0.00273991
    endloop
  endfacet
  facet normal 0 0 -1
    outer loop
      vertex 8.70994 -0.805602 0.00273991
      vertex 7.37842 0 0.00273991
      vertex 8.62527 0 0.00273991
    endloop
  endfacet
  facet normal 0 -0 -1
    outer loop
      vertex 7.37842 0 0.00273991
      vertex 8.70994 -0.805602 0.00273991
      vertex 7.23258 -1.3876 0.00273991
    endloop
  endfacet
  facet normal 0 0 -1
    outer loop
      vertex 6.65502 -6.97182 0.00273991
      vertex 8.12514 -5.91669 0.00273991
      vertex 7.18693 -6.95868 0.00273991
    endloop
  endfacet
  facet normal 0 0 -1
    outer loop
      vertex 7.05686 -7.05723 0.00273991
      vertex 7.18693 -6.95868 0.00273991
      vertex 7.10798 -7.04636 0.00273991
    endloop
  endfacet
  facet normal 0 0 -1
    outer loop
      vertex 7.05686 -7.05723 0.00273991
      vertex 7.10798 -7.04636 0.00273991
      vertex 7.09914 -7.05278 0.00273991
    endloop
  endfacet
  facet normal 0 0 -1
    outer loop
      vertex 7.05686 -7.05723 0.00273991
      vertex 7.09914 -7.05278 0.00273991
      vertex 7.08916 -7.05723 0.00273991
    endloop
  endfacet
  facet normal 0 0 -1
    outer loop
      vertex 7.05686 -7.05723 0.00273991
      vertex 7.08916 -7.05723 0.00273991
      vertex 7.07847 -7.0595 0.00273991
    endloop
  endfacet
  facet normal 0 0 -1
    outer loop
      vertex 7.05686 -7.05723 0.00273991
      vertex 7.07847 -7.0595 0.00273991
      vertex 7.06754 -7.0595 0.00273991
    endloop
  endfacet
  facet normal 0 0 -1
    outer loop
      vertex 7.18693 -6.95868 0.00273991
      vertex 7.05686 -7.05723 0.00273991
      vertex 6.65502 -6.97182 0.00273991
    endloop
  endfacet
  facet normal 0 -0 -1
    outer loop
      vertex 7.23258 -1.3876 0.00273991
      vertex 8.96026 -1.57599 0.00273991
      vertex 7.21719 -1.53406 0.00273991
    endloop
  endfacet
  facet normal 0 0 -1
    outer loop
      vertex 8.13792 -5.89911 0.00273991
      vertex 6.74053 -3.00108 0.00273991
      vertex 6.78604 -2.86101 0.00273991
    endloop
  endfacet
  facet normal 0 0 -1
    outer loop
      vertex 8.13792 -5.89911 0.00273991
      vertex 6.66689 -3.12862 0.00273991
      vertex 6.74053 -3.00108 0.00273991
    endloop
  endfacet
  facet normal -0 0 -1
    outer loop
      vertex 8.12514 -5.91669 0.00273991
      vertex 6.65502 -6.97182 0.00273991
      vertex 5.96927 -4.33693 0.00273991
    endloop
  endfacet
  facet normal 0 0 -1
    outer loop
      vertex 8.13792 -5.89911 0.00273991
      vertex 5.96927 -4.33693 0.00273991
      vertex 6.66689 -3.12862 0.00273991
    endloop
  endfacet
  facet normal 0 0 -1
    outer loop
      vertex 5.03567 -5.37379 0.00273991
      vertex 6.65502 -6.97182 0.00273991
      vertex 5.84498 -6.97182 0.00273991
    endloop
  endfacet
  facet normal 0 0 -1
    outer loop
      vertex 4.81799 -5.5698 0.00273991
      vertex 5.84498 -6.97182 0.00273991
      vertex 5.05264 -7.14023 0.00273991
    endloop
  endfacet
  facet normal 0 0 -1
    outer loop
      vertex 6.65502 -6.97182 0.00273991
      vertex 5.03567 -5.37379 0.00273991
      vertex 5.96927 -4.33693 0.00273991
    endloop
  endfacet
  facet normal 0 0 -1
    outer loop
      vertex 5.84498 -6.97182 0.00273991
      vertex 4.93713 -5.48324 0.00273991
      vertex 5.03567 -5.37379 0.00273991
    endloop
  endfacet
  facet normal 0 0 -1
    outer loop
      vertex 5.84498 -6.97182 0.00273991
      vertex 4.81799 -5.5698 0.00273991
      vertex 4.93713 -5.48324 0.00273991
    endloop
  endfacet
  facet normal 0 0 -1
    outer loop
      vertex 3.68921 -6.3899 0.00273991
      vertex 5.05264 -7.14023 0.00273991
      vertex 4.31264 -7.4697 0.00273991
    endloop
  endfacet
  facet normal 0 0 -1
    outer loop
      vertex 5.05264 -7.14023 0.00273991
      vertex 3.68921 -6.3899 0.00273991
      vertex 4.81799 -5.5698 0.00273991
    endloop
  endfacet
  facet normal 0 0 -1
    outer loop
      vertex 3.6573 -7.94583 0.00273991
      vertex 3.68921 -6.3899 0.00273991
      vertex 4.31264 -7.4697 0.00273991
    endloop
  endfacet
  facet normal 0 0 -1
    outer loop
      vertex 2.4146 -6.9574 0.00273991
      vertex 3.6573 -7.94583 0.00273991
      vertex 3.11528 -8.54781 0.00273991
    endloop
  endfacet
  facet normal 0 0 -1
    outer loop
      vertex 2.13601 -7.04792 0.00273991
      vertex 3.11528 -8.54781 0.00273991
      vertex 2.71026 -9.24932 0.00273991
    endloop
  endfacet
  facet normal 0 0 -1
    outer loop
      vertex 2.54834 -9.67887 0.00273991
      vertex 2.57993 -9.65042 0.00273991
      vertex 2.57447 -9.65989 0.00273991
    endloop
  endfacet
  facet normal 0 0 -1
    outer loop
      vertex 2.54834 -9.67887 0.00273991
      vertex 2.57447 -9.65989 0.00273991
      vertex 2.56716 -9.66801 0.00273991
    endloop
  endfacet
  facet normal 0 0 -1
    outer loop
      vertex 2.54834 -9.67887 0.00273991
      vertex 2.56716 -9.66801 0.00273991
      vertex 2.55832 -9.67443 0.00273991
    endloop
  endfacet
  facet normal -0 0 -1
    outer loop
      vertex 2.57993 -9.65042 0.00273991
      vertex 2.54834 -9.67887 0.00273991
      vertex 2.71026 -9.24932 0.00273991
    endloop
  endfacet
  facet normal 0 0 -1
    outer loop
      vertex 1.06143 -9.99492 0.00273991
      vertex 2.71026 -9.24932 0.00273991
      vertex 2.54834 -9.67887 0.00273991
    endloop
  endfacet
  facet normal 0 0 -1
    outer loop
      vertex 3.6573 -7.94583 0.00273991
      vertex 2.4146 -6.9574 0.00273991
      vertex 3.68921 -6.3899 0.00273991
    endloop
  endfacet
  facet normal 0 0 -1
    outer loop
      vertex 3.11528 -8.54781 0.00273991
      vertex 2.28006 -7.0173 0.00273991
      vertex 2.4146 -6.9574 0.00273991
    endloop
  endfacet
  facet normal 0 0 -1
    outer loop
      vertex 3.11528 -8.54781 0.00273991
      vertex 2.13601 -7.04792 0.00273991
      vertex 2.28006 -7.0173 0.00273991
    endloop
  endfacet
  facet normal -0 0 -1
    outer loop
      vertex 2.71026 -9.24932 0.00273991
      vertex 1.06143 -9.99492 0.00273991
      vertex 0.771255 -7.338 0.00273991
    endloop
  endfacet
  facet normal 0 0 -1
    outer loop
      vertex 0.771255 -7.338 0.00273991
      vertex 1.06143 -9.99492 0.00273991
      vertex 1.05075 -9.9972 0.00273991
    endloop
  endfacet
  facet normal 0 0 -1
    outer loop
      vertex 2.71026 -9.24932 0.00273991
      vertex 0.771255 -7.338 0.00273991
      vertex 2.13601 -7.04792 0.00273991
    endloop
  endfacet
  facet normal 0 0 -1
    outer loop
      vertex 1.05075 -9.9972 0.00273991
      vertex -0.771255 -7.338 0.00273991
      vertex 0.771255 -7.338 0.00273991
    endloop
  endfacet
  facet normal 0 0 -1
    outer loop
      vertex -1.05075 -9.9972 0.00273991
      vertex -0.771255 -7.338 0.00273991
      vertex 1.05075 -9.9972 0.00273991
    endloop
  endfacet
  facet normal 0 0 -1
    outer loop
      vertex -1.06143 -9.99492 0.00273991
      vertex -0.771255 -7.338 0.00273991
      vertex -1.05075 -9.9972 0.00273991
    endloop
  endfacet
  facet normal 0 0 -1
    outer loop
      vertex -2.71026 -9.24932 0.00273991
      vertex -0.771255 -7.338 0.00273991
      vertex -1.06143 -9.99492 0.00273991
    endloop
  endfacet
  facet normal -0 0 -1
    outer loop
      vertex -0.771255 -7.338 0.00273991
      vertex -2.71026 -9.24932 0.00273991
      vertex -2.13601 -7.04792 0.00273991
    endloop
  endfacet
  facet normal 0 0 -1
    outer loop
      vertex -3.11528 -8.54781 0.00273991
      vertex -2.13601 -7.04792 0.00273991
      vertex -2.71026 -9.24932 0.00273991
    endloop
  endfacet
  facet normal 0 0 -1
    outer loop
      vertex -2.71026 -9.24932 0.00273991
      vertex -1.06143 -9.99492 0.00273991
      vertex -2.54834 -9.67887 0.00273991
    endloop
  endfacet
  facet normal 0 0 -1
    outer loop
      vertex -2.57993 -9.65042 0.00273991
      vertex -2.54834 -9.67887 0.00273991
      vertex -2.55832 -9.67443 0.00273991
    endloop
  endfacet
  facet normal 0 0 -1
    outer loop
      vertex -2.57993 -9.65042 0.00273991
      vertex -2.55832 -9.67443 0.00273991
      vertex -2.56716 -9.66801 0.00273991
    endloop
  endfacet
  facet normal 0 0 -1
    outer loop
      vertex -2.57993 -9.65042 0.00273991
      vertex -2.56716 -9.66801 0.00273991
      vertex -2.57447 -9.65989 0.00273991
    endloop
  endfacet
  facet normal 0 0 -1
    outer loop
      vertex -2.54834 -9.67887 0.00273991
      vertex -2.57993 -9.65042 0.00273991
      vertex -2.71026 -9.24932 0.00273991
    endloop
  endfacet
  facet normal -0 0 -1
    outer loop
      vertex -2.13601 -7.04792 0.00273991
      vertex -3.11528 -8.54781 0.00273991
      vertex -2.28006 -7.0173 0.00273991
    endloop
  endfacet
  facet normal -0 0 -1
    outer loop
      vertex -2.28006 -7.0173 0.00273991
      vertex -3.11528 -8.54781 0.00273991
      vertex -2.4146 -6.9574 0.00273991
    endloop
  endfacet
  facet normal 0 0 -1
    outer loop
      vertex -3.6573 -7.94583 0.00273991
      vertex -2.4146 -6.9574 0.00273991
      vertex -3.11528 -8.54781 0.00273991
    endloop
  endfacet
  facet normal 0 0 -1
    outer loop
      vertex -3.6573 -7.94583 0.00273991
      vertex -3.68921 -6.3899 0.00273991
      vertex -2.4146 -6.9574 0.00273991
    endloop
  endfacet
  facet normal 0 0 -1
    outer loop
      vertex -4.31264 -7.4697 0.00273991
      vertex -3.68921 -6.3899 0.00273991
      vertex -3.6573 -7.94583 0.00273991
    endloop
  endfacet
  facet normal 0 0 -1
    outer loop
      vertex -5.05264 -7.14023 0.00273991
      vertex -3.68921 -6.3899 0.00273991
      vertex -4.31264 -7.4697 0.00273991
    endloop
  endfacet
  facet normal -0 0 -1
    outer loop
      vertex -3.68921 -6.3899 0.00273991
      vertex -5.05264 -7.14023 0.00273991
      vertex -4.81799 -5.5698 0.00273991
    endloop
  endfacet
  facet normal 0 0 -1
    outer loop
      vertex -5.84498 -6.97182 0.00273991
      vertex -4.81799 -5.5698 0.00273991
      vertex -5.05264 -7.14023 0.00273991
    endloop
  endfacet
  facet normal -0 0 -1
    outer loop
      vertex -4.81799 -5.5698 0.00273991
      vertex -5.84498 -6.97182 0.00273991
      vertex -4.93713 -5.48324 0.00273991
    endloop
  endfacet
  facet normal -0 0 -1
    outer loop
      vertex -4.93713 -5.48324 0.00273991
      vertex -5.84498 -6.97182 0.00273991
      vertex -5.03567 -5.37379 0.00273991
    endloop
  endfacet
  facet normal 0 0 -1
    outer loop
      vertex -6.65502 -6.97182 0.00273991
      vertex -5.03567 -5.37379 0.00273991
      vertex -5.84498 -6.97182 0.00273991
    endloop
  endfacet
  facet normal -0 0 -1
    outer loop
      vertex -5.03567 -5.37379 0.00273991
      vertex -6.65502 -6.97182 0.00273991
      vertex -5.96927 -4.33693 0.00273991
    endloop
  endfacet
  facet normal 0 0 -1
    outer loop
      vertex -8.12514 -5.91669 0.00273991
      vertex -5.96927 -4.33693 0.00273991
      vertex -6.65502 -6.97182 0.00273991
    endloop
  endfacet
  facet normal 0 0 -1
    outer loop
      vertex -8.13792 -5.89911 0.00273991
      vertex -5.96927 -4.33693 0.00273991
      vertex -8.12514 -5.91669 0.00273991
    endloop
  endfacet
  facet normal -0 0 -1
    outer loop
      vertex -5.96927 -4.33693 0.00273991
      vertex -8.13792 -5.89911 0.00273991
      vertex -6.66689 -3.12862 0.00273991
    endloop
  endfacet
  facet normal 0 0 -1
    outer loop
      vertex -7.18693 -6.95868 0.00273991
      vertex -6.65502 -6.97182 0.00273991
      vertex -7.05686 -7.05723 0.00273991
    endloop
  endfacet
  facet normal 0 0 -1
    outer loop
      vertex -7.10798 -7.04636 0.00273991
      vertex -7.05686 -7.05723 0.00273991
      vertex -7.06754 -7.0595 0.00273991
    endloop
  endfacet
  facet normal 0 0 -1
    outer loop
      vertex -7.10798 -7.04636 0.00273991
      vertex -7.06754 -7.0595 0.00273991
      vertex -7.07847 -7.0595 0.00273991
    endloop
  endfacet
  facet normal 0 0 -1
    outer loop
      vertex -7.10798 -7.04636 0.00273991
      vertex -7.07847 -7.0595 0.00273991
      vertex -7.08916 -7.05723 0.00273991
    endloop
  endfacet
  facet normal 0 0 -1
    outer loop
      vertex -7.10798 -7.04636 0.00273991
      vertex -7.08916 -7.05723 0.00273991
      vertex -7.09914 -7.05278 0.00273991
    endloop
  endfacet
  facet normal 0 0 -1
    outer loop
      vertex -7.05686 -7.05723 0.00273991
      vertex -7.10798 -7.04636 0.00273991
      vertex -7.18693 -6.95868 0.00273991
    endloop
  endfacet
  facet normal 0 0 -1
    outer loop
      vertex -8.12514 -5.91669 0.00273991
      vertex -6.65502 -6.97182 0.00273991
      vertex -7.18693 -6.95868 0.00273991
    endloop
  endfacet
  facet normal 0 0 -1
    outer loop
      vertex -9.1832 -4.08862 0.00273991
      vertex -6.66689 -3.12862 0.00273991
      vertex -8.13792 -5.89911 0.00273991
    endloop
  endfacet
  facet normal -0 0 -1
    outer loop
      vertex -6.66689 -3.12862 0.00273991
      vertex -9.1832 -4.08862 0.00273991
      vertex -6.74053 -3.00108 0.00273991
    endloop
  endfacet
  facet normal -0 0 -1
    outer loop
      vertex -6.74053 -3.00108 0.00273991
      vertex -9.1832 -4.08862 0.00273991
      vertex -6.78604 -2.86101 0.00273991
    endloop
  endfacet
  facet normal 0 0 -1
    outer loop
      vertex -9.36528 -2.27751 0.00273991
      vertex -6.78604 -2.86101 0.00273991
      vertex -9.1832 -4.08862 0.00273991
    endloop
  endfacet
  facet normal 0 0 -1
    outer loop
      vertex -7.21719 1.53406 0.00273991
      vertex -8.96026 1.57599 0.00273991
      vertex -6.78604 2.86101 0.00273991
    endloop
  endfacet
  facet normal 0 0 -1
    outer loop
      vertex -9.36528 2.27751 0.00273991
      vertex -6.78604 2.86101 0.00273991
      vertex -8.96026 1.57599 0.00273991
    endloop
  endfacet
  facet normal 0 0 -1
    outer loop
      vertex -6.78604 2.86101 0.00273991
      vertex -9.1832 4.08862 0.00273991
      vertex -8.13792 5.89911 0.00273991
    endloop
  endfacet
  facet normal -0 0 -1
    outer loop
      vertex -6.78604 2.86101 0.00273991
      vertex -9.36528 2.27751 0.00273991
      vertex -9.1832 4.08862 0.00273991
    endloop
  endfacet
  facet normal 0 0 -1
    outer loop
      vertex -9.65294 2.6429 0.00273991
      vertex -9.36528 2.27751 0.00273991
      vertex -9.64017 2.5828 0.00273991
    endloop
  endfacet
  facet normal 0 0 -1
    outer loop
      vertex -9.65294 2.6429 0.00273991
      vertex -9.64017 2.5828 0.00273991
      vertex -9.64748 2.59092 0.00273991
    endloop
  endfacet
  facet normal 0 0 -1
    outer loop
      vertex -9.65294 2.6429 0.00273991
      vertex -9.64748 2.59092 0.00273991
      vertex -9.65294 2.60038 0.00273991
    endloop
  endfacet
  facet normal 0 0 -1
    outer loop
      vertex -9.36528 2.27751 0.00273991
      vertex -9.65294 2.6429 0.00273991
      vertex -9.1832 4.08862 0.00273991
    endloop
  endfacet
  facet normal 0 0 -1
    outer loop
      vertex -9.65632 2.61078 0.00273991
      vertex -9.65294 2.6429 0.00273991
      vertex -9.65294 2.60038 0.00273991
    endloop
  endfacet
  facet normal 0 0 -1
    outer loop
      vertex -9.65632 2.61078 0.00273991
      vertex -9.65632 2.63251 0.00273991
      vertex -9.65294 2.6429 0.00273991
    endloop
  endfacet
  facet normal 0 -0 -1
    outer loop
      vertex -9.65632 2.63251 0.00273991
      vertex -9.65632 2.61078 0.00273991
      vertex -9.65746 2.62164 0.00273991
    endloop
  endfacet
  facet normal 0 0 -1
    outer loop
      vertex 6.74053 3.00108 0.00273991
      vertex 9.1832 4.08862 0.00273991
      vertex 6.78604 2.86101 0.00273991
    endloop
  endfacet
  facet normal 0 0 -1
    outer loop
      vertex 6.66689 3.12862 0.00273991
      vertex 9.1832 4.08862 0.00273991
      vertex 6.74053 3.00108 0.00273991
    endloop
  endfacet
  facet normal -0 0 -1
    outer loop
      vertex 9.1832 4.08862 0.00273991
      vertex 6.66689 3.12862 0.00273991
      vertex 8.13792 5.89911 0.00273991
    endloop
  endfacet
  facet normal 0 0 -1
    outer loop
      vertex 5.96927 4.33693 0.00273991
      vertex 8.13792 5.89911 0.00273991
      vertex 6.66689 3.12862 0.00273991
    endloop
  endfacet
  facet normal 0 -0 -1
    outer loop
      vertex 8.12514 5.91669 0.00273991
      vertex 8.13792 5.89911 0.00273991
      vertex 5.96927 4.33693 0.00273991
    endloop
  endfacet
  facet normal 0 0 -1
    outer loop
      vertex 8.13792 5.89911 0.00273991
      vertex 8.12514 5.91669 0.00273991
      vertex 8.13245 5.90857 0.00273991
    endloop
  endfacet
  facet normal 0 -0 -1
    outer loop
      vertex 6.65502 6.97182 0.00273991
      vertex 8.12514 5.91669 0.00273991
      vertex 5.96927 4.33693 0.00273991
    endloop
  endfacet
  facet normal 0 0 -1
    outer loop
      vertex 8.12514 5.91669 0.00273991
      vertex 6.65502 6.97182 0.00273991
      vertex 7.18693 6.95868 0.00273991
    endloop
  endfacet
  facet normal 0 -0 -1
    outer loop
      vertex 7.05686 7.05723 0.00273991
      vertex 7.18693 6.95868 0.00273991
      vertex 6.65502 6.97182 0.00273991
    endloop
  endfacet
  facet normal 0 0 -1
    outer loop
      vertex 7.18693 6.95868 0.00273991
      vertex 7.05686 7.05723 0.00273991
      vertex 7.10798 7.04636 0.00273991
    endloop
  endfacet
  facet normal 0 0 -1
    outer loop
      vertex 7.10798 7.04636 0.00273991
      vertex 7.05686 7.05723 0.00273991
      vertex 7.09914 7.05278 0.00273991
    endloop
  endfacet
  facet normal 0 0 -1
    outer loop
      vertex 7.08916 7.05723 0.00273991
      vertex 7.05686 7.05723 0.00273991
      vertex 7.07847 7.0595 0.00273991
    endloop
  endfacet
  facet normal -0 0 -1
    outer loop
      vertex 7.07847 7.0595 0.00273991
      vertex 7.05686 7.05723 0.00273991
      vertex 7.06754 7.0595 0.00273991
    endloop
  endfacet
  facet normal 0 0 -1
    outer loop
      vertex 7.09914 7.05278 0.00273991
      vertex 7.05686 7.05723 0.00273991
      vertex 7.08916 7.05723 0.00273991
    endloop
  endfacet
  facet normal 0 0 -1
    outer loop
      vertex 5.03567 5.37379 0.00273991
      vertex 6.65502 6.97182 0.00273991
      vertex 5.96927 4.33693 0.00273991
    endloop
  endfacet
  facet normal -0 0 -1
    outer loop
      vertex 6.65502 6.97182 0.00273991
      vertex 5.03567 5.37379 0.00273991
      vertex 5.84498 6.97182 0.00273991
    endloop
  endfacet
  facet normal 0 0 -1
    outer loop
      vertex 4.93713 5.48324 0.00273991
      vertex 5.84498 6.97182 0.00273991
      vertex 5.03567 5.37379 0.00273991
    endloop
  endfacet
  facet normal 0 0 -1
    outer loop
      vertex 4.81799 5.5698 0.00273991
      vertex 5.84498 6.97182 0.00273991
      vertex 4.93713 5.48324 0.00273991
    endloop
  endfacet
  facet normal -0 0 -1
    outer loop
      vertex 5.84498 6.97182 0.00273991
      vertex 4.81799 5.5698 0.00273991
      vertex 5.05264 7.14023 0.00273991
    endloop
  endfacet
  facet normal 0 0 -1
    outer loop
      vertex 3.68921 6.3899 0.00273991
      vertex 5.05264 7.14023 0.00273991
      vertex 4.81799 5.5698 0.00273991
    endloop
  endfacet
  facet normal -0 0 -1
    outer loop
      vertex 5.05264 7.14023 0.00273991
      vertex 3.68921 6.3899 0.00273991
      vertex 4.31264 7.4697 0.00273991
    endloop
  endfacet
  facet normal 0 0 -1
    outer loop
      vertex 3.68921 6.3899 0.00273991
      vertex 3.6573 7.94583 0.00273991
      vertex 4.31264 7.4697 0.00273991
    endloop
  endfacet
  facet normal 0 0 -1
    outer loop
      vertex 2.4146 6.9574 0.00273991
      vertex 3.6573 7.94583 0.00273991
      vertex 3.68921 6.3899 0.00273991
    endloop
  endfacet
  facet normal -0 0 -1
    outer loop
      vertex 3.6573 7.94583 0.00273991
      vertex 2.4146 6.9574 0.00273991
      vertex 3.11528 8.54781 0.00273991
    endloop
  endfacet
  facet normal 0 0 -1
    outer loop
      vertex 2.54834 9.67887 0.00273991
      vertex 2.57993 9.65042 0.00273991
      vertex 2.71026 9.24932 0.00273991
    endloop
  endfacet
  facet normal 0 0 -1
    outer loop
      vertex 2.57993 9.65042 0.00273991
      vertex 2.54834 9.67887 0.00273991
      vertex 2.57447 9.65989 0.00273991
    endloop
  endfacet
  facet normal 0 0 -1
    outer loop
      vertex 2.57447 9.65989 0.00273991
      vertex 2.54834 9.67887 0.00273991
      vertex 2.56716 9.66801 0.00273991
    endloop
  endfacet
  facet normal 0 0 -1
    outer loop
      vertex 2.28006 7.0173 0.00273991
      vertex 3.11528 8.54781 0.00273991
      vertex 2.4146 6.9574 0.00273991
    endloop
  endfacet
  facet normal 0 0 -1
    outer loop
      vertex 2.13601 7.04792 0.00273991
      vertex 3.11528 8.54781 0.00273991
      vertex 2.28006 7.0173 0.00273991
    endloop
  endfacet
  facet normal -0 0 -1
    outer loop
      vertex 3.11528 8.54781 0.00273991
      vertex 2.13601 7.04792 0.00273991
      vertex 2.71026 9.24932 0.00273991
    endloop
  endfacet
  facet normal 0 0 -1
    outer loop
      vertex 0.771255 7.338 0.00273991
      vertex 2.71026 9.24932 0.00273991
      vertex 2.13601 7.04792 0.00273991
    endloop
  endfacet
  facet normal 0 0 -1
    outer loop
      vertex 2.56716 9.66801 0.00273991
      vertex 2.54834 9.67887 0.00273991
      vertex 2.55832 9.67443 0.00273991
    endloop
  endfacet
  facet normal 0 -0 -1
    outer loop
      vertex 1.06143 9.99492 0.00273991
      vertex 2.71026 9.24932 0.00273991
      vertex 0.771255 7.338 0.00273991
    endloop
  endfacet
  facet normal 0 0 -1
    outer loop
      vertex 2.71026 9.24932 0.00273991
      vertex 1.06143 9.99492 0.00273991
      vertex 2.54834 9.67887 0.00273991
    endloop
  endfacet
  facet normal -0 0 -1
    outer loop
      vertex 1.06143 9.99492 0.00273991
      vertex 0.771255 7.338 0.00273991
      vertex 1.05075 9.9972 0.00273991
    endloop
  endfacet
  facet normal 0 0 -1
    outer loop
      vertex -0.771255 7.338 0.00273991
      vertex 1.05075 9.9972 0.00273991
      vertex 0.771255 7.338 0.00273991
    endloop
  endfacet
  facet normal 0 0 -1
    outer loop
      vertex -0.771255 7.338 0.00273991
      vertex -1.05075 9.9972 0.00273991
      vertex 1.05075 9.9972 0.00273991
    endloop
  endfacet
  facet normal 0 0 -1
    outer loop
      vertex -0.771255 7.338 0.00273991
      vertex -1.06143 9.99492 0.00273991
      vertex -1.05075 9.9972 0.00273991
    endloop
  endfacet
  facet normal 0 0 -1
    outer loop
      vertex -2.71026 9.24932 0.00273991
      vertex -0.771255 7.338 0.00273991
      vertex -2.13601 7.04792 0.00273991
    endloop
  endfacet
  facet normal 0 0 -1
    outer loop
      vertex -3.11528 8.54781 0.00273991
      vertex -2.13601 7.04792 0.00273991
      vertex -2.28006 7.0173 0.00273991
    endloop
  endfacet
  facet normal 0 0 -1
    outer loop
      vertex -3.11528 8.54781 0.00273991
      vertex -2.28006 7.0173 0.00273991
      vertex -2.4146 6.9574 0.00273991
    endloop
  endfacet
  facet normal 0 0 -1
    outer loop
      vertex -0.771255 7.338 0.00273991
      vertex -2.71026 9.24932 0.00273991
      vertex -1.06143 9.99492 0.00273991
    endloop
  endfacet
  facet normal 0 0 -1
    outer loop
      vertex -1.06143 9.99492 0.00273991
      vertex -2.71026 9.24932 0.00273991
      vertex -2.54834 9.67887 0.00273991
    endloop
  endfacet
  facet normal 0 -0 -1
    outer loop
      vertex -2.57993 9.65042 0.00273991
      vertex -2.54834 9.67887 0.00273991
      vertex -2.71026 9.24932 0.00273991
    endloop
  endfacet
  facet normal 0 0 -1
    outer loop
      vertex -2.54834 9.67887 0.00273991
      vertex -2.57993 9.65042 0.00273991
      vertex -2.55832 9.67443 0.00273991
    endloop
  endfacet
  facet normal 0 0 -1
    outer loop
      vertex -2.55832 9.67443 0.00273991
      vertex -2.57993 9.65042 0.00273991
      vertex -2.56716 9.66801 0.00273991
    endloop
  endfacet
  facet normal 0 0 -1
    outer loop
      vertex -2.56716 9.66801 0.00273991
      vertex -2.57993 9.65042 0.00273991
      vertex -2.57447 9.65989 0.00273991
    endloop
  endfacet
  facet normal 0 0 -1
    outer loop
      vertex -2.13601 7.04792 0.00273991
      vertex -3.11528 8.54781 0.00273991
      vertex -2.71026 9.24932 0.00273991
    endloop
  endfacet
  facet normal 0 0 -1
    outer loop
      vertex -2.4146 6.9574 0.00273991
      vertex -3.6573 7.94583 0.00273991
      vertex -3.11528 8.54781 0.00273991
    endloop
  endfacet
  facet normal 0 0 -1
    outer loop
      vertex -3.68921 6.3899 0.00273991
      vertex -3.6573 7.94583 0.00273991
      vertex -2.4146 6.9574 0.00273991
    endloop
  endfacet
  facet normal 0 0 -1
    outer loop
      vertex -3.68921 6.3899 0.00273991
      vertex -4.31264 7.4697 0.00273991
      vertex -3.6573 7.94583 0.00273991
    endloop
  endfacet
  facet normal 0 0 -1
    outer loop
      vertex -5.05264 7.14023 0.00273991
      vertex -3.68921 6.3899 0.00273991
      vertex -4.81799 5.5698 0.00273991
    endloop
  endfacet
  facet normal 0 0 -1
    outer loop
      vertex -5.84498 6.97182 0.00273991
      vertex -4.81799 5.5698 0.00273991
      vertex -4.93713 5.48324 0.00273991
    endloop
  endfacet
  facet normal 0 0 -1
    outer loop
      vertex -5.84498 6.97182 0.00273991
      vertex -4.93713 5.48324 0.00273991
      vertex -5.03567 5.37379 0.00273991
    endloop
  endfacet
  facet normal 0 0 -1
    outer loop
      vertex -3.68921 6.3899 0.00273991
      vertex -5.05264 7.14023 0.00273991
      vertex -4.31264 7.4697 0.00273991
    endloop
  endfacet
  facet normal 0 0 -1
    outer loop
      vertex -4.81799 5.5698 0.00273991
      vertex -5.84498 6.97182 0.00273991
      vertex -5.05264 7.14023 0.00273991
    endloop
  endfacet
  facet normal 0 0 -1
    outer loop
      vertex -6.65502 6.97182 0.00273991
      vertex -5.03567 5.37379 0.00273991
      vertex -5.96927 4.33693 0.00273991
    endloop
  endfacet
  facet normal 0 0 -1
    outer loop
      vertex -5.03567 5.37379 0.00273991
      vertex -6.65502 6.97182 0.00273991
      vertex -5.84498 6.97182 0.00273991
    endloop
  endfacet
  facet normal 0 0 -1
    outer loop
      vertex -8.13792 5.89911 0.00273991
      vertex -5.96927 4.33693 0.00273991
      vertex -6.66689 3.12862 0.00273991
    endloop
  endfacet
  facet normal 0 0 -1
    outer loop
      vertex -8.13792 5.89911 0.00273991
      vertex -6.66689 3.12862 0.00273991
      vertex -6.74053 3.00108 0.00273991
    endloop
  endfacet
  facet normal 0 0 -1
    outer loop
      vertex -8.13792 5.89911 0.00273991
      vertex -6.74053 3.00108 0.00273991
      vertex -6.78604 2.86101 0.00273991
    endloop
  endfacet
  facet normal 0 0 -1
    outer loop
      vertex -5.96927 4.33693 0.00273991
      vertex -8.12514 5.91669 0.00273991
      vertex -6.65502 6.97182 0.00273991
    endloop
  endfacet
  facet normal -0 0 -1
    outer loop
      vertex -6.65502 6.97182 0.00273991
      vertex -7.18693 6.95868 0.00273991
      vertex -7.05686 7.05723 0.00273991
    endloop
  endfacet
  facet normal 0 -0 -1
    outer loop
      vertex -7.10798 7.04636 0.00273991
      vertex -7.05686 7.05723 0.00273991
      vertex -7.18693 6.95868 0.00273991
    endloop
  endfacet
  facet normal -0 0 -1
    outer loop
      vertex -7.05686 7.05723 0.00273991
      vertex -7.10798 7.04636 0.00273991
      vertex -7.06754 7.0595 0.00273991
    endloop
  endfacet
  facet normal -0 0 -1
    outer loop
      vertex -7.06754 7.0595 0.00273991
      vertex -7.10798 7.04636 0.00273991
      vertex -7.07847 7.0595 0.00273991
    endloop
  endfacet
  facet normal 0 0 -1
    outer loop
      vertex -7.07847 7.0595 0.00273991
      vertex -7.10798 7.04636 0.00273991
      vertex -7.08916 7.05723 0.00273991
    endloop
  endfacet
  facet normal 0 0 -1
    outer loop
      vertex -7.08916 7.05723 0.00273991
      vertex -7.10798 7.04636 0.00273991
      vertex -7.09914 7.05278 0.00273991
    endloop
  endfacet
  facet normal 0 0 -1
    outer loop
      vertex -7.23258 1.3876 0.00273991
      vertex -8.96026 1.57599 0.00273991
      vertex -7.21719 1.53406 0.00273991
    endloop
  endfacet
  facet normal 0 0 -1
    outer loop
      vertex -7.37842 0 0.00273991
      vertex -8.70994 0.805602 0.00273991
      vertex -7.23258 1.3876 0.00273991
    endloop
  endfacet
  facet normal 0 0 -1
    outer loop
      vertex -8.70994 0.805602 0.00273991
      vertex -7.37842 0 0.00273991
      vertex -8.62527 0 0.00273991
    endloop
  endfacet
  facet normal 0 -0 -1
    outer loop
      vertex -8.96026 -1.57599 0.00273991
      vertex -6.78604 -2.86101 0.00273991
      vertex -9.36528 -2.27751 0.00273991
    endloop
  endfacet
  facet normal 0 0 -1
    outer loop
      vertex -8.96026 1.57599 0.00273991
      vertex -7.23258 1.3876 0.00273991
      vertex -8.70994 0.805602 0.00273991
    endloop
  endfacet
  facet normal 0 0 -1
    outer loop
      vertex -8.13792 -5.89911 0.00273991
      vertex -8.12514 -5.91669 0.00273991
      vertex -8.13245 -5.90857 0.00273991
    endloop
  endfacet
  facet normal 0 0 -1
    outer loop
      vertex -6.65502 6.97182 0.00273991
      vertex -8.12514 5.91669 0.00273991
      vertex -7.18693 6.95868 0.00273991
    endloop
  endfacet
  facet normal 0 0 -1
    outer loop
      vertex -6.78604 -2.86101 0.00273991
      vertex -8.96026 -1.57599 0.00273991
      vertex -7.21719 -1.53406 0.00273991
    endloop
  endfacet
  facet normal 0 0 -1
    outer loop
      vertex -5.96927 4.33693 0.00273991
      vertex -8.13792 5.89911 0.00273991
      vertex -8.12514 5.91669 0.00273991
    endloop
  endfacet
  facet normal 0 0 -1
    outer loop
      vertex -8.12514 5.91669 0.00273991
      vertex -8.13792 5.89911 0.00273991
      vertex -8.13245 5.90857 0.00273991
    endloop
  endfacet
  facet normal -0 0 -1
    outer loop
      vertex -7.37842 0 0.00273991
      vertex -8.70994 -0.805602 0.00273991
      vertex -8.62527 0 0.00273991
    endloop
  endfacet
  facet normal 0 0 -1
    outer loop
      vertex -7.23258 -1.3876 0.00273991
      vertex -8.70994 -0.805602 0.00273991
      vertex -7.37842 0 0.00273991
    endloop
  endfacet
  facet normal 0 -0 -1
    outer loop
      vertex -8.70994 -0.805602 0.00273991
      vertex -7.23258 -1.3876 0.00273991
      vertex -8.96026 -1.57599 0.00273991
    endloop
  endfacet
  facet normal -0 0 -1
    outer loop
      vertex -7.21719 -1.53406 0.00273991
      vertex -8.96026 -1.57599 0.00273991
      vertex -7.23258 -1.3876 0.00273991
    endloop
  endfacet
  facet normal 0 0 -1
    outer loop
      vertex -9.65294 -2.6429 0.00273991
      vertex -9.36528 -2.27751 0.00273991
      vertex -9.1832 -4.08862 0.00273991
    endloop
  endfacet
  facet normal 0 0 -1
    outer loop
      vertex -9.36528 -2.27751 0.00273991
      vertex -9.65294 -2.6429 0.00273991
      vertex -9.64017 -2.5828 0.00273991
    endloop
  endfacet
  facet normal 0 0 -1
    outer loop
      vertex -9.64017 -2.5828 0.00273991
      vertex -9.65294 -2.6429 0.00273991
      vertex -9.64748 -2.59092 0.00273991
    endloop
  endfacet
  facet normal 0 0 -1
    outer loop
      vertex -9.65294 -2.6429 0.00273991
      vertex -9.65294 -2.60038 0.00273991
      vertex -9.64748 -2.59092 0.00273991
    endloop
  endfacet
  facet normal 0 0 -1
    outer loop
      vertex -9.65632 -2.63251 0.00273991
      vertex -9.65294 -2.60038 0.00273991
      vertex -9.65294 -2.6429 0.00273991
    endloop
  endfacet
  facet normal 0 0 -1
    outer loop
      vertex -9.65632 -2.63251 0.00273991
      vertex -9.65632 -2.61078 0.00273991
      vertex -9.65294 -2.60038 0.00273991
    endloop
  endfacet
  facet normal 0 -0 -1
    outer loop
      vertex -9.65632 -2.61078 0.00273991
      vertex -9.65632 -2.63251 0.00273991
      vertex -9.65746 -2.62164 0.00273991
    endloop
  endfacet
  facet normal 0.198767 -0.0645732 -0.977917
    outer loop
      vertex 9.74635 -2.68449 0.0244722
      vertex 9.65294 -2.6429 0.00273991
      vertex 9.75633 -2.65377 0.0244722
    endloop
  endfacet
  facet normal 0.353825 -0.204353 -0.912714
    outer loop
      vertex 8.29242 -6.0248 0.066988
      vertex 8.23132 -5.9407 0.0244722
      vertex 8.31856 -5.97954 0.066988
    endloop
  endfacet
  facet normal -0.19878 -0.0645885 -0.977913
    outer loop
      vertex -9.74635 -2.68449 0.0244722
      vertex -9.1832 -4.08862 0.00273991
      vertex -9.2766 -4.13021 0.0244722
    endloop
  endfacet
  facet normal -0.198763 -0.0645816 -0.977917
    outer loop
      vertex -9.1832 -4.08862 0.00273991
      vertex -9.74635 -2.68449 0.0244722
      vertex -9.65294 -2.6429 0.00273991
    endloop
  endfacet
  facet normal -0.388631 -0.126254 -0.912702
    outer loop
      vertex -9.74635 -2.68449 0.0244722
      vertex -9.84973 -2.67362 0.066988
      vertex -9.75633 -2.65377 0.0244722
    endloop
  endfacet
  facet normal 0 -0.589655 0.807655
    outer loop
      vertex -5.86565 -7.16847 15.933
      vertex -6.62551 -7.25257 15.8716
      vertex -5.87449 -7.25257 15.8716
    endloop
  endfacet
  facet normal 0 -0.589655 0.807655
    outer loop
      vertex -6.62551 -7.25257 15.8716
      vertex -5.86565 -7.16847 15.933
      vertex -6.63435 -7.16847 15.933
    endloop
  endfacet
  facet normal 0 -0.589655 0.807655
    outer loop
      vertex 6.63435 -7.16847 15.933
      vertex 5.87449 -7.25257 15.8716
      vertex 6.62551 -7.25257 15.8716
    endloop
  endfacet
  facet normal 0 -0.589655 0.807655
    outer loop
      vertex 5.87449 -7.25257 15.8716
      vertex 6.63435 -7.16847 15.933
      vertex 5.86565 -7.16847 15.933
    endloop
  endfacet
  facet normal 0.750971 -0.433571 0.498055
    outer loop
      vertex 8.45971 -6.04238 15.7939
      vertex 9.50499 -4.33585 15.7034
      vertex 9.50499 -4.23189 15.7939
    endloop
  endfacet
  facet normal 0.750971 -0.433571 0.498055
    outer loop
      vertex 9.50499 -4.33585 15.7034
      vertex 8.45971 -6.04238 15.7939
      vertex 8.45971 -6.14634 15.7034
    endloop
  endfacet
  facet normal -0.586437 -0.0617124 0.80764
    outer loop
      vertex -9.8552 -2.62164 15.933
      vertex -9.93976 -2.62164 15.8716
      vertex -9.84973 -2.67362 15.933
    endloop
  endfacet
  facet normal -0.438174 0.394527 0.807683
    outer loop
      vertex -9.59367 -2.11157 15.8716
      vertex -9.80745 -2.4747 15.933
      vertex -9.52525 -2.16128 15.933
    endloop
  endfacet
  facet normal -0.438174 0.394527 0.807683
    outer loop
      vertex -9.80745 -2.4747 15.933
      vertex -9.59367 -2.11157 15.8716
      vertex -9.87587 -2.42499 15.8716
    endloop
  endfacet
  facet normal -0.388511 -0.126215 0.912759
    outer loop
      vertex -9.75633 -2.65377 15.9755
      vertex -9.84973 -2.67362 15.933
      vertex -9.74635 -2.68449 15.9755
    endloop
  endfacet
  facet normal -0.406246 0.0427504 0.912763
    outer loop
      vertex -9.84973 -2.56966 15.933
      vertex -9.8552 -2.62164 15.933
      vertex -9.75633 -2.58952 15.9755
    endloop
  endfacet
  facet normal 0.181542 -0.104823 0.97778
    outer loop
      vertex 8.23132 -5.9407 15.9755
      vertex 8.13792 -5.89911 15.9973
      vertex 8.21517 -5.96867 15.9755
    endloop
  endfacet
  facet normal -0.199355 -0.064774 0.977784
    outer loop
      vertex -9.74635 -2.68449 15.9755
      vertex -9.1832 -4.08862 15.9973
      vertex -9.65294 -2.6429 15.9973
    endloop
  endfacet
  facet normal -0.199372 -0.064781 0.97778
    outer loop
      vertex -9.1832 -4.08862 15.9973
      vertex -9.74635 -2.68449 15.9755
      vertex -9.2766 -4.13021 15.9755
    endloop
  endfacet
  facet normal -0.208483 0.0218849 0.977781
    outer loop
      vertex -9.65632 -2.61078 15.9973
      vertex -9.75633 -2.58952 15.9755
      vertex -9.65746 -2.62164 15.9973
    endloop
  endfacet
  facet normal 0.155779 -0.140264 0.977783
    outer loop
      vertex 7.18693 -6.95868 15.9973
      vertex 8.19356 -5.99267 15.9755
      vertex 8.12514 -5.91669 15.9973
    endloop
  endfacet
  facet normal 0.155779 -0.140264 0.977783
    outer loop
      vertex 8.19356 -5.99267 15.9755
      vertex 7.18693 -6.95868 15.9973
      vertex 7.25535 -7.03466 15.9755
    endloop
  endfacet
  facet normal -0.155803 0.140262 0.977779
    outer loop
      vertex -9.64017 -2.5828 15.9973
      vertex -9.70858 -2.50682 15.9755
      vertex -9.64748 -2.59092 15.9973
    endloop
  endfacet
  facet normal -0.824062 -0.475803 0.307463
    outer loop
      vertex -9.55274 -4.25315 15.7034
      vertex -9.58224 -4.26629 15.604
      vertex -9.50499 -4.33585 15.7034
    endloop
  endfacet
  facet normal -0.824077 -0.47574 0.30752
    outer loop
      vertex -9.50499 -4.33585 15.7034
      vertex -9.58224 -4.26629 15.604
      vertex -9.53112 -4.35484 15.604
    endloop
  endfacet
  facet normal -0.750931 -0.4336 0.498089
    outer loop
      vertex -8.45971 -6.04238 15.7939
      vertex -8.45971 -6.14634 15.7034
      vertex -8.41742 -6.11562 15.7939
    endloop
  endfacet
  facet normal -0.945897 -0.307338 -0.104027
    outer loop
      vertex -9.59223 -4.27073 0.5
      vertex -9.62453 -4.17132 0.5
      vertex -9.58224 -4.26629 0.396045
    endloop
  endfacet
  facet normal -0.945884 -0.307354 -0.104098
    outer loop
      vertex -10.052 -2.82057 0.396045
      vertex -9.62453 -4.17132 0.5
      vertex -10.0943 -2.7256 0.5
    endloop
  endfacet
  facet normal -0.945895 -0.307351 -0.104014
    outer loop
      vertex -9.62453 -4.17132 0.5
      vertex -10.052 -2.82057 0.396045
      vertex -9.58224 -4.26629 0.396045
    endloop
  endfacet
  facet normal -0.510655 -0.294826 0.807657
    outer loop
      vertex -9.36384 -4.16905 15.933
      vertex -9.44109 -4.20345 15.8716
      vertex -9.40612 -4.26402 15.8716
    endloop
  endfacet
  facet normal -0.645242 -0.372529 0.666997
    outer loop
      vertex -9.44109 -4.20345 15.8716
      vertex -9.50499 -4.23189 15.7939
      vertex -9.40612 -4.26402 15.8716
    endloop
  endfacet
  facet normal -0.199359 -0.0647656 0.977784
    outer loop
      vertex -9.65294 -2.6429 15.9973
      vertex -9.75633 -2.65377 15.9755
      vertex -9.74635 -2.68449 15.9755
    endloop
  endfacet
  facet normal -0.740811 -0.0778511 0.667187
    outer loop
      vertex -9.93976 -2.62164 15.8716
      vertex -10.0009 -2.70574 15.7939
      vertex -9.93245 -2.6912 15.8716
    endloop
  endfacet
  facet normal 0.199349 -0.0648508 0.97778
    outer loop
      vertex 9.65632 -2.63251 15.9973
      vertex 9.65294 -2.6429 15.9973
      vertex 9.75633 -2.65377 15.9755
    endloop
  endfacet
  facet normal -0.208487 -0.0218652 0.977781
    outer loop
      vertex -9.65746 -2.62164 15.9973
      vertex -9.75633 -2.65377 15.9755
      vertex -9.65632 -2.63251 15.9973
    endloop
  endfacet
  facet normal -0.208486 -0.0218674 0.977781
    outer loop
      vertex -9.65746 -2.62164 15.9973
      vertex -9.7597 -2.62164 15.9755
      vertex -9.75633 -2.65377 15.9755
    endloop
  endfacet
  facet normal -0.155316 -0.139847 -0.977916
    outer loop
      vertex -8.19356 -5.99267 0.0244722
      vertex -7.18693 -6.95868 0.00273991
      vertex -7.25535 -7.03466 0.0244722
    endloop
  endfacet
  facet normal -0.155316 -0.139847 -0.977916
    outer loop
      vertex -7.18693 -6.95868 0.00273991
      vertex -8.19356 -5.99267 0.0244722
      vertex -8.12514 -5.91669 0.00273991
    endloop
  endfacet
  facet normal -0.707143 -0.636713 -0.307482
    outer loop
      vertex -8.39581 -6.2173 0.296632
      vertex -7.54763 -7.20731 0.396045
      vertex -8.48584 -6.16532 0.396045
    endloop
  endfacet
  facet normal -0.707143 -0.636713 -0.307482
    outer loop
      vertex -7.54763 -7.20731 0.396045
      vertex -8.39581 -6.2173 0.296632
      vertex -7.4576 -7.25929 0.296632
    endloop
  endfacet
  facet normal -0.861331 -0.497291 -0.103976
    outer loop
      vertex -9.53112 -4.35484 0.396045
      vertex -8.54694 -6.08122 0.5
      vertex -9.59223 -4.27073 0.5
    endloop
  endfacet
  facet normal -0.861335 -0.497291 -0.103943
    outer loop
      vertex -8.54694 -6.08122 0.5
      vertex -9.53112 -4.35484 0.396045
      vertex -8.48584 -6.16532 0.396045
    endloop
  endfacet
  facet normal -0.644453 -0.580254 -0.497982
    outer loop
      vertex -8.36084 -6.17846 0.206108
      vertex -8.45971 -6.14634 0.296632
      vertex -8.41742 -6.11562 0.206108
    endloop
  endfacet
  facet normal -0.55362 -0.49847 -0.667108
    outer loop
      vertex -8.36084 -6.17846 0.206108
      vertex -8.41742 -6.11562 0.206108
      vertex -8.36084 -6.0745 0.128428
    endloop
  endfacet
  facet normal 0.388631 -0.126254 -0.912702
    outer loop
      vertex 9.84973 -2.67362 0.066988
      vertex 9.74635 -2.68449 0.0244722
      vertex 9.75633 -2.65377 0.0244722
    endloop
  endfacet
  facet normal 0.198769 0.0646001 -0.977915
    outer loop
      vertex 9.65632 -2.61078 0.00273991
      vertex 9.65294 -2.60038 0.00273991
      vertex 9.75633 -2.58952 0.0244722
    endloop
  endfacet
  facet normal -0.198757 -0.0646581 -0.977914
    outer loop
      vertex -9.65294 -2.6429 0.00273991
      vertex -9.75633 -2.65377 0.0244722
      vertex -9.65632 -2.63251 0.00273991
    endloop
  endfacet
  facet normal -0.353914 0.204279 -0.912696
    outer loop
      vertex -9.74635 -2.5588 0.0244722
      vertex -9.80745 -2.4747 0.066988
      vertex -9.7302 -2.53082 0.0244722
    endloop
  endfacet
  facet normal -0.740726 -0.0778422 -0.667282
    outer loop
      vertex -9.93245 -2.6912 0.128428
      vertex -10.0009 -2.70574 0.206108
      vertex -9.93976 -2.62164 0.128428
    endloop
  endfacet
  facet normal -0.586656 -0.0616511 -0.807487
    outer loop
      vertex -9.93245 -2.6912 0.128428
      vertex -9.93976 -2.62164 0.128428
      vertex -9.84973 -2.67362 0.066988
    endloop
  endfacet
  facet normal -0.207864 0.0218199 -0.977914
    outer loop
      vertex -9.65746 -2.62164 0.00273991
      vertex -9.75633 -2.58952 0.0244722
      vertex -9.65632 -2.61078 0.00273991
    endloop
  endfacet
  facet normal -0.406376 -0.0427641 -0.912705
    outer loop
      vertex -9.84973 -2.67362 0.066988
      vertex -9.8552 -2.62164 0.066988
      vertex -9.75633 -2.65377 0.0244722
    endloop
  endfacet
  facet normal -0.989108 -0.104076 -0.104081
    outer loop
      vertex -10.0836 -2.72333 0.396045
      vertex -10.0943 -2.7256 0.5
      vertex -10.0943 -2.62164 0.396045
    endloop
  endfacet
  facet normal -0.824747 -0.267976 -0.497977
    outer loop
      vertex -9.50499 -4.23189 0.206108
      vertex -9.55274 -4.25315 0.296632
      vertex -9.53112 -4.15147 0.206108
    endloop
  endfacet
  facet normal -0.862344 0.0902334 -0.498217
    outer loop
      vertex -10.0097 -2.62164 0.206108
      vertex -10.062 -2.62164 0.296632
      vertex -10.0009 -2.53754 0.206108
    endloop
  endfacet
  facet normal -0.90495 0.294081 0.307542
    outer loop
      vertex -10.052 -2.42272 15.604
      vertex -10.0836 -2.51996 15.604
      vertex -10.052 -2.52667 15.7034
    endloop
  endfacet
  facet normal -0.945883 0.307383 0.104026
    outer loop
      vertex -10.052 -2.42272 15.604
      vertex -10.0943 -2.51769 15.5
      vertex -10.0836 -2.51996 15.604
    endloop
  endfacet
  facet normal -0.708451 0.230151 0.667179
    outer loop
      vertex -9.91084 -2.48556 15.8716
      vertex -10.0009 -2.53754 15.7939
      vertex -9.93245 -2.55208 15.8716
    endloop
  endfacet
  facet normal -0.824511 0.268276 0.498207
    outer loop
      vertex -9.97473 -2.45711 15.7939
      vertex -10.0225 -2.43586 15.7034
      vertex -10.0009 -2.53754 15.7939
    endloop
  endfacet
  facet normal 0.560751 0.182216 0.807685
    outer loop
      vertex 9.91084 -2.48556 15.8716
      vertex 9.83358 -2.51996 15.933
      vertex 9.84973 -2.56966 15.933
    endloop
  endfacet
  facet normal 0.388511 -0.126221 0.912758
    outer loop
      vertex 9.84973 -2.67362 15.933
      vertex 9.74635 -2.68449 15.9755
      vertex 9.83358 -2.72333 15.933
    endloop
  endfacet
  facet normal 0.353852 -0.204295 -0.912717
    outer loop
      vertex 8.31856 -5.97954 0.066988
      vertex 9.2766 -4.13021 0.0244722
      vertex 9.36384 -4.16905 0.066988
    endloop
  endfacet
  facet normal 0.353852 -0.204295 -0.912717
    outer loop
      vertex 9.2766 -4.13021 0.0244722
      vertex 8.31856 -5.97954 0.066988
      vertex 8.23132 -5.9407 0.0244722
    endloop
  endfacet
  facet normal 0.510891 -0.294963 -0.807457
    outer loop
      vertex 8.31856 -5.97954 0.066988
      vertex 9.40612 -4.26402 0.128428
      vertex 8.36084 -6.0745 0.128428
    endloop
  endfacet
  facet normal 0.510873 -0.294951 -0.807473
    outer loop
      vertex 9.40612 -4.26402 0.128428
      vertex 8.31856 -5.97954 0.066988
      vertex 9.36384 -4.16905 0.066988
    endloop
  endfacet
  facet normal 0.861346 -0.497256 -0.104013
    outer loop
      vertex 9.59223 -4.27073 0.5
      vertex 9.53112 -4.35484 0.396045
      vertex 9.58224 -4.26629 0.396045
    endloop
  endfacet
  facet normal 0.824087 -0.475746 -0.307483
    outer loop
      vertex 9.53112 -4.35484 0.396045
      vertex 9.50499 -4.33585 0.296632
      vertex 9.58224 -4.26629 0.396045
    endloop
  endfacet
  facet normal 0.740924 0.0775283 -0.667099
    outer loop
      vertex 10.0097 -2.62164 0.206108
      vertex 9.93976 -2.62164 0.128428
      vertex 10.0009 -2.53754 0.206108
    endloop
  endfacet
  facet normal 0.406376 -0.0427641 -0.912705
    outer loop
      vertex 9.84973 -2.67362 0.066988
      vertex 9.75633 -2.65377 0.0244722
      vertex 9.8552 -2.62164 0.066988
    endloop
  endfacet
  facet normal -0.438393 -0.394594 -0.807531
    outer loop
      vertex -7.33729 -7.12566 0.0865794
      vertex -7.42263 -7.11649 0.128428
      vertex -7.31924 -7.10562 0.066988
    endloop
  endfacet
  facet normal 0 -0.589906 -0.807472
    outer loop
      vertex -6.62551 -7.25257 0.128428
      vertex -5.86565 -7.16847 0.066988
      vertex -5.87449 -7.25257 0.128428
    endloop
  endfacet
  facet normal -0 -0.589906 -0.807472
    outer loop
      vertex -5.86565 -7.16847 0.066988
      vertex -6.62551 -7.25257 0.128428
      vertex -6.63435 -7.16847 0.066988
    endloop
  endfacet
  facet normal 0 -0.589906 -0.807472
    outer loop
      vertex 5.87449 -7.25257 0.128428
      vertex 6.63435 -7.16847 0.066988
      vertex 6.62551 -7.25257 0.128428
    endloop
  endfacet
  facet normal -0 -0.589906 -0.807472
    outer loop
      vertex 6.63435 -7.16847 0.066988
      vertex 5.87449 -7.25257 0.128428
      vertex 5.86565 -7.16847 0.066988
    endloop
  endfacet
  facet normal -0.707118 -0.636765 -0.307433
    outer loop
      vertex -8.39581 -6.2173 0.296632
      vertex -8.48584 -6.16532 0.396045
      vertex -8.45971 -6.14634 0.296632
    endloop
  endfacet
  facet normal 0.438393 -0.394594 -0.807531
    outer loop
      vertex 7.33729 -7.12566 0.0865794
      vertex 7.31924 -7.10562 0.066988
      vertex 7.42263 -7.11649 0.128428
    endloop
  endfacet
  facet normal 0.739138 -0.665491 0.103908
    outer loop
      vertex 8.48584 -6.16532 15.604
      vertex 8.42474 -6.24942 15.5
      vertex 8.49468 -6.17174 15.5
    endloop
  endfacet
  facet normal 0.739121 -0.665506 0.103931
    outer loop
      vertex 7.54763 -7.20731 15.604
      vertex 8.42474 -6.24942 15.5
      vertex 8.48584 -6.16532 15.604
    endloop
  endfacet
  facet normal 0.739121 -0.665506 0.103931
    outer loop
      vertex 8.42474 -6.24942 15.5
      vertex 7.54763 -7.20731 15.604
      vertex 7.48653 -7.29141 15.5
    endloop
  endfacet
  facet normal -0.510621 0.294806 0.807685
    outer loop
      vertex -9.87587 -2.42499 15.8716
      vertex -9.91084 -2.48556 15.8716
      vertex -9.83358 -2.51996 15.933
    endloop
  endfacet
  facet normal 0.905018 -0.293966 0.307452
    outer loop
      vertex 9.58224 -4.16233 15.7034
      vertex 9.55274 -4.25315 15.7034
      vertex 9.58224 -4.26629 15.604
    endloop
  endfacet
  facet normal 0.904942 -0.294078 0.307569
    outer loop
      vertex 10.052 -2.71661 15.7034
      vertex 10.052 -2.82057 15.604
      vertex 10.0836 -2.72333 15.604
    endloop
  endfacet
  facet normal 0.750947 -0.433588 0.498075
    outer loop
      vertex 9.50499 -4.23189 15.7939
      vertex 9.50499 -4.33585 15.7034
      vertex 9.55274 -4.25315 15.7034
    endloop
  endfacet
  facet normal 0.86135 -0.497258 0.103968
    outer loop
      vertex 9.58224 -4.26629 15.604
      vertex 9.53112 -4.35484 15.604
      vertex 9.59223 -4.27073 15.5
    endloop
  endfacet
  facet normal 0.945889 -0.307356 0.104053
    outer loop
      vertex 10.052 -2.82057 15.604
      vertex 9.62453 -4.17132 15.5
      vertex 10.0943 -2.7256 15.5
    endloop
  endfacet
  facet normal 0.945899 -0.307352 0.103969
    outer loop
      vertex 9.62453 -4.17132 15.5
      vertex 10.052 -2.82057 15.604
      vertex 9.58224 -4.26629 15.604
    endloop
  endfacet
  facet normal 0.82475 -0.267894 0.498017
    outer loop
      vertex 9.58224 -4.16233 15.7034
      vertex 9.53112 -4.15147 15.7939
      vertex 9.55274 -4.25315 15.7034
    endloop
  endfacet
  facet normal 0.824693 -0.267959 0.498076
    outer loop
      vertex 9.53112 -4.15147 15.7939
      vertex 9.50499 -4.23189 15.7939
      vertex 9.55274 -4.25315 15.7034
    endloop
  endfacet
  facet normal 0.708586 -0.230233 0.667007
    outer loop
      vertex 9.53112 -4.15147 15.7939
      vertex 9.44109 -4.20345 15.8716
      vertex 9.50499 -4.23189 15.7939
    endloop
  endfacet
  facet normal 0.861344 -0.497281 0.103912
    outer loop
      vertex 8.54694 -6.08122 15.5
      vertex 8.48584 -6.16532 15.604
      vertex 8.49468 -6.17174 15.5
    endloop
  endfacet
  facet normal 0.86247 -0.090815 0.497894
    outer loop
      vertex 10.062 -2.62164 15.7034
      vertex 10.0009 -2.70574 15.7939
      vertex 10.052 -2.71661 15.7034
    endloop
  endfacet
  facet normal 0.739121 0.665504 -0.103945
    outer loop
      vertex 9.93976 -2.25007 0.5
      vertex 9.71867 -2.02076 0.396045
      vertex 9.7275 -2.01433 0.5
    endloop
  endfacet
  facet normal 0.739094 0.665564 -0.103754
    outer loop
      vertex 9.71867 -2.02076 0.396045
      vertex 9.93976 -2.25007 0.5
      vertex 10.0009 -2.33417 0.396045
    endloop
  endfacet
  facet normal 0.989188 0.103724 0.103675
    outer loop
      vertex 10.0943 -2.51769 15.5
      vertex 10.0943 -2.62164 15.604
      vertex 10.1052 -2.62164 15.5
    endloop
  endfacet
  facet normal 0.945899 0.307308 0.104101
    outer loop
      vertex 10.062 -2.41827 15.5
      vertex 10.052 -2.42272 15.604
      vertex 10.0943 -2.51769 15.5
    endloop
  endfacet
  facet normal 0.904953 -0.294082 -0.307533
    outer loop
      vertex 10.0836 -2.72333 0.396045
      vertex 10.052 -2.82057 0.396045
      vertex 10.052 -2.71661 0.296632
    endloop
  endfacet
  facet normal 0.989108 -0.104076 -0.104081
    outer loop
      vertex 10.0943 -2.7256 0.5
      vertex 10.0836 -2.72333 0.396045
      vertex 10.0943 -2.62164 0.396045
    endloop
  endfacet
  facet normal 0.510845 0.294926 -0.8075
    outer loop
      vertex 9.83358 -2.51996 0.066988
      vertex 9.80745 -2.4747 0.066988
      vertex 9.87587 -2.42499 0.128428
    endloop
  endfacet
  facet normal 0.303658 0.27341 -0.91271
    outer loop
      vertex 9.70858 -2.50682 0.0244722
      vertex 9.52525 -2.16128 0.066988
      vertex 9.80745 -2.4747 0.066988
    endloop
  endfacet
  facet normal 0.303662 0.273412 -0.912708
    outer loop
      vertex 9.52525 -2.16128 0.066988
      vertex 9.70858 -2.50682 0.0244722
      vertex 9.448 -2.21741 0.0244722
    endloop
  endfacet
  facet normal -0.15533 -0.139835 -0.977916
    outer loop
      vertex -8.12514 -5.91669 0.00273991
      vertex -8.19356 -5.99267 0.0244722
      vertex -8.13245 -5.90857 0.00273991
    endloop
  endfacet
  facet normal 0.862527 0.090821 -0.497794
    outer loop
      vertex 10.062 -2.62164 0.296632
      vertex 10.0009 -2.53754 0.206108
      vertex 10.052 -2.52667 0.296632
    endloop
  endfacet
  facet normal 0.406339 0.0426327 -0.912727
    outer loop
      vertex 9.7597 -2.62164 0.0244722
      vertex 9.75633 -2.58952 0.0244722
      vertex 9.8552 -2.62164 0.066988
    endloop
  endfacet
  facet normal 0.303658 -0.273417 -0.912708
    outer loop
      vertex 7.35421 -7.06678 0.066988
      vertex 8.19356 -5.99267 0.0244722
      vertex 8.29242 -6.0248 0.066988
    endloop
  endfacet
  facet normal 0.303676 -0.273431 -0.912697
    outer loop
      vertex 8.19356 -5.99267 0.0244722
      vertex 7.35421 -7.06678 0.066988
      vertex 7.25535 -7.03466 0.0244722
    endloop
  endfacet
  facet normal 0.30368 -0.273422 -0.912699
    outer loop
      vertex 7.31924 -7.10562 0.066988
      vertex 7.25535 -7.03466 0.0244722
      vertex 7.35421 -7.06678 0.066988
    endloop
  endfacet
  facet normal 0.303618 0.27351 -0.912693
    outer loop
      vertex 9.7302 -2.53082 0.0244722
      vertex 9.70858 -2.50682 0.0244722
      vertex 9.80745 -2.4747 0.066988
    endloop
  endfacet
  facet normal 0.207868 -0.0218003 -0.977914
    outer loop
      vertex 9.75633 -2.65377 0.0244722
      vertex 9.65632 -2.63251 0.00273991
      vertex 9.65746 -2.62164 0.00273991
    endloop
  endfacet
  facet normal -0.707134 -0.636705 0.307519
    outer loop
      vertex -7.54763 -7.20731 15.604
      vertex -8.39581 -6.2173 15.7034
      vertex -8.48584 -6.16532 15.604
    endloop
  endfacet
  facet normal -0.707134 -0.636705 0.307519
    outer loop
      vertex -8.39581 -6.2173 15.7034
      vertex -7.54763 -7.20731 15.604
      vertex -7.4576 -7.25929 15.7034
    endloop
  endfacet
  facet normal -0.644478 0.580184 0.498031
    outer loop
      vertex -9.87587 -2.32103 15.7939
      vertex -9.97473 -2.35316 15.7034
      vertex -9.93245 -2.38388 15.7939
    endloop
  endfacet
  facet normal -0.553745 0.498503 0.66698
    outer loop
      vertex -9.87587 -2.32103 15.7939
      vertex -9.93245 -2.38388 15.7939
      vertex -9.87587 -2.42499 15.8716
    endloop
  endfacet
  facet normal -0.586437 0.0617124 0.80764
    outer loop
      vertex -9.84973 -2.56966 15.933
      vertex -9.93976 -2.62164 15.8716
      vertex -9.8552 -2.62164 15.933
    endloop
  endfacet
  facet normal -0.3885 0.126212 0.912764
    outer loop
      vertex -9.74635 -2.5588 15.9755
      vertex -9.84973 -2.56966 15.933
      vertex -9.75633 -2.58952 15.9755
    endloop
  endfacet
  facet normal 0.155776 -0.140264 0.977783
    outer loop
      vertex 8.21517 -5.96867 15.9755
      vertex 8.13245 -5.90857 15.9973
      vertex 8.19356 -5.99267 15.9755
    endloop
  endfacet
  facet normal -0.155748 0.140303 0.977782
    outer loop
      vertex -9.70858 -2.50682 15.9755
      vertex -9.7302 -2.53082 15.9755
      vertex -9.64748 -2.59092 15.9973
    endloop
  endfacet
  facet normal -0.303568 0.273327 0.912764
    outer loop
      vertex -9.52525 -2.16128 15.933
      vertex -9.70858 -2.50682 15.9755
      vertex -9.448 -2.21741 15.9755
    endloop
  endfacet
  facet normal -0.303564 0.273326 0.912766
    outer loop
      vertex -9.70858 -2.50682 15.9755
      vertex -9.52525 -2.16128 15.933
      vertex -9.80745 -2.4747 15.933
    endloop
  endfacet
  facet normal 0 -0.209634 0.97778
    outer loop
      vertex -5.84498 -6.97182 15.9973
      vertex -6.64433 -7.0735 15.9755
      vertex -5.85567 -7.0735 15.9755
    endloop
  endfacet
  facet normal 0 -0.209634 0.97778
    outer loop
      vertex -6.64433 -7.0735 15.9755
      vertex -5.84498 -6.97182 15.9973
      vertex -6.65502 -6.97182 15.9973
    endloop
  endfacet
  facet normal 0 -0.209634 0.97778
    outer loop
      vertex 6.65502 -6.97182 15.9973
      vertex 5.85567 -7.0735 15.9755
      vertex 6.64433 -7.0735 15.9755
    endloop
  endfacet
  facet normal 0 -0.209634 0.97778
    outer loop
      vertex 5.85567 -7.0735 15.9755
      vertex 6.65502 -6.97182 15.9973
      vertex 5.84498 -6.97182 15.9973
    endloop
  endfacet
  facet normal -0.750971 -0.433571 0.498055
    outer loop
      vertex -9.50499 -4.33585 15.7034
      vertex -8.45971 -6.04238 15.7939
      vertex -9.50499 -4.23189 15.7939
    endloop
  endfacet
  facet normal -0.750971 -0.433571 0.498055
    outer loop
      vertex -8.45971 -6.04238 15.7939
      vertex -9.50499 -4.33585 15.7034
      vertex -8.45971 -6.14634 15.7034
    endloop
  endfacet
  facet normal -0.644411 -0.580216 0.498081
    outer loop
      vertex -8.41742 -6.11562 15.7939
      vertex -8.45971 -6.14634 15.7034
      vertex -8.36084 -6.17846 15.7939
    endloop
  endfacet
  facet normal -0.553684 -0.498527 0.667012
    outer loop
      vertex -8.36084 -6.0745 15.8716
      vertex -8.41742 -6.11562 15.7939
      vertex -8.36084 -6.17846 15.7939
    endloop
  endfacet
  facet normal -0.708378 -0.230183 -0.667246
    outer loop
      vertex -9.91084 -2.75772 0.128428
      vertex -9.53112 -4.15147 0.206108
      vertex -10.0009 -2.70574 0.206108
    endloop
  endfacet
  facet normal -0.708505 -0.230209 -0.667101
    outer loop
      vertex -9.53112 -4.15147 0.206108
      vertex -9.91084 -2.75772 0.128428
      vertex -9.44109 -4.20345 0.128428
    endloop
  endfacet
  facet normal -0.824087 -0.475746 -0.307483
    outer loop
      vertex -9.53112 -4.35484 0.396045
      vertex -9.58224 -4.26629 0.396045
      vertex -9.50499 -4.33585 0.296632
    endloop
  endfacet
  facet normal -0.388505 -0.126235 0.912759
    outer loop
      vertex -9.83358 -2.72333 15.933
      vertex -9.2766 -4.13021 15.9755
      vertex -9.74635 -2.68449 15.9755
    endloop
  endfacet
  facet normal -0.388474 -0.126222 0.912774
    outer loop
      vertex -9.2766 -4.13021 15.9755
      vertex -9.83358 -2.72333 15.933
      vertex -9.36384 -4.16905 15.933
    endloop
  endfacet
  facet normal -0.708451 -0.230151 0.667179
    outer loop
      vertex -9.93245 -2.6912 15.8716
      vertex -10.0009 -2.70574 15.7939
      vertex -9.91084 -2.75772 15.8716
    endloop
  endfacet
  facet normal -0.40625 -0.0427508 0.912761
    outer loop
      vertex -9.75633 -2.65377 15.9755
      vertex -9.8552 -2.62164 15.933
      vertex -9.84973 -2.67362 15.933
    endloop
  endfacet
  facet normal -0.406213 -0.0426062 0.912785
    outer loop
      vertex -9.7597 -2.62164 15.9755
      vertex -9.8552 -2.62164 15.933
      vertex -9.75633 -2.65377 15.9755
    endloop
  endfacet
  facet normal -0.751021 -0.433599 -0.497956
    outer loop
      vertex -8.45971 -6.04238 0.206108
      vertex -9.50499 -4.33585 0.296632
      vertex -9.50499 -4.23189 0.206108
    endloop
  endfacet
  facet normal -0.751021 -0.433599 -0.497956
    outer loop
      vertex -9.50499 -4.33585 0.296632
      vertex -8.45971 -6.04238 0.206108
      vertex -8.45971 -6.14634 0.296632
    endloop
  endfacet
  facet normal -0.303676 -0.273431 -0.912697
    outer loop
      vertex -7.35421 -7.06678 0.066988
      vertex -8.19356 -5.99267 0.0244722
      vertex -7.25535 -7.03466 0.0244722
    endloop
  endfacet
  facet normal -0.303658 -0.273417 -0.912708
    outer loop
      vertex -8.19356 -5.99267 0.0244722
      vertex -7.35421 -7.06678 0.066988
      vertex -8.29242 -6.0248 0.066988
    endloop
  endfacet
  facet normal -0.353863 -0.204322 -0.912707
    outer loop
      vertex -8.21517 -5.96867 0.0244722
      vertex -8.29242 -6.0248 0.066988
      vertex -8.23132 -5.9407 0.0244722
    endloop
  endfacet
  facet normal -0.155314 -0.139847 -0.977916
    outer loop
      vertex -8.19356 -5.99267 0.0244722
      vertex -8.21517 -5.96867 0.0244722
      vertex -8.13245 -5.90857 0.00273991
    endloop
  endfacet
  facet normal -0.739118 -0.665503 -0.103975
    outer loop
      vertex -7.54763 -7.20731 0.396045
      vertex -8.42474 -6.24942 0.5
      vertex -8.48584 -6.16532 0.396045
    endloop
  endfacet
  facet normal -0.739118 -0.665503 -0.103975
    outer loop
      vertex -8.42474 -6.24942 0.5
      vertex -7.54763 -7.20731 0.396045
      vertex -7.48653 -7.29141 0.5
    endloop
  endfacet
  facet normal -0.644467 -0.580279 -0.497935
    outer loop
      vertex -7.42263 -7.22045 0.206108
      vertex -8.39581 -6.2173 0.296632
      vertex -8.36084 -6.17846 0.206108
    endloop
  endfacet
  facet normal -0.644467 -0.580279 -0.497935
    outer loop
      vertex -8.39581 -6.2173 0.296632
      vertex -7.42263 -7.22045 0.206108
      vertex -7.4576 -7.25929 0.296632
    endloop
  endfacet
  facet normal -0.750878 0.433729 -0.498058
    outer loop
      vertex -9.97473 -2.45711 0.206108
      vertex -10.0225 -2.43586 0.296632
      vertex -9.97473 -2.35316 0.296632
    endloop
  endfacet
  facet normal -0.406339 0.0426327 -0.912727
    outer loop
      vertex -9.7597 -2.62164 0.0244722
      vertex -9.8552 -2.62164 0.066988
      vertex -9.75633 -2.58952 0.0244722
    endloop
  endfacet
  facet normal -0.946327 0.0996448 -0.307468
    outer loop
      vertex -10.062 -2.62164 0.296632
      vertex -10.0943 -2.62164 0.396045
      vertex -10.052 -2.52667 0.296632
    endloop
  endfacet
  facet normal -0.989107 0.104086 -0.104081
    outer loop
      vertex -10.0836 -2.51996 0.396045
      vertex -10.0943 -2.62164 0.396045
      vertex -10.0943 -2.51769 0.5
    endloop
  endfacet
  facet normal -0.904953 -0.294082 -0.307533
    outer loop
      vertex -10.052 -2.82057 0.396045
      vertex -10.0836 -2.72333 0.396045
      vertex -10.052 -2.71661 0.296632
    endloop
  endfacet
  facet normal -0.945878 -0.307381 -0.104071
    outer loop
      vertex -10.052 -2.82057 0.396045
      vertex -10.0943 -2.7256 0.5
      vertex -10.0836 -2.72333 0.396045
    endloop
  endfacet
  facet normal -0.740924 0.0775283 -0.667099
    outer loop
      vertex -9.93976 -2.62164 0.128428
      vertex -10.0097 -2.62164 0.206108
      vertex -10.0009 -2.53754 0.206108
    endloop
  endfacet
  facet normal -0.740924 -0.0775283 -0.667099
    outer loop
      vertex -10.0009 -2.70574 0.206108
      vertex -10.0097 -2.62164 0.206108
      vertex -9.93976 -2.62164 0.128428
    endloop
  endfacet
  facet normal 0.708451 -0.230151 0.667179
    outer loop
      vertex 9.93245 -2.6912 15.8716
      vertex 9.91084 -2.75772 15.8716
      vertex 10.0009 -2.70574 15.7939
    endloop
  endfacet
  facet normal 0.560786 -0.182179 0.80767
    outer loop
      vertex 9.93245 -2.6912 15.8716
      vertex 9.84973 -2.67362 15.933
      vertex 9.91084 -2.75772 15.8716
    endloop
  endfacet
  facet normal 0.388511 -0.126215 0.912759
    outer loop
      vertex 9.75633 -2.65377 15.9755
      vertex 9.74635 -2.68449 15.9755
      vertex 9.84973 -2.67362 15.933
    endloop
  endfacet
  facet normal 0.510656 -0.294825 0.807656
    outer loop
      vertex 8.31856 -5.97954 15.933
      vertex 9.40612 -4.26402 15.8716
      vertex 9.36384 -4.16905 15.933
    endloop
  endfacet
  facet normal 0.510674 -0.294838 0.80764
    outer loop
      vertex 9.40612 -4.26402 15.8716
      vertex 8.31856 -5.97954 15.933
      vertex 8.36084 -6.0745 15.8716
    endloop
  endfacet
  facet normal 0.437962 -0.395246 0.807446
    outer loop
      vertex 7.42263 -7.11649 15.8716
      vertex 7.31924 -7.10562 15.933
      vertex 7.33729 -7.12566 15.9134
    endloop
  endfacet
  facet normal 0.707143 -0.636713 -0.307482
    outer loop
      vertex 7.54763 -7.20731 0.396045
      vertex 8.39581 -6.2173 0.296632
      vertex 8.48584 -6.16532 0.396045
    endloop
  endfacet
  facet normal 0.707143 -0.636713 -0.307482
    outer loop
      vertex 8.39581 -6.2173 0.296632
      vertex 7.54763 -7.20731 0.396045
      vertex 7.4576 -7.25929 0.296632
    endloop
  endfacet
  facet normal 0.644467 -0.580279 -0.497935
    outer loop
      vertex 8.39581 -6.2173 0.296632
      vertex 7.42263 -7.22045 0.206108
      vertex 8.36084 -6.17846 0.206108
    endloop
  endfacet
  facet normal 0.644467 -0.580279 -0.497935
    outer loop
      vertex 7.42263 -7.22045 0.206108
      vertex 8.39581 -6.2173 0.296632
      vertex 7.4576 -7.25929 0.296632
    endloop
  endfacet
  facet normal 0.824071 -0.475774 -0.307484
    outer loop
      vertex 9.53112 -4.35484 0.396045
      vertex 8.45971 -6.14634 0.296632
      vertex 9.50499 -4.33585 0.296632
    endloop
  endfacet
  facet normal 0.824082 -0.475783 -0.307441
    outer loop
      vertex 8.45971 -6.14634 0.296632
      vertex 9.53112 -4.35484 0.396045
      vertex 8.48584 -6.16532 0.396045
    endloop
  endfacet
  facet normal 0.19878 -0.0645885 -0.977913
    outer loop
      vertex 9.1832 -4.08862 0.00273991
      vertex 9.74635 -2.68449 0.0244722
      vertex 9.2766 -4.13021 0.0244722
    endloop
  endfacet
  facet normal 0.198763 -0.0645816 -0.977917
    outer loop
      vertex 9.74635 -2.68449 0.0244722
      vertex 9.1832 -4.08862 0.00273991
      vertex 9.65294 -2.6429 0.00273991
    endloop
  endfacet
  facet normal 0.561024 -0.182257 -0.807487
    outer loop
      vertex 9.91084 -2.75772 0.128428
      vertex 9.84973 -2.67362 0.066988
      vertex 9.93245 -2.6912 0.128428
    endloop
  endfacet
  facet normal 0.388594 -0.126261 -0.912717
    outer loop
      vertex 9.2766 -4.13021 0.0244722
      vertex 9.83358 -2.72333 0.066988
      vertex 9.36384 -4.16905 0.066988
    endloop
  endfacet
  facet normal 0.388625 -0.126274 -0.912702
    outer loop
      vertex 9.83358 -2.72333 0.066988
      vertex 9.2766 -4.13021 0.0244722
      vertex 9.74635 -2.68449 0.0244722
    endloop
  endfacet
  facet normal 0.708369 0.230124 -0.667275
    outer loop
      vertex 9.93245 -2.55208 0.128428
      vertex 9.91084 -2.48556 0.128428
      vertex 10.0009 -2.53754 0.206108
    endloop
  endfacet
  facet normal 0.708425 0.230505 -0.667085
    outer loop
      vertex 10.0009 -2.53754 0.206108
      vertex 9.91084 -2.48556 0.128428
      vertex 9.97473 -2.45711 0.206108
    endloop
  endfacet
  facet normal 0 -0.994578 -0.103997
    outer loop
      vertex -6.60936 -7.40623 0.396045
      vertex -5.89178 -7.4171 0.5
      vertex -6.60822 -7.4171 0.5
    endloop
  endfacet
  facet normal 0 -0.994578 -0.103997
    outer loop
      vertex -5.89178 -7.4171 0.5
      vertex -6.60936 -7.40623 0.396045
      vertex -5.89064 -7.40623 0.396045
    endloop
  endfacet
  facet normal 0 -0.994578 -0.103997
    outer loop
      vertex 5.89064 -7.40623 0.396045
      vertex 6.60822 -7.4171 0.5
      vertex 5.89178 -7.4171 0.5
    endloop
  endfacet
  facet normal 0 -0.994578 -0.103997
    outer loop
      vertex 6.60822 -7.4171 0.5
      vertex 5.89064 -7.40623 0.396045
      vertex 6.60936 -7.40623 0.396045
    endloop
  endfacet
  facet normal 0 -0.74497 -0.667098
    outer loop
      vertex -6.62551 -7.25257 0.128428
      vertex -5.8818 -7.32213 0.206108
      vertex -6.6182 -7.32213 0.206108
    endloop
  endfacet
  facet normal 0 -0.74497 -0.667098
    outer loop
      vertex -5.8818 -7.32213 0.206108
      vertex -6.62551 -7.25257 0.128428
      vertex -5.87449 -7.25257 0.128428
    endloop
  endfacet
  facet normal 0 -0.74497 -0.667098
    outer loop
      vertex 5.87449 -7.25257 0.128428
      vertex 6.6182 -7.32213 0.206108
      vertex 5.8818 -7.32213 0.206108
    endloop
  endfacet
  facet normal 0 -0.74497 -0.667098
    outer loop
      vertex 6.6182 -7.32213 0.206108
      vertex 5.87449 -7.25257 0.128428
      vertex 6.62551 -7.25257 0.128428
    endloop
  endfacet
  facet normal -0.30368 -0.273422 -0.912699
    outer loop
      vertex -7.31924 -7.10562 0.066988
      vertex -7.35421 -7.06678 0.066988
      vertex -7.25535 -7.03466 0.0244722
    endloop
  endfacet
  facet normal -0.438366 -0.394687 -0.807501
    outer loop
      vertex -7.31924 -7.10562 0.066988
      vertex -7.42263 -7.11649 0.128428
      vertex -7.35421 -7.06678 0.066988
    endloop
  endfacet
  facet normal 0.199362 0.0647925 0.977782
    outer loop
      vertex 9.75633 -2.58952 15.9755
      vertex 9.65294 -2.60038 15.9973
      vertex 9.65632 -2.61078 15.9973
    endloop
  endfacet
  facet normal 0.181549 0.10479 0.977783
    outer loop
      vertex 9.7302 -2.53082 15.9755
      vertex 9.65294 -2.60038 15.9973
      vertex 9.74635 -2.5588 15.9755
    endloop
  endfacet
  facet normal 0.945883 -0.307383 0.104026
    outer loop
      vertex 10.0836 -2.72333 15.604
      vertex 10.052 -2.82057 15.604
      vertex 10.0943 -2.7256 15.5
    endloop
  endfacet
  facet normal 0.824785 -0.268008 0.497898
    outer loop
      vertex 9.53112 -4.15147 15.7939
      vertex 10.052 -2.71661 15.7034
      vertex 10.0009 -2.70574 15.7939
    endloop
  endfacet
  facet normal 0.824724 -0.267979 0.498013
    outer loop
      vertex 10.052 -2.71661 15.7034
      vertex 9.53112 -4.15147 15.7939
      vertex 9.58224 -4.16233 15.7034
    endloop
  endfacet
  facet normal 0.645242 -0.372529 0.666997
    outer loop
      vertex 9.44109 -4.20345 15.8716
      vertex 9.40612 -4.26402 15.8716
      vertex 9.50499 -4.23189 15.7939
    endloop
  endfacet
  facet normal 0.644424 -0.580241 0.498034
    outer loop
      vertex 7.42263 -7.22045 15.7939
      vertex 8.39581 -6.2173 15.7034
      vertex 8.36084 -6.17846 15.7939
    endloop
  endfacet
  facet normal 0.644424 -0.580241 0.498034
    outer loop
      vertex 8.39581 -6.2173 15.7034
      vertex 7.42263 -7.22045 15.7939
      vertex 7.4576 -7.25929 15.7034
    endloop
  endfacet
  facet normal 0.750931 -0.4336 0.498089
    outer loop
      vertex 8.45971 -6.04238 15.7939
      vertex 8.41742 -6.11562 15.7939
      vertex 8.45971 -6.14634 15.7034
    endloop
  endfacet
  facet normal 0.862288 0.0902275 0.498316
    outer loop
      vertex 10.062 -2.62164 15.7034
      vertex 10.0009 -2.53754 15.7939
      vertex 10.0097 -2.62164 15.7939
    endloop
  endfacet
  facet normal 0.199364 0.0647675 0.977783
    outer loop
      vertex 9.74635 -2.5588 15.9755
      vertex 9.65294 -2.60038 15.9973
      vertex 9.75633 -2.58952 15.9755
    endloop
  endfacet
  facet normal 0.3885 0.126212 0.912764
    outer loop
      vertex 9.84973 -2.56966 15.933
      vertex 9.74635 -2.5588 15.9755
      vertex 9.75633 -2.58952 15.9755
    endloop
  endfacet
  facet normal 0.155803 0.140262 0.977779
    outer loop
      vertex 9.70858 -2.50682 15.9755
      vertex 9.64017 -2.5828 15.9973
      vertex 9.64748 -2.59092 15.9973
    endloop
  endfacet
  facet normal 0.861209 0.497583 0.103588
    outer loop
      vertex 10.0097 -2.32775 15.5
      vertex 10.0009 -2.33417 15.604
      vertex 10.062 -2.41827 15.5
    endloop
  endfacet
  facet normal 0.739125 0.665507 0.103901
    outer loop
      vertex 9.71867 -2.02076 15.604
      vertex 9.93976 -2.25007 15.5
      vertex 9.7275 -2.01433 15.5
    endloop
  endfacet
  facet normal 0.739097 0.665567 0.10371
    outer loop
      vertex 9.93976 -2.25007 15.5
      vertex 9.71867 -2.02076 15.604
      vertex 10.0009 -2.33417 15.604
    endloop
  endfacet
  facet normal 0.946304 0.0995815 0.307559
    outer loop
      vertex 10.0836 -2.51996 15.604
      vertex 10.052 -2.52667 15.7034
      vertex 10.0943 -2.62164 15.604
    endloop
  endfacet
  facet normal 0.946315 0.0996436 0.307505
    outer loop
      vertex 10.0943 -2.62164 15.604
      vertex 10.052 -2.52667 15.7034
      vertex 10.062 -2.62164 15.7034
    endloop
  endfacet
  facet normal 0.86247 0.090815 0.497894
    outer loop
      vertex 10.052 -2.52667 15.7034
      vertex 10.0009 -2.53754 15.7939
      vertex 10.062 -2.62164 15.7034
    endloop
  endfacet
  facet normal 0.824511 0.268276 0.498207
    outer loop
      vertex 10.0225 -2.43586 15.7034
      vertex 9.97473 -2.45711 15.7939
      vertex 10.0009 -2.53754 15.7939
    endloop
  endfacet
  facet normal 0.824804 0.267941 0.497901
    outer loop
      vertex 10.0225 -2.43586 15.7034
      vertex 10.0009 -2.53754 15.7939
      vertex 10.052 -2.52667 15.7034
    endloop
  endfacet
  facet normal 0.862288 -0.0902275 0.498316
    outer loop
      vertex 10.0097 -2.62164 15.7939
      vertex 10.0009 -2.70574 15.7939
      vertex 10.062 -2.62164 15.7034
    endloop
  endfacet
  facet normal 0.861205 0.497581 -0.103632
    outer loop
      vertex 10.062 -2.41827 0.5
      vertex 10.0009 -2.33417 0.396045
      vertex 10.0097 -2.32775 0.5
    endloop
  endfacet
  facet normal 0.743161 0.669113 0
    outer loop
      vertex 10.0097 -2.32775 15.5
      vertex 9.93976 -2.25007 0.5
      vertex 9.93976 -2.25007 15.5
    endloop
  endfacet
  facet normal 0.743161 0.669113 0
    outer loop
      vertex 9.93976 -2.25007 0.5
      vertex 10.0097 -2.32775 15.5
      vertex 10.0097 -2.32775 0.5
    endloop
  endfacet
  facet normal 0.946327 -0.0996448 -0.307468
    outer loop
      vertex 10.0943 -2.62164 0.396045
      vertex 10.052 -2.71661 0.296632
      vertex 10.062 -2.62164 0.296632
    endloop
  endfacet
  facet normal 0.945878 -0.307381 -0.104071
    outer loop
      vertex 10.0943 -2.7256 0.5
      vertex 10.052 -2.82057 0.396045
      vertex 10.0836 -2.72333 0.396045
    endloop
  endfacet
  facet normal 0.708369 -0.230124 -0.667275
    outer loop
      vertex 10.0009 -2.70574 0.206108
      vertex 9.91084 -2.75772 0.128428
      vertex 9.93245 -2.6912 0.128428
    endloop
  endfacet
  facet normal 0.824839 -0.268026 -0.497798
    outer loop
      vertex 10.052 -2.71661 0.296632
      vertex 9.53112 -4.15147 0.206108
      vertex 10.0009 -2.70574 0.206108
    endloop
  endfacet
  facet normal 0.824779 -0.267997 -0.497914
    outer loop
      vertex 9.53112 -4.15147 0.206108
      vertex 10.052 -2.71661 0.296632
      vertex 9.58224 -4.16233 0.296632
    endloop
  endfacet
  facet normal 0.553681 0.498445 -0.667075
    outer loop
      vertex 9.93245 -2.38388 0.206108
      vertex 9.87587 -2.42499 0.128428
      vertex 9.87587 -2.32103 0.206108
    endloop
  endfacet
  facet normal 0.155341 0.139845 -0.977912
    outer loop
      vertex 9.64748 -2.59092 0.00273991
      vertex 9.64017 -2.5828 0.00273991
      vertex 9.70858 -2.50682 0.0244722
    endloop
  endfacet
  facet normal 0.43836 0.394694 -0.807501
    outer loop
      vertex 9.80745 -2.4747 0.066988
      vertex 9.59367 -2.11157 0.128428
      vertex 9.87587 -2.42499 0.128428
    endloop
  endfacet
  facet normal 0.43836 0.394694 -0.807501
    outer loop
      vertex 9.59367 -2.11157 0.128428
      vertex 9.80745 -2.4747 0.066988
      vertex 9.52525 -2.16128 0.066988
    endloop
  endfacet
  facet normal 0.181013 0.104475 -0.977916
    outer loop
      vertex 9.65294 -2.60038 0.00273991
      vertex 9.64748 -2.59092 0.00273991
      vertex 9.7302 -2.53082 0.0244722
    endloop
  endfacet
  facet normal 0.406372 0.0427637 -0.912706
    outer loop
      vertex 9.8552 -2.62164 0.066988
      vertex 9.75633 -2.58952 0.0244722
      vertex 9.84973 -2.56966 0.066988
    endloop
  endfacet
  facet normal -0.155341 0.139845 -0.977912
    outer loop
      vertex -9.64748 -2.59092 0.00273991
      vertex -9.70858 -2.50682 0.0244722
      vertex -9.64017 -2.5828 0.00273991
    endloop
  endfacet
  facet normal 0.207867 0.0218092 -0.977914
    outer loop
      vertex 9.7597 -2.62164 0.0244722
      vertex 9.65746 -2.62164 0.00273991
      vertex 9.75633 -2.58952 0.0244722
    endloop
  endfacet
  facet normal 0.586686 0.0617386 -0.807457
    outer loop
      vertex 9.8552 -2.62164 0.066988
      vertex 9.84973 -2.56966 0.066988
      vertex 9.93976 -2.62164 0.128428
    endloop
  endfacet
  facet normal -0.155285 0.139886 -0.977915
    outer loop
      vertex -9.64748 -2.59092 0.00273991
      vertex -9.7302 -2.53082 0.0244722
      vertex -9.70858 -2.50682 0.0244722
    endloop
  endfacet
  facet normal -0.155779 -0.140264 0.977783
    outer loop
      vertex -8.19356 -5.99267 15.9755
      vertex -7.18693 -6.95868 15.9973
      vertex -8.12514 -5.91669 15.9973
    endloop
  endfacet
  facet normal -0.155779 -0.140264 0.977783
    outer loop
      vertex -7.18693 -6.95868 15.9973
      vertex -8.19356 -5.99267 15.9755
      vertex -7.25535 -7.03466 15.9755
    endloop
  endfacet
  facet normal -0.155793 -0.140252 0.977782
    outer loop
      vertex -8.13245 -5.90857 15.9973
      vertex -8.19356 -5.99267 15.9755
      vertex -8.12514 -5.91669 15.9973
    endloop
  endfacet
  facet normal -0.438179 -0.394519 0.807684
    outer loop
      vertex -7.35421 -7.06678 15.933
      vertex -7.42263 -7.11649 15.8716
      vertex -7.31924 -7.10562 15.933
    endloop
  endfacet
  facet normal -0.437962 -0.395246 0.807446
    outer loop
      vertex -7.31924 -7.10562 15.933
      vertex -7.42263 -7.11649 15.8716
      vertex -7.33729 -7.12566 15.9134
    endloop
  endfacet
  facet normal -0.644424 -0.580241 0.498034
    outer loop
      vertex -8.39581 -6.2173 15.7034
      vertex -7.42263 -7.22045 15.7939
      vertex -8.36084 -6.17846 15.7939
    endloop
  endfacet
  facet normal -0.644424 -0.580241 0.498034
    outer loop
      vertex -7.42263 -7.22045 15.7939
      vertex -8.39581 -6.2173 15.7034
      vertex -7.4576 -7.25929 15.7034
    endloop
  endfacet
  facet normal -0.303524 0.273425 0.91275
    outer loop
      vertex -9.70858 -2.50682 15.9755
      vertex -9.80745 -2.4747 15.933
      vertex -9.7302 -2.53082 15.9755
    endloop
  endfacet
  facet normal -0.645256 0.372545 0.666974
    outer loop
      vertex -9.93245 -2.38388 15.7939
      vertex -9.97473 -2.45711 15.7939
      vertex -9.87587 -2.42499 15.8716
    endloop
  endfacet
  facet normal -0.750982 0.433586 0.498025
    outer loop
      vertex -9.97473 -2.35316 15.7034
      vertex -9.97473 -2.45711 15.7939
      vertex -9.93245 -2.38388 15.7939
    endloop
  endfacet
  facet normal -0.644419 0.580253 0.498027
    outer loop
      vertex -9.69253 -2.03974 15.7034
      vertex -9.87587 -2.32103 15.7939
      vertex -9.65025 -2.07046 15.7939
    endloop
  endfacet
  facet normal -0.644453 0.580258 0.497977
    outer loop
      vertex -9.87587 -2.32103 15.7939
      vertex -9.69253 -2.03974 15.7034
      vertex -9.97473 -2.35316 15.7034
    endloop
  endfacet
  facet normal -0.155776 0.140264 0.977783
    outer loop
      vertex -9.448 -2.21741 15.9755
      vertex -9.64017 -2.5828 15.9973
      vertex -9.36528 -2.27751 15.9973
    endloop
  endfacet
  facet normal -0.155792 0.140272 0.977779
    outer loop
      vertex -9.64017 -2.5828 15.9973
      vertex -9.448 -2.21741 15.9755
      vertex -9.70858 -2.50682 15.9755
    endloop
  endfacet
  facet normal -0.181549 0.10479 0.977783
    outer loop
      vertex -9.7302 -2.53082 15.9755
      vertex -9.74635 -2.5588 15.9755
      vertex -9.65294 -2.60038 15.9973
    endloop
  endfacet
  facet normal -0.353805 0.204215 0.912753
    outer loop
      vertex -9.7302 -2.53082 15.9755
      vertex -9.80745 -2.4747 15.933
      vertex -9.74635 -2.5588 15.9755
    endloop
  endfacet
  facet normal -0.560786 -0.182179 0.80767
    outer loop
      vertex -9.84973 -2.67362 15.933
      vertex -9.93245 -2.6912 15.8716
      vertex -9.91084 -2.75772 15.8716
    endloop
  endfacet
  facet normal -0.645168 -0.372487 -0.667092
    outer loop
      vertex -9.40612 -4.26402 0.128428
      vertex -9.50499 -4.23189 0.206108
      vertex -9.44109 -4.20345 0.128428
    endloop
  endfacet
  facet normal -0.388631 -0.12626 -0.912702
    outer loop
      vertex -9.83358 -2.72333 0.066988
      vertex -9.84973 -2.67362 0.066988
      vertex -9.74635 -2.68449 0.0244722
    endloop
  endfacet
  facet normal -0.303662 0.273412 -0.912708
    outer loop
      vertex -9.70858 -2.50682 0.0244722
      vertex -9.52525 -2.16128 0.066988
      vertex -9.448 -2.21741 0.0244722
    endloop
  endfacet
  facet normal -0.303658 0.27341 -0.91271
    outer loop
      vertex -9.52525 -2.16128 0.066988
      vertex -9.70858 -2.50682 0.0244722
      vertex -9.80745 -2.4747 0.066988
    endloop
  endfacet
  facet normal -0.586656 0.0616511 -0.807487
    outer loop
      vertex -9.84973 -2.56966 0.066988
      vertex -9.93976 -2.62164 0.128428
      vertex -9.93245 -2.55208 0.128428
    endloop
  endfacet
  facet normal -0.708425 0.230505 -0.667085
    outer loop
      vertex -9.91084 -2.48556 0.128428
      vertex -10.0009 -2.53754 0.206108
      vertex -9.97473 -2.45711 0.206108
    endloop
  endfacet
  facet normal -0.510845 0.294926 -0.8075
    outer loop
      vertex -9.83358 -2.51996 0.066988
      vertex -9.87587 -2.42499 0.128428
      vertex -9.80745 -2.4747 0.066988
    endloop
  endfacet
  facet normal -0.644462 0.580291 -0.497927
    outer loop
      vertex -9.87587 -2.32103 0.206108
      vertex -9.69253 -2.03974 0.296632
      vertex -9.65025 -2.07046 0.206108
    endloop
  endfacet
  facet normal -0.644495 0.580296 -0.497877
    outer loop
      vertex -9.69253 -2.03974 0.296632
      vertex -9.87587 -2.32103 0.206108
      vertex -9.97473 -2.35316 0.296632
    endloop
  endfacet
  facet normal -0.207867 0.0218092 -0.977914
    outer loop
      vertex -9.65746 -2.62164 0.00273991
      vertex -9.7597 -2.62164 0.0244722
      vertex -9.75633 -2.58952 0.0244722
    endloop
  endfacet
  facet normal -0.207867 -0.0218024 -0.977914
    outer loop
      vertex -9.75633 -2.65377 0.0244722
      vertex -9.7597 -2.62164 0.0244722
      vertex -9.65746 -2.62164 0.00273991
    endloop
  endfacet
  facet normal -0.904961 0.294084 -0.307506
    outer loop
      vertex -10.052 -2.52667 0.296632
      vertex -10.0836 -2.51996 0.396045
      vertex -10.052 -2.42272 0.396045
    endloop
  endfacet
  facet normal -0.905019 0.293999 -0.307417
    outer loop
      vertex -10.0225 -2.43586 0.296632
      vertex -10.052 -2.52667 0.296632
      vertex -10.052 -2.42272 0.396045
    endloop
  endfacet
  facet normal -0.946327 -0.0996448 -0.307468
    outer loop
      vertex -10.052 -2.71661 0.296632
      vertex -10.0943 -2.62164 0.396045
      vertex -10.062 -2.62164 0.296632
    endloop
  endfacet
  facet normal -0.862527 -0.090821 -0.497794
    outer loop
      vertex -10.052 -2.71661 0.296632
      vertex -10.062 -2.62164 0.296632
      vertex -10.0009 -2.70574 0.206108
    endloop
  endfacet
  facet normal 0.586406 -0.0616249 0.807669
    outer loop
      vertex 9.93976 -2.62164 15.8716
      vertex 9.84973 -2.67362 15.933
      vertex 9.93245 -2.6912 15.8716
    endloop
  endfacet
  facet normal 0.740811 -0.0778511 0.667187
    outer loop
      vertex 9.93976 -2.62164 15.8716
      vertex 9.93245 -2.6912 15.8716
      vertex 10.0009 -2.70574 15.7939
    endloop
  endfacet
  facet normal 0.708459 -0.230209 0.66715
    outer loop
      vertex 9.91084 -2.75772 15.8716
      vertex 9.53112 -4.15147 15.7939
      vertex 10.0009 -2.70574 15.7939
    endloop
  endfacet
  facet normal 0.708586 -0.230236 0.667006
    outer loop
      vertex 9.53112 -4.15147 15.7939
      vertex 9.91084 -2.75772 15.8716
      vertex 9.44109 -4.20345 15.8716
    endloop
  endfacet
  facet normal 0.353753 -0.204259 0.912764
    outer loop
      vertex 8.23132 -5.9407 15.9755
      vertex 8.21517 -5.96867 15.9755
      vertex 8.29242 -6.0248 15.933
    endloop
  endfacet
  facet normal 0.353743 -0.204232 0.912774
    outer loop
      vertex 9.2766 -4.13021 15.9755
      vertex 8.31856 -5.97954 15.933
      vertex 9.36384 -4.16905 15.933
    endloop
  endfacet
  facet normal 0.353743 -0.204232 0.912774
    outer loop
      vertex 8.31856 -5.97954 15.933
      vertex 9.2766 -4.13021 15.9755
      vertex 8.23132 -5.9407 15.9755
    endloop
  endfacet
  facet normal 0.388631 -0.12626 -0.912702
    outer loop
      vertex 9.83358 -2.72333 0.066988
      vertex 9.74635 -2.68449 0.0244722
      vertex 9.84973 -2.67362 0.066988
    endloop
  endfacet
  facet normal 0.586686 -0.0617386 -0.807457
    outer loop
      vertex 9.93976 -2.62164 0.128428
      vertex 9.84973 -2.67362 0.066988
      vertex 9.8552 -2.62164 0.066988
    endloop
  endfacet
  facet normal 0.946315 0.0995828 -0.307523
    outer loop
      vertex 10.0943 -2.62164 0.396045
      vertex 10.052 -2.52667 0.296632
      vertex 10.0836 -2.51996 0.396045
    endloop
  endfacet
  facet normal 0.945878 0.307381 -0.104071
    outer loop
      vertex 10.0836 -2.51996 0.396045
      vertex 10.052 -2.42272 0.396045
      vertex 10.0943 -2.51769 0.5
    endloop
  endfacet
  facet normal 0 -0.4086 -0.912714
    outer loop
      vertex -6.63435 -7.16847 0.066988
      vertex -5.85567 -7.0735 0.0244722
      vertex -5.86565 -7.16847 0.066988
    endloop
  endfacet
  facet normal -0 -0.4086 -0.912714
    outer loop
      vertex -5.85567 -7.0735 0.0244722
      vertex -6.63435 -7.16847 0.066988
      vertex -6.64433 -7.0735 0.0244722
    endloop
  endfacet
  facet normal 0 -0.4086 -0.912714
    outer loop
      vertex 5.86565 -7.16847 0.066988
      vertex 6.64433 -7.0735 0.0244722
      vertex 6.63435 -7.16847 0.066988
    endloop
  endfacet
  facet normal -0 -0.4086 -0.912714
    outer loop
      vertex 6.64433 -7.0735 0.0244722
      vertex 5.86565 -7.16847 0.066988
      vertex 5.85567 -7.0735 0.0244722
    endloop
  endfacet
  facet normal 0.303564 -0.273332 0.912764
    outer loop
      vertex 8.19356 -5.99267 15.9755
      vertex 7.35421 -7.06678 15.933
      vertex 8.29242 -6.0248 15.933
    endloop
  endfacet
  facet normal 0.303582 -0.273346 0.912754
    outer loop
      vertex 7.35421 -7.06678 15.933
      vertex 8.19356 -5.99267 15.9755
      vertex 7.25535 -7.03466 15.9755
    endloop
  endfacet
  facet normal 0.82406 -0.475768 0.307521
    outer loop
      vertex 8.45971 -6.14634 15.7034
      vertex 9.53112 -4.35484 15.604
      vertex 9.50499 -4.33585 15.7034
    endloop
  endfacet
  facet normal 0.824071 -0.475777 0.307477
    outer loop
      vertex 9.53112 -4.35484 15.604
      vertex 8.45971 -6.14634 15.7034
      vertex 8.48584 -6.16532 15.604
    endloop
  endfacet
  facet normal 0.303564 0.273326 0.912766
    outer loop
      vertex 9.52525 -2.16128 15.933
      vertex 9.70858 -2.50682 15.9755
      vertex 9.80745 -2.4747 15.933
    endloop
  endfacet
  facet normal 0.303568 0.273327 0.912764
    outer loop
      vertex 9.70858 -2.50682 15.9755
      vertex 9.52525 -2.16128 15.933
      vertex 9.448 -2.21741 15.9755
    endloop
  endfacet
  facet normal 0.155792 0.140272 0.977779
    outer loop
      vertex 9.448 -2.21741 15.9755
      vertex 9.64017 -2.5828 15.9973
      vertex 9.70858 -2.50682 15.9755
    endloop
  endfacet
  facet normal 0.155776 0.140264 0.977783
    outer loop
      vertex 9.64017 -2.5828 15.9973
      vertex 9.448 -2.21741 15.9755
      vertex 9.36528 -2.27751 15.9973
    endloop
  endfacet
  facet normal 0.438174 0.394527 0.807683
    outer loop
      vertex 9.59367 -2.11157 15.8716
      vertex 9.80745 -2.4747 15.933
      vertex 9.87587 -2.42499 15.8716
    endloop
  endfacet
  facet normal 0.438174 0.394527 0.807683
    outer loop
      vertex 9.80745 -2.4747 15.933
      vertex 9.59367 -2.11157 15.8716
      vertex 9.52525 -2.16128 15.933
    endloop
  endfacet
  facet normal 0.586437 0.0617124 0.80764
    outer loop
      vertex 9.93976 -2.62164 15.8716
      vertex 9.84973 -2.56966 15.933
      vertex 9.8552 -2.62164 15.933
    endloop
  endfacet
  facet normal 0.861423 0.497106 0.1041
    outer loop
      vertex 10.062 -2.41827 15.5
      vertex 10.0009 -2.33417 15.604
      vertex 10.052 -2.42272 15.604
    endloop
  endfacet
  facet normal 0.824075 0.475553 0.307815
    outer loop
      vertex 10.0009 -2.33417 15.604
      vertex 9.97473 -2.35316 15.7034
      vertex 10.052 -2.42272 15.604
    endloop
  endfacet
  facet normal 0.945883 0.307383 0.104026
    outer loop
      vertex 10.0943 -2.51769 15.5
      vertex 10.052 -2.42272 15.604
      vertex 10.0836 -2.51996 15.604
    endloop
  endfacet
  facet normal 0.946315 -0.0996436 0.307505
    outer loop
      vertex 10.062 -2.62164 15.7034
      vertex 10.052 -2.71661 15.7034
      vertex 10.0943 -2.62164 15.604
    endloop
  endfacet
  facet normal 0.388501 0.126243 0.912759
    outer loop
      vertex 9.83358 -2.51996 15.933
      vertex 9.74635 -2.5588 15.9755
      vertex 9.84973 -2.56966 15.933
    endloop
  endfacet
  facet normal 0.645257 0.372538 0.666978
    outer loop
      vertex 9.97473 -2.45711 15.7939
      vertex 9.87587 -2.42499 15.8716
      vertex 9.91084 -2.48556 15.8716
    endloop
  endfacet
  facet normal 0.989113 -0.104076 0.104036
    outer loop
      vertex 10.0943 -2.62164 15.604
      vertex 10.0836 -2.72333 15.604
      vertex 10.0943 -2.7256 15.5
    endloop
  endfacet
  facet normal 0.989189 -0.103715 0.103675
    outer loop
      vertex 10.0943 -2.62164 15.604
      vertex 10.0943 -2.7256 15.5
      vertex 10.1052 -2.62164 15.5
    endloop
  endfacet
  facet normal 0.861419 0.497103 -0.104144
    outer loop
      vertex 10.052 -2.42272 0.396045
      vertex 10.0009 -2.33417 0.396045
      vertex 10.062 -2.41827 0.5
    endloop
  endfacet
  facet normal 0.945895 0.307306 -0.104146
    outer loop
      vertex 10.0943 -2.51769 0.5
      vertex 10.052 -2.42272 0.396045
      vertex 10.062 -2.41827 0.5
    endloop
  endfacet
  facet normal 0.739157 0.665507 -0.103671
    outer loop
      vertex 10.0009 -2.33417 0.396045
      vertex 9.93976 -2.25007 0.5
      vertex 10.0097 -2.32775 0.5
    endloop
  endfacet
  facet normal 0.586656 0.0616511 -0.807487
    outer loop
      vertex 9.93976 -2.62164 0.128428
      vertex 9.84973 -2.56966 0.066988
      vertex 9.93245 -2.55208 0.128428
    endloop
  endfacet
  facet normal 0.561016 -0.182265 -0.80749
    outer loop
      vertex 9.91084 -2.75772 0.128428
      vertex 9.83358 -2.72333 0.066988
      vertex 9.84973 -2.67362 0.066988
    endloop
  endfacet
  facet normal 0.824747 -0.267976 -0.497977
    outer loop
      vertex 9.55274 -4.25315 0.296632
      vertex 9.50499 -4.23189 0.206108
      vertex 9.53112 -4.15147 0.206108
    endloop
  endfacet
  facet normal 0.708505 -0.230207 -0.667103
    outer loop
      vertex 9.50499 -4.23189 0.206108
      vertex 9.44109 -4.20345 0.128428
      vertex 9.53112 -4.15147 0.206108
    endloop
  endfacet
  facet normal 0.155329 0.139856 -0.977913
    outer loop
      vertex 9.64017 -2.5828 0.00273991
      vertex 9.448 -2.21741 0.0244722
      vertex 9.70858 -2.50682 0.0244722
    endloop
  endfacet
  facet normal 0.155313 0.139848 -0.977916
    outer loop
      vertex 9.448 -2.21741 0.0244722
      vertex 9.64017 -2.5828 0.00273991
      vertex 9.36528 -2.27751 0.00273991
    endloop
  endfacet
  facet normal 0.353914 0.204279 -0.912696
    outer loop
      vertex 9.74635 -2.5588 0.0244722
      vertex 9.7302 -2.53082 0.0244722
      vertex 9.80745 -2.4747 0.066988
    endloop
  endfacet
  facet normal 0.353881 0.204306 -0.912703
    outer loop
      vertex 9.83358 -2.51996 0.066988
      vertex 9.74635 -2.5588 0.0244722
      vertex 9.80745 -2.4747 0.066988
    endloop
  endfacet
  facet normal 0.740726 0.0778422 -0.667282
    outer loop
      vertex 9.93976 -2.62164 0.128428
      vertex 9.93245 -2.55208 0.128428
      vertex 10.0009 -2.53754 0.206108
    endloop
  endfacet
  facet normal 0.740924 -0.0775283 -0.667099
    outer loop
      vertex 10.0009 -2.70574 0.206108
      vertex 9.93976 -2.62164 0.128428
      vertex 10.0097 -2.62164 0.206108
    endloop
  endfacet
  facet normal 0.406339 -0.0426194 -0.912728
    outer loop
      vertex 9.8552 -2.62164 0.066988
      vertex 9.75633 -2.65377 0.0244722
      vertex 9.7597 -2.62164 0.0244722
    endloop
  endfacet
  facet normal 0.207867 -0.0218024 -0.977914
    outer loop
      vertex 9.75633 -2.65377 0.0244722
      vertex 9.65746 -2.62164 0.00273991
      vertex 9.7597 -2.62164 0.0244722
    endloop
  endfacet
  facet normal -0.303563 -0.273333 0.912764
    outer loop
      vertex -8.21517 -5.96867 15.9755
      vertex -8.29242 -6.0248 15.933
      vertex -8.19356 -5.99267 15.9755
    endloop
  endfacet
  facet normal -0.155776 -0.140264 0.977783
    outer loop
      vertex -8.13245 -5.90857 15.9973
      vertex -8.21517 -5.96867 15.9755
      vertex -8.19356 -5.99267 15.9755
    endloop
  endfacet
  facet normal -0.303582 -0.273346 0.912754
    outer loop
      vertex -8.19356 -5.99267 15.9755
      vertex -7.35421 -7.06678 15.933
      vertex -7.25535 -7.03466 15.9755
    endloop
  endfacet
  facet normal -0.303564 -0.273332 0.912764
    outer loop
      vertex -7.35421 -7.06678 15.933
      vertex -8.19356 -5.99267 15.9755
      vertex -8.29242 -6.0248 15.933
    endloop
  endfacet
  facet normal -0.438169 -0.394532 0.807683
    outer loop
      vertex -8.29242 -6.0248 15.933
      vertex -7.42263 -7.11649 15.8716
      vertex -7.35421 -7.06678 15.933
    endloop
  endfacet
  facet normal -0.438194 -0.394551 0.807661
    outer loop
      vertex -7.42263 -7.11649 15.8716
      vertex -8.29242 -6.0248 15.933
      vertex -8.36084 -6.0745 15.8716
    endloop
  endfacet
  facet normal 0 -0.951553 0.307484
    outer loop
      vertex -6.60936 -7.40623 15.604
      vertex -5.88726 -7.37411 15.7034
      vertex -6.61274 -7.37411 15.7034
    endloop
  endfacet
  facet normal 0 -0.951553 0.307484
    outer loop
      vertex -5.88726 -7.37411 15.7034
      vertex -6.60936 -7.40623 15.604
      vertex -5.89064 -7.40623 15.604
    endloop
  endfacet
  facet normal 0 -0.951553 0.307484
    outer loop
      vertex 5.89064 -7.40623 15.604
      vertex 6.61274 -7.37411 15.7034
      vertex 5.88726 -7.37411 15.7034
    endloop
  endfacet
  facet normal 0 -0.951553 0.307484
    outer loop
      vertex 6.61274 -7.37411 15.7034
      vertex 5.89064 -7.40623 15.604
      vertex 6.60936 -7.40623 15.604
    endloop
  endfacet
  facet normal 0 -0.745056 0.667002
    outer loop
      vertex -6.6182 -7.32213 15.7939
      vertex -5.87449 -7.25257 15.8716
      vertex -6.62551 -7.25257 15.8716
    endloop
  endfacet
  facet normal 0 -0.745056 0.667002
    outer loop
      vertex -5.87449 -7.25257 15.8716
      vertex -6.6182 -7.32213 15.7939
      vertex -5.8818 -7.32213 15.7939
    endloop
  endfacet
  facet normal 0 -0.745056 0.667002
    outer loop
      vertex 5.8818 -7.32213 15.7939
      vertex 6.62551 -7.25257 15.8716
      vertex 5.87449 -7.25257 15.8716
    endloop
  endfacet
  facet normal 0 -0.745056 0.667002
    outer loop
      vertex 6.62551 -7.25257 15.8716
      vertex 5.8818 -7.32213 15.7939
      vertex 6.6182 -7.32213 15.7939
    endloop
  endfacet
  facet normal -0.645257 0.372538 0.666978
    outer loop
      vertex -9.87587 -2.42499 15.8716
      vertex -9.97473 -2.45711 15.7939
      vertex -9.91084 -2.48556 15.8716
    endloop
  endfacet
  facet normal -0.708506 0.230531 0.666989
    outer loop
      vertex -9.97473 -2.45711 15.7939
      vertex -10.0009 -2.53754 15.7939
      vertex -9.91084 -2.48556 15.8716
    endloop
  endfacet
  facet normal -0.560751 0.182216 0.807685
    outer loop
      vertex -9.83358 -2.51996 15.933
      vertex -9.91084 -2.48556 15.8716
      vertex -9.84973 -2.56966 15.933
    endloop
  endfacet
  facet normal -0.353771 0.204243 0.91276
    outer loop
      vertex -9.80745 -2.4747 15.933
      vertex -9.83358 -2.51996 15.933
      vertex -9.74635 -2.5588 15.9755
    endloop
  endfacet
  facet normal -0.560771 -0.182204 0.807674
    outer loop
      vertex -9.91084 -2.75772 15.8716
      vertex -9.36384 -4.16905 15.933
      vertex -9.83358 -2.72333 15.933
    endloop
  endfacet
  facet normal -0.560798 -0.182216 0.807653
    outer loop
      vertex -9.36384 -4.16905 15.933
      vertex -9.91084 -2.75772 15.8716
      vertex -9.44109 -4.20345 15.8716
    endloop
  endfacet
  facet normal -0.561036 -0.182293 -0.80747
    outer loop
      vertex -9.91084 -2.75772 0.128428
      vertex -9.36384 -4.16905 0.066988
      vertex -9.44109 -4.20345 0.128428
    endloop
  endfacet
  facet normal -0.561009 -0.182282 -0.807491
    outer loop
      vertex -9.36384 -4.16905 0.066988
      vertex -9.91084 -2.75772 0.128428
      vertex -9.83358 -2.72333 0.066988
    endloop
  endfacet
  facet normal -0.353825 -0.204353 -0.912714
    outer loop
      vertex -8.29242 -6.0248 0.066988
      vertex -8.31856 -5.97954 0.066988
      vertex -8.23132 -5.9407 0.0244722
    endloop
  endfacet
  facet normal -0.510872 -0.294951 -0.807474
    outer loop
      vertex -9.40612 -4.26402 0.128428
      vertex -9.44109 -4.20345 0.128428
      vertex -9.36384 -4.16905 0.066988
    endloop
  endfacet
  facet normal -0.645144 -0.372517 -0.667098
    outer loop
      vertex -8.41742 -6.11562 0.206108
      vertex -8.45971 -6.04238 0.206108
      vertex -8.36084 -6.0745 0.128428
    endloop
  endfacet
  facet normal -0.750997 -0.433617 -0.497976
    outer loop
      vertex -9.50499 -4.33585 0.296632
      vertex -9.55274 -4.25315 0.296632
      vertex -9.50499 -4.23189 0.206108
    endloop
  endfacet
  facet normal -0.824072 -0.475809 -0.307427
    outer loop
      vertex -9.50499 -4.33585 0.296632
      vertex -9.58224 -4.26629 0.396045
      vertex -9.55274 -4.25315 0.296632
    endloop
  endfacet
  facet normal -0.824839 -0.268026 -0.497798
    outer loop
      vertex -9.53112 -4.15147 0.206108
      vertex -10.052 -2.71661 0.296632
      vertex -10.0009 -2.70574 0.206108
    endloop
  endfacet
  facet normal -0.824779 -0.267997 -0.497914
    outer loop
      vertex -10.052 -2.71661 0.296632
      vertex -9.53112 -4.15147 0.206108
      vertex -9.58224 -4.16233 0.296632
    endloop
  endfacet
  facet normal -0.353881 0.204306 -0.912703
    outer loop
      vertex -9.74635 -2.5588 0.0244722
      vertex -9.83358 -2.51996 0.066988
      vertex -9.80745 -2.4747 0.066988
    endloop
  endfacet
  facet normal -0.43836 0.394694 -0.807501
    outer loop
      vertex -9.80745 -2.4747 0.066988
      vertex -9.59367 -2.11157 0.128428
      vertex -9.52525 -2.16128 0.066988
    endloop
  endfacet
  facet normal -0.43836 0.394694 -0.807501
    outer loop
      vertex -9.59367 -2.11157 0.128428
      vertex -9.80745 -2.4747 0.066988
      vertex -9.87587 -2.42499 0.128428
    endloop
  endfacet
  facet normal -0.198769 0.0646001 -0.977915
    outer loop
      vertex -9.65632 -2.61078 0.00273991
      vertex -9.75633 -2.58952 0.0244722
      vertex -9.65294 -2.60038 0.00273991
    endloop
  endfacet
  facet normal 0.586406 0.0616249 0.807669
    outer loop
      vertex 9.93245 -2.55208 15.8716
      vertex 9.84973 -2.56966 15.933
      vertex 9.93976 -2.62164 15.8716
    endloop
  endfacet
  facet normal 0.741009 0.0775372 0.667003
    outer loop
      vertex 10.0009 -2.53754 15.7939
      vertex 9.93976 -2.62164 15.8716
      vertex 10.0097 -2.62164 15.7939
    endloop
  endfacet
  facet normal 0.560771 -0.182204 0.807674
    outer loop
      vertex 9.36384 -4.16905 15.933
      vertex 9.91084 -2.75772 15.8716
      vertex 9.83358 -2.72333 15.933
    endloop
  endfacet
  facet normal 0.560798 -0.182216 0.807653
    outer loop
      vertex 9.91084 -2.75772 15.8716
      vertex 9.36384 -4.16905 15.933
      vertex 9.44109 -4.20345 15.8716
    endloop
  endfacet
  facet normal 0.645242 -0.372528 0.666998
    outer loop
      vertex 9.40612 -4.26402 15.8716
      vertex 8.45971 -6.04238 15.7939
      vertex 9.50499 -4.23189 15.7939
    endloop
  endfacet
  facet normal 0.645221 -0.372518 0.667023
    outer loop
      vertex 8.45971 -6.04238 15.7939
      vertex 9.40612 -4.26402 15.8716
      vertex 8.36084 -6.0745 15.8716
    endloop
  endfacet
  facet normal 0.406213 -0.0426062 0.912785
    outer loop
      vertex 9.7597 -2.62164 15.9755
      vertex 9.75633 -2.65377 15.9755
      vertex 9.8552 -2.62164 15.933
    endloop
  endfacet
  facet normal 0.406246 0.0427504 0.912763
    outer loop
      vertex 9.84973 -2.56966 15.933
      vertex 9.75633 -2.58952 15.9755
      vertex 9.8552 -2.62164 15.933
    endloop
  endfacet
  facet normal 0.740811 0.0778511 0.667187
    outer loop
      vertex 10.0009 -2.53754 15.7939
      vertex 9.93245 -2.55208 15.8716
      vertex 9.93976 -2.62164 15.8716
    endloop
  endfacet
  facet normal 0.560786 0.182179 0.80767
    outer loop
      vertex 9.91084 -2.48556 15.8716
      vertex 9.84973 -2.56966 15.933
      vertex 9.93245 -2.55208 15.8716
    endloop
  endfacet
  facet normal 0.181455 -0.104922 0.977786
    outer loop
      vertex 8.13792 -5.89911 15.9973
      vertex 8.13245 -5.90857 15.9973
      vertex 8.21517 -5.96867 15.9755
    endloop
  endfacet
  facet normal 0.905008 0.293996 0.307453
    outer loop
      vertex 10.052 -2.42272 15.604
      vertex 10.0225 -2.43586 15.7034
      vertex 10.052 -2.52667 15.7034
    endloop
  endfacet
  facet normal 0.823977 0.475954 0.307458
    outer loop
      vertex 10.052 -2.42272 15.604
      vertex 9.97473 -2.35316 15.7034
      vertex 10.0225 -2.43586 15.7034
    endloop
  endfacet
  facet normal 0.824085 0.475559 -0.307778
    outer loop
      vertex 10.052 -2.42272 0.396045
      vertex 9.97473 -2.35316 0.296632
      vertex 10.0009 -2.33417 0.396045
    endloop
  endfacet
  facet normal 0.743147 0.669128 0
    outer loop
      vertex 9.93976 -2.25007 15.5
      vertex 9.7275 -2.01433 0.5
      vertex 9.7275 -2.01433 15.5
    endloop
  endfacet
  facet normal 0.743147 0.669128 0
    outer loop
      vertex 9.7275 -2.01433 0.5
      vertex 9.93976 -2.25007 15.5
      vertex 9.93976 -2.25007 0.5
    endloop
  endfacet
  facet normal 0.553696 0.498563 0.666976
    outer loop
      vertex 9.59367 -2.11157 15.8716
      vertex 9.87587 -2.32103 15.7939
      vertex 9.65025 -2.07046 15.7939
    endloop
  endfacet
  facet normal 0.553681 0.498528 0.667014
    outer loop
      vertex 9.87587 -2.32103 15.7939
      vertex 9.59367 -2.11157 15.8716
      vertex 9.87587 -2.42499 15.8716
    endloop
  endfacet
  facet normal 0.7071 0.636753 -0.307497
    outer loop
      vertex 10.0009 -2.33417 0.396045
      vertex 9.69253 -2.03974 0.296632
      vertex 9.71867 -2.02076 0.396045
    endloop
  endfacet
  facet normal 0.707083 0.63665 -0.30775
    outer loop
      vertex 9.69253 -2.03974 0.296632
      vertex 10.0009 -2.33417 0.396045
      vertex 9.97473 -2.35316 0.296632
    endloop
  endfacet
  facet normal 0.824565 0.268294 -0.498108
    outer loop
      vertex 10.0009 -2.53754 0.206108
      vertex 9.97473 -2.45711 0.206108
      vertex 10.0225 -2.43586 0.296632
    endloop
  endfacet
  facet normal 0.946327 0.0996448 -0.307468
    outer loop
      vertex 10.062 -2.62164 0.296632
      vertex 10.052 -2.52667 0.296632
      vertex 10.0943 -2.62164 0.396045
    endloop
  endfacet
  facet normal 0.708378 -0.230183 -0.667246
    outer loop
      vertex 9.53112 -4.15147 0.206108
      vertex 9.91084 -2.75772 0.128428
      vertex 10.0009 -2.70574 0.206108
    endloop
  endfacet
  facet normal 0.708505 -0.230209 -0.667101
    outer loop
      vertex 9.91084 -2.75772 0.128428
      vertex 9.53112 -4.15147 0.206108
      vertex 9.44109 -4.20345 0.128428
    endloop
  endfacet
  facet normal 0.740726 -0.0778422 -0.667282
    outer loop
      vertex 10.0009 -2.70574 0.206108
      vertex 9.93245 -2.6912 0.128428
      vertex 9.93976 -2.62164 0.128428
    endloop
  endfacet
  facet normal 0.586656 -0.0616511 -0.807487
    outer loop
      vertex 9.93245 -2.6912 0.128428
      vertex 9.84973 -2.67362 0.066988
      vertex 9.93976 -2.62164 0.128428
    endloop
  endfacet
  facet normal 0.904972 -0.294054 -0.307503
    outer loop
      vertex 10.052 -2.82057 0.396045
      vertex 9.58224 -4.16233 0.296632
      vertex 10.052 -2.71661 0.296632
    endloop
  endfacet
  facet normal 0.904972 -0.294054 -0.307503
    outer loop
      vertex 9.58224 -4.16233 0.296632
      vertex 10.052 -2.82057 0.396045
      vertex 9.58224 -4.26629 0.396045
    endloop
  endfacet
  facet normal 0.905029 -0.29397 -0.307416
    outer loop
      vertex 9.58224 -4.26629 0.396045
      vertex 9.55274 -4.25315 0.296632
      vertex 9.58224 -4.16233 0.296632
    endloop
  endfacet
  facet normal 0.510838 0.294931 -0.807503
    outer loop
      vertex 9.91084 -2.48556 0.128428
      vertex 9.83358 -2.51996 0.066988
      vertex 9.87587 -2.42499 0.128428
    endloop
  endfacet
  facet normal 0.645183 0.372495 -0.667073
    outer loop
      vertex 9.91084 -2.48556 0.128428
      vertex 9.87587 -2.42499 0.128428
      vertex 9.97473 -2.45711 0.206108
    endloop
  endfacet
  facet normal 0.38862 0.126251 -0.912707
    outer loop
      vertex 9.75633 -2.58952 0.0244722
      vertex 9.74635 -2.5588 0.0244722
      vertex 9.84973 -2.56966 0.066988
    endloop
  endfacet
  facet normal 0.388622 0.126282 -0.912703
    outer loop
      vertex 9.84973 -2.56966 0.066988
      vertex 9.74635 -2.5588 0.0244722
      vertex 9.83358 -2.51996 0.066988
    endloop
  endfacet
  facet normal 0 -0.994582 0.103953
    outer loop
      vertex -6.60822 -7.4171 15.5
      vertex -5.89064 -7.40623 15.604
      vertex -6.60936 -7.40623 15.604
    endloop
  endfacet
  facet normal 0 -0.994582 0.103953
    outer loop
      vertex -5.89064 -7.40623 15.604
      vertex -6.60822 -7.4171 15.5
      vertex -5.89178 -7.4171 15.5
    endloop
  endfacet
  facet normal 0 -0.994582 0.103953
    outer loop
      vertex 5.89178 -7.4171 15.5
      vertex 6.60936 -7.40623 15.604
      vertex 5.89064 -7.40623 15.604
    endloop
  endfacet
  facet normal 0 -0.994582 0.103953
    outer loop
      vertex 6.60936 -7.40623 15.604
      vertex 5.89178 -7.4171 15.5
      vertex 6.60822 -7.4171 15.5
    endloop
  endfacet
  facet normal 0 -0.408474 0.91277
    outer loop
      vertex -5.85567 -7.0735 15.9755
      vertex -6.63435 -7.16847 15.933
      vertex -5.86565 -7.16847 15.933
    endloop
  endfacet
  facet normal 0 -0.408474 0.91277
    outer loop
      vertex -6.63435 -7.16847 15.933
      vertex -5.85567 -7.0735 15.9755
      vertex -6.64433 -7.0735 15.9755
    endloop
  endfacet
  facet normal 0 -0.408474 0.91277
    outer loop
      vertex 6.64433 -7.0735 15.9755
      vertex 5.86565 -7.16847 15.933
      vertex 6.63435 -7.16847 15.933
    endloop
  endfacet
  facet normal 0 -0.408474 0.91277
    outer loop
      vertex 5.86565 -7.16847 15.933
      vertex 6.64433 -7.0735 15.9755
      vertex 5.85567 -7.0735 15.9755
    endloop
  endfacet
  facet normal 0.353716 -0.204289 0.912771
    outer loop
      vertex 8.31856 -5.97954 15.933
      vertex 8.23132 -5.9407 15.9755
      vertex 8.29242 -6.0248 15.933
    endloop
  endfacet
  facet normal 0.510593 -0.294894 0.807671
    outer loop
      vertex 8.31856 -5.97954 15.933
      vertex 8.29242 -6.0248 15.933
      vertex 8.36084 -6.0745 15.8716
    endloop
  endfacet
  facet normal 0.303586 -0.273337 0.912755
    outer loop
      vertex 7.35421 -7.06678 15.933
      vertex 7.25535 -7.03466 15.9755
      vertex 7.31924 -7.10562 15.933
    endloop
  endfacet
  facet normal 0.303563 -0.273333 0.912764
    outer loop
      vertex 8.21517 -5.96867 15.9755
      vertex 8.19356 -5.99267 15.9755
      vertex 8.29242 -6.0248 15.933
    endloop
  endfacet
  facet normal -0.560786 0.182179 0.80767
    outer loop
      vertex -9.91084 -2.48556 15.8716
      vertex -9.93245 -2.55208 15.8716
      vertex -9.84973 -2.56966 15.933
    endloop
  endfacet
  facet normal -0.586406 0.0616249 0.807669
    outer loop
      vertex -9.93245 -2.55208 15.8716
      vertex -9.93976 -2.62164 15.8716
      vertex -9.84973 -2.56966 15.933
    endloop
  endfacet
  facet normal -0.388594 -0.126261 -0.912717
    outer loop
      vertex -9.83358 -2.72333 0.066988
      vertex -9.2766 -4.13021 0.0244722
      vertex -9.36384 -4.16905 0.066988
    endloop
  endfacet
  facet normal -0.388625 -0.126274 -0.912702
    outer loop
      vertex -9.2766 -4.13021 0.0244722
      vertex -9.83358 -2.72333 0.066988
      vertex -9.74635 -2.68449 0.0244722
    endloop
  endfacet
  facet normal -0.824071 -0.475774 -0.307484
    outer loop
      vertex -8.45971 -6.14634 0.296632
      vertex -9.53112 -4.35484 0.396045
      vertex -9.50499 -4.33585 0.296632
    endloop
  endfacet
  facet normal -0.824082 -0.475783 -0.307441
    outer loop
      vertex -9.53112 -4.35484 0.396045
      vertex -8.45971 -6.14634 0.296632
      vertex -8.48584 -6.16532 0.396045
    endloop
  endfacet
  facet normal -0.303618 0.27351 -0.912693
    outer loop
      vertex -9.7302 -2.53082 0.0244722
      vertex -9.80745 -2.4747 0.066988
      vertex -9.70858 -2.50682 0.0244722
    endloop
  endfacet
  facet normal -0.510838 0.294931 -0.807503
    outer loop
      vertex -9.83358 -2.51996 0.066988
      vertex -9.91084 -2.48556 0.128428
      vertex -9.87587 -2.42499 0.128428
    endloop
  endfacet
  facet normal -0.388622 0.126282 -0.912703
    outer loop
      vertex -9.74635 -2.5588 0.0244722
      vertex -9.84973 -2.56966 0.066988
      vertex -9.83358 -2.51996 0.066988
    endloop
  endfacet
  facet normal -0.645183 0.372495 -0.667073
    outer loop
      vertex -9.91084 -2.48556 0.128428
      vertex -9.97473 -2.45711 0.206108
      vertex -9.87587 -2.42499 0.128428
    endloop
  endfacet
  facet normal -0.824565 0.268294 -0.498108
    outer loop
      vertex -10.0009 -2.53754 0.206108
      vertex -10.0225 -2.43586 0.296632
      vertex -9.97473 -2.45711 0.206108
    endloop
  endfacet
  facet normal -0.64452 0.580222 -0.497931
    outer loop
      vertex -9.93245 -2.38388 0.206108
      vertex -9.97473 -2.35316 0.296632
      vertex -9.87587 -2.32103 0.206108
    endloop
  endfacet
  facet normal -0.553681 0.498445 -0.667075
    outer loop
      vertex -9.87587 -2.42499 0.128428
      vertex -9.93245 -2.38388 0.206108
      vertex -9.87587 -2.32103 0.206108
    endloop
  endfacet
  facet normal -0.553617 0.498471 -0.667109
    outer loop
      vertex -9.87587 -2.32103 0.206108
      vertex -9.59367 -2.11157 0.128428
      vertex -9.87587 -2.42499 0.128428
    endloop
  endfacet
  facet normal -0.553632 0.498505 -0.667071
    outer loop
      vertex -9.59367 -2.11157 0.128428
      vertex -9.87587 -2.32103 0.206108
      vertex -9.65025 -2.07046 0.206108
    endloop
  endfacet
  facet normal 0 0 1
    outer loop
      vertex 9.65632 2.63251 15.9973
      vertex 9.65632 2.61078 15.9973
      vertex 9.65746 2.62164 15.9973
    endloop
  endfacet
  facet normal 0 0 1
    outer loop
      vertex 9.65294 2.6429 15.9973
      vertex 9.65632 2.61078 15.9973
      vertex 9.65632 2.63251 15.9973
    endloop
  endfacet
  facet normal 0 0 1
    outer loop
      vertex 9.65294 2.6429 15.9973
      vertex 9.65294 2.60038 15.9973
      vertex 9.65632 2.61078 15.9973
    endloop
  endfacet
  facet normal 0 0 1
    outer loop
      vertex 9.65294 2.6429 15.9973
      vertex 9.64748 2.59092 15.9973
      vertex 9.65294 2.60038 15.9973
    endloop
  endfacet
  facet normal 0 0 1
    outer loop
      vertex 9.65294 2.6429 15.9973
      vertex 9.64017 2.5828 15.9973
      vertex 9.64748 2.59092 15.9973
    endloop
  endfacet
  facet normal 0 0 1
    outer loop
      vertex 9.65294 2.6429 15.9973
      vertex 9.36528 2.27751 15.9973
      vertex 9.64017 2.5828 15.9973
    endloop
  endfacet
  facet normal 0 0 1
    outer loop
      vertex 9.1832 4.08862 15.9973
      vertex 9.36528 2.27751 15.9973
      vertex 9.65294 2.6429 15.9973
    endloop
  endfacet
  facet normal 0 0 1
    outer loop
      vertex 9.1832 4.08862 15.9973
      vertex 8.96026 1.57599 15.9973
      vertex 9.36528 2.27751 15.9973
    endloop
  endfacet
  facet normal 0 0 1
    outer loop
      vertex 4.215 0 15.9973
      vertex 8.96026 1.57599 15.9973
      vertex 9.1832 4.08862 15.9973
    endloop
  endfacet
  facet normal 0 0 1
    outer loop
      vertex 8.96026 1.57599 15.9973
      vertex 4.215 0 15.9973
      vertex 8.70994 0.805602 15.9973
    endloop
  endfacet
  facet normal 0 0 1
    outer loop
      vertex 4.215 0 15.9973
      vertex 9.1832 4.08862 15.9973
      vertex 8.13792 5.89911 15.9973
    endloop
  endfacet
  facet normal 0 0 1
    outer loop
      vertex 9.65632 -2.61078 15.9973
      vertex 9.65632 -2.63251 15.9973
      vertex 9.65746 -2.62164 15.9973
    endloop
  endfacet
  facet normal 0 0 1
    outer loop
      vertex 9.65294 -2.60038 15.9973
      vertex 9.65632 -2.63251 15.9973
      vertex 9.65632 -2.61078 15.9973
    endloop
  endfacet
  facet normal 0 0 1
    outer loop
      vertex 9.65294 -2.60038 15.9973
      vertex 9.65294 -2.6429 15.9973
      vertex 9.65632 -2.63251 15.9973
    endloop
  endfacet
  facet normal 0 0 1
    outer loop
      vertex 9.64748 -2.59092 15.9973
      vertex 9.65294 -2.6429 15.9973
      vertex 9.65294 -2.60038 15.9973
    endloop
  endfacet
  facet normal 0 0 1
    outer loop
      vertex 9.64017 -2.5828 15.9973
      vertex 9.65294 -2.6429 15.9973
      vertex 9.64748 -2.59092 15.9973
    endloop
  endfacet
  facet normal 0 0 1
    outer loop
      vertex 9.36528 -2.27751 15.9973
      vertex 9.65294 -2.6429 15.9973
      vertex 9.64017 -2.5828 15.9973
    endloop
  endfacet
  facet normal 0 0 1
    outer loop
      vertex 9.36528 -2.27751 15.9973
      vertex 9.1832 -4.08862 15.9973
      vertex 9.65294 -2.6429 15.9973
    endloop
  endfacet
  facet normal 0 0 1
    outer loop
      vertex 8.96026 -1.57599 15.9973
      vertex 9.1832 -4.08862 15.9973
      vertex 9.36528 -2.27751 15.9973
    endloop
  endfacet
  facet normal 0 0 1
    outer loop
      vertex 4.215 0 15.9973
      vertex 8.96026 -1.57599 15.9973
      vertex 8.70994 -0.805602 15.9973
    endloop
  endfacet
  facet normal 0 0 1
    outer loop
      vertex 8.96026 -1.57599 15.9973
      vertex 4.215 0 15.9973
      vertex 9.1832 -4.08862 15.9973
    endloop
  endfacet
  facet normal -0 0 1
    outer loop
      vertex 4.215 0 15.9973
      vertex 8.70994 -0.805602 15.9973
      vertex 8.62527 0 15.9973
    endloop
  endfacet
  facet normal 0 0 1
    outer loop
      vertex 8.70994 0.805602 15.9973
      vertex 4.215 0 15.9973
      vertex 8.62527 0 15.9973
    endloop
  endfacet
  facet normal 0 0 1
    outer loop
      vertex 8.12514 5.91669 15.9973
      vertex 8.13792 5.89911 15.9973
      vertex 8.13245 5.90857 15.9973
    endloop
  endfacet
  facet normal 0 0 1
    outer loop
      vertex 9.1832 -4.08862 15.9973
      vertex 4.215 0 15.9973
      vertex 8.13792 -5.89911 15.9973
    endloop
  endfacet
  facet normal 0 0 1
    outer loop
      vertex 8.13792 5.89911 15.9973
      vertex 8.12514 5.91669 15.9973
      vertex 5.84498 6.97182 15.9973
    endloop
  endfacet
  facet normal -0 0 1
    outer loop
      vertex 2.1075 -3.6503 15.9973
      vertex 8.13792 -5.89911 15.9973
      vertex 4.215 0 15.9973
    endloop
  endfacet
  facet normal 0 0 1
    outer loop
      vertex 6.65502 6.97182 15.9973
      vertex 8.12514 5.91669 15.9973
      vertex 7.18693 6.95868 15.9973
    endloop
  endfacet
  facet normal 0 -0 1
    outer loop
      vertex 5.84498 -6.97182 15.9973
      vertex 8.13792 -5.89911 15.9973
      vertex 2.1075 -3.6503 15.9973
    endloop
  endfacet
  facet normal 0 0 1
    outer loop
      vertex 7.05686 7.05723 15.9973
      vertex 7.18693 6.95868 15.9973
      vertex 7.10798 7.04636 15.9973
    endloop
  endfacet
  facet normal 0 -0 1
    outer loop
      vertex 8.12514 -5.91669 15.9973
      vertex 8.13792 -5.89911 15.9973
      vertex 5.84498 -6.97182 15.9973
    endloop
  endfacet
  facet normal 0 0 1
    outer loop
      vertex 7.05686 7.05723 15.9973
      vertex 7.10798 7.04636 15.9973
      vertex 7.09914 7.05278 15.9973
    endloop
  endfacet
  facet normal 0 0 1
    outer loop
      vertex 8.12514 -5.91669 15.9973
      vertex 6.65502 -6.97182 15.9973
      vertex 7.18693 -6.95868 15.9973
    endloop
  endfacet
  facet normal -0 0 1
    outer loop
      vertex 7.05686 7.05723 15.9973
      vertex 7.09914 7.05278 15.9973
      vertex 7.08916 7.05723 15.9973
    endloop
  endfacet
  facet normal 0 -0 1
    outer loop
      vertex 7.05686 -7.05723 15.9973
      vertex 7.18693 -6.95868 15.9973
      vertex 6.65502 -6.97182 15.9973
    endloop
  endfacet
  facet normal 0 0 1
    outer loop
      vertex 7.05686 7.05723 15.9973
      vertex 7.08916 7.05723 15.9973
      vertex 7.07847 7.0595 15.9973
    endloop
  endfacet
  facet normal 0 0 1
    outer loop
      vertex 7.18693 -6.95868 15.9973
      vertex 7.05686 -7.05723 15.9973
      vertex 7.10798 -7.04636 15.9973
    endloop
  endfacet
  facet normal 0 0 1
    outer loop
      vertex 7.05686 7.05723 15.9973
      vertex 7.07847 7.0595 15.9973
      vertex 7.06754 7.0595 15.9973
    endloop
  endfacet
  facet normal 0 0 1
    outer loop
      vertex 7.10798 -7.04636 15.9973
      vertex 7.05686 -7.05723 15.9973
      vertex 7.09914 -7.05278 15.9973
    endloop
  endfacet
  facet normal 0 0 1
    outer loop
      vertex 7.18693 6.95868 15.9973
      vertex 7.05686 7.05723 15.9973
      vertex 6.65502 6.97182 15.9973
    endloop
  endfacet
  facet normal 0 0 1
    outer loop
      vertex 7.09914 -7.05278 15.9973
      vertex 7.05686 -7.05723 15.9973
      vertex 7.08916 -7.05723 15.9973
    endloop
  endfacet
  facet normal -0 0 1
    outer loop
      vertex 5.84498 6.97182 15.9973
      vertex 8.12514 5.91669 15.9973
      vertex 6.65502 6.97182 15.9973
    endloop
  endfacet
  facet normal 0 0 1
    outer loop
      vertex 7.07847 -7.0595 15.9973
      vertex 7.05686 -7.05723 15.9973
      vertex 7.06754 -7.0595 15.9973
    endloop
  endfacet
  facet normal 0 0 1
    outer loop
      vertex 8.13792 5.89911 15.9973
      vertex 5.84498 6.97182 15.9973
      vertex 2.1075 3.6503 15.9973
    endloop
  endfacet
  facet normal 0 0 1
    outer loop
      vertex 7.08916 -7.05723 15.9973
      vertex 7.05686 -7.05723 15.9973
      vertex 7.07847 -7.0595 15.9973
    endloop
  endfacet
  facet normal 0 0 1
    outer loop
      vertex 2.1075 3.6503 15.9973
      vertex 5.84498 6.97182 15.9973
      vertex 5.05264 7.14023 15.9973
    endloop
  endfacet
  facet normal 0 0 1
    outer loop
      vertex 8.12514 -5.91669 15.9973
      vertex 5.84498 -6.97182 15.9973
      vertex 6.65502 -6.97182 15.9973
    endloop
  endfacet
  facet normal 0 0 1
    outer loop
      vertex 2.1075 3.6503 15.9973
      vertex 5.05264 7.14023 15.9973
      vertex 4.31264 7.4697 15.9973
    endloop
  endfacet
  facet normal 0 0 1
    outer loop
      vertex 8.13792 -5.89911 15.9973
      vertex 8.12514 -5.91669 15.9973
      vertex 8.13245 -5.90857 15.9973
    endloop
  endfacet
  facet normal 0 0 1
    outer loop
      vertex 5.84498 -6.97182 15.9973
      vertex 2.1075 -3.6503 15.9973
      vertex 5.05264 -7.14023 15.9973
    endloop
  endfacet
  facet normal 0 0 1
    outer loop
      vertex 2.1075 3.6503 15.9973
      vertex 4.31264 7.4697 15.9973
      vertex 3.6573 7.94583 15.9973
    endloop
  endfacet
  facet normal 0 0 1
    outer loop
      vertex 2.1075 3.6503 15.9973
      vertex 3.6573 7.94583 15.9973
      vertex 3.11528 8.54781 15.9973
    endloop
  endfacet
  facet normal 0 0 1
    outer loop
      vertex 1.06143 9.99492 15.9973
      vertex 3.11528 8.54781 15.9973
      vertex 2.71026 9.24932 15.9973
    endloop
  endfacet
  facet normal 0 0 1
    outer loop
      vertex 2.54834 9.67887 15.9973
      vertex 2.71026 9.24932 15.9973
      vertex 2.57993 9.65042 15.9973
    endloop
  endfacet
  facet normal 0 0 1
    outer loop
      vertex 2.54834 9.67887 15.9973
      vertex 2.57993 9.65042 15.9973
      vertex 2.57447 9.65989 15.9973
    endloop
  endfacet
  facet normal 0 0 1
    outer loop
      vertex 2.54834 9.67887 15.9973
      vertex 2.57447 9.65989 15.9973
      vertex 2.56716 9.66801 15.9973
    endloop
  endfacet
  facet normal 0 0 1
    outer loop
      vertex 2.54834 9.67887 15.9973
      vertex 2.56716 9.66801 15.9973
      vertex 2.55832 9.67443 15.9973
    endloop
  endfacet
  facet normal 0 0 1
    outer loop
      vertex 2.71026 9.24932 15.9973
      vertex 2.54834 9.67887 15.9973
      vertex 1.06143 9.99492 15.9973
    endloop
  endfacet
  facet normal 0 0 1
    outer loop
      vertex 8.13792 5.89911 15.9973
      vertex 2.1075 3.6503 15.9973
      vertex 4.215 0 15.9973
    endloop
  endfacet
  facet normal 0 0 1
    outer loop
      vertex 1.05075 9.9972 15.9973
      vertex 3.11528 8.54781 15.9973
      vertex 1.06143 9.99492 15.9973
    endloop
  endfacet
  facet normal 0 0 1
    outer loop
      vertex 3.11528 8.54781 15.9973
      vertex 1.05075 9.9972 15.9973
      vertex 2.1075 3.6503 15.9973
    endloop
  endfacet
  facet normal -0 0 1
    outer loop
      vertex -1.05075 9.9972 15.9973
      vertex 2.1075 3.6503 15.9973
      vertex 1.05075 9.9972 15.9973
    endloop
  endfacet
  facet normal 0 0 1
    outer loop
      vertex -3.11528 8.54781 15.9973
      vertex -1.05075 9.9972 15.9973
      vertex -1.06143 9.99492 15.9973
    endloop
  endfacet
  facet normal 0 0 1
    outer loop
      vertex -1.05075 9.9972 15.9973
      vertex -2.1075 3.6503 15.9973
      vertex 2.1075 3.6503 15.9973
    endloop
  endfacet
  facet normal 0 0 1
    outer loop
      vertex -2.71026 9.24932 15.9973
      vertex -1.06143 9.99492 15.9973
      vertex -2.54834 9.67887 15.9973
    endloop
  endfacet
  facet normal 0 0 1
    outer loop
      vertex -2.57993 9.65042 15.9973
      vertex -2.54834 9.67887 15.9973
      vertex -2.55832 9.67443 15.9973
    endloop
  endfacet
  facet normal 0 0 1
    outer loop
      vertex -2.57993 9.65042 15.9973
      vertex -2.55832 9.67443 15.9973
      vertex -2.56716 9.66801 15.9973
    endloop
  endfacet
  facet normal 0 0 1
    outer loop
      vertex -2.57993 9.65042 15.9973
      vertex -2.56716 9.66801 15.9973
      vertex -2.57447 9.65989 15.9973
    endloop
  endfacet
  facet normal 0 0 1
    outer loop
      vertex -2.54834 9.67887 15.9973
      vertex -2.57993 9.65042 15.9973
      vertex -2.71026 9.24932 15.9973
    endloop
  endfacet
  facet normal 0 0 1
    outer loop
      vertex -3.11528 8.54781 15.9973
      vertex -1.06143 9.99492 15.9973
      vertex -2.71026 9.24932 15.9973
    endloop
  endfacet
  facet normal 0 0 1
    outer loop
      vertex -1.05075 9.9972 15.9973
      vertex -3.11528 8.54781 15.9973
      vertex -2.1075 3.6503 15.9973
    endloop
  endfacet
  facet normal -0 0 1
    outer loop
      vertex -3.6573 7.94583 15.9973
      vertex -2.1075 3.6503 15.9973
      vertex -3.11528 8.54781 15.9973
    endloop
  endfacet
  facet normal -0 0 1
    outer loop
      vertex -4.31264 7.4697 15.9973
      vertex -2.1075 3.6503 15.9973
      vertex -3.6573 7.94583 15.9973
    endloop
  endfacet
  facet normal -0 0 1
    outer loop
      vertex -5.05264 7.14023 15.9973
      vertex -2.1075 3.6503 15.9973
      vertex -4.31264 7.4697 15.9973
    endloop
  endfacet
  facet normal 0 0 1
    outer loop
      vertex -8.96026 -1.57599 15.9973
      vertex -4.215 0 15.9973
      vertex -8.70994 -0.805602 15.9973
    endloop
  endfacet
  facet normal 0 0 1
    outer loop
      vertex -9.1832 -4.08862 15.9973
      vertex -4.215 0 15.9973
      vertex -8.96026 -1.57599 15.9973
    endloop
  endfacet
  facet normal 0 0 1
    outer loop
      vertex -4.215 0 15.9973
      vertex -9.1832 -4.08862 15.9973
      vertex -8.13792 -5.89911 15.9973
    endloop
  endfacet
  facet normal -0 0 1
    outer loop
      vertex -9.36528 -2.27751 15.9973
      vertex -9.1832 -4.08862 15.9973
      vertex -8.96026 -1.57599 15.9973
    endloop
  endfacet
  facet normal 0 0 1
    outer loop
      vertex -9.65294 -2.6429 15.9973
      vertex -9.36528 -2.27751 15.9973
      vertex -9.64017 -2.5828 15.9973
    endloop
  endfacet
  facet normal 0 0 1
    outer loop
      vertex -9.65294 -2.6429 15.9973
      vertex -9.64017 -2.5828 15.9973
      vertex -9.64748 -2.59092 15.9973
    endloop
  endfacet
  facet normal 0 0 1
    outer loop
      vertex -9.65294 -2.6429 15.9973
      vertex -9.64748 -2.59092 15.9973
      vertex -9.65294 -2.60038 15.9973
    endloop
  endfacet
  facet normal 0 0 1
    outer loop
      vertex -9.36528 -2.27751 15.9973
      vertex -9.65294 -2.6429 15.9973
      vertex -9.1832 -4.08862 15.9973
    endloop
  endfacet
  facet normal -0 0 1
    outer loop
      vertex -9.65632 -2.61078 15.9973
      vertex -9.65294 -2.6429 15.9973
      vertex -9.65294 -2.60038 15.9973
    endloop
  endfacet
  facet normal 0 0 1
    outer loop
      vertex -9.65632 -2.61078 15.9973
      vertex -9.65632 -2.63251 15.9973
      vertex -9.65294 -2.6429 15.9973
    endloop
  endfacet
  facet normal 0 -0 1
    outer loop
      vertex -9.65632 -2.63251 15.9973
      vertex -9.65632 -2.61078 15.9973
      vertex -9.65746 -2.62164 15.9973
    endloop
  endfacet
  facet normal 0 0 1
    outer loop
      vertex 5.05264 -7.14023 15.9973
      vertex 2.1075 -3.6503 15.9973
      vertex 4.31264 -7.4697 15.9973
    endloop
  endfacet
  facet normal 0 0 1
    outer loop
      vertex 4.31264 -7.4697 15.9973
      vertex 2.1075 -3.6503 15.9973
      vertex 3.6573 -7.94583 15.9973
    endloop
  endfacet
  facet normal 0 0 1
    outer loop
      vertex 3.6573 -7.94583 15.9973
      vertex 2.1075 -3.6503 15.9973
      vertex 3.11528 -8.54781 15.9973
    endloop
  endfacet
  facet normal 0 0 1
    outer loop
      vertex 1.05075 -9.9972 15.9973
      vertex 3.11528 -8.54781 15.9973
      vertex 2.1075 -3.6503 15.9973
    endloop
  endfacet
  facet normal 0 0 1
    outer loop
      vertex 3.11528 -8.54781 15.9973
      vertex 1.06143 -9.99492 15.9973
      vertex 2.71026 -9.24932 15.9973
    endloop
  endfacet
  facet normal 0 -0 1
    outer loop
      vertex 2.54834 -9.67887 15.9973
      vertex 2.71026 -9.24932 15.9973
      vertex 1.06143 -9.99492 15.9973
    endloop
  endfacet
  facet normal 0 0 1
    outer loop
      vertex 2.71026 -9.24932 15.9973
      vertex 2.54834 -9.67887 15.9973
      vertex 2.57993 -9.65042 15.9973
    endloop
  endfacet
  facet normal 0 0 1
    outer loop
      vertex 2.57993 -9.65042 15.9973
      vertex 2.54834 -9.67887 15.9973
      vertex 2.57447 -9.65989 15.9973
    endloop
  endfacet
  facet normal 0 0 1
    outer loop
      vertex 2.56716 -9.66801 15.9973
      vertex 2.54834 -9.67887 15.9973
      vertex 2.55832 -9.67443 15.9973
    endloop
  endfacet
  facet normal 0 0 1
    outer loop
      vertex 2.57447 -9.65989 15.9973
      vertex 2.54834 -9.67887 15.9973
      vertex 2.56716 -9.66801 15.9973
    endloop
  endfacet
  facet normal 0 0 1
    outer loop
      vertex 3.11528 -8.54781 15.9973
      vertex 1.05075 -9.9972 15.9973
      vertex 1.06143 -9.99492 15.9973
    endloop
  endfacet
  facet normal 0 0 1
    outer loop
      vertex 2.1075 -3.6503 15.9973
      vertex -1.05075 -9.9972 15.9973
      vertex 1.05075 -9.9972 15.9973
    endloop
  endfacet
  facet normal -0 0 1
    outer loop
      vertex -2.1075 -3.6503 15.9973
      vertex -1.05075 -9.9972 15.9973
      vertex 2.1075 -3.6503 15.9973
    endloop
  endfacet
  facet normal -0 0 1
    outer loop
      vertex -3.11528 -8.54781 15.9973
      vertex -1.05075 -9.9972 15.9973
      vertex -2.1075 -3.6503 15.9973
    endloop
  endfacet
  facet normal 0 0 1
    outer loop
      vertex -1.05075 -9.9972 15.9973
      vertex -3.11528 -8.54781 15.9973
      vertex -1.06143 -9.99492 15.9973
    endloop
  endfacet
  facet normal 0 0 1
    outer loop
      vertex -1.06143 -9.99492 15.9973
      vertex -2.71026 -9.24932 15.9973
      vertex -2.54834 -9.67887 15.9973
    endloop
  endfacet
  facet normal -0 -0 1
    outer loop
      vertex -2.57993 -9.65042 15.9973
      vertex -2.54834 -9.67887 15.9973
      vertex -2.71026 -9.24932 15.9973
    endloop
  endfacet
  facet normal 0 0 1
    outer loop
      vertex -2.54834 -9.67887 15.9973
      vertex -2.57993 -9.65042 15.9973
      vertex -2.55832 -9.67443 15.9973
    endloop
  endfacet
  facet normal 0 0 1
    outer loop
      vertex -2.55832 -9.67443 15.9973
      vertex -2.57993 -9.65042 15.9973
      vertex -2.56716 -9.66801 15.9973
    endloop
  endfacet
  facet normal 0 0 1
    outer loop
      vertex -2.56716 -9.66801 15.9973
      vertex -2.57993 -9.65042 15.9973
      vertex -2.57447 -9.65989 15.9973
    endloop
  endfacet
  facet normal 0 0 1
    outer loop
      vertex -1.06143 -9.99492 15.9973
      vertex -3.11528 -8.54781 15.9973
      vertex -2.71026 -9.24932 15.9973
    endloop
  endfacet
  facet normal 0 0 1
    outer loop
      vertex -2.1075 -3.6503 15.9973
      vertex -3.6573 -7.94583 15.9973
      vertex -3.11528 -8.54781 15.9973
    endloop
  endfacet
  facet normal 0 0 1
    outer loop
      vertex -8.13792 -5.89911 15.9973
      vertex -2.1075 -3.6503 15.9973
      vertex -4.215 0 15.9973
    endloop
  endfacet
  facet normal 0 0 1
    outer loop
      vertex -2.1075 -3.6503 15.9973
      vertex -4.31264 -7.4697 15.9973
      vertex -3.6573 -7.94583 15.9973
    endloop
  endfacet
  facet normal -0 0 1
    outer loop
      vertex -5.84498 6.97182 15.9973
      vertex -2.1075 3.6503 15.9973
      vertex -5.05264 7.14023 15.9973
    endloop
  endfacet
  facet normal -0 0 1
    outer loop
      vertex -8.13792 5.89911 15.9973
      vertex -2.1075 3.6503 15.9973
      vertex -5.84498 6.97182 15.9973
    endloop
  endfacet
  facet normal 0 0 1
    outer loop
      vertex -8.70994 -0.805602 15.9973
      vertex -4.215 0 15.9973
      vertex -8.62527 0 15.9973
    endloop
  endfacet
  facet normal 0 0 1
    outer loop
      vertex -2.1075 3.6503 15.9973
      vertex -8.13792 5.89911 15.9973
      vertex -4.215 0 15.9973
    endloop
  endfacet
  facet normal 0 0 1
    outer loop
      vertex -2.1075 -3.6503 15.9973
      vertex -5.05264 -7.14023 15.9973
      vertex -4.31264 -7.4697 15.9973
    endloop
  endfacet
  facet normal 0 0 1
    outer loop
      vertex -8.12514 5.91669 15.9973
      vertex -5.84498 6.97182 15.9973
      vertex -6.65502 6.97182 15.9973
    endloop
  endfacet
  facet normal 0 0 1
    outer loop
      vertex -2.1075 -3.6503 15.9973
      vertex -5.84498 -6.97182 15.9973
      vertex -5.05264 -7.14023 15.9973
    endloop
  endfacet
  facet normal 0 0 1
    outer loop
      vertex -7.18693 6.95868 15.9973
      vertex -6.65502 6.97182 15.9973
      vertex -7.05686 7.05723 15.9973
    endloop
  endfacet
  facet normal 0 0 1
    outer loop
      vertex -2.1075 -3.6503 15.9973
      vertex -8.13792 -5.89911 15.9973
      vertex -5.84498 -6.97182 15.9973
    endloop
  endfacet
  facet normal 0 0 1
    outer loop
      vertex -7.10798 7.04636 15.9973
      vertex -7.05686 7.05723 15.9973
      vertex -7.06754 7.0595 15.9973
    endloop
  endfacet
  facet normal -0 -0 1
    outer loop
      vertex -8.12514 -5.91669 15.9973
      vertex -5.84498 -6.97182 15.9973
      vertex -8.13792 -5.89911 15.9973
    endloop
  endfacet
  facet normal 0 0 1
    outer loop
      vertex -7.10798 7.04636 15.9973
      vertex -7.06754 7.0595 15.9973
      vertex -7.07847 7.0595 15.9973
    endloop
  endfacet
  facet normal -0 -0 1
    outer loop
      vertex -7.18693 -6.95868 15.9973
      vertex -6.65502 -6.97182 15.9973
      vertex -8.12514 -5.91669 15.9973
    endloop
  endfacet
  facet normal 0 0 1
    outer loop
      vertex -7.10798 7.04636 15.9973
      vertex -7.07847 7.0595 15.9973
      vertex -7.08916 7.05723 15.9973
    endloop
  endfacet
  facet normal -0 -0 1
    outer loop
      vertex -7.10798 -7.04636 15.9973
      vertex -7.05686 -7.05723 15.9973
      vertex -7.18693 -6.95868 15.9973
    endloop
  endfacet
  facet normal 0 0 1
    outer loop
      vertex -7.10798 7.04636 15.9973
      vertex -7.08916 7.05723 15.9973
      vertex -7.09914 7.05278 15.9973
    endloop
  endfacet
  facet normal 0 0 1
    outer loop
      vertex -7.05686 -7.05723 15.9973
      vertex -7.10798 -7.04636 15.9973
      vertex -7.06754 -7.0595 15.9973
    endloop
  endfacet
  facet normal 0 0 1
    outer loop
      vertex -7.05686 7.05723 15.9973
      vertex -7.10798 7.04636 15.9973
      vertex -7.18693 6.95868 15.9973
    endloop
  endfacet
  facet normal 0 0 1
    outer loop
      vertex -7.06754 -7.0595 15.9973
      vertex -7.10798 -7.04636 15.9973
      vertex -7.07847 -7.0595 15.9973
    endloop
  endfacet
  facet normal 0 0 1
    outer loop
      vertex -6.65502 6.97182 15.9973
      vertex -7.18693 6.95868 15.9973
      vertex -8.12514 5.91669 15.9973
    endloop
  endfacet
  facet normal 0 0 1
    outer loop
      vertex -7.07847 -7.0595 15.9973
      vertex -7.10798 -7.04636 15.9973
      vertex -7.08916 -7.05723 15.9973
    endloop
  endfacet
  facet normal 0 0 1
    outer loop
      vertex -5.84498 6.97182 15.9973
      vertex -8.12514 5.91669 15.9973
      vertex -8.13792 5.89911 15.9973
    endloop
  endfacet
  facet normal 0 0 1
    outer loop
      vertex -7.08916 -7.05723 15.9973
      vertex -7.10798 -7.04636 15.9973
      vertex -7.09914 -7.05278 15.9973
    endloop
  endfacet
  facet normal 0 0 1
    outer loop
      vertex -8.13792 5.89911 15.9973
      vertex -8.12514 5.91669 15.9973
      vertex -8.13245 5.90857 15.9973
    endloop
  endfacet
  facet normal 0 0 1
    outer loop
      vertex -6.65502 -6.97182 15.9973
      vertex -7.18693 -6.95868 15.9973
      vertex -7.05686 -7.05723 15.9973
    endloop
  endfacet
  facet normal -0 0 1
    outer loop
      vertex -9.1832 4.08862 15.9973
      vertex -4.215 0 15.9973
      vertex -8.13792 5.89911 15.9973
    endloop
  endfacet
  facet normal 0 0 1
    outer loop
      vertex -5.84498 -6.97182 15.9973
      vertex -8.12514 -5.91669 15.9973
      vertex -6.65502 -6.97182 15.9973
    endloop
  endfacet
  facet normal 0 0 1
    outer loop
      vertex -8.12514 -5.91669 15.9973
      vertex -8.13792 -5.89911 15.9973
      vertex -8.13245 -5.90857 15.9973
    endloop
  endfacet
  facet normal 0 0 1
    outer loop
      vertex -4.215 0 15.9973
      vertex -8.70994 0.805602 15.9973
      vertex -8.62527 0 15.9973
    endloop
  endfacet
  facet normal 0 0 1
    outer loop
      vertex -4.215 0 15.9973
      vertex -8.96026 1.57599 15.9973
      vertex -8.70994 0.805602 15.9973
    endloop
  endfacet
  facet normal 0 0 1
    outer loop
      vertex -4.215 0 15.9973
      vertex -9.1832 4.08862 15.9973
      vertex -8.96026 1.57599 15.9973
    endloop
  endfacet
  facet normal 0 0 1
    outer loop
      vertex -9.1832 4.08862 15.9973
      vertex -9.36528 2.27751 15.9973
      vertex -8.96026 1.57599 15.9973
    endloop
  endfacet
  facet normal -0 0 1
    outer loop
      vertex -9.65294 2.6429 15.9973
      vertex -9.36528 2.27751 15.9973
      vertex -9.1832 4.08862 15.9973
    endloop
  endfacet
  facet normal 0 0 1
    outer loop
      vertex -9.36528 2.27751 15.9973
      vertex -9.65294 2.6429 15.9973
      vertex -9.64017 2.5828 15.9973
    endloop
  endfacet
  facet normal 0 0 1
    outer loop
      vertex -9.64017 2.5828 15.9973
      vertex -9.65294 2.6429 15.9973
      vertex -9.64748 2.59092 15.9973
    endloop
  endfacet
  facet normal 0 0 1
    outer loop
      vertex -9.65294 2.6429 15.9973
      vertex -9.65294 2.60038 15.9973
      vertex -9.64748 2.59092 15.9973
    endloop
  endfacet
  facet normal -0 0 1
    outer loop
      vertex -9.65632 2.63251 15.9973
      vertex -9.65294 2.60038 15.9973
      vertex -9.65294 2.6429 15.9973
    endloop
  endfacet
  facet normal 0 0 1
    outer loop
      vertex -9.65632 2.63251 15.9973
      vertex -9.65632 2.61078 15.9973
      vertex -9.65294 2.60038 15.9973
    endloop
  endfacet
  facet normal 0 -0 1
    outer loop
      vertex -9.65632 2.61078 15.9973
      vertex -9.65632 2.63251 15.9973
      vertex -9.65746 2.62164 15.9973
    endloop
  endfacet
  facet normal 0.64439 -0.580278 0.498036
    outer loop
      vertex 8.45971 -6.14634 15.7034
      vertex 8.36084 -6.17846 15.7939
      vertex 8.39581 -6.2173 15.7034
    endloop
  endfacet
  facet normal 0.707109 -0.636757 0.307469
    outer loop
      vertex 8.45971 -6.14634 15.7034
      vertex 8.39581 -6.2173 15.7034
      vertex 8.48584 -6.16532 15.604
    endloop
  endfacet
  facet normal 0.208483 0.0218849 0.977781
    outer loop
      vertex 9.75633 -2.58952 15.9755
      vertex 9.65632 -2.61078 15.9973
      vertex 9.65746 -2.62164 15.9973
    endloop
  endfacet
  facet normal 0.406213 0.0426195 0.912784
    outer loop
      vertex 9.8552 -2.62164 15.933
      vertex 9.75633 -2.58952 15.9755
      vertex 9.7597 -2.62164 15.9755
    endloop
  endfacet
  facet normal 0.904961 0.294084 -0.307506
    outer loop
      vertex 10.0836 -2.51996 0.396045
      vertex 10.052 -2.52667 0.296632
      vertex 10.052 -2.42272 0.396045
    endloop
  endfacet
  facet normal 0.905019 0.293999 -0.307417
    outer loop
      vertex 10.052 -2.52667 0.296632
      vertex 10.0225 -2.43586 0.296632
      vertex 10.052 -2.42272 0.396045
    endloop
  endfacet
  facet normal 0.862344 0.0902334 -0.498217
    outer loop
      vertex 10.0097 -2.62164 0.206108
      vertex 10.0009 -2.53754 0.206108
      vertex 10.062 -2.62164 0.296632
    endloop
  endfacet
  facet normal 0.862344 -0.0902334 -0.498217
    outer loop
      vertex 10.062 -2.62164 0.296632
      vertex 10.0009 -2.70574 0.206108
      vertex 10.0097 -2.62164 0.206108
    endloop
  endfacet
  facet normal 0.751031 0.433615 -0.497926
    outer loop
      vertex 9.97473 -2.45711 0.206108
      vertex 9.93245 -2.38388 0.206108
      vertex 9.97473 -2.35316 0.296632
    endloop
  endfacet
  facet normal 0.750878 0.433729 -0.498058
    outer loop
      vertex 10.0225 -2.43586 0.296632
      vertex 9.97473 -2.45711 0.206108
      vertex 9.97473 -2.35316 0.296632
    endloop
  endfacet
  facet normal 0 -0.867144 0.498057
    outer loop
      vertex -6.61274 -7.37411 15.7034
      vertex -5.8818 -7.32213 15.7939
      vertex -6.6182 -7.32213 15.7939
    endloop
  endfacet
  facet normal 0 -0.867144 0.498057
    outer loop
      vertex -5.8818 -7.32213 15.7939
      vertex -6.61274 -7.37411 15.7034
      vertex -5.88726 -7.37411 15.7034
    endloop
  endfacet
  facet normal 0 -0.867144 0.498057
    outer loop
      vertex 5.88726 -7.37411 15.7034
      vertex 6.6182 -7.32213 15.7939
      vertex 5.8818 -7.32213 15.7939
    endloop
  endfacet
  facet normal 0 -0.867144 0.498057
    outer loop
      vertex 6.6182 -7.32213 15.7939
      vertex 5.88726 -7.37411 15.7034
      vertex 6.61274 -7.37411 15.7034
    endloop
  endfacet
  facet normal 0.155793 -0.140252 0.977782
    outer loop
      vertex 8.13245 -5.90857 15.9973
      vertex 8.12514 -5.91669 15.9973
      vertex 8.19356 -5.99267 15.9755
    endloop
  endfacet
  facet normal -0.645147 -0.372475 -0.667119
    outer loop
      vertex -8.45971 -6.04238 0.206108
      vertex -9.40612 -4.26402 0.128428
      vertex -8.36084 -6.0745 0.128428
    endloop
  endfacet
  facet normal -0.645168 -0.372485 -0.667093
    outer loop
      vertex -9.40612 -4.26402 0.128428
      vertex -8.45971 -6.04238 0.206108
      vertex -9.50499 -4.23189 0.206108
    endloop
  endfacet
  facet normal -0.353852 -0.204295 -0.912717
    outer loop
      vertex -8.31856 -5.97954 0.066988
      vertex -9.2766 -4.13021 0.0244722
      vertex -8.23132 -5.9407 0.0244722
    endloop
  endfacet
  facet normal -0.353852 -0.204295 -0.912717
    outer loop
      vertex -9.2766 -4.13021 0.0244722
      vertex -8.31856 -5.97954 0.066988
      vertex -9.36384 -4.16905 0.066988
    endloop
  endfacet
  facet normal -0.510891 -0.294963 -0.807457
    outer loop
      vertex -9.40612 -4.26402 0.128428
      vertex -8.31856 -5.97954 0.066988
      vertex -8.36084 -6.0745 0.128428
    endloop
  endfacet
  facet normal -0.510873 -0.294951 -0.807473
    outer loop
      vertex -8.31856 -5.97954 0.066988
      vertex -9.40612 -4.26402 0.128428
      vertex -9.36384 -4.16905 0.066988
    endloop
  endfacet
  facet normal -0.38862 0.126251 -0.912707
    outer loop
      vertex -9.75633 -2.58952 0.0244722
      vertex -9.84973 -2.56966 0.066988
      vertex -9.74635 -2.5588 0.0244722
    endloop
  endfacet
  facet normal -0.560989 0.182293 -0.807502
    outer loop
      vertex -9.84973 -2.56966 0.066988
      vertex -9.91084 -2.48556 0.128428
      vertex -9.83358 -2.51996 0.066988
    endloop
  endfacet
  facet normal -0.561024 0.182257 -0.807487
    outer loop
      vertex -9.84973 -2.56966 0.066988
      vertex -9.93245 -2.55208 0.128428
      vertex -9.91084 -2.48556 0.128428
    endloop
  endfacet
  facet normal -0.708369 0.230124 -0.667275
    outer loop
      vertex -9.93245 -2.55208 0.128428
      vertex -10.0009 -2.53754 0.206108
      vertex -9.91084 -2.48556 0.128428
    endloop
  endfacet
  facet normal -0.645182 0.372502 -0.66707
    outer loop
      vertex -9.87587 -2.42499 0.128428
      vertex -9.97473 -2.45711 0.206108
      vertex -9.93245 -2.38388 0.206108
    endloop
  endfacet
  facet normal -0.751031 0.433615 -0.497926
    outer loop
      vertex -9.93245 -2.38388 0.206108
      vertex -9.97473 -2.45711 0.206108
      vertex -9.97473 -2.35316 0.296632
    endloop
  endfacet
  facet normal 0.644411 -0.580216 0.498081
    outer loop
      vertex 8.41742 -6.11562 15.7939
      vertex 8.36084 -6.17846 15.7939
      vertex 8.45971 -6.14634 15.7034
    endloop
  endfacet
  facet normal 0.553684 -0.498527 0.667012
    outer loop
      vertex 8.36084 -6.0745 15.8716
      vertex 8.36084 -6.17846 15.7939
      vertex 8.41742 -6.11562 15.7939
    endloop
  endfacet
  facet normal 0.510621 0.294806 0.807685
    outer loop
      vertex 9.87587 -2.42499 15.8716
      vertex 9.83358 -2.51996 15.933
      vertex 9.91084 -2.48556 15.8716
    endloop
  endfacet
  facet normal 0.644419 0.580253 0.498027
    outer loop
      vertex 9.87587 -2.32103 15.7939
      vertex 9.69253 -2.03974 15.7034
      vertex 9.65025 -2.07046 15.7939
    endloop
  endfacet
  facet normal 0.644453 0.580258 0.497977
    outer loop
      vertex 9.69253 -2.03974 15.7034
      vertex 9.87587 -2.32103 15.7939
      vertex 9.97473 -2.35316 15.7034
    endloop
  endfacet
  facet normal 0.208486 0.0218742 0.977781
    outer loop
      vertex 9.75633 -2.58952 15.9755
      vertex 9.65746 -2.62164 15.9973
      vertex 9.7597 -2.62164 15.9755
    endloop
  endfacet
  facet normal 0.208486 -0.0218674 0.977781
    outer loop
      vertex 9.7597 -2.62164 15.9755
      vertex 9.65746 -2.62164 15.9973
      vertex 9.75633 -2.65377 15.9755
    endloop
  endfacet
  facet normal 0.561024 0.182257 -0.807487
    outer loop
      vertex 9.93245 -2.55208 0.128428
      vertex 9.84973 -2.56966 0.066988
      vertex 9.91084 -2.48556 0.128428
    endloop
  endfacet
  facet normal 0.560989 0.182293 -0.807502
    outer loop
      vertex 9.84973 -2.56966 0.066988
      vertex 9.83358 -2.51996 0.066988
      vertex 9.91084 -2.48556 0.128428
    endloop
  endfacet
  facet normal -0.406372 0.0427637 -0.912706
    outer loop
      vertex -9.75633 -2.58952 0.0244722
      vertex -9.8552 -2.62164 0.066988
      vertex -9.84973 -2.56966 0.066988
    endloop
  endfacet
  facet normal -0.586686 0.0617386 -0.807457
    outer loop
      vertex -9.8552 -2.62164 0.066988
      vertex -9.93976 -2.62164 0.128428
      vertex -9.84973 -2.56966 0.066988
    endloop
  endfacet
  facet normal 0.553675 -0.49853 0.667017
    outer loop
      vertex 7.42263 -7.11649 15.8716
      vertex 8.36084 -6.17846 15.7939
      vertex 8.36084 -6.0745 15.8716
    endloop
  endfacet
  facet normal 0.553675 -0.49853 0.667017
    outer loop
      vertex 8.36084 -6.17846 15.7939
      vertex 7.42263 -7.11649 15.8716
      vertex 7.42263 -7.22045 15.7939
    endloop
  endfacet
  facet normal 0.707134 -0.636705 0.307519
    outer loop
      vertex 8.39581 -6.2173 15.7034
      vertex 7.54763 -7.20731 15.604
      vertex 8.48584 -6.16532 15.604
    endloop
  endfacet
  facet normal 0.707134 -0.636705 0.307519
    outer loop
      vertex 7.54763 -7.20731 15.604
      vertex 8.39581 -6.2173 15.7034
      vertex 7.4576 -7.25929 15.7034
    endloop
  endfacet
  facet normal 0.645256 0.372545 0.666974
    outer loop
      vertex 9.93245 -2.38388 15.7939
      vertex 9.87587 -2.42499 15.8716
      vertex 9.97473 -2.45711 15.7939
    endloop
  endfacet
  facet normal 0.750982 0.433586 0.498025
    outer loop
      vertex 9.97473 -2.35316 15.7034
      vertex 9.93245 -2.38388 15.7939
      vertex 9.97473 -2.45711 15.7939
    endloop
  endfacet
  facet normal 0.303524 0.273425 0.91275
    outer loop
      vertex 9.80745 -2.4747 15.933
      vertex 9.70858 -2.50682 15.9755
      vertex 9.7302 -2.53082 15.9755
    endloop
  endfacet
  facet normal 0.708451 0.230151 0.667179
    outer loop
      vertex 10.0009 -2.53754 15.7939
      vertex 9.91084 -2.48556 15.8716
      vertex 9.93245 -2.55208 15.8716
    endloop
  endfacet
  facet normal 0.708506 0.230531 0.666989
    outer loop
      vertex 9.97473 -2.45711 15.7939
      vertex 9.91084 -2.48556 15.8716
      vertex 10.0009 -2.53754 15.7939
    endloop
  endfacet
  facet normal 0.438194 -0.394551 0.807661
    outer loop
      vertex 8.29242 -6.0248 15.933
      vertex 7.42263 -7.11649 15.8716
      vertex 8.36084 -6.0745 15.8716
    endloop
  endfacet
  facet normal 0.438169 -0.394532 0.807683
    outer loop
      vertex 7.42263 -7.11649 15.8716
      vertex 8.29242 -6.0248 15.933
      vertex 7.35421 -7.06678 15.933
    endloop
  endfacet
  facet normal 0.553745 0.498503 0.66698
    outer loop
      vertex 9.87587 -2.32103 15.7939
      vertex 9.87587 -2.42499 15.8716
      vertex 9.93245 -2.38388 15.7939
    endloop
  endfacet
  facet normal 0.644478 0.580184 0.498031
    outer loop
      vertex 9.97473 -2.35316 15.7034
      vertex 9.87587 -2.32103 15.7939
      vertex 9.93245 -2.38388 15.7939
    endloop
  endfacet
  facet normal 0.510628 0.294801 0.807683
    outer loop
      vertex 9.87587 -2.42499 15.8716
      vertex 9.80745 -2.4747 15.933
      vertex 9.83358 -2.51996 15.933
    endloop
  endfacet
  facet normal 0.353771 0.204243 0.91276
    outer loop
      vertex 9.80745 -2.4747 15.933
      vertex 9.74635 -2.5588 15.9755
      vertex 9.83358 -2.51996 15.933
    endloop
  endfacet
  facet normal 0.438179 -0.394519 0.807684
    outer loop
      vertex 7.35421 -7.06678 15.933
      vertex 7.31924 -7.10562 15.933
      vertex 7.42263 -7.11649 15.8716
    endloop
  endfacet
  facet normal 0.586406 0.0616249 0.807669
    outer loop
      vertex 9.93245 2.6912 15.8716
      vertex 9.84973 2.67362 15.933
      vertex 9.93976 2.62164 15.8716
    endloop
  endfacet
  facet normal -0.750828 -0.433701 0.498157
    outer loop
      vertex -9.97473 2.45711 15.7939
      vertex -10.0225 2.43586 15.7034
      vertex -9.97473 2.35316 15.7034
    endloop
  endfacet
  facet normal 0.303564 0.273332 0.912764
    outer loop
      vertex 7.35421 7.06678 15.933
      vertex 8.19356 5.99267 15.9755
      vertex 8.29242 6.0248 15.933
    endloop
  endfacet
  facet normal 0.303582 0.273346 0.912754
    outer loop
      vertex 8.19356 5.99267 15.9755
      vertex 7.35421 7.06678 15.933
      vertex 7.25535 7.03466 15.9755
    endloop
  endfacet
  facet normal -0.510621 -0.294806 0.807685
    outer loop
      vertex -9.83358 2.51996 15.933
      vertex -9.91084 2.48556 15.8716
      vertex -9.87587 2.42499 15.8716
    endloop
  endfacet
  facet normal 0.353753 0.204259 0.912764
    outer loop
      vertex 8.29242 6.0248 15.933
      vertex 8.21517 5.96867 15.9755
      vertex 8.23132 5.9407 15.9755
    endloop
  endfacet
  facet normal -0.739157 -0.665507 -0.103671
    outer loop
      vertex -9.93976 2.25007 0.5
      vertex -10.0097 2.32775 0.5
      vertex -10.0009 2.33417 0.396045
    endloop
  endfacet
  facet normal -0.989108 0.104076 -0.104081
    outer loop
      vertex -10.0836 2.72333 0.396045
      vertex -10.0943 2.62164 0.396045
      vertex -10.0943 2.7256 0.5
    endloop
  endfacet
  facet normal -0.353805 -0.204215 0.912753
    outer loop
      vertex -9.74635 2.5588 15.9755
      vertex -9.80745 2.4747 15.933
      vertex -9.7302 2.53082 15.9755
    endloop
  endfacet
  facet normal 0 0.209012 -0.977913
    outer loop
      vertex -5.84498 6.97182 0.00273991
      vertex -6.64433 7.0735 0.0244722
      vertex -5.85567 7.0735 0.0244722
    endloop
  endfacet
  facet normal 0 0.209012 -0.977913
    outer loop
      vertex -6.64433 7.0735 0.0244722
      vertex -5.84498 6.97182 0.00273991
      vertex -6.65502 6.97182 0.00273991
    endloop
  endfacet
  facet normal 0 0.209012 -0.977913
    outer loop
      vertex 6.65502 6.97182 0.00273991
      vertex 5.85567 7.0735 0.0244722
      vertex 6.64433 7.0735 0.0244722
    endloop
  endfacet
  facet normal 0 0.209012 -0.977913
    outer loop
      vertex 5.85567 7.0735 0.0244722
      vertex 6.65502 6.97182 0.00273991
      vertex 5.84498 6.97182 0.00273991
    endloop
  endfacet
  facet normal 0 0.4086 -0.912714
    outer loop
      vertex -5.85567 7.0735 0.0244722
      vertex -6.63435 7.16847 0.066988
      vertex -5.86565 7.16847 0.066988
    endloop
  endfacet
  facet normal 0 0.4086 -0.912714
    outer loop
      vertex -6.63435 7.16847 0.066988
      vertex -5.85567 7.0735 0.0244722
      vertex -6.64433 7.0735 0.0244722
    endloop
  endfacet
  facet normal 0 0.4086 -0.912714
    outer loop
      vertex 6.64433 7.0735 0.0244722
      vertex 5.86565 7.16847 0.066988
      vertex 6.63435 7.16847 0.066988
    endloop
  endfacet
  facet normal 0 0.4086 -0.912714
    outer loop
      vertex 5.86565 7.16847 0.066988
      vertex 6.64433 7.0735 0.0244722
      vertex 5.85567 7.0735 0.0244722
    endloop
  endfacet
  facet normal -0.743161 -0.669113 0
    outer loop
      vertex -9.93976 2.25007 0.5
      vertex -10.0097 2.32775 15.5
      vertex -10.0097 2.32775 0.5
    endloop
  endfacet
  facet normal -0.743161 -0.669113 0
    outer loop
      vertex -10.0097 2.32775 15.5
      vertex -9.93976 2.25007 0.5
      vertex -9.93976 2.25007 15.5
    endloop
  endfacet
  facet normal 0.208487 0.0218652 0.977781
    outer loop
      vertex 9.75633 2.65377 15.9755
      vertex 9.65632 2.63251 15.9973
      vertex 9.65746 2.62164 15.9973
    endloop
  endfacet
  facet normal -0.155313 -0.139848 -0.977916
    outer loop
      vertex -9.448 2.21741 0.0244722
      vertex -9.64017 2.5828 0.00273991
      vertex -9.36528 2.27751 0.00273991
    endloop
  endfacet
  facet normal -0.155329 -0.139856 -0.977913
    outer loop
      vertex -9.64017 2.5828 0.00273991
      vertex -9.448 2.21741 0.0244722
      vertex -9.70858 2.50682 0.0244722
    endloop
  endfacet
  facet normal 0.438174 -0.394527 0.807683
    outer loop
      vertex 9.80745 2.4747 15.933
      vertex 9.59367 2.11157 15.8716
      vertex 9.87587 2.42499 15.8716
    endloop
  endfacet
  facet normal 0.438174 -0.394527 0.807683
    outer loop
      vertex 9.59367 2.11157 15.8716
      vertex 9.80745 2.4747 15.933
      vertex 9.52525 2.16128 15.933
    endloop
  endfacet
  facet normal 0.181552 -0.104786 0.977782
    outer loop
      vertex 9.65294 2.60038 15.9973
      vertex 9.64748 2.59092 15.9973
      vertex 9.7302 2.53082 15.9755
    endloop
  endfacet
  facet normal 0 0.867144 0.498057
    outer loop
      vertex -5.88726 7.37411 15.7034
      vertex -6.6182 7.32213 15.7939
      vertex -5.8818 7.32213 15.7939
    endloop
  endfacet
  facet normal 0 0.867144 0.498057
    outer loop
      vertex -6.6182 7.32213 15.7939
      vertex -5.88726 7.37411 15.7034
      vertex -6.61274 7.37411 15.7034
    endloop
  endfacet
  facet normal 0 0.867144 0.498057
    outer loop
      vertex 6.61274 7.37411 15.7034
      vertex 5.8818 7.32213 15.7939
      vertex 6.6182 7.32213 15.7939
    endloop
  endfacet
  facet normal 0 0.867144 0.498057
    outer loop
      vertex 5.8818 7.32213 15.7939
      vertex 6.61274 7.37411 15.7034
      vertex 5.88726 7.37411 15.7034
    endloop
  endfacet
  facet normal 0 0.994582 0.103953
    outer loop
      vertex -5.89178 7.4171 15.5
      vertex -6.60936 7.40623 15.604
      vertex -5.89064 7.40623 15.604
    endloop
  endfacet
  facet normal 0 0.994582 0.103953
    outer loop
      vertex -6.60936 7.40623 15.604
      vertex -5.89178 7.4171 15.5
      vertex -6.60822 7.4171 15.5
    endloop
  endfacet
  facet normal 0 0.994582 0.103953
    outer loop
      vertex 6.60822 7.4171 15.5
      vertex 5.89064 7.40623 15.604
      vertex 6.60936 7.40623 15.604
    endloop
  endfacet
  facet normal 0 0.994582 0.103953
    outer loop
      vertex 5.89064 7.40623 15.604
      vertex 6.60822 7.4171 15.5
      vertex 5.89178 7.4171 15.5
    endloop
  endfacet
  facet normal 0 0.951565 -0.307447
    outer loop
      vertex -5.88726 7.37411 0.296632
      vertex -6.60936 7.40623 0.396045
      vertex -5.89064 7.40623 0.396045
    endloop
  endfacet
  facet normal 0 0.951565 -0.307447
    outer loop
      vertex -6.60936 7.40623 0.396045
      vertex -5.88726 7.37411 0.296632
      vertex -6.61274 7.37411 0.296632
    endloop
  endfacet
  facet normal 0 0.951565 -0.307447
    outer loop
      vertex 6.61274 7.37411 0.296632
      vertex 5.89064 7.40623 0.396045
      vertex 6.60936 7.40623 0.396045
    endloop
  endfacet
  facet normal 0 0.951565 -0.307447
    outer loop
      vertex 5.89064 7.40623 0.396045
      vertex 6.61274 7.37411 0.296632
      vertex 5.88726 7.37411 0.296632
    endloop
  endfacet
  facet normal 0.438366 0.394687 -0.807501
    outer loop
      vertex 7.35421 7.06678 0.066988
      vertex 7.31924 7.10562 0.066988
      vertex 7.42263 7.11649 0.128428
    endloop
  endfacet
  facet normal 0 0.589906 -0.807472
    outer loop
      vertex -5.86565 7.16847 0.066988
      vertex -6.62551 7.25257 0.128428
      vertex -5.87449 7.25257 0.128428
    endloop
  endfacet
  facet normal 0 0.589906 -0.807472
    outer loop
      vertex -6.62551 7.25257 0.128428
      vertex -5.86565 7.16847 0.066988
      vertex -6.63435 7.16847 0.066988
    endloop
  endfacet
  facet normal 0 0.589906 -0.807472
    outer loop
      vertex 6.63435 7.16847 0.066988
      vertex 5.87449 7.25257 0.128428
      vertex 6.62551 7.25257 0.128428
    endloop
  endfacet
  facet normal 0 0.589906 -0.807472
    outer loop
      vertex 5.87449 7.25257 0.128428
      vertex 6.63435 7.16847 0.066988
      vertex 5.86565 7.16847 0.066988
    endloop
  endfacet
  facet normal 0 1 -0
    outer loop
      vertex -5.89178 7.4171 0.5
      vertex -6.60822 7.4171 15.5
      vertex -5.89178 7.4171 15.5
    endloop
  endfacet
  facet normal 0 1 0
    outer loop
      vertex -6.60822 7.4171 15.5
      vertex -5.89178 7.4171 0.5
      vertex -6.60822 7.4171 0.5
    endloop
  endfacet
  facet normal 0 1 -0
    outer loop
      vertex 6.60822 7.4171 0.5
      vertex 5.89178 7.4171 15.5
      vertex 6.60822 7.4171 15.5
    endloop
  endfacet
  facet normal 0 1 0
    outer loop
      vertex 5.89178 7.4171 15.5
      vertex 6.60822 7.4171 0.5
      vertex 5.89178 7.4171 0.5
    endloop
  endfacet
  facet normal 0.155316 0.139847 -0.977916
    outer loop
      vertex 7.18693 6.95868 0.00273991
      vertex 8.19356 5.99267 0.0244722
      vertex 8.12514 5.91669 0.00273991
    endloop
  endfacet
  facet normal 0.155316 0.139847 -0.977916
    outer loop
      vertex 8.19356 5.99267 0.0244722
      vertex 7.18693 6.95868 0.00273991
      vertex 7.25535 7.03466 0.0244722
    endloop
  endfacet
  facet normal -0.155779 0.140264 0.977783
    outer loop
      vertex -8.19356 5.99267 15.9755
      vertex -7.18693 6.95868 15.9973
      vertex -7.25535 7.03466 15.9755
    endloop
  endfacet
  facet normal -0.155779 0.140264 0.977783
    outer loop
      vertex -7.18693 6.95868 15.9973
      vertex -8.19356 5.99267 15.9755
      vertex -8.12514 5.91669 15.9973
    endloop
  endfacet
  facet normal -0.865867 -0.500274 0
    outer loop
      vertex -10.0097 2.32775 0.5
      vertex -10.062 2.41827 15.5
      vertex -10.062 2.41827 0.5
    endloop
  endfacet
  facet normal -0.865867 -0.500274 0
    outer loop
      vertex -10.062 2.41827 15.5
      vertex -10.0097 2.32775 0.5
      vertex -10.0097 2.32775 15.5
    endloop
  endfacet
  facet normal 0.64439 0.580278 0.498036
    outer loop
      vertex 8.39581 6.2173 15.7034
      vertex 8.36084 6.17846 15.7939
      vertex 8.45971 6.14634 15.7034
    endloop
  endfacet
  facet normal 0.199364 -0.0647675 0.977783
    outer loop
      vertex 9.75633 2.58952 15.9755
      vertex 9.65294 2.60038 15.9973
      vertex 9.74635 2.5588 15.9755
    endloop
  endfacet
  facet normal -0.51081 0.295019 -0.807488
    outer loop
      vertex -8.31856 5.97954 0.066988
      vertex -8.36084 6.0745 0.128428
      vertex -8.29242 6.0248 0.066988
    endloop
  endfacet
  facet normal 0.739135 0.665488 -0.103952
    outer loop
      vertex 8.48584 6.16532 0.396045
      vertex 8.42474 6.24942 0.5
      vertex 8.49468 6.17174 0.5
    endloop
  endfacet
  facet normal 0.945883 0.307383 0.104026
    outer loop
      vertex 10.0943 2.7256 15.5
      vertex 10.052 2.82057 15.604
      vertex 10.0836 2.72333 15.604
    endloop
  endfacet
  facet normal 0.750947 0.433588 0.498075
    outer loop
      vertex 9.50499 4.33585 15.7034
      vertex 9.50499 4.23189 15.7939
      vertex 9.55274 4.25315 15.7034
    endloop
  endfacet
  facet normal 0 0.951553 0.307484
    outer loop
      vertex -5.89064 7.40623 15.604
      vertex -6.61274 7.37411 15.7034
      vertex -5.88726 7.37411 15.7034
    endloop
  endfacet
  facet normal 0 0.951553 0.307484
    outer loop
      vertex -6.61274 7.37411 15.7034
      vertex -5.89064 7.40623 15.604
      vertex -6.60936 7.40623 15.604
    endloop
  endfacet
  facet normal 0 0.951553 0.307484
    outer loop
      vertex 6.60936 7.40623 15.604
      vertex 5.88726 7.37411 15.7034
      vertex 6.61274 7.37411 15.7034
    endloop
  endfacet
  facet normal 0 0.951553 0.307484
    outer loop
      vertex 5.88726 7.37411 15.7034
      vertex 6.60936 7.40623 15.604
      vertex 5.89064 7.40623 15.604
    endloop
  endfacet
  facet normal 0.824087 0.475746 -0.307483
    outer loop
      vertex 9.58224 4.26629 0.396045
      vertex 9.50499 4.33585 0.296632
      vertex 9.53112 4.35484 0.396045
    endloop
  endfacet
  facet normal 0.155748 -0.140303 0.977782
    outer loop
      vertex 9.7302 2.53082 15.9755
      vertex 9.64748 2.59092 15.9973
      vertex 9.70858 2.50682 15.9755
    endloop
  endfacet
  facet normal 0.861339 0.497294 0.103898
    outer loop
      vertex 9.53112 4.35484 15.604
      vertex 8.54694 6.08122 15.5
      vertex 8.48584 6.16532 15.604
    endloop
  endfacet
  facet normal 0.861335 0.497293 0.103931
    outer loop
      vertex 8.54694 6.08122 15.5
      vertex 9.53112 4.35484 15.604
      vertex 9.59223 4.27073 15.5
    endloop
  endfacet
  facet normal -0.743146 0.66913 0
    outer loop
      vertex -8.42474 6.24942 0.5
      vertex -7.48653 7.29141 15.5
      vertex -7.48653 7.29141 0.5
    endloop
  endfacet
  facet normal -0.743146 0.66913 0
    outer loop
      vertex -7.48653 7.29141 15.5
      vertex -8.42474 6.24942 0.5
      vertex -8.42474 6.24942 15.5
    endloop
  endfacet
  facet normal -0.303662 -0.273412 -0.912708
    outer loop
      vertex -9.52525 2.16128 0.066988
      vertex -9.70858 2.50682 0.0244722
      vertex -9.448 2.21741 0.0244722
    endloop
  endfacet
  facet normal -0.303658 -0.27341 -0.91271
    outer loop
      vertex -9.70858 2.50682 0.0244722
      vertex -9.52525 2.16128 0.066988
      vertex -9.80745 2.4747 0.066988
    endloop
  endfacet
  facet normal 0.303657 0.273418 -0.912707
    outer loop
      vertex 8.21517 5.96867 0.0244722
      vertex 8.19356 5.99267 0.0244722
      vertex 8.29242 6.0248 0.066988
    endloop
  endfacet
  facet normal 0.586686 0.0617386 -0.807457
    outer loop
      vertex 9.8552 2.62164 0.066988
      vertex 9.84973 2.67362 0.066988
      vertex 9.93976 2.62164 0.128428
    endloop
  endfacet
  facet normal 0.824747 0.267976 -0.497977
    outer loop
      vertex 9.53112 4.15147 0.206108
      vertex 9.50499 4.23189 0.206108
      vertex 9.55274 4.25315 0.296632
    endloop
  endfacet
  facet normal 0.155285 -0.139886 -0.977915
    outer loop
      vertex 9.70858 2.50682 0.0244722
      vertex 9.64748 2.59092 0.00273991
      vertex 9.7302 2.53082 0.0244722
    endloop
  endfacet
  facet normal 0.866025 0.500001 0
    outer loop
      vertex 9.59223 4.27073 15.5
      vertex 8.54694 6.08122 0.5
      vertex 8.54694 6.08122 15.5
    endloop
  endfacet
  facet normal 0.866025 0.500001 0
    outer loop
      vertex 8.54694 6.08122 0.5
      vertex 9.59223 4.27073 15.5
      vertex 9.59223 4.27073 0.5
    endloop
  endfacet
  facet normal 0.86134 0.497278 -0.103956
    outer loop
      vertex 8.54694 6.08122 0.5
      vertex 8.48584 6.16532 0.396045
      vertex 8.49468 6.17174 0.5
    endloop
  endfacet
  facet normal 0.861335 0.497291 -0.103943
    outer loop
      vertex 8.54694 6.08122 0.5
      vertex 9.53112 4.35484 0.396045
      vertex 8.48584 6.16532 0.396045
    endloop
  endfacet
  facet normal 0.861331 0.497291 -0.103976
    outer loop
      vertex 9.53112 4.35484 0.396045
      vertex 8.54694 6.08122 0.5
      vertex 9.59223 4.27073 0.5
    endloop
  endfacet
  facet normal 0.180916 0.10461 -0.977919
    outer loop
      vertex 8.13792 5.89911 0.00273991
      vertex 8.13245 5.90857 0.00273991
      vertex 8.21517 5.96867 0.0244722
    endloop
  endfacet
  facet normal 0.951051 0.309033 0
    outer loop
      vertex 10.0943 2.7256 15.5
      vertex 9.62453 4.17132 0.5
      vertex 9.62453 4.17132 15.5
    endloop
  endfacet
  facet normal 0.951051 0.309033 0
    outer loop
      vertex 9.62453 4.17132 0.5
      vertex 10.0943 2.7256 15.5
      vertex 10.0943 2.7256 0.5
    endloop
  endfacet
  facet normal -0.208486 0.0218674 0.977781
    outer loop
      vertex -9.75633 2.65377 15.9755
      vertex -9.7597 2.62164 15.9755
      vertex -9.65746 2.62164 15.9973
    endloop
  endfacet
  facet normal -0.866025 0.500001 0
    outer loop
      vertex -9.59223 4.27073 0.5
      vertex -8.54694 6.08122 15.5
      vertex -8.54694 6.08122 0.5
    endloop
  endfacet
  facet normal -0.866025 0.500001 0
    outer loop
      vertex -8.54694 6.08122 15.5
      vertex -9.59223 4.27073 0.5
      vertex -9.59223 4.27073 15.5
    endloop
  endfacet
  facet normal -0.199362 -0.0647925 0.977782
    outer loop
      vertex -9.65632 2.61078 15.9973
      vertex -9.75633 2.58952 15.9755
      vertex -9.65294 2.60038 15.9973
    endloop
  endfacet
  facet normal 0.644453 0.580254 -0.497982
    outer loop
      vertex 8.41742 6.11562 0.206108
      vertex 8.36084 6.17846 0.206108
      vertex 8.45971 6.14634 0.296632
    endloop
  endfacet
  facet normal 0.739118 0.665503 -0.103975
    outer loop
      vertex 8.42474 6.24942 0.5
      vertex 7.54763 7.20731 0.396045
      vertex 7.48653 7.29141 0.5
    endloop
  endfacet
  facet normal 0.739118 0.665503 -0.103975
    outer loop
      vertex 7.54763 7.20731 0.396045
      vertex 8.42474 6.24942 0.5
      vertex 8.48584 6.16532 0.396045
    endloop
  endfacet
  facet normal 0 0.867201 -0.497958
    outer loop
      vertex -5.8818 7.32213 0.206108
      vertex -6.61274 7.37411 0.296632
      vertex -5.88726 7.37411 0.296632
    endloop
  endfacet
  facet normal 0 0.867201 -0.497958
    outer loop
      vertex -6.61274 7.37411 0.296632
      vertex -5.8818 7.32213 0.206108
      vertex -6.6182 7.32213 0.206108
    endloop
  endfacet
  facet normal 0 0.867201 -0.497958
    outer loop
      vertex 6.6182 7.32213 0.206108
      vertex 5.88726 7.37411 0.296632
      vertex 6.61274 7.37411 0.296632
    endloop
  endfacet
  facet normal 0 0.867201 -0.497958
    outer loop
      vertex 5.88726 7.37411 0.296632
      vertex 6.6182 7.32213 0.206108
      vertex 5.8818 7.32213 0.206108
    endloop
  endfacet
  facet normal 0.645242 0.372528 0.666998
    outer loop
      vertex 8.45971 6.04238 15.7939
      vertex 9.40612 4.26402 15.8716
      vertex 9.50499 4.23189 15.7939
    endloop
  endfacet
  facet normal 0.645221 0.372518 0.667023
    outer loop
      vertex 9.40612 4.26402 15.8716
      vertex 8.45971 6.04238 15.7939
      vertex 8.36084 6.0745 15.8716
    endloop
  endfacet
  facet normal 0.945902 0.30734 0.103982
    outer loop
      vertex 9.59223 4.27073 15.5
      vertex 9.58224 4.26629 15.604
      vertex 9.62453 4.17132 15.5
    endloop
  endfacet
  facet normal 0.303618 -0.27351 -0.912693
    outer loop
      vertex 9.80745 2.4747 0.066988
      vertex 9.70858 2.50682 0.0244722
      vertex 9.7302 2.53082 0.0244722
    endloop
  endfacet
  facet normal 0.561024 -0.182257 -0.807487
    outer loop
      vertex 9.91084 2.48556 0.128428
      vertex 9.84973 2.56966 0.066988
      vertex 9.93245 2.55208 0.128428
    endloop
  endfacet
  facet normal -0.743161 0.669113 0
    outer loop
      vertex -8.49468 6.17174 0.5
      vertex -8.42474 6.24942 15.5
      vertex -8.42474 6.24942 0.5
    endloop
  endfacet
  facet normal -0.743161 0.669113 0
    outer loop
      vertex -8.42474 6.24942 15.5
      vertex -8.49468 6.17174 0.5
      vertex -8.49468 6.17174 15.5
    endloop
  endfacet
  facet normal -0.946327 0.0996448 -0.307468
    outer loop
      vertex -10.062 2.62164 0.296632
      vertex -10.0943 2.62164 0.396045
      vertex -10.052 2.71661 0.296632
    endloop
  endfacet
  facet normal 0.181549 -0.10479 0.977783
    outer loop
      vertex 9.74635 2.5588 15.9755
      vertex 9.65294 2.60038 15.9973
      vertex 9.7302 2.53082 15.9755
    endloop
  endfacet
  facet normal 0.560786 -0.182179 0.80767
    outer loop
      vertex 9.93245 2.55208 15.8716
      vertex 9.84973 2.56966 15.933
      vertex 9.91084 2.48556 15.8716
    endloop
  endfacet
  facet normal 0.861423 -0.497106 0.1041
    outer loop
      vertex 10.052 2.42272 15.604
      vertex 10.0009 2.33417 15.604
      vertex 10.062 2.41827 15.5
    endloop
  endfacet
  facet normal 0.739138 0.665491 0.103908
    outer loop
      vertex 8.49468 6.17174 15.5
      vertex 8.42474 6.24942 15.5
      vertex 8.48584 6.16532 15.604
    endloop
  endfacet
  facet normal 0.86247 0.090815 0.497894
    outer loop
      vertex 10.052 2.71661 15.7034
      vertex 10.0009 2.70574 15.7939
      vertex 10.062 2.62164 15.7034
    endloop
  endfacet
  facet normal 0.560778 0.182188 0.807673
    outer loop
      vertex 9.91084 2.75772 15.8716
      vertex 9.83358 2.72333 15.933
      vertex 9.84973 2.67362 15.933
    endloop
  endfacet
  facet normal 0.824071 0.475777 0.307477
    outer loop
      vertex 8.45971 6.14634 15.7034
      vertex 9.53112 4.35484 15.604
      vertex 8.48584 6.16532 15.604
    endloop
  endfacet
  facet normal 0.82406 0.475768 0.307521
    outer loop
      vertex 9.53112 4.35484 15.604
      vertex 8.45971 6.14634 15.7034
      vertex 9.50499 4.33585 15.7034
    endloop
  endfacet
  facet normal -0.181552 -0.104786 0.977782
    outer loop
      vertex -9.65294 2.60038 15.9973
      vertex -9.7302 2.53082 15.9755
      vertex -9.64748 2.59092 15.9973
    endloop
  endfacet
  facet normal -0.750997 0.433617 -0.497976
    outer loop
      vertex -9.50499 4.23189 0.206108
      vertex -9.55274 4.25315 0.296632
      vertex -9.50499 4.33585 0.296632
    endloop
  endfacet
  facet normal -0.208486 -0.0218742 0.977781
    outer loop
      vertex -9.65746 2.62164 15.9973
      vertex -9.7597 2.62164 15.9755
      vertex -9.75633 2.58952 15.9755
    endloop
  endfacet
  facet normal -0.741009 -0.0775372 0.667003
    outer loop
      vertex -9.93976 2.62164 15.8716
      vertex -10.0097 2.62164 15.7939
      vertex -10.0009 2.53754 15.7939
    endloop
  endfacet
  facet normal -0.199364 -0.0647675 0.977783
    outer loop
      vertex -9.65294 2.60038 15.9973
      vertex -9.75633 2.58952 15.9755
      vertex -9.74635 2.5588 15.9755
    endloop
  endfacet
  facet normal 0.208483 -0.0218849 0.977781
    outer loop
      vertex 9.65746 2.62164 15.9973
      vertex 9.65632 2.61078 15.9973
      vertex 9.75633 2.58952 15.9755
    endloop
  endfacet
  facet normal 0.553612 0.498473 -0.667112
    outer loop
      vertex 7.42263 7.11649 0.128428
      vertex 8.36084 6.17846 0.206108
      vertex 8.36084 6.0745 0.128428
    endloop
  endfacet
  facet normal 0.553612 0.498473 -0.667112
    outer loop
      vertex 8.36084 6.17846 0.206108
      vertex 7.42263 7.11649 0.128428
      vertex 7.42263 7.22045 0.206108
    endloop
  endfacet
  facet normal 0.824779 0.267997 -0.497914
    outer loop
      vertex 10.052 2.71661 0.296632
      vertex 9.53112 4.15147 0.206108
      vertex 9.58224 4.16233 0.296632
    endloop
  endfacet
  facet normal 0.824839 0.268026 -0.497798
    outer loop
      vertex 9.53112 4.15147 0.206108
      vertex 10.052 2.71661 0.296632
      vertex 10.0009 2.70574 0.206108
    endloop
  endfacet
  facet normal 0.707143 0.636713 -0.307482
    outer loop
      vertex 7.54763 7.20731 0.396045
      vertex 8.39581 6.2173 0.296632
      vertex 7.4576 7.25929 0.296632
    endloop
  endfacet
  facet normal 0.707143 0.636713 -0.307482
    outer loop
      vertex 8.39581 6.2173 0.296632
      vertex 7.54763 7.20731 0.396045
      vertex 8.48584 6.16532 0.396045
    endloop
  endfacet
  facet normal 0.824077 0.47574 0.30752
    outer loop
      vertex 9.53112 4.35484 15.604
      vertex 9.50499 4.33585 15.7034
      vertex 9.58224 4.26629 15.604
    endloop
  endfacet
  facet normal 0.86135 0.497258 0.103968
    outer loop
      vertex 9.59223 4.27073 15.5
      vertex 9.53112 4.35484 15.604
      vertex 9.58224 4.26629 15.604
    endloop
  endfacet
  facet normal 0.824062 0.475803 0.307463
    outer loop
      vertex 9.58224 4.26629 15.604
      vertex 9.50499 4.33585 15.7034
      vertex 9.55274 4.25315 15.7034
    endloop
  endfacet
  facet normal 0.951057 0.309015 0
    outer loop
      vertex 9.62453 4.17132 15.5
      vertex 9.59223 4.27073 0.5
      vertex 9.59223 4.27073 15.5
    endloop
  endfacet
  facet normal 0.951057 0.309015 0
    outer loop
      vertex 9.59223 4.27073 0.5
      vertex 9.62453 4.17132 15.5
      vertex 9.62453 4.17132 0.5
    endloop
  endfacet
  facet normal -0.438366 0.394687 -0.807501
    outer loop
      vertex -7.35421 7.06678 0.066988
      vertex -7.42263 7.11649 0.128428
      vertex -7.31924 7.10562 0.066988
    endloop
  endfacet
  facet normal 0.30368 0.273422 -0.912699
    outer loop
      vertex 7.35421 7.06678 0.066988
      vertex 7.25535 7.03466 0.0244722
      vertex 7.31924 7.10562 0.066988
    endloop
  endfacet
  facet normal 0.645144 0.372517 -0.667098
    outer loop
      vertex 8.45971 6.04238 0.206108
      vertex 8.36084 6.0745 0.128428
      vertex 8.41742 6.11562 0.206108
    endloop
  endfacet
  facet normal 0.510872 0.294951 -0.807474
    outer loop
      vertex 9.44109 4.20345 0.128428
      vertex 9.36384 4.16905 0.066988
      vertex 9.40612 4.26402 0.128428
    endloop
  endfacet
  facet normal 0 0.74497 -0.667098
    outer loop
      vertex -5.87449 7.25257 0.128428
      vertex -6.6182 7.32213 0.206108
      vertex -5.8818 7.32213 0.206108
    endloop
  endfacet
  facet normal 0 0.74497 -0.667098
    outer loop
      vertex -6.6182 7.32213 0.206108
      vertex -5.87449 7.25257 0.128428
      vertex -6.62551 7.25257 0.128428
    endloop
  endfacet
  facet normal 0 0.74497 -0.667098
    outer loop
      vertex 6.62551 7.25257 0.128428
      vertex 5.8818 7.32213 0.206108
      vertex 6.6182 7.32213 0.206108
    endloop
  endfacet
  facet normal 0 0.74497 -0.667098
    outer loop
      vertex 5.8818 7.32213 0.206108
      vertex 6.62551 7.25257 0.128428
      vertex 5.87449 7.25257 0.128428
    endloop
  endfacet
  facet normal 0.207864 -0.0218199 -0.977914
    outer loop
      vertex 9.75633 2.58952 0.0244722
      vertex 9.65632 2.61078 0.00273991
      vertex 9.65746 2.62164 0.00273991
    endloop
  endfacet
  facet normal -0.207868 0.0218003 -0.977914
    outer loop
      vertex -9.65746 2.62164 0.00273991
      vertex -9.75633 2.65377 0.0244722
      vertex -9.65632 2.63251 0.00273991
    endloop
  endfacet
  facet normal 0.750982 -0.433586 0.498025
    outer loop
      vertex 9.97473 2.45711 15.7939
      vertex 9.93245 2.38388 15.7939
      vertex 9.97473 2.35316 15.7034
    endloop
  endfacet
  facet normal 0.708505 0.230207 -0.667103
    outer loop
      vertex 9.53112 4.15147 0.206108
      vertex 9.44109 4.20345 0.128428
      vertex 9.50499 4.23189 0.206108
    endloop
  endfacet
  facet normal 0.946302 0.0995716 0.307568
    outer loop
      vertex 10.0836 2.72333 15.604
      vertex 10.052 2.71661 15.7034
      vertex 10.0943 2.62164 15.604
    endloop
  endfacet
  facet normal 0.945899 -0.307308 0.104101
    outer loop
      vertex 10.0943 2.51769 15.5
      vertex 10.052 2.42272 15.604
      vertex 10.062 2.41827 15.5
    endloop
  endfacet
  facet normal -0.388622 -0.126282 -0.912703
    outer loop
      vertex -9.83358 2.51996 0.066988
      vertex -9.84973 2.56966 0.066988
      vertex -9.74635 2.5588 0.0244722
    endloop
  endfacet
  facet normal -0.438393 0.394594 -0.807531
    outer loop
      vertex -7.31924 7.10562 0.066988
      vertex -7.42263 7.11649 0.128428
      vertex -7.33729 7.12566 0.0865794
    endloop
  endfacet
  facet normal -0.510593 0.294894 0.807671
    outer loop
      vertex -8.29242 6.0248 15.933
      vertex -8.36084 6.0745 15.8716
      vertex -8.31856 5.97954 15.933
    endloop
  endfacet
  facet normal 0.560786 0.182179 0.80767
    outer loop
      vertex 9.91084 2.75772 15.8716
      vertex 9.84973 2.67362 15.933
      vertex 9.93245 2.6912 15.8716
    endloop
  endfacet
  facet normal 0.994547 -0.104286 0
    outer loop
      vertex 10.0943 2.51769 15.5
      vertex 10.1052 2.62164 0.5
      vertex 10.1052 2.62164 15.5
    endloop
  endfacet
  facet normal 0.994547 -0.104286 0
    outer loop
      vertex 10.1052 2.62164 0.5
      vertex 10.0943 2.51769 15.5
      vertex 10.0943 2.51769 0.5
    endloop
  endfacet
  facet normal 0.303524 -0.273425 0.91275
    outer loop
      vertex 9.7302 2.53082 15.9755
      vertex 9.70858 2.50682 15.9755
      vertex 9.80745 2.4747 15.933
    endloop
  endfacet
  facet normal 0.707074 -0.636642 0.307786
    outer loop
      vertex 9.69253 2.03974 15.7034
      vertex 10.0009 2.33417 15.604
      vertex 9.97473 2.35316 15.7034
    endloop
  endfacet
  facet normal 0.707091 -0.636746 0.307533
    outer loop
      vertex 10.0009 2.33417 15.604
      vertex 9.69253 2.03974 15.7034
      vertex 9.71867 2.02076 15.604
    endloop
  endfacet
  facet normal 0.945883 -0.307383 0.104026
    outer loop
      vertex 10.0836 2.51996 15.604
      vertex 10.052 2.42272 15.604
      vertex 10.0943 2.51769 15.5
    endloop
  endfacet
  facet normal 0.861344 0.497281 0.103912
    outer loop
      vertex 8.49468 6.17174 15.5
      vertex 8.48584 6.16532 15.604
      vertex 8.54694 6.08122 15.5
    endloop
  endfacet
  facet normal 0.155803 -0.140262 0.977779
    outer loop
      vertex 9.64748 2.59092 15.9973
      vertex 9.64017 2.5828 15.9973
      vertex 9.70858 2.50682 15.9755
    endloop
  endfacet
  facet normal 0.155792 -0.140272 0.977779
    outer loop
      vertex 9.64017 2.5828 15.9973
      vertex 9.448 2.21741 15.9755
      vertex 9.70858 2.50682 15.9755
    endloop
  endfacet
  facet normal 0.155776 -0.140264 0.977783
    outer loop
      vertex 9.448 2.21741 15.9755
      vertex 9.64017 2.5828 15.9973
      vertex 9.36528 2.27751 15.9973
    endloop
  endfacet
  facet normal 0 0.745056 0.667002
    outer loop
      vertex 6.6182 7.32213 15.7939
      vertex 5.87449 7.25257 15.8716
      vertex 6.62551 7.25257 15.8716
    endloop
  endfacet
  facet normal 0 0.745056 0.667002
    outer loop
      vertex 5.87449 7.25257 15.8716
      vertex 6.6182 7.32213 15.7939
      vertex 5.8818 7.32213 15.7939
    endloop
  endfacet
  facet normal 0 0.745056 0.667002
    outer loop
      vertex -5.8818 7.32213 15.7939
      vertex -6.62551 7.25257 15.8716
      vertex -5.87449 7.25257 15.8716
    endloop
  endfacet
  facet normal 0 0.745056 0.667002
    outer loop
      vertex -6.62551 7.25257 15.8716
      vertex -5.8818 7.32213 15.7939
      vertex -6.6182 7.32213 15.7939
    endloop
  endfacet
  facet normal -0.181549 -0.10479 0.977783
    outer loop
      vertex -9.65294 2.60038 15.9973
      vertex -9.74635 2.5588 15.9755
      vertex -9.7302 2.53082 15.9755
    endloop
  endfacet
  facet normal -0 0.408474 0.91277
    outer loop
      vertex 5.86565 7.16847 15.933
      vertex 6.64433 7.0735 15.9755
      vertex 6.63435 7.16847 15.933
    endloop
  endfacet
  facet normal 0 0.408474 0.91277
    outer loop
      vertex 6.64433 7.0735 15.9755
      vertex 5.86565 7.16847 15.933
      vertex 5.85567 7.0735 15.9755
    endloop
  endfacet
  facet normal -0 0.408474 0.91277
    outer loop
      vertex -6.63435 7.16847 15.933
      vertex -5.85567 7.0735 15.9755
      vertex -5.86565 7.16847 15.933
    endloop
  endfacet
  facet normal 0 0.408474 0.91277
    outer loop
      vertex -5.85567 7.0735 15.9755
      vertex -6.63435 7.16847 15.933
      vertex -6.64433 7.0735 15.9755
    endloop
  endfacet
  facet normal -0.739121 0.665506 0.103931
    outer loop
      vertex -8.42474 6.24942 15.5
      vertex -7.54763 7.20731 15.604
      vertex -7.48653 7.29141 15.5
    endloop
  endfacet
  facet normal -0.739121 0.665506 0.103931
    outer loop
      vertex -7.54763 7.20731 15.604
      vertex -8.42474 6.24942 15.5
      vertex -8.48584 6.16532 15.604
    endloop
  endfacet
  facet normal -0.861339 0.497294 0.103898
    outer loop
      vertex -8.54694 6.08122 15.5
      vertex -9.53112 4.35484 15.604
      vertex -8.48584 6.16532 15.604
    endloop
  endfacet
  facet normal -0.861335 0.497293 0.103931
    outer loop
      vertex -9.53112 4.35484 15.604
      vertex -8.54694 6.08122 15.5
      vertex -9.59223 4.27073 15.5
    endloop
  endfacet
  facet normal -0.861335 0.497291 -0.103943
    outer loop
      vertex -9.53112 4.35484 0.396045
      vertex -8.54694 6.08122 0.5
      vertex -8.48584 6.16532 0.396045
    endloop
  endfacet
  facet normal -0.861331 0.497291 -0.103976
    outer loop
      vertex -8.54694 6.08122 0.5
      vertex -9.53112 4.35484 0.396045
      vertex -9.59223 4.27073 0.5
    endloop
  endfacet
  facet normal -0.644424 0.580241 0.498034
    outer loop
      vertex -8.39581 6.2173 15.7034
      vertex -7.42263 7.22045 15.7939
      vertex -7.4576 7.25929 15.7034
    endloop
  endfacet
  facet normal -0.644424 0.580241 0.498034
    outer loop
      vertex -7.42263 7.22045 15.7939
      vertex -8.39581 6.2173 15.7034
      vertex -8.36084 6.17846 15.7939
    endloop
  endfacet
  facet normal -0.708451 0.230151 0.667179
    outer loop
      vertex -9.91084 2.75772 15.8716
      vertex -10.0009 2.70574 15.7939
      vertex -9.93245 2.6912 15.8716
    endloop
  endfacet
  facet normal 0.707118 0.636765 -0.307433
    outer loop
      vertex 8.45971 6.14634 0.296632
      vertex 8.39581 6.2173 0.296632
      vertex 8.48584 6.16532 0.396045
    endloop
  endfacet
  facet normal 0.743146 0.66913 0
    outer loop
      vertex 8.42474 6.24942 15.5
      vertex 7.48653 7.29141 0.5
      vertex 7.48653 7.29141 15.5
    endloop
  endfacet
  facet normal 0.743146 0.66913 0
    outer loop
      vertex 7.48653 7.29141 0.5
      vertex 8.42474 6.24942 15.5
      vertex 8.42474 6.24942 0.5
    endloop
  endfacet
  facet normal 0.750997 0.433617 -0.497976
    outer loop
      vertex 9.55274 4.25315 0.296632
      vertex 9.50499 4.23189 0.206108
      vertex 9.50499 4.33585 0.296632
    endloop
  endfacet
  facet normal 0.750981 0.433629 -0.49799
    outer loop
      vertex 8.45971 6.04238 0.206108
      vertex 8.41742 6.11562 0.206108
      vertex 8.45971 6.14634 0.296632
    endloop
  endfacet
  facet normal 0.644432 0.580316 -0.497937
    outer loop
      vertex 8.45971 6.14634 0.296632
      vertex 8.36084 6.17846 0.206108
      vertex 8.39581 6.2173 0.296632
    endloop
  endfacet
  facet normal 0.743161 0.669113 0
    outer loop
      vertex 8.49468 6.17174 15.5
      vertex 8.42474 6.24942 0.5
      vertex 8.42474 6.24942 15.5
    endloop
  endfacet
  facet normal 0.743161 0.669113 0
    outer loop
      vertex 8.42474 6.24942 0.5
      vertex 8.49468 6.17174 15.5
      vertex 8.49468 6.17174 0.5
    endloop
  endfacet
  facet normal 0.866033 0.499987 0
    outer loop
      vertex 8.54694 6.08122 15.5
      vertex 8.49468 6.17174 0.5
      vertex 8.49468 6.17174 15.5
    endloop
  endfacet
  facet normal 0.866033 0.499987 0
    outer loop
      vertex 8.49468 6.17174 0.5
      vertex 8.54694 6.08122 15.5
      vertex 8.54694 6.08122 0.5
    endloop
  endfacet
  facet normal 0.989113 0.104076 0.104036
    outer loop
      vertex 10.0943 2.7256 15.5
      vertex 10.0836 2.72333 15.604
      vertex 10.0943 2.62164 15.604
    endloop
  endfacet
  facet normal 0.904942 0.294078 0.307569
    outer loop
      vertex 10.052 2.82057 15.604
      vertex 10.052 2.71661 15.7034
      vertex 10.0836 2.72333 15.604
    endloop
  endfacet
  facet normal 0.905018 0.293966 0.307452
    outer loop
      vertex 9.58224 4.26629 15.604
      vertex 9.55274 4.25315 15.7034
      vertex 9.58224 4.16233 15.7034
    endloop
  endfacet
  facet normal 0.560798 0.182216 0.807653
    outer loop
      vertex 9.36384 4.16905 15.933
      vertex 9.91084 2.75772 15.8716
      vertex 9.44109 4.20345 15.8716
    endloop
  endfacet
  facet normal 0.560771 0.182204 0.807674
    outer loop
      vertex 9.91084 2.75772 15.8716
      vertex 9.36384 4.16905 15.933
      vertex 9.83358 2.72333 15.933
    endloop
  endfacet
  facet normal -0.866033 0.499987 0
    outer loop
      vertex -8.54694 6.08122 0.5
      vertex -8.49468 6.17174 15.5
      vertex -8.49468 6.17174 0.5
    endloop
  endfacet
  facet normal -0.866033 0.499987 0
    outer loop
      vertex -8.49468 6.17174 15.5
      vertex -8.54694 6.08122 0.5
      vertex -8.54694 6.08122 15.5
    endloop
  endfacet
  facet normal -0.945897 0.307338 -0.104027
    outer loop
      vertex -9.58224 4.26629 0.396045
      vertex -9.62453 4.17132 0.5
      vertex -9.59223 4.27073 0.5
    endloop
  endfacet
  facet normal -0.353852 0.204295 -0.912717
    outer loop
      vertex -9.2766 4.13021 0.0244722
      vertex -8.31856 5.97954 0.066988
      vertex -8.23132 5.9407 0.0244722
    endloop
  endfacet
  facet normal -0.353852 0.204295 -0.912717
    outer loop
      vertex -8.31856 5.97954 0.066988
      vertex -9.2766 4.13021 0.0244722
      vertex -9.36384 4.16905 0.066988
    endloop
  endfacet
  facet normal -0.198757 0.0646581 -0.977914
    outer loop
      vertex -9.65632 2.63251 0.00273991
      vertex -9.75633 2.65377 0.0244722
      vertex -9.65294 2.6429 0.00273991
    endloop
  endfacet
  facet normal 0.510838 -0.294931 -0.807503
    outer loop
      vertex 9.87587 2.42499 0.128428
      vertex 9.83358 2.51996 0.066988
      vertex 9.91084 2.48556 0.128428
    endloop
  endfacet
  facet normal 0.155329 -0.139856 -0.977913
    outer loop
      vertex 9.448 2.21741 0.0244722
      vertex 9.64017 2.5828 0.00273991
      vertex 9.70858 2.50682 0.0244722
    endloop
  endfacet
  facet normal 0.155313 -0.139848 -0.977916
    outer loop
      vertex 9.64017 2.5828 0.00273991
      vertex 9.448 2.21741 0.0244722
      vertex 9.36528 2.27751 0.00273991
    endloop
  endfacet
  facet normal 0.43838 0.394718 -0.807478
    outer loop
      vertex 8.29242 6.0248 0.066988
      vertex 7.42263 7.11649 0.128428
      vertex 8.36084 6.0745 0.128428
    endloop
  endfacet
  facet normal 0.438355 0.3947 -0.8075
    outer loop
      vertex 7.42263 7.11649 0.128428
      vertex 8.29242 6.0248 0.066988
      vertex 7.35421 7.06678 0.066988
    endloop
  endfacet
  facet normal 0.740924 -0.0775283 -0.667099
    outer loop
      vertex 10.0009 2.53754 0.206108
      vertex 9.93976 2.62164 0.128428
      vertex 10.0097 2.62164 0.206108
    endloop
  endfacet
  facet normal 0.946327 -0.0996448 -0.307468
    outer loop
      vertex 10.0943 2.62164 0.396045
      vertex 10.052 2.52667 0.296632
      vertex 10.062 2.62164 0.296632
    endloop
  endfacet
  facet normal 0.740811 0.0778511 0.667187
    outer loop
      vertex 10.0009 2.70574 15.7939
      vertex 9.93245 2.6912 15.8716
      vertex 9.93976 2.62164 15.8716
    endloop
  endfacet
  facet normal 0.989184 0.103714 -0.103719
    outer loop
      vertex 10.1052 2.62164 0.5
      vertex 10.0943 2.62164 0.396045
      vertex 10.0943 2.7256 0.5
    endloop
  endfacet
  facet normal 0.824804 -0.267941 0.497901
    outer loop
      vertex 10.052 2.52667 15.7034
      vertex 10.0009 2.53754 15.7939
      vertex 10.0225 2.43586 15.7034
    endloop
  endfacet
  facet normal 0.951066 -0.308987 0
    outer loop
      vertex 10.062 2.41827 15.5
      vertex 10.0943 2.51769 0.5
      vertex 10.0943 2.51769 15.5
    endloop
  endfacet
  facet normal 0.951066 -0.308987 0
    outer loop
      vertex 10.0943 2.51769 0.5
      vertex 10.062 2.41827 15.5
      vertex 10.062 2.41827 0.5
    endloop
  endfacet
  facet normal 0.207867 0.0218024 -0.977914
    outer loop
      vertex 9.7597 2.62164 0.0244722
      vertex 9.65746 2.62164 0.00273991
      vertex 9.75633 2.65377 0.0244722
    endloop
  endfacet
  facet normal -0.708369 0.230124 -0.667275
    outer loop
      vertex -9.93245 2.6912 0.128428
      vertex -10.0009 2.70574 0.206108
      vertex -9.91084 2.75772 0.128428
    endloop
  endfacet
  facet normal -0.181003 0.104512 -0.977914
    outer loop
      vertex -8.13792 5.89911 0.00273991
      vertex -8.23132 5.9407 0.0244722
      vertex -8.21517 5.96867 0.0244722
    endloop
  endfacet
  facet normal -0.946302 0.0995716 0.307568
    outer loop
      vertex -10.0836 2.72333 15.604
      vertex -10.0943 2.62164 15.604
      vertex -10.052 2.71661 15.7034
    endloop
  endfacet
  facet normal -0.586686 0.0617386 -0.807457
    outer loop
      vertex -9.8552 2.62164 0.066988
      vertex -9.93976 2.62164 0.128428
      vertex -9.84973 2.67362 0.066988
    endloop
  endfacet
  facet normal -0.561024 -0.182257 -0.807487
    outer loop
      vertex -9.91084 2.48556 0.128428
      vertex -9.93245 2.55208 0.128428
      vertex -9.84973 2.56966 0.066988
    endloop
  endfacet
  facet normal 0.708451 -0.230151 0.667179
    outer loop
      vertex 9.93245 2.55208 15.8716
      vertex 9.91084 2.48556 15.8716
      vertex 10.0009 2.53754 15.7939
    endloop
  endfacet
  facet normal 0.586437 0.0617124 0.80764
    outer loop
      vertex 9.93976 2.62164 15.8716
      vertex 9.84973 2.67362 15.933
      vertex 9.8552 2.62164 15.933
    endloop
  endfacet
  facet normal 0.743147 -0.669128 0
    outer loop
      vertex 9.7275 2.01433 15.5
      vertex 9.93976 2.25007 0.5
      vertex 9.93976 2.25007 15.5
    endloop
  endfacet
  facet normal 0.743147 -0.669128 0
    outer loop
      vertex 9.93976 2.25007 0.5
      vertex 9.7275 2.01433 15.5
      vertex 9.7275 2.01433 0.5
    endloop
  endfacet
  facet normal -0.741009 0.0775372 0.667003
    outer loop
      vertex -10.0009 2.70574 15.7939
      vertex -10.0097 2.62164 15.7939
      vertex -9.93976 2.62164 15.8716
    endloop
  endfacet
  facet normal 0.199362 -0.0647925 0.977782
    outer loop
      vertex 9.65632 2.61078 15.9973
      vertex 9.65294 2.60038 15.9973
      vertex 9.75633 2.58952 15.9755
    endloop
  endfacet
  facet normal -0 0.589655 0.807655
    outer loop
      vertex 5.87449 7.25257 15.8716
      vertex 6.63435 7.16847 15.933
      vertex 6.62551 7.25257 15.8716
    endloop
  endfacet
  facet normal 0 0.589655 0.807655
    outer loop
      vertex 6.63435 7.16847 15.933
      vertex 5.87449 7.25257 15.8716
      vertex 5.86565 7.16847 15.933
    endloop
  endfacet
  facet normal -0 0.589655 0.807655
    outer loop
      vertex -6.62551 7.25257 15.8716
      vertex -5.86565 7.16847 15.933
      vertex -5.87449 7.25257 15.8716
    endloop
  endfacet
  facet normal 0 0.589655 0.807655
    outer loop
      vertex -5.86565 7.16847 15.933
      vertex -6.62551 7.25257 15.8716
      vertex -6.63435 7.16847 15.933
    endloop
  endfacet
  facet normal 0.40625 0.0427508 0.912761
    outer loop
      vertex 9.84973 2.67362 15.933
      vertex 9.75633 2.65377 15.9755
      vertex 9.8552 2.62164 15.933
    endloop
  endfacet
  facet normal 0.388474 0.126222 0.912774
    outer loop
      vertex 9.2766 4.13021 15.9755
      vertex 9.83358 2.72333 15.933
      vertex 9.36384 4.16905 15.933
    endloop
  endfacet
  facet normal 0.388505 0.126235 0.912759
    outer loop
      vertex 9.83358 2.72333 15.933
      vertex 9.2766 4.13021 15.9755
      vertex 9.74635 2.68449 15.9755
    endloop
  endfacet
  facet normal 0.199359 0.0647656 0.977784
    outer loop
      vertex 9.74635 2.68449 15.9755
      vertex 9.65294 2.6429 15.9973
      vertex 9.75633 2.65377 15.9755
    endloop
  endfacet
  facet normal -0.645257 -0.372538 0.666978
    outer loop
      vertex -9.91084 2.48556 15.8716
      vertex -9.97473 2.45711 15.7939
      vertex -9.87587 2.42499 15.8716
    endloop
  endfacet
  facet normal -0.155793 0.140252 0.977782
    outer loop
      vertex -8.12514 5.91669 15.9973
      vertex -8.19356 5.99267 15.9755
      vertex -8.13245 5.90857 15.9973
    endloop
  endfacet
  facet normal -0.750947 0.433588 0.498075
    outer loop
      vertex -9.50499 4.33585 15.7034
      vertex -9.55274 4.25315 15.7034
      vertex -9.50499 4.23189 15.7939
    endloop
  endfacet
  facet normal -0.862527 0.090821 -0.497794
    outer loop
      vertex -10.0009 2.70574 0.206108
      vertex -10.062 2.62164 0.296632
      vertex -10.052 2.71661 0.296632
    endloop
  endfacet
  facet normal -0.824082 0.475783 -0.307441
    outer loop
      vertex -8.45971 6.14634 0.296632
      vertex -9.53112 4.35484 0.396045
      vertex -8.48584 6.16532 0.396045
    endloop
  endfacet
  facet normal -0.824071 0.475774 -0.307484
    outer loop
      vertex -9.53112 4.35484 0.396045
      vertex -8.45971 6.14634 0.296632
      vertex -9.50499 4.33585 0.296632
    endloop
  endfacet
  facet normal -0.862288 0.0902275 0.498316
    outer loop
      vertex -10.0009 2.70574 15.7939
      vertex -10.062 2.62164 15.7034
      vertex -10.0097 2.62164 15.7939
    endloop
  endfacet
  facet normal -0.989183 -0.103724 -0.103719
    outer loop
      vertex -10.0943 2.51769 0.5
      vertex -10.1052 2.62164 0.5
      vertex -10.0943 2.62164 0.396045
    endloop
  endfacet
  facet normal -0.644411 0.580216 0.498081
    outer loop
      vertex -8.36084 6.17846 15.7939
      vertex -8.45971 6.14634 15.7034
      vertex -8.41742 6.11562 15.7939
    endloop
  endfacet
  facet normal -0.155803 -0.140262 0.977779
    outer loop
      vertex -9.64748 2.59092 15.9973
      vertex -9.70858 2.50682 15.9755
      vertex -9.64017 2.5828 15.9973
    endloop
  endfacet
  facet normal -0.945899 0.307352 0.103969
    outer loop
      vertex -9.62453 4.17132 15.5
      vertex -10.052 2.82057 15.604
      vertex -9.58224 4.26629 15.604
    endloop
  endfacet
  facet normal -0.945889 0.307356 0.104053
    outer loop
      vertex -10.052 2.82057 15.604
      vertex -9.62453 4.17132 15.5
      vertex -10.0943 2.7256 15.5
    endloop
  endfacet
  facet normal -0.945899 -0.307308 0.104101
    outer loop
      vertex -10.052 2.42272 15.604
      vertex -10.0943 2.51769 15.5
      vertex -10.062 2.41827 15.5
    endloop
  endfacet
  facet normal -0.553681 -0.498528 0.667014
    outer loop
      vertex -9.87587 2.32103 15.7939
      vertex -9.59367 2.11157 15.8716
      vertex -9.87587 2.42499 15.8716
    endloop
  endfacet
  facet normal -0.553696 -0.498563 0.666976
    outer loop
      vertex -9.59367 2.11157 15.8716
      vertex -9.87587 2.32103 15.7939
      vertex -9.65025 2.07046 15.7939
    endloop
  endfacet
  facet normal -0.181546 0.104815 0.977781
    outer loop
      vertex -8.23132 5.9407 15.9755
      vertex -9.1832 4.08862 15.9973
      vertex -8.13792 5.89911 15.9973
    endloop
  endfacet
  facet normal -0.181546 0.104815 0.977781
    outer loop
      vertex -9.1832 4.08862 15.9973
      vertex -8.23132 5.9407 15.9755
      vertex -9.2766 4.13021 15.9755
    endloop
  endfacet
  facet normal -0.438174 -0.394527 0.807683
    outer loop
      vertex -9.80745 2.4747 15.933
      vertex -9.59367 2.11157 15.8716
      vertex -9.52525 2.16128 15.933
    endloop
  endfacet
  facet normal -0.438174 -0.394527 0.807683
    outer loop
      vertex -9.59367 2.11157 15.8716
      vertex -9.80745 2.4747 15.933
      vertex -9.87587 2.42499 15.8716
    endloop
  endfacet
  facet normal -0 0.209634 0.97778
    outer loop
      vertex 5.85567 7.0735 15.9755
      vertex 6.65502 6.97182 15.9973
      vertex 6.64433 7.0735 15.9755
    endloop
  endfacet
  facet normal 0 0.209634 0.97778
    outer loop
      vertex 6.65502 6.97182 15.9973
      vertex 5.85567 7.0735 15.9755
      vertex 5.84498 6.97182 15.9973
    endloop
  endfacet
  facet normal -0 0.209634 0.97778
    outer loop
      vertex -6.64433 7.0735 15.9755
      vertex -5.84498 6.97182 15.9973
      vertex -5.85567 7.0735 15.9755
    endloop
  endfacet
  facet normal 0 0.209634 0.97778
    outer loop
      vertex -5.84498 6.97182 15.9973
      vertex -6.64433 7.0735 15.9755
      vertex -6.65502 6.97182 15.9973
    endloop
  endfacet
  facet normal -0.824072 0.475809 -0.307427
    outer loop
      vertex -9.55274 4.25315 0.296632
      vertex -9.58224 4.26629 0.396045
      vertex -9.50499 4.33585 0.296632
    endloop
  endfacet
  facet normal 0.644467 0.580279 -0.497935
    outer loop
      vertex 8.39581 6.2173 0.296632
      vertex 7.42263 7.22045 0.206108
      vertex 7.4576 7.25929 0.296632
    endloop
  endfacet
  facet normal 0.644467 0.580279 -0.497935
    outer loop
      vertex 7.42263 7.22045 0.206108
      vertex 8.39581 6.2173 0.296632
      vertex 8.36084 6.17846 0.206108
    endloop
  endfacet
  facet normal 0.861346 0.497256 -0.104013
    outer loop
      vertex 9.58224 4.26629 0.396045
      vertex 9.53112 4.35484 0.396045
      vertex 9.59223 4.27073 0.5
    endloop
  endfacet
  facet normal 0.945897 0.307338 -0.104027
    outer loop
      vertex 9.62453 4.17132 0.5
      vertex 9.58224 4.26629 0.396045
      vertex 9.59223 4.27073 0.5
    endloop
  endfacet
  facet normal 0.644424 0.580241 0.498034
    outer loop
      vertex 7.42263 7.22045 15.7939
      vertex 8.39581 6.2173 15.7034
      vertex 7.4576 7.25929 15.7034
    endloop
  endfacet
  facet normal 0.644424 0.580241 0.498034
    outer loop
      vertex 8.39581 6.2173 15.7034
      vertex 7.42263 7.22045 15.7939
      vertex 8.36084 6.17846 15.7939
    endloop
  endfacet
  facet normal 0.707109 0.636757 0.307469
    outer loop
      vertex 8.48584 6.16532 15.604
      vertex 8.39581 6.2173 15.7034
      vertex 8.45971 6.14634 15.7034
    endloop
  endfacet
  facet normal 0.945899 0.307352 0.103969
    outer loop
      vertex 10.052 2.82057 15.604
      vertex 9.62453 4.17132 15.5
      vertex 9.58224 4.26629 15.604
    endloop
  endfacet
  facet normal 0.945889 0.307356 0.104053
    outer loop
      vertex 9.62453 4.17132 15.5
      vertex 10.052 2.82057 15.604
      vertex 10.0943 2.7256 15.5
    endloop
  endfacet
  facet normal 0.904961 0.29405 0.30754
    outer loop
      vertex 9.58224 4.16233 15.7034
      vertex 10.052 2.82057 15.604
      vertex 9.58224 4.26629 15.604
    endloop
  endfacet
  facet normal 0.904961 0.29405 0.30754
    outer loop
      vertex 10.052 2.82057 15.604
      vertex 9.58224 4.16233 15.7034
      vertex 10.052 2.71661 15.7034
    endloop
  endfacet
  facet normal -0.707134 0.636705 0.307519
    outer loop
      vertex -7.54763 7.20731 15.604
      vertex -8.39581 6.2173 15.7034
      vertex -7.4576 7.25929 15.7034
    endloop
  endfacet
  facet normal -0.707134 0.636705 0.307519
    outer loop
      vertex -8.39581 6.2173 15.7034
      vertex -7.54763 7.20731 15.604
      vertex -8.48584 6.16532 15.604
    endloop
  endfacet
  facet normal 0.55362 0.49847 -0.667108
    outer loop
      vertex 8.41742 6.11562 0.206108
      vertex 8.36084 6.0745 0.128428
      vertex 8.36084 6.17846 0.206108
    endloop
  endfacet
  facet normal 0.438393 0.394594 -0.807531
    outer loop
      vertex 7.42263 7.11649 0.128428
      vertex 7.31924 7.10562 0.066988
      vertex 7.33729 7.12566 0.0865794
    endloop
  endfacet
  facet normal 0.945895 -0.307306 -0.104146
    outer loop
      vertex 10.062 2.41827 0.5
      vertex 10.052 2.42272 0.396045
      vertex 10.0943 2.51769 0.5
    endloop
  endfacet
  facet normal 0.946314 0.0995728 -0.307532
    outer loop
      vertex 10.0943 2.62164 0.396045
      vertex 10.052 2.71661 0.296632
      vertex 10.0836 2.72333 0.396045
    endloop
  endfacet
  facet normal 0.645182 -0.372502 -0.66707
    outer loop
      vertex 9.93245 2.38388 0.206108
      vertex 9.87587 2.42499 0.128428
      vertex 9.97473 2.45711 0.206108
    endloop
  endfacet
  facet normal 0.510845 -0.294926 -0.8075
    outer loop
      vertex 9.87587 2.42499 0.128428
      vertex 9.80745 2.4747 0.066988
      vertex 9.83358 2.51996 0.066988
    endloop
  endfacet
  facet normal 0.861419 -0.497103 -0.104144
    outer loop
      vertex 10.062 2.41827 0.5
      vertex 10.0009 2.33417 0.396045
      vertex 10.052 2.42272 0.396045
    endloop
  endfacet
  facet normal 0.946315 -0.0995828 -0.307523
    outer loop
      vertex 10.0836 2.51996 0.396045
      vertex 10.052 2.52667 0.296632
      vertex 10.0943 2.62164 0.396045
    endloop
  endfacet
  facet normal 0.824085 -0.475559 -0.307778
    outer loop
      vertex 10.0009 2.33417 0.396045
      vertex 9.97473 2.35316 0.296632
      vertex 10.052 2.42272 0.396045
    endloop
  endfacet
  facet normal 0.861205 -0.497581 -0.103632
    outer loop
      vertex 10.0097 2.32775 0.5
      vertex 10.0009 2.33417 0.396045
      vertex 10.062 2.41827 0.5
    endloop
  endfacet
  facet normal 0.994548 0.104276 0
    outer loop
      vertex 10.1052 2.62164 15.5
      vertex 10.0943 2.7256 0.5
      vertex 10.0943 2.7256 15.5
    endloop
  endfacet
  facet normal 0.994548 0.104276 0
    outer loop
      vertex 10.0943 2.7256 0.5
      vertex 10.1052 2.62164 15.5
      vertex 10.1052 2.62164 0.5
    endloop
  endfacet
  facet normal 0.905008 -0.293996 0.307453
    outer loop
      vertex 10.052 2.52667 15.7034
      vertex 10.0225 2.43586 15.7034
      vertex 10.052 2.42272 15.604
    endloop
  endfacet
  facet normal 0.750828 -0.433701 0.498157
    outer loop
      vertex 9.97473 2.45711 15.7939
      vertex 9.97473 2.35316 15.7034
      vertex 10.0225 2.43586 15.7034
    endloop
  endfacet
  facet normal 0.861209 -0.497583 0.103588
    outer loop
      vertex 10.062 2.41827 15.5
      vertex 10.0009 2.33417 15.604
      vertex 10.0097 2.32775 15.5
    endloop
  endfacet
  facet normal 0.198763 0.0645816 -0.977917
    outer loop
      vertex 9.1832 4.08862 0.00273991
      vertex 9.74635 2.68449 0.0244722
      vertex 9.65294 2.6429 0.00273991
    endloop
  endfacet
  facet normal 0.19878 0.0645885 -0.977913
    outer loop
      vertex 9.74635 2.68449 0.0244722
      vertex 9.1832 4.08862 0.00273991
      vertex 9.2766 4.13021 0.0244722
    endloop
  endfacet
  facet normal 0.15533 0.139835 -0.977916
    outer loop
      vertex 8.13245 5.90857 0.00273991
      vertex 8.12514 5.91669 0.00273991
      vertex 8.19356 5.99267 0.0244722
    endloop
  endfacet
  facet normal -0.181007 0.104503 -0.977914
    outer loop
      vertex -9.1832 4.08862 0.00273991
      vertex -8.23132 5.9407 0.0244722
      vertex -8.13792 5.89911 0.00273991
    endloop
  endfacet
  facet normal -0.181007 0.104503 -0.977914
    outer loop
      vertex -8.23132 5.9407 0.0244722
      vertex -9.1832 4.08862 0.00273991
      vertex -9.2766 4.13021 0.0244722
    endloop
  endfacet
  facet normal -0.708505 0.230209 -0.667101
    outer loop
      vertex -9.91084 2.75772 0.128428
      vertex -9.53112 4.15147 0.206108
      vertex -9.44109 4.20345 0.128428
    endloop
  endfacet
  facet normal -0.708378 0.230183 -0.667246
    outer loop
      vertex -9.53112 4.15147 0.206108
      vertex -9.91084 2.75772 0.128428
      vertex -10.0009 2.70574 0.206108
    endloop
  endfacet
  facet normal -0.560989 -0.182293 -0.807502
    outer loop
      vertex -9.83358 2.51996 0.066988
      vertex -9.91084 2.48556 0.128428
      vertex -9.84973 2.56966 0.066988
    endloop
  endfacet
  facet normal -0.86247 -0.090815 0.497894
    outer loop
      vertex -10.0009 2.53754 15.7939
      vertex -10.062 2.62164 15.7034
      vertex -10.052 2.52667 15.7034
    endloop
  endfacet
  facet normal -0.510838 -0.294931 -0.807503
    outer loop
      vertex -9.87587 2.42499 0.128428
      vertex -9.91084 2.48556 0.128428
      vertex -9.83358 2.51996 0.066988
    endloop
  endfacet
  facet normal 0.739157 -0.665507 -0.103671
    outer loop
      vertex 10.0097 2.32775 0.5
      vertex 9.93976 2.25007 0.5
      vertex 10.0009 2.33417 0.396045
    endloop
  endfacet
  facet normal 0.824511 -0.268276 0.498207
    outer loop
      vertex 10.0009 2.53754 15.7939
      vertex 9.97473 2.45711 15.7939
      vertex 10.0225 2.43586 15.7034
    endloop
  endfacet
  facet normal 0.946304 -0.0995815 0.307559
    outer loop
      vertex 10.0943 2.62164 15.604
      vertex 10.052 2.52667 15.7034
      vertex 10.0836 2.51996 15.604
    endloop
  endfacet
  facet normal 0.708506 -0.230531 0.666989
    outer loop
      vertex 10.0009 2.53754 15.7939
      vertex 9.91084 2.48556 15.8716
      vertex 9.97473 2.45711 15.7939
    endloop
  endfacet
  facet normal 0.388501 -0.126243 0.912759
    outer loop
      vertex 9.84973 2.56966 15.933
      vertex 9.74635 2.5588 15.9755
      vertex 9.83358 2.51996 15.933
    endloop
  endfacet
  facet normal -0.553745 -0.498503 0.66698
    outer loop
      vertex -9.87587 2.42499 15.8716
      vertex -9.93245 2.38388 15.7939
      vertex -9.87587 2.32103 15.7939
    endloop
  endfacet
  facet normal -0.353743 0.204232 0.912774
    outer loop
      vertex -8.31856 5.97954 15.933
      vertex -9.2766 4.13021 15.9755
      vertex -8.23132 5.9407 15.9755
    endloop
  endfacet
  facet normal -0.353743 0.204232 0.912774
    outer loop
      vertex -9.2766 4.13021 15.9755
      vertex -8.31856 5.97954 15.933
      vertex -9.36384 4.16905 15.933
    endloop
  endfacet
  facet normal 0.645218 0.37256 0.667003
    outer loop
      vertex 8.41742 6.11562 15.7939
      vertex 8.36084 6.0745 15.8716
      vertex 8.45971 6.04238 15.7939
    endloop
  endfacet
  facet normal -0.40625 0.0427508 0.912761
    outer loop
      vertex -9.84973 2.67362 15.933
      vertex -9.8552 2.62164 15.933
      vertex -9.75633 2.65377 15.9755
    endloop
  endfacet
  facet normal 0.406213 0.0426062 0.912785
    outer loop
      vertex 9.8552 2.62164 15.933
      vertex 9.75633 2.65377 15.9755
      vertex 9.7597 2.62164 15.9755
    endloop
  endfacet
  facet normal 0.208486 0.0218674 0.977781
    outer loop
      vertex 9.75633 2.65377 15.9755
      vertex 9.65746 2.62164 15.9973
      vertex 9.7597 2.62164 15.9755
    endloop
  endfacet
  facet normal -0.708586 0.230236 0.667006
    outer loop
      vertex -9.53112 4.15147 15.7939
      vertex -9.91084 2.75772 15.8716
      vertex -9.44109 4.20345 15.8716
    endloop
  endfacet
  facet normal -0.708459 0.230209 0.66715
    outer loop
      vertex -9.91084 2.75772 15.8716
      vertex -9.53112 4.15147 15.7939
      vertex -10.0009 2.70574 15.7939
    endloop
  endfacet
  facet normal -0.388511 0.126215 0.912759
    outer loop
      vertex -9.74635 2.68449 15.9755
      vertex -9.84973 2.67362 15.933
      vertex -9.75633 2.65377 15.9755
    endloop
  endfacet
  facet normal -0.824087 0.475746 -0.307483
    outer loop
      vertex -9.50499 4.33585 0.296632
      vertex -9.58224 4.26629 0.396045
      vertex -9.53112 4.35484 0.396045
    endloop
  endfacet
  facet normal -0.861346 0.497256 -0.104013
    outer loop
      vertex -9.58224 4.26629 0.396045
      vertex -9.59223 4.27073 0.5
      vertex -9.53112 4.35484 0.396045
    endloop
  endfacet
  facet normal -0.861344 0.497281 0.103912
    outer loop
      vertex -8.49468 6.17174 15.5
      vertex -8.54694 6.08122 15.5
      vertex -8.48584 6.16532 15.604
    endloop
  endfacet
  facet normal -0.904972 0.294054 -0.307503
    outer loop
      vertex -9.58224 4.16233 0.296632
      vertex -10.052 2.82057 0.396045
      vertex -9.58224 4.26629 0.396045
    endloop
  endfacet
  facet normal -0.904972 0.294054 -0.307503
    outer loop
      vertex -10.052 2.82057 0.396045
      vertex -9.58224 4.16233 0.296632
      vertex -10.052 2.71661 0.296632
    endloop
  endfacet
  facet normal -0.824779 0.267997 -0.497914
    outer loop
      vertex -9.53112 4.15147 0.206108
      vertex -10.052 2.71661 0.296632
      vertex -9.58224 4.16233 0.296632
    endloop
  endfacet
  facet normal -0.824839 0.268026 -0.497798
    outer loop
      vertex -10.052 2.71661 0.296632
      vertex -9.53112 4.15147 0.206108
      vertex -10.0009 2.70574 0.206108
    endloop
  endfacet
  facet normal -0.945878 0.307381 -0.104071
    outer loop
      vertex -10.0836 2.72333 0.396045
      vertex -10.0943 2.7256 0.5
      vertex -10.052 2.82057 0.396045
    endloop
  endfacet
  facet normal 0.155779 0.140264 0.977783
    outer loop
      vertex 7.18693 6.95868 15.9973
      vertex 8.19356 5.99267 15.9755
      vertex 7.25535 7.03466 15.9755
    endloop
  endfacet
  facet normal 0.155779 0.140264 0.977783
    outer loop
      vertex 8.19356 5.99267 15.9755
      vertex 7.18693 6.95868 15.9973
      vertex 8.12514 5.91669 15.9973
    endloop
  endfacet
  facet normal -0.586437 0.0617124 0.80764
    outer loop
      vertex -9.84973 2.67362 15.933
      vertex -9.93976 2.62164 15.8716
      vertex -9.8552 2.62164 15.933
    endloop
  endfacet
  facet normal -0.946315 -0.0996436 0.307505
    outer loop
      vertex -10.062 2.62164 15.7034
      vertex -10.0943 2.62164 15.604
      vertex -10.052 2.52667 15.7034
    endloop
  endfacet
  facet normal -0.560786 -0.182179 0.80767
    outer loop
      vertex -9.84973 2.56966 15.933
      vertex -9.93245 2.55208 15.8716
      vertex -9.91084 2.48556 15.8716
    endloop
  endfacet
  facet normal -0.586406 -0.0616249 0.807669
    outer loop
      vertex -9.84973 2.56966 15.933
      vertex -9.93976 2.62164 15.8716
      vertex -9.93245 2.55208 15.8716
    endloop
  endfacet
  facet normal -0.406213 -0.0426195 0.912784
    outer loop
      vertex -9.7597 2.62164 15.9755
      vertex -9.8552 2.62164 15.933
      vertex -9.75633 2.58952 15.9755
    endloop
  endfacet
  facet normal 0.353743 0.204232 0.912774
    outer loop
      vertex 8.31856 5.97954 15.933
      vertex 9.2766 4.13021 15.9755
      vertex 9.36384 4.16905 15.933
    endloop
  endfacet
  facet normal 0.353743 0.204232 0.912774
    outer loop
      vertex 9.2766 4.13021 15.9755
      vertex 8.31856 5.97954 15.933
      vertex 8.23132 5.9407 15.9755
    endloop
  endfacet
  facet normal -0.510655 0.294826 0.807657
    outer loop
      vertex -9.40612 4.26402 15.8716
      vertex -9.44109 4.20345 15.8716
      vertex -9.36384 4.16905 15.933
    endloop
  endfacet
  facet normal 0 0.994578 -0.103997
    outer loop
      vertex -5.89064 7.40623 0.396045
      vertex -6.60822 7.4171 0.5
      vertex -5.89178 7.4171 0.5
    endloop
  endfacet
  facet normal 0 0.994578 -0.103997
    outer loop
      vertex -6.60822 7.4171 0.5
      vertex -5.89064 7.40623 0.396045
      vertex -6.60936 7.40623 0.396045
    endloop
  endfacet
  facet normal 0 0.994578 -0.103997
    outer loop
      vertex 6.60936 7.40623 0.396045
      vertex 5.89178 7.4171 0.5
      vertex 6.60822 7.4171 0.5
    endloop
  endfacet
  facet normal 0 0.994578 -0.103997
    outer loop
      vertex 5.89178 7.4171 0.5
      vertex 6.60936 7.40623 0.396045
      vertex 5.89064 7.40623 0.396045
    endloop
  endfacet
  facet normal 0.989107 -0.104086 -0.104081
    outer loop
      vertex 10.0943 2.51769 0.5
      vertex 10.0836 2.51996 0.396045
      vertex 10.0943 2.62164 0.396045
    endloop
  endfacet
  facet normal 0.989183 -0.103724 -0.103719
    outer loop
      vertex 10.1052 2.62164 0.5
      vertex 10.0943 2.51769 0.5
      vertex 10.0943 2.62164 0.396045
    endloop
  endfacet
  facet normal 0.824072 0.475809 -0.307427
    outer loop
      vertex 9.55274 4.25315 0.296632
      vertex 9.50499 4.33585 0.296632
      vertex 9.58224 4.26629 0.396045
    endloop
  endfacet
  facet normal 0.751021 0.433599 -0.497956
    outer loop
      vertex 9.50499 4.33585 0.296632
      vertex 8.45971 6.04238 0.206108
      vertex 8.45971 6.14634 0.296632
    endloop
  endfacet
  facet normal 0.751021 0.433599 -0.497956
    outer loop
      vertex 8.45971 6.04238 0.206108
      vertex 9.50499 4.33585 0.296632
      vertex 9.50499 4.23189 0.206108
    endloop
  endfacet
  facet normal 0.739121 0.665506 0.103931
    outer loop
      vertex 7.54763 7.20731 15.604
      vertex 8.42474 6.24942 15.5
      vertex 7.48653 7.29141 15.5
    endloop
  endfacet
  facet normal 0.739121 0.665506 0.103931
    outer loop
      vertex 8.42474 6.24942 15.5
      vertex 7.54763 7.20731 15.604
      vertex 8.48584 6.16532 15.604
    endloop
  endfacet
  facet normal -0.951057 0.309015 0
    outer loop
      vertex -9.62453 4.17132 0.5
      vertex -9.59223 4.27073 15.5
      vertex -9.59223 4.27073 0.5
    endloop
  endfacet
  facet normal -0.951057 0.309015 0
    outer loop
      vertex -9.59223 4.27073 15.5
      vertex -9.62453 4.17132 0.5
      vertex -9.62453 4.17132 15.5
    endloop
  endfacet
  facet normal -0.644467 0.580279 -0.497935
    outer loop
      vertex -7.42263 7.22045 0.206108
      vertex -8.39581 6.2173 0.296632
      vertex -7.4576 7.25929 0.296632
    endloop
  endfacet
  facet normal -0.644467 0.580279 -0.497935
    outer loop
      vertex -8.39581 6.2173 0.296632
      vertex -7.42263 7.22045 0.206108
      vertex -8.36084 6.17846 0.206108
    endloop
  endfacet
  facet normal -0.739138 0.665491 0.103908
    outer loop
      vertex -8.42474 6.24942 15.5
      vertex -8.49468 6.17174 15.5
      vertex -8.48584 6.16532 15.604
    endloop
  endfacet
  facet normal -0.739118 0.665503 -0.103975
    outer loop
      vertex -7.54763 7.20731 0.396045
      vertex -8.42474 6.24942 0.5
      vertex -7.48653 7.29141 0.5
    endloop
  endfacet
  facet normal -0.739118 0.665503 -0.103975
    outer loop
      vertex -8.42474 6.24942 0.5
      vertex -7.54763 7.20731 0.396045
      vertex -8.48584 6.16532 0.396045
    endloop
  endfacet
  facet normal 0.181003 0.104512 -0.977914
    outer loop
      vertex 8.23132 5.9407 0.0244722
      vertex 8.13792 5.89911 0.00273991
      vertex 8.21517 5.96867 0.0244722
    endloop
  endfacet
  facet normal 0.198772 -0.0645751 -0.977916
    outer loop
      vertex 9.74635 2.5588 0.0244722
      vertex 9.65294 2.60038 0.00273991
      vertex 9.75633 2.58952 0.0244722
    endloop
  endfacet
  facet normal -0.353914 -0.204279 -0.912696
    outer loop
      vertex -9.7302 2.53082 0.0244722
      vertex -9.80745 2.4747 0.066988
      vertex -9.74635 2.5588 0.0244722
    endloop
  endfacet
  facet normal -0.353881 -0.204306 -0.912703
    outer loop
      vertex -9.80745 2.4747 0.066988
      vertex -9.83358 2.51996 0.066988
      vertex -9.74635 2.5588 0.0244722
    endloop
  endfacet
  facet normal 0.51081 0.295019 -0.807488
    outer loop
      vertex 8.31856 5.97954 0.066988
      vertex 8.29242 6.0248 0.066988
      vertex 8.36084 6.0745 0.128428
    endloop
  endfacet
  facet normal 0.406372 -0.0427637 -0.912706
    outer loop
      vertex 9.84973 2.56966 0.066988
      vertex 9.75633 2.58952 0.0244722
      vertex 9.8552 2.62164 0.066988
    endloop
  endfacet
  facet normal 0.862344 0.0902334 -0.498217
    outer loop
      vertex 10.0097 2.62164 0.206108
      vertex 10.0009 2.70574 0.206108
      vertex 10.062 2.62164 0.296632
    endloop
  endfacet
  facet normal 0.561024 0.182257 -0.807487
    outer loop
      vertex 9.93245 2.6912 0.128428
      vertex 9.84973 2.67362 0.066988
      vertex 9.91084 2.75772 0.128428
    endloop
  endfacet
  facet normal 0.824804 0.267911 -0.497918
    outer loop
      vertex 9.58224 4.16233 0.296632
      vertex 9.53112 4.15147 0.206108
      vertex 9.55274 4.25315 0.296632
    endloop
  endfacet
  facet normal 0.43836 -0.394694 -0.807501
    outer loop
      vertex 9.59367 2.11157 0.128428
      vertex 9.80745 2.4747 0.066988
      vertex 9.87587 2.42499 0.128428
    endloop
  endfacet
  facet normal 0.43836 -0.394694 -0.807501
    outer loop
      vertex 9.80745 2.4747 0.066988
      vertex 9.59367 2.11157 0.128428
      vertex 9.52525 2.16128 0.066988
    endloop
  endfacet
  facet normal 0.553681 -0.498445 -0.667075
    outer loop
      vertex 9.93245 2.38388 0.206108
      vertex 9.87587 2.32103 0.206108
      vertex 9.87587 2.42499 0.128428
    endloop
  endfacet
  facet normal 0.553632 -0.498505 -0.667071
    outer loop
      vertex 9.59367 2.11157 0.128428
      vertex 9.87587 2.32103 0.206108
      vertex 9.65025 2.07046 0.206108
    endloop
  endfacet
  facet normal 0.553617 -0.498471 -0.667109
    outer loop
      vertex 9.87587 2.32103 0.206108
      vertex 9.59367 2.11157 0.128428
      vertex 9.87587 2.42499 0.128428
    endloop
  endfacet
  facet normal 0.740726 -0.0778422 -0.667282
    outer loop
      vertex 10.0009 2.53754 0.206108
      vertex 9.93245 2.55208 0.128428
      vertex 9.93976 2.62164 0.128428
    endloop
  endfacet
  facet normal 0.823987 -0.47596 -0.307422
    outer loop
      vertex 10.052 2.42272 0.396045
      vertex 9.97473 2.35316 0.296632
      vertex 10.0225 2.43586 0.296632
    endloop
  endfacet
  facet normal 0.989188 -0.103724 0.103675
    outer loop
      vertex 10.0943 2.62164 15.604
      vertex 10.0943 2.51769 15.5
      vertex 10.1052 2.62164 15.5
    endloop
  endfacet
  facet normal 0.989189 0.103715 0.103675
    outer loop
      vertex 10.0943 2.7256 15.5
      vertex 10.0943 2.62164 15.604
      vertex 10.1052 2.62164 15.5
    endloop
  endfacet
  facet normal 0.823977 -0.475954 0.307458
    outer loop
      vertex 10.0225 2.43586 15.7034
      vertex 9.97473 2.35316 15.7034
      vertex 10.052 2.42272 15.604
    endloop
  endfacet
  facet normal 0.824075 -0.475553 0.307815
    outer loop
      vertex 10.052 2.42272 15.604
      vertex 9.97473 2.35316 15.7034
      vertex 10.0009 2.33417 15.604
    endloop
  endfacet
  facet normal 0.865867 -0.500274 0
    outer loop
      vertex 10.0097 2.32775 15.5
      vertex 10.062 2.41827 0.5
      vertex 10.062 2.41827 15.5
    endloop
  endfacet
  facet normal 0.865867 -0.500274 0
    outer loop
      vertex 10.062 2.41827 0.5
      vertex 10.0097 2.32775 15.5
      vertex 10.0097 2.32775 0.5
    endloop
  endfacet
  facet normal 0.155314 0.139847 -0.977916
    outer loop
      vertex 8.21517 5.96867 0.0244722
      vertex 8.13245 5.90857 0.00273991
      vertex 8.19356 5.99267 0.0244722
    endloop
  endfacet
  facet normal 0.38862 -0.126251 -0.912707
    outer loop
      vertex 9.84973 2.56966 0.066988
      vertex 9.74635 2.5588 0.0244722
      vertex 9.75633 2.58952 0.0244722
    endloop
  endfacet
  facet normal 0.353881 -0.204306 -0.912703
    outer loop
      vertex 9.80745 2.4747 0.066988
      vertex 9.74635 2.5588 0.0244722
      vertex 9.83358 2.51996 0.066988
    endloop
  endfacet
  facet normal 0.303658 -0.27341 -0.91271
    outer loop
      vertex 9.52525 2.16128 0.066988
      vertex 9.70858 2.50682 0.0244722
      vertex 9.80745 2.4747 0.066988
    endloop
  endfacet
  facet normal 0.303662 -0.273412 -0.912708
    outer loop
      vertex 9.70858 2.50682 0.0244722
      vertex 9.52525 2.16128 0.066988
      vertex 9.448 2.21741 0.0244722
    endloop
  endfacet
  facet normal -0.18101 -0.104479 -0.977916
    outer loop
      vertex -9.7302 2.53082 0.0244722
      vertex -9.74635 2.5588 0.0244722
      vertex -9.65294 2.60038 0.00273991
    endloop
  endfacet
  facet normal 0.198757 0.0646581 -0.977914
    outer loop
      vertex 9.65632 2.63251 0.00273991
      vertex 9.65294 2.6429 0.00273991
      vertex 9.75633 2.65377 0.0244722
    endloop
  endfacet
  facet normal -0.303676 0.273431 -0.912697
    outer loop
      vertex -8.19356 5.99267 0.0244722
      vertex -7.35421 7.06678 0.066988
      vertex -7.25535 7.03466 0.0244722
    endloop
  endfacet
  facet normal -0.303658 0.273417 -0.912708
    outer loop
      vertex -7.35421 7.06678 0.066988
      vertex -8.19356 5.99267 0.0244722
      vertex -8.29242 6.0248 0.066988
    endloop
  endfacet
  facet normal -0.30368 0.273422 -0.912699
    outer loop
      vertex -7.25535 7.03466 0.0244722
      vertex -7.35421 7.06678 0.066988
      vertex -7.31924 7.10562 0.066988
    endloop
  endfacet
  facet normal -0.561024 0.182257 -0.807487
    outer loop
      vertex -9.84973 2.67362 0.066988
      vertex -9.93245 2.6912 0.128428
      vertex -9.91084 2.75772 0.128428
    endloop
  endfacet
  facet normal -0.645144 0.372517 -0.667098
    outer loop
      vertex -8.36084 6.0745 0.128428
      vertex -8.45971 6.04238 0.206108
      vertex -8.41742 6.11562 0.206108
    endloop
  endfacet
  facet normal -0.180916 0.10461 -0.977919
    outer loop
      vertex -8.13792 5.89911 0.00273991
      vertex -8.21517 5.96867 0.0244722
      vertex -8.13245 5.90857 0.00273991
    endloop
  endfacet
  facet normal -0.388631 0.12626 -0.912702
    outer loop
      vertex -9.74635 2.68449 0.0244722
      vertex -9.84973 2.67362 0.066988
      vertex -9.83358 2.72333 0.066988
    endloop
  endfacet
  facet normal -0.905019 -0.293999 -0.307417
    outer loop
      vertex -10.0225 2.43586 0.296632
      vertex -10.052 2.42272 0.396045
      vertex -10.052 2.52667 0.296632
    endloop
  endfacet
  facet normal -0.989112 -0.104086 0.104036
    outer loop
      vertex -10.0943 2.62164 15.604
      vertex -10.0943 2.51769 15.5
      vertex -10.0836 2.51996 15.604
    endloop
  endfacet
  facet normal -0.740726 0.0778422 -0.667282
    outer loop
      vertex -9.93976 2.62164 0.128428
      vertex -10.0009 2.70574 0.206108
      vertex -9.93245 2.6912 0.128428
    endloop
  endfacet
  facet normal -0.743147 -0.669128 0
    outer loop
      vertex -9.7275 2.01433 0.5
      vertex -9.93976 2.25007 15.5
      vertex -9.93976 2.25007 0.5
    endloop
  endfacet
  facet normal -0.743147 -0.669128 0
    outer loop
      vertex -9.93976 2.25007 15.5
      vertex -9.7275 2.01433 0.5
      vertex -9.7275 2.01433 15.5
    endloop
  endfacet
  facet normal -0.510845 -0.294926 -0.8075
    outer loop
      vertex -9.80745 2.4747 0.066988
      vertex -9.87587 2.42499 0.128428
      vertex -9.83358 2.51996 0.066988
    endloop
  endfacet
  facet normal -0.43836 -0.394694 -0.807501
    outer loop
      vertex -9.59367 2.11157 0.128428
      vertex -9.80745 2.4747 0.066988
      vertex -9.52525 2.16128 0.066988
    endloop
  endfacet
  facet normal -0.43836 -0.394694 -0.807501
    outer loop
      vertex -9.80745 2.4747 0.066988
      vertex -9.59367 2.11157 0.128428
      vertex -9.87587 2.42499 0.128428
    endloop
  endfacet
  facet normal 0.741009 -0.0775372 0.667003
    outer loop
      vertex 10.0097 2.62164 15.7939
      vertex 9.93976 2.62164 15.8716
      vertex 10.0009 2.53754 15.7939
    endloop
  endfacet
  facet normal 0.740811 -0.0778511 0.667187
    outer loop
      vertex 9.93976 2.62164 15.8716
      vertex 9.93245 2.55208 15.8716
      vertex 10.0009 2.53754 15.7939
    endloop
  endfacet
  facet normal 0.586406 -0.0616249 0.807669
    outer loop
      vertex 9.93976 2.62164 15.8716
      vertex 9.84973 2.56966 15.933
      vertex 9.93245 2.55208 15.8716
    endloop
  endfacet
  facet normal 0.586437 -0.0617124 0.80764
    outer loop
      vertex 9.8552 2.62164 15.933
      vertex 9.84973 2.56966 15.933
      vertex 9.93976 2.62164 15.8716
    endloop
  endfacet
  facet normal 0.353771 -0.204243 0.91276
    outer loop
      vertex 9.83358 2.51996 15.933
      vertex 9.74635 2.5588 15.9755
      vertex 9.80745 2.4747 15.933
    endloop
  endfacet
  facet normal 0.353805 -0.204215 0.912753
    outer loop
      vertex 9.74635 2.5588 15.9755
      vertex 9.7302 2.53082 15.9755
      vertex 9.80745 2.4747 15.933
    endloop
  endfacet
  facet normal 0.739094 -0.665564 -0.103754
    outer loop
      vertex 9.93976 2.25007 0.5
      vertex 9.71867 2.02076 0.396045
      vertex 10.0009 2.33417 0.396045
    endloop
  endfacet
  facet normal 0.739121 -0.665504 -0.103945
    outer loop
      vertex 9.71867 2.02076 0.396045
      vertex 9.93976 2.25007 0.5
      vertex 9.7275 2.01433 0.5
    endloop
  endfacet
  facet normal -0.739097 -0.665567 0.10371
    outer loop
      vertex -9.93976 2.25007 15.5
      vertex -9.71867 2.02076 15.604
      vertex -10.0009 2.33417 15.604
    endloop
  endfacet
  facet normal -0.739125 -0.665507 0.103901
    outer loop
      vertex -9.71867 2.02076 15.604
      vertex -9.93976 2.25007 15.5
      vertex -9.7275 2.01433 15.5
    endloop
  endfacet
  facet normal -0.862288 -0.0902275 0.498316
    outer loop
      vertex -10.0097 2.62164 15.7939
      vertex -10.062 2.62164 15.7034
      vertex -10.0009 2.53754 15.7939
    endloop
  endfacet
  facet normal 0.388511 0.126221 0.912758
    outer loop
      vertex 9.83358 2.72333 15.933
      vertex 9.74635 2.68449 15.9755
      vertex 9.84973 2.67362 15.933
    endloop
  endfacet
  facet normal 0.824724 0.267979 0.498013
    outer loop
      vertex 9.53112 4.15147 15.7939
      vertex 10.052 2.71661 15.7034
      vertex 9.58224 4.16233 15.7034
    endloop
  endfacet
  facet normal 0.824785 0.268008 0.497898
    outer loop
      vertex 10.052 2.71661 15.7034
      vertex 9.53112 4.15147 15.7939
      vertex 10.0009 2.70574 15.7939
    endloop
  endfacet
  facet normal 0.3885 -0.126212 0.912764
    outer loop
      vertex 9.75633 2.58952 15.9755
      vertex 9.74635 2.5588 15.9755
      vertex 9.84973 2.56966 15.933
    endloop
  endfacet
  facet normal 0.406246 -0.0427504 0.912763
    outer loop
      vertex 9.8552 2.62164 15.933
      vertex 9.75633 2.58952 15.9755
      vertex 9.84973 2.56966 15.933
    endloop
  endfacet
  facet normal 0.353716 0.204289 0.912771
    outer loop
      vertex 8.29242 6.0248 15.933
      vertex 8.23132 5.9407 15.9755
      vertex 8.31856 5.97954 15.933
    endloop
  endfacet
  facet normal -0.303586 0.273337 0.912755
    outer loop
      vertex -7.31924 7.10562 15.933
      vertex -7.35421 7.06678 15.933
      vertex -7.25535 7.03466 15.9755
    endloop
  endfacet
  facet normal -0.750931 0.4336 0.498089
    outer loop
      vertex -8.45971 6.14634 15.7034
      vertex -8.45971 6.04238 15.7939
      vertex -8.41742 6.11562 15.7939
    endloop
  endfacet
  facet normal -0.64439 0.580278 0.498036
    outer loop
      vertex -8.39581 6.2173 15.7034
      vertex -8.45971 6.14634 15.7034
      vertex -8.36084 6.17846 15.7939
    endloop
  endfacet
  facet normal -0.181542 0.104823 0.97778
    outer loop
      vertex -8.21517 5.96867 15.9755
      vertex -8.23132 5.9407 15.9755
      vertex -8.13792 5.89911 15.9973
    endloop
  endfacet
  facet normal -0.181455 0.104922 0.977786
    outer loop
      vertex -8.13245 5.90857 15.9973
      vertex -8.21517 5.96867 15.9755
      vertex -8.13792 5.89911 15.9973
    endloop
  endfacet
  facet normal -0.86134 0.497278 -0.103956
    outer loop
      vertex -8.48584 6.16532 0.396045
      vertex -8.54694 6.08122 0.5
      vertex -8.49468 6.17174 0.5
    endloop
  endfacet
  facet normal -0.824747 0.267976 -0.497977
    outer loop
      vertex -9.53112 4.15147 0.206108
      vertex -9.55274 4.25315 0.296632
      vertex -9.50499 4.23189 0.206108
    endloop
  endfacet
  facet normal -0.905029 0.29397 -0.307416
    outer loop
      vertex -9.55274 4.25315 0.296632
      vertex -9.58224 4.16233 0.296632
      vertex -9.58224 4.26629 0.396045
    endloop
  endfacet
  facet normal -0.823987 -0.47596 -0.307422
    outer loop
      vertex -9.97473 2.35316 0.296632
      vertex -10.052 2.42272 0.396045
      vertex -10.0225 2.43586 0.296632
    endloop
  endfacet
  facet normal -0.861419 -0.497103 -0.104144
    outer loop
      vertex -10.0009 2.33417 0.396045
      vertex -10.062 2.41827 0.5
      vertex -10.052 2.42272 0.396045
    endloop
  endfacet
  facet normal -0.904953 0.294082 -0.307533
    outer loop
      vertex -10.052 2.71661 0.296632
      vertex -10.0836 2.72333 0.396045
      vertex -10.052 2.82057 0.396045
    endloop
  endfacet
  facet normal -0.946314 0.0995728 -0.307532
    outer loop
      vertex -10.052 2.71661 0.296632
      vertex -10.0943 2.62164 0.396045
      vertex -10.0836 2.72333 0.396045
    endloop
  endfacet
  facet normal -0.945895 0.307351 -0.104014
    outer loop
      vertex -10.052 2.82057 0.396045
      vertex -9.62453 4.17132 0.5
      vertex -9.58224 4.26629 0.396045
    endloop
  endfacet
  facet normal -0.945884 0.307354 -0.104098
    outer loop
      vertex -9.62453 4.17132 0.5
      vertex -10.052 2.82057 0.396045
      vertex -10.0943 2.7256 0.5
    endloop
  endfacet
  facet normal -0.945902 0.30734 0.103982
    outer loop
      vertex -9.59223 4.27073 15.5
      vertex -9.62453 4.17132 15.5
      vertex -9.58224 4.26629 15.604
    endloop
  endfacet
  facet normal -0.989189 0.103715 0.103675
    outer loop
      vertex -10.0943 2.7256 15.5
      vertex -10.1052 2.62164 15.5
      vertex -10.0943 2.62164 15.604
    endloop
  endfacet
  facet normal -0.989188 -0.103724 0.103675
    outer loop
      vertex -10.0943 2.62164 15.604
      vertex -10.1052 2.62164 15.5
      vertex -10.0943 2.51769 15.5
    endloop
  endfacet
  facet normal 0.155776 0.140264 0.977783
    outer loop
      vertex 8.19356 5.99267 15.9755
      vertex 8.13245 5.90857 15.9973
      vertex 8.21517 5.96867 15.9755
    endloop
  endfacet
  facet normal -0.406213 0.0426062 0.912785
    outer loop
      vertex -9.75633 2.65377 15.9755
      vertex -9.8552 2.62164 15.933
      vertex -9.7597 2.62164 15.9755
    endloop
  endfacet
  facet normal -0.388474 0.126222 0.912774
    outer loop
      vertex -9.83358 2.72333 15.933
      vertex -9.2766 4.13021 15.9755
      vertex -9.36384 4.16905 15.933
    endloop
  endfacet
  facet normal -0.388505 0.126235 0.912759
    outer loop
      vertex -9.2766 4.13021 15.9755
      vertex -9.83358 2.72333 15.933
      vertex -9.74635 2.68449 15.9755
    endloop
  endfacet
  facet normal -0.303563 0.273333 0.912764
    outer loop
      vertex -8.19356 5.99267 15.9755
      vertex -8.29242 6.0248 15.933
      vertex -8.21517 5.96867 15.9755
    endloop
  endfacet
  facet normal -0.740811 0.0778511 0.667187
    outer loop
      vertex -9.93245 2.6912 15.8716
      vertex -10.0009 2.70574 15.7939
      vertex -9.93976 2.62164 15.8716
    endloop
  endfacet
  facet normal -0.3885 -0.126212 0.912764
    outer loop
      vertex -9.75633 2.58952 15.9755
      vertex -9.84973 2.56966 15.933
      vertex -9.74635 2.5588 15.9755
    endloop
  endfacet
  facet normal -0.208483 -0.0218849 0.977781
    outer loop
      vertex -9.65746 2.62164 15.9973
      vertex -9.75633 2.58952 15.9755
      vertex -9.65632 2.61078 15.9973
    endloop
  endfacet
  facet normal -0.353771 -0.204243 0.91276
    outer loop
      vertex -9.74635 2.5588 15.9755
      vertex -9.83358 2.51996 15.933
      vertex -9.80745 2.4747 15.933
    endloop
  endfacet
  facet normal -0.510628 -0.294801 0.807683
    outer loop
      vertex -9.83358 2.51996 15.933
      vertex -9.87587 2.42499 15.8716
      vertex -9.80745 2.4747 15.933
    endloop
  endfacet
  facet normal -0.155748 -0.140303 0.977782
    outer loop
      vertex -9.64748 2.59092 15.9973
      vertex -9.7302 2.53082 15.9755
      vertex -9.70858 2.50682 15.9755
    endloop
  endfacet
  facet normal -0.303524 -0.273425 0.91275
    outer loop
      vertex -9.7302 2.53082 15.9755
      vertex -9.80745 2.4747 15.933
      vertex -9.70858 2.50682 15.9755
    endloop
  endfacet
  facet normal 0.199372 0.064781 0.97778
    outer loop
      vertex 9.1832 4.08862 15.9973
      vertex 9.74635 2.68449 15.9755
      vertex 9.2766 4.13021 15.9755
    endloop
  endfacet
  facet normal 0.199355 0.064774 0.977784
    outer loop
      vertex 9.74635 2.68449 15.9755
      vertex 9.1832 4.08862 15.9973
      vertex 9.65294 2.6429 15.9973
    endloop
  endfacet
  facet normal 0.945878 0.307381 -0.104071
    outer loop
      vertex 10.0836 2.72333 0.396045
      vertex 10.052 2.82057 0.396045
      vertex 10.0943 2.7256 0.5
    endloop
  endfacet
  facet normal 0.824082 0.475783 -0.307441
    outer loop
      vertex 9.53112 4.35484 0.396045
      vertex 8.45971 6.14634 0.296632
      vertex 8.48584 6.16532 0.396045
    endloop
  endfacet
  facet normal 0.824071 0.475774 -0.307484
    outer loop
      vertex 8.45971 6.14634 0.296632
      vertex 9.53112 4.35484 0.396045
      vertex 9.50499 4.33585 0.296632
    endloop
  endfacet
  facet normal 0.905029 0.29397 -0.307416
    outer loop
      vertex 9.58224 4.16233 0.296632
      vertex 9.55274 4.25315 0.296632
      vertex 9.58224 4.26629 0.396045
    endloop
  endfacet
  facet normal 0.707134 0.636705 0.307519
    outer loop
      vertex 8.39581 6.2173 15.7034
      vertex 7.54763 7.20731 15.604
      vertex 7.4576 7.25929 15.7034
    endloop
  endfacet
  facet normal 0.707134 0.636705 0.307519
    outer loop
      vertex 7.54763 7.20731 15.604
      vertex 8.39581 6.2173 15.7034
      vertex 8.48584 6.16532 15.604
    endloop
  endfacet
  facet normal -0.55362 0.49847 -0.667108
    outer loop
      vertex -8.36084 6.0745 0.128428
      vertex -8.41742 6.11562 0.206108
      vertex -8.36084 6.17846 0.206108
    endloop
  endfacet
  facet normal -0.644453 0.580254 -0.497982
    outer loop
      vertex -8.41742 6.11562 0.206108
      vertex -8.45971 6.14634 0.296632
      vertex -8.36084 6.17846 0.206108
    endloop
  endfacet
  facet normal 0.388631 0.126254 -0.912702
    outer loop
      vertex 9.75633 2.65377 0.0244722
      vertex 9.74635 2.68449 0.0244722
      vertex 9.84973 2.67362 0.066988
    endloop
  endfacet
  facet normal 0.207868 0.0218003 -0.977914
    outer loop
      vertex 9.65746 2.62164 0.00273991
      vertex 9.65632 2.63251 0.00273991
      vertex 9.75633 2.65377 0.0244722
    endloop
  endfacet
  facet normal 0.644495 -0.580296 -0.497877
    outer loop
      vertex 9.69253 2.03974 0.296632
      vertex 9.87587 2.32103 0.206108
      vertex 9.97473 2.35316 0.296632
    endloop
  endfacet
  facet normal 0.644462 -0.580291 -0.497927
    outer loop
      vertex 9.87587 2.32103 0.206108
      vertex 9.69253 2.03974 0.296632
      vertex 9.65025 2.07046 0.206108
    endloop
  endfacet
  facet normal 0.406339 0.0426194 -0.912728
    outer loop
      vertex 9.7597 2.62164 0.0244722
      vertex 9.75633 2.65377 0.0244722
      vertex 9.8552 2.62164 0.066988
    endloop
  endfacet
  facet normal 0.406376 0.0427641 -0.912705
    outer loop
      vertex 9.8552 2.62164 0.066988
      vertex 9.75633 2.65377 0.0244722
      vertex 9.84973 2.67362 0.066988
    endloop
  endfacet
  facet normal 0.708369 -0.230124 -0.667275
    outer loop
      vertex 10.0009 2.53754 0.206108
      vertex 9.91084 2.48556 0.128428
      vertex 9.93245 2.55208 0.128428
    endloop
  endfacet
  facet normal 0.645183 -0.372495 -0.667073
    outer loop
      vertex 9.97473 2.45711 0.206108
      vertex 9.87587 2.42499 0.128428
      vertex 9.91084 2.48556 0.128428
    endloop
  endfacet
  facet normal 0.740726 0.0778422 -0.667282
    outer loop
      vertex 9.93976 2.62164 0.128428
      vertex 9.93245 2.6912 0.128428
      vertex 10.0009 2.70574 0.206108
    endloop
  endfacet
  facet normal 0.740924 0.0775283 -0.667099
    outer loop
      vertex 10.0097 2.62164 0.206108
      vertex 9.93976 2.62164 0.128428
      vertex 10.0009 2.70574 0.206108
    endloop
  endfacet
  facet normal 0.708369 0.230124 -0.667275
    outer loop
      vertex 9.93245 2.6912 0.128428
      vertex 9.91084 2.75772 0.128428
      vertex 10.0009 2.70574 0.206108
    endloop
  endfacet
  facet normal 0.586656 0.0616511 -0.807487
    outer loop
      vertex 9.93976 2.62164 0.128428
      vertex 9.84973 2.67362 0.066988
      vertex 9.93245 2.6912 0.128428
    endloop
  endfacet
  facet normal 0.945878 -0.307381 -0.104071
    outer loop
      vertex 10.0943 2.51769 0.5
      vertex 10.052 2.42272 0.396045
      vertex 10.0836 2.51996 0.396045
    endloop
  endfacet
  facet normal 0.64452 -0.580222 -0.497931
    outer loop
      vertex 9.97473 2.35316 0.296632
      vertex 9.87587 2.32103 0.206108
      vertex 9.93245 2.38388 0.206108
    endloop
  endfacet
  facet normal 0.989112 -0.104086 0.104036
    outer loop
      vertex 10.0943 2.62164 15.604
      vertex 10.0836 2.51996 15.604
      vertex 10.0943 2.51769 15.5
    endloop
  endfacet
  facet normal 0.90495 -0.294081 0.307542
    outer loop
      vertex 10.052 2.52667 15.7034
      vertex 10.052 2.42272 15.604
      vertex 10.0836 2.51996 15.604
    endloop
  endfacet
  facet normal -0.303618 -0.27351 -0.912693
    outer loop
      vertex -9.70858 2.50682 0.0244722
      vertex -9.80745 2.4747 0.066988
      vertex -9.7302 2.53082 0.0244722
    endloop
  endfacet
  facet normal -0.181013 -0.104475 -0.977916
    outer loop
      vertex -9.64748 2.59092 0.00273991
      vertex -9.7302 2.53082 0.0244722
      vertex -9.65294 2.60038 0.00273991
    endloop
  endfacet
  facet normal 0.406339 -0.0426327 -0.912727
    outer loop
      vertex 9.8552 2.62164 0.066988
      vertex 9.75633 2.58952 0.0244722
      vertex 9.7597 2.62164 0.0244722
    endloop
  endfacet
  facet normal 0.207867 -0.0218092 -0.977914
    outer loop
      vertex 9.75633 2.58952 0.0244722
      vertex 9.65746 2.62164 0.00273991
      vertex 9.7597 2.62164 0.0244722
    endloop
  endfacet
  facet normal 0.353914 -0.204279 -0.912696
    outer loop
      vertex 9.80745 2.4747 0.066988
      vertex 9.7302 2.53082 0.0244722
      vertex 9.74635 2.5588 0.0244722
    endloop
  endfacet
  facet normal -0.155285 -0.139886 -0.977915
    outer loop
      vertex -9.70858 2.50682 0.0244722
      vertex -9.7302 2.53082 0.0244722
      vertex -9.64748 2.59092 0.00273991
    endloop
  endfacet
  facet normal -0.38862 -0.126251 -0.912707
    outer loop
      vertex -9.74635 2.5588 0.0244722
      vertex -9.84973 2.56966 0.066988
      vertex -9.75633 2.58952 0.0244722
    endloop
  endfacet
  facet normal -0.353863 0.204322 -0.912707
    outer loop
      vertex -8.23132 5.9407 0.0244722
      vertex -8.29242 6.0248 0.066988
      vertex -8.21517 5.96867 0.0244722
    endloop
  endfacet
  facet normal -0.303657 0.273418 -0.912707
    outer loop
      vertex -8.21517 5.96867 0.0244722
      vertex -8.29242 6.0248 0.066988
      vertex -8.19356 5.99267 0.0244722
    endloop
  endfacet
  facet normal -0.645147 0.372475 -0.667119
    outer loop
      vertex -9.40612 4.26402 0.128428
      vertex -8.45971 6.04238 0.206108
      vertex -8.36084 6.0745 0.128428
    endloop
  endfacet
  facet normal -0.645168 0.372485 -0.667093
    outer loop
      vertex -8.45971 6.04238 0.206108
      vertex -9.40612 4.26402 0.128428
      vertex -9.50499 4.23189 0.206108
    endloop
  endfacet
  facet normal -0.750981 0.433629 -0.49799
    outer loop
      vertex -8.41742 6.11562 0.206108
      vertex -8.45971 6.04238 0.206108
      vertex -8.45971 6.14634 0.296632
    endloop
  endfacet
  facet normal -0.708505 0.230207 -0.667103
    outer loop
      vertex -9.44109 4.20345 0.128428
      vertex -9.53112 4.15147 0.206108
      vertex -9.50499 4.23189 0.206108
    endloop
  endfacet
  facet normal -0.207867 0.0218024 -0.977914
    outer loop
      vertex -9.65746 2.62164 0.00273991
      vertex -9.7597 2.62164 0.0244722
      vertex -9.75633 2.65377 0.0244722
    endloop
  endfacet
  facet normal 0.181013 -0.104475 -0.977916
    outer loop
      vertex 9.7302 2.53082 0.0244722
      vertex 9.64748 2.59092 0.00273991
      vertex 9.65294 2.60038 0.00273991
    endloop
  endfacet
  facet normal 0.18101 -0.104479 -0.977916
    outer loop
      vertex 9.7302 2.53082 0.0244722
      vertex 9.65294 2.60038 0.00273991
      vertex 9.74635 2.5588 0.0244722
    endloop
  endfacet
  facet normal -0.862527 -0.090821 -0.497794
    outer loop
      vertex -10.052 2.52667 0.296632
      vertex -10.062 2.62164 0.296632
      vertex -10.0009 2.53754 0.206108
    endloop
  endfacet
  facet normal -0.862344 0.0902334 -0.498217
    outer loop
      vertex -10.0097 2.62164 0.206108
      vertex -10.062 2.62164 0.296632
      vertex -10.0009 2.70574 0.206108
    endloop
  endfacet
  facet normal -0.951066 -0.308987 0
    outer loop
      vertex -10.062 2.41827 0.5
      vertex -10.0943 2.51769 15.5
      vertex -10.0943 2.51769 0.5
    endloop
  endfacet
  facet normal -0.951066 -0.308987 0
    outer loop
      vertex -10.0943 2.51769 15.5
      vertex -10.062 2.41827 0.5
      vertex -10.062 2.41827 15.5
    endloop
  endfacet
  facet normal -0.946315 -0.0995828 -0.307523
    outer loop
      vertex -10.0836 2.51996 0.396045
      vertex -10.0943 2.62164 0.396045
      vertex -10.052 2.52667 0.296632
    endloop
  endfacet
  facet normal -0.740726 -0.0778422 -0.667282
    outer loop
      vertex -9.93245 2.55208 0.128428
      vertex -10.0009 2.53754 0.206108
      vertex -9.93976 2.62164 0.128428
    endloop
  endfacet
  facet normal -0.861205 -0.497581 -0.103632
    outer loop
      vertex -10.0097 2.32775 0.5
      vertex -10.062 2.41827 0.5
      vertex -10.0009 2.33417 0.396045
    endloop
  endfacet
  facet normal -0.739094 -0.665564 -0.103754
    outer loop
      vertex -9.71867 2.02076 0.396045
      vertex -9.93976 2.25007 0.5
      vertex -10.0009 2.33417 0.396045
    endloop
  endfacet
  facet normal -0.739121 -0.665504 -0.103945
    outer loop
      vertex -9.93976 2.25007 0.5
      vertex -9.71867 2.02076 0.396045
      vertex -9.7275 2.01433 0.5
    endloop
  endfacet
  facet normal -0.198769 -0.0646001 -0.977915
    outer loop
      vertex -9.65294 2.60038 0.00273991
      vertex -9.75633 2.58952 0.0244722
      vertex -9.65632 2.61078 0.00273991
    endloop
  endfacet
  facet normal 0.86247 -0.090815 0.497894
    outer loop
      vertex 10.062 2.62164 15.7034
      vertex 10.0009 2.53754 15.7939
      vertex 10.052 2.52667 15.7034
    endloop
  endfacet
  facet normal 0.741009 0.0775372 0.667003
    outer loop
      vertex 10.0009 2.70574 15.7939
      vertex 9.93976 2.62164 15.8716
      vertex 10.0097 2.62164 15.7939
    endloop
  endfacet
  facet normal 0.644419 -0.580253 0.498027
    outer loop
      vertex 9.69253 2.03974 15.7034
      vertex 9.87587 2.32103 15.7939
      vertex 9.65025 2.07046 15.7939
    endloop
  endfacet
  facet normal 0.644453 -0.580258 0.497977
    outer loop
      vertex 9.87587 2.32103 15.7939
      vertex 9.69253 2.03974 15.7034
      vertex 9.97473 2.35316 15.7034
    endloop
  endfacet
  facet normal 0.739097 -0.665567 0.10371
    outer loop
      vertex 9.71867 2.02076 15.604
      vertex 9.93976 2.25007 15.5
      vertex 10.0009 2.33417 15.604
    endloop
  endfacet
  facet normal 0.739125 -0.665507 0.103901
    outer loop
      vertex 9.93976 2.25007 15.5
      vertex 9.71867 2.02076 15.604
      vertex 9.7275 2.01433 15.5
    endloop
  endfacet
  facet normal -0.73916 -0.66551 0.103627
    outer loop
      vertex -10.0009 2.33417 15.604
      vertex -10.0097 2.32775 15.5
      vertex -9.93976 2.25007 15.5
    endloop
  endfacet
  facet normal -0.644478 -0.580184 0.498031
    outer loop
      vertex -9.93245 2.38388 15.7939
      vertex -9.97473 2.35316 15.7034
      vertex -9.87587 2.32103 15.7939
    endloop
  endfacet
  facet normal -0.644453 -0.580258 0.497977
    outer loop
      vertex -9.69253 2.03974 15.7034
      vertex -9.87587 2.32103 15.7939
      vertex -9.97473 2.35316 15.7034
    endloop
  endfacet
  facet normal -0.644419 -0.580253 0.498027
    outer loop
      vertex -9.87587 2.32103 15.7939
      vertex -9.69253 2.03974 15.7034
      vertex -9.65025 2.07046 15.7939
    endloop
  endfacet
  facet normal -0.824804 -0.267941 0.497901
    outer loop
      vertex -10.0009 2.53754 15.7939
      vertex -10.052 2.52667 15.7034
      vertex -10.0225 2.43586 15.7034
    endloop
  endfacet
  facet normal -0.708506 -0.230531 0.666989
    outer loop
      vertex -9.91084 2.48556 15.8716
      vertex -10.0009 2.53754 15.7939
      vertex -9.97473 2.45711 15.7939
    endloop
  endfacet
  facet normal 0.510593 0.294894 0.807671
    outer loop
      vertex 8.36084 6.0745 15.8716
      vertex 8.29242 6.0248 15.933
      vertex 8.31856 5.97954 15.933
    endloop
  endfacet
  facet normal -0.155776 -0.140264 0.977783
    outer loop
      vertex -9.64017 2.5828 15.9973
      vertex -9.448 2.21741 15.9755
      vertex -9.36528 2.27751 15.9973
    endloop
  endfacet
  facet normal -0.155792 -0.140272 0.977779
    outer loop
      vertex -9.448 2.21741 15.9755
      vertex -9.64017 2.5828 15.9973
      vertex -9.70858 2.50682 15.9755
    endloop
  endfacet
  facet normal 0.388511 0.126215 0.912759
    outer loop
      vertex 9.84973 2.67362 15.933
      vertex 9.74635 2.68449 15.9755
      vertex 9.75633 2.65377 15.9755
    endloop
  endfacet
  facet normal 0.708586 0.230236 0.667006
    outer loop
      vertex 9.91084 2.75772 15.8716
      vertex 9.53112 4.15147 15.7939
      vertex 9.44109 4.20345 15.8716
    endloop
  endfacet
  facet normal 0.708459 0.230209 0.66715
    outer loop
      vertex 9.53112 4.15147 15.7939
      vertex 9.91084 2.75772 15.8716
      vertex 10.0009 2.70574 15.7939
    endloop
  endfacet
  facet normal 0.406213 -0.0426195 0.912784
    outer loop
      vertex 9.7597 2.62164 15.9755
      vertex 9.75633 2.58952 15.9755
      vertex 9.8552 2.62164 15.933
    endloop
  endfacet
  facet normal 0.553684 0.498527 0.667012
    outer loop
      vertex 8.36084 6.17846 15.7939
      vertex 8.36084 6.0745 15.8716
      vertex 8.41742 6.11562 15.7939
    endloop
  endfacet
  facet normal 0.303563 0.273333 0.912764
    outer loop
      vertex 8.29242 6.0248 15.933
      vertex 8.19356 5.99267 15.9755
      vertex 8.21517 5.96867 15.9755
    endloop
  endfacet
  facet normal 0.644411 0.580216 0.498081
    outer loop
      vertex 8.45971 6.14634 15.7034
      vertex 8.36084 6.17846 15.7939
      vertex 8.41742 6.11562 15.7939
    endloop
  endfacet
  facet normal -0.707109 0.636757 0.307469
    outer loop
      vertex -8.39581 6.2173 15.7034
      vertex -8.48584 6.16532 15.604
      vertex -8.45971 6.14634 15.7034
    endloop
  endfacet
  facet normal -0.303582 0.273346 0.912754
    outer loop
      vertex -7.35421 7.06678 15.933
      vertex -8.19356 5.99267 15.9755
      vertex -7.25535 7.03466 15.9755
    endloop
  endfacet
  facet normal -0.303564 0.273332 0.912764
    outer loop
      vertex -8.19356 5.99267 15.9755
      vertex -7.35421 7.06678 15.933
      vertex -8.29242 6.0248 15.933
    endloop
  endfacet
  facet normal -0.155776 0.140264 0.977783
    outer loop
      vertex -8.19356 5.99267 15.9755
      vertex -8.21517 5.96867 15.9755
      vertex -8.13245 5.90857 15.9973
    endloop
  endfacet
  facet normal -0.739135 0.665488 -0.103952
    outer loop
      vertex -8.48584 6.16532 0.396045
      vertex -8.49468 6.17174 0.5
      vertex -8.42474 6.24942 0.5
    endloop
  endfacet
  facet normal -0.586656 0.0616511 -0.807487
    outer loop
      vertex -9.84973 2.67362 0.066988
      vertex -9.93976 2.62164 0.128428
      vertex -9.93245 2.6912 0.128428
    endloop
  endfacet
  facet normal -0.946327 -0.0996448 -0.307468
    outer loop
      vertex -10.052 2.52667 0.296632
      vertex -10.0943 2.62164 0.396045
      vertex -10.062 2.62164 0.296632
    endloop
  endfacet
  facet normal -0.951051 0.309033 0
    outer loop
      vertex -10.0943 2.7256 0.5
      vertex -9.62453 4.17132 15.5
      vertex -9.62453 4.17132 0.5
    endloop
  endfacet
  facet normal -0.951051 0.309033 0
    outer loop
      vertex -9.62453 4.17132 15.5
      vertex -10.0943 2.7256 0.5
      vertex -10.0943 2.7256 15.5
    endloop
  endfacet
  facet normal -0.994547 -0.104286 0
    outer loop
      vertex -10.0943 2.51769 0.5
      vertex -10.1052 2.62164 15.5
      vertex -10.1052 2.62164 0.5
    endloop
  endfacet
  facet normal -0.994547 -0.104286 0
    outer loop
      vertex -10.1052 2.62164 15.5
      vertex -10.0943 2.51769 0.5
      vertex -10.0943 2.51769 15.5
    endloop
  endfacet
  facet normal -0.946315 0.0996436 0.307505
    outer loop
      vertex -10.052 2.71661 15.7034
      vertex -10.0943 2.62164 15.604
      vertex -10.062 2.62164 15.7034
    endloop
  endfacet
  facet normal -0.86247 0.090815 0.497894
    outer loop
      vertex -10.052 2.71661 15.7034
      vertex -10.062 2.62164 15.7034
      vertex -10.0009 2.70574 15.7939
    endloop
  endfacet
  facet normal -0.560798 0.182216 0.807653
    outer loop
      vertex -9.91084 2.75772 15.8716
      vertex -9.36384 4.16905 15.933
      vertex -9.44109 4.20345 15.8716
    endloop
  endfacet
  facet normal -0.560771 0.182204 0.807674
    outer loop
      vertex -9.36384 4.16905 15.933
      vertex -9.91084 2.75772 15.8716
      vertex -9.83358 2.72333 15.933
    endloop
  endfacet
  facet normal -0.645242 0.372529 0.666997
    outer loop
      vertex -9.40612 4.26402 15.8716
      vertex -9.50499 4.23189 15.7939
      vertex -9.44109 4.20345 15.8716
    endloop
  endfacet
  facet normal -0.353716 0.204289 0.912771
    outer loop
      vertex -8.29242 6.0248 15.933
      vertex -8.31856 5.97954 15.933
      vertex -8.23132 5.9407 15.9755
    endloop
  endfacet
  facet normal -0.353753 0.204259 0.912764
    outer loop
      vertex -8.21517 5.96867 15.9755
      vertex -8.29242 6.0248 15.933
      vertex -8.23132 5.9407 15.9755
    endloop
  endfacet
  facet normal -0.388511 0.126221 0.912758
    outer loop
      vertex -9.83358 2.72333 15.933
      vertex -9.84973 2.67362 15.933
      vertex -9.74635 2.68449 15.9755
    endloop
  endfacet
  facet normal 0.208486 -0.0218742 0.977781
    outer loop
      vertex 9.7597 2.62164 15.9755
      vertex 9.65746 2.62164 15.9973
      vertex 9.75633 2.58952 15.9755
    endloop
  endfacet
  facet normal 0.199349 0.0648508 0.97778
    outer loop
      vertex 9.75633 2.65377 15.9755
      vertex 9.65294 2.6429 15.9973
      vertex 9.65632 2.63251 15.9973
    endloop
  endfacet
  facet normal -0.388501 -0.126243 0.912759
    outer loop
      vertex -9.74635 2.5588 15.9755
      vertex -9.84973 2.56966 15.933
      vertex -9.83358 2.51996 15.933
    endloop
  endfacet
  facet normal -0.560751 -0.182216 0.807685
    outer loop
      vertex -9.84973 2.56966 15.933
      vertex -9.91084 2.48556 15.8716
      vertex -9.83358 2.51996 15.933
    endloop
  endfacet
  facet normal -0.303568 -0.273327 0.912764
    outer loop
      vertex -9.70858 2.50682 15.9755
      vertex -9.52525 2.16128 15.933
      vertex -9.448 2.21741 15.9755
    endloop
  endfacet
  facet normal -0.303564 -0.273326 0.912766
    outer loop
      vertex -9.52525 2.16128 15.933
      vertex -9.70858 2.50682 15.9755
      vertex -9.80745 2.4747 15.933
    endloop
  endfacet
  facet normal 0.181455 0.104922 0.977786
    outer loop
      vertex 8.21517 5.96867 15.9755
      vertex 8.13245 5.90857 15.9973
      vertex 8.13792 5.89911 15.9973
    endloop
  endfacet
  facet normal 0.946327 0.0996448 -0.307468
    outer loop
      vertex 10.062 2.62164 0.296632
      vertex 10.052 2.71661 0.296632
      vertex 10.0943 2.62164 0.396045
    endloop
  endfacet
  facet normal 0.989108 0.104076 -0.104081
    outer loop
      vertex 10.0943 2.62164 0.396045
      vertex 10.0836 2.72333 0.396045
      vertex 10.0943 2.7256 0.5
    endloop
  endfacet
  facet normal 0.904972 0.294054 -0.307503
    outer loop
      vertex 10.052 2.82057 0.396045
      vertex 9.58224 4.16233 0.296632
      vertex 9.58224 4.26629 0.396045
    endloop
  endfacet
  facet normal 0.904972 0.294054 -0.307503
    outer loop
      vertex 9.58224 4.16233 0.296632
      vertex 10.052 2.82057 0.396045
      vertex 10.052 2.71661 0.296632
    endloop
  endfacet
  facet normal 0.945895 0.307351 -0.104014
    outer loop
      vertex 9.62453 4.17132 0.5
      vertex 10.052 2.82057 0.396045
      vertex 9.58224 4.26629 0.396045
    endloop
  endfacet
  facet normal 0.945884 0.307354 -0.104098
    outer loop
      vertex 10.052 2.82057 0.396045
      vertex 9.62453 4.17132 0.5
      vertex 10.0943 2.7256 0.5
    endloop
  endfacet
  facet normal -0.644432 0.580316 -0.497937
    outer loop
      vertex -8.36084 6.17846 0.206108
      vertex -8.45971 6.14634 0.296632
      vertex -8.39581 6.2173 0.296632
    endloop
  endfacet
  facet normal -0.707118 0.636765 -0.307433
    outer loop
      vertex -8.45971 6.14634 0.296632
      vertex -8.48584 6.16532 0.396045
      vertex -8.39581 6.2173 0.296632
    endloop
  endfacet
  facet normal 0.198767 0.0645732 -0.977917
    outer loop
      vertex 9.75633 2.65377 0.0244722
      vertex 9.65294 2.6429 0.00273991
      vertex 9.74635 2.68449 0.0244722
    endloop
  endfacet
  facet normal 0.353863 0.204322 -0.912707
    outer loop
      vertex 8.23132 5.9407 0.0244722
      vertex 8.21517 5.96867 0.0244722
      vertex 8.29242 6.0248 0.066988
    endloop
  endfacet
  facet normal 0.353825 0.204353 -0.912714
    outer loop
      vertex 8.31856 5.97954 0.066988
      vertex 8.23132 5.9407 0.0244722
      vertex 8.29242 6.0248 0.066988
    endloop
  endfacet
  facet normal 0.750878 -0.433729 -0.498058
    outer loop
      vertex 10.0225 2.43586 0.296632
      vertex 9.97473 2.35316 0.296632
      vertex 9.97473 2.45711 0.206108
    endloop
  endfacet
  facet normal 0.751031 -0.433615 -0.497926
    outer loop
      vertex 9.97473 2.35316 0.296632
      vertex 9.93245 2.38388 0.206108
      vertex 9.97473 2.45711 0.206108
    endloop
  endfacet
  facet normal 0.388622 -0.126282 -0.912703
    outer loop
      vertex 9.83358 2.51996 0.066988
      vertex 9.74635 2.5588 0.0244722
      vertex 9.84973 2.56966 0.066988
    endloop
  endfacet
  facet normal 0.560989 -0.182293 -0.807502
    outer loop
      vertex 9.91084 2.48556 0.128428
      vertex 9.83358 2.51996 0.066988
      vertex 9.84973 2.56966 0.066988
    endloop
  endfacet
  facet normal 0.645168 0.372487 -0.667092
    outer loop
      vertex 9.44109 4.20345 0.128428
      vertex 9.40612 4.26402 0.128428
      vertex 9.50499 4.23189 0.206108
    endloop
  endfacet
  facet normal 0.586656 -0.0616511 -0.807487
    outer loop
      vertex 9.93245 2.55208 0.128428
      vertex 9.84973 2.56966 0.066988
      vertex 9.93976 2.62164 0.128428
    endloop
  endfacet
  facet normal 0.586686 -0.0617386 -0.807457
    outer loop
      vertex 9.93976 2.62164 0.128428
      vertex 9.84973 2.56966 0.066988
      vertex 9.8552 2.62164 0.066988
    endloop
  endfacet
  facet normal 0.707083 -0.63665 -0.30775
    outer loop
      vertex 10.0009 2.33417 0.396045
      vertex 9.69253 2.03974 0.296632
      vertex 9.97473 2.35316 0.296632
    endloop
  endfacet
  facet normal 0.7071 -0.636753 -0.307497
    outer loop
      vertex 9.69253 2.03974 0.296632
      vertex 10.0009 2.33417 0.396045
      vertex 9.71867 2.02076 0.396045
    endloop
  endfacet
  facet normal 0.743161 -0.669113 0
    outer loop
      vertex 9.93976 2.25007 15.5
      vertex 10.0097 2.32775 0.5
      vertex 10.0097 2.32775 15.5
    endloop
  endfacet
  facet normal 0.743161 -0.669113 0
    outer loop
      vertex 10.0097 2.32775 0.5
      vertex 9.93976 2.25007 15.5
      vertex 9.93976 2.25007 0.5
    endloop
  endfacet
  facet normal 0.946315 -0.0996436 0.307505
    outer loop
      vertex 10.062 2.62164 15.7034
      vertex 10.052 2.52667 15.7034
      vertex 10.0943 2.62164 15.604
    endloop
  endfacet
  facet normal 0.946315 0.0996436 0.307505
    outer loop
      vertex 10.0943 2.62164 15.604
      vertex 10.052 2.71661 15.7034
      vertex 10.062 2.62164 15.7034
    endloop
  endfacet
  facet normal 0.155341 -0.139845 -0.977912
    outer loop
      vertex 9.70858 2.50682 0.0244722
      vertex 9.64017 2.5828 0.00273991
      vertex 9.64748 2.59092 0.00273991
    endloop
  endfacet
  facet normal -0.406339 -0.0426327 -0.912727
    outer loop
      vertex -9.75633 2.58952 0.0244722
      vertex -9.8552 2.62164 0.066988
      vertex -9.7597 2.62164 0.0244722
    endloop
  endfacet
  facet normal -0.198763 0.0645816 -0.977917
    outer loop
      vertex -9.74635 2.68449 0.0244722
      vertex -9.1832 4.08862 0.00273991
      vertex -9.65294 2.6429 0.00273991
    endloop
  endfacet
  facet normal -0.19878 0.0645885 -0.977913
    outer loop
      vertex -9.1832 4.08862 0.00273991
      vertex -9.74635 2.68449 0.0244722
      vertex -9.2766 4.13021 0.0244722
    endloop
  endfacet
  facet normal -0.155341 -0.139845 -0.977912
    outer loop
      vertex -9.64017 2.5828 0.00273991
      vertex -9.70858 2.50682 0.0244722
      vertex -9.64748 2.59092 0.00273991
    endloop
  endfacet
  facet normal -0.207864 -0.0218199 -0.977914
    outer loop
      vertex -9.65632 2.61078 0.00273991
      vertex -9.75633 2.58952 0.0244722
      vertex -9.65746 2.62164 0.00273991
    endloop
  endfacet
  facet normal -0.155314 0.139847 -0.977916
    outer loop
      vertex -8.13245 5.90857 0.00273991
      vertex -8.21517 5.96867 0.0244722
      vertex -8.19356 5.99267 0.0244722
    endloop
  endfacet
  facet normal -0.15533 0.139835 -0.977916
    outer loop
      vertex -8.13245 5.90857 0.00273991
      vertex -8.19356 5.99267 0.0244722
      vertex -8.12514 5.91669 0.00273991
    endloop
  endfacet
  facet normal -0.553612 0.498473 -0.667112
    outer loop
      vertex -8.36084 6.17846 0.206108
      vertex -7.42263 7.11649 0.128428
      vertex -8.36084 6.0745 0.128428
    endloop
  endfacet
  facet normal -0.553612 0.498473 -0.667112
    outer loop
      vertex -7.42263 7.11649 0.128428
      vertex -8.36084 6.17846 0.206108
      vertex -7.42263 7.22045 0.206108
    endloop
  endfacet
  facet normal -0.438355 0.3947 -0.8075
    outer loop
      vertex -8.29242 6.0248 0.066988
      vertex -7.42263 7.11649 0.128428
      vertex -7.35421 7.06678 0.066988
    endloop
  endfacet
  facet normal -0.43838 0.394718 -0.807478
    outer loop
      vertex -7.42263 7.11649 0.128428
      vertex -8.29242 6.0248 0.066988
      vertex -8.36084 6.0745 0.128428
    endloop
  endfacet
  facet normal -0.510873 0.294951 -0.807473
    outer loop
      vertex -9.40612 4.26402 0.128428
      vertex -8.31856 5.97954 0.066988
      vertex -9.36384 4.16905 0.066988
    endloop
  endfacet
  facet normal -0.510891 0.294963 -0.807457
    outer loop
      vertex -8.31856 5.97954 0.066988
      vertex -9.40612 4.26402 0.128428
      vertex -8.36084 6.0745 0.128428
    endloop
  endfacet
  facet normal -0.751021 0.433599 -0.497956
    outer loop
      vertex -8.45971 6.04238 0.206108
      vertex -9.50499 4.33585 0.296632
      vertex -8.45971 6.14634 0.296632
    endloop
  endfacet
  facet normal -0.751021 0.433599 -0.497956
    outer loop
      vertex -9.50499 4.33585 0.296632
      vertex -8.45971 6.04238 0.206108
      vertex -9.50499 4.23189 0.206108
    endloop
  endfacet
  facet normal -0.824804 0.267911 -0.497918
    outer loop
      vertex -9.53112 4.15147 0.206108
      vertex -9.58224 4.16233 0.296632
      vertex -9.55274 4.25315 0.296632
    endloop
  endfacet
  facet normal -0.198767 0.0645732 -0.977917
    outer loop
      vertex -9.65294 2.6429 0.00273991
      vertex -9.75633 2.65377 0.0244722
      vertex -9.74635 2.68449 0.0244722
    endloop
  endfacet
  facet normal 0.198769 -0.0646001 -0.977915
    outer loop
      vertex 9.75633 2.58952 0.0244722
      vertex 9.65294 2.60038 0.00273991
      vertex 9.65632 2.61078 0.00273991
    endloop
  endfacet
  facet normal -0.561009 0.182282 -0.807491
    outer loop
      vertex -9.91084 2.75772 0.128428
      vertex -9.36384 4.16905 0.066988
      vertex -9.83358 2.72333 0.066988
    endloop
  endfacet
  facet normal -0.561036 0.182293 -0.80747
    outer loop
      vertex -9.36384 4.16905 0.066988
      vertex -9.91084 2.75772 0.128428
      vertex -9.44109 4.20345 0.128428
    endloop
  endfacet
  facet normal -0.406376 0.0427641 -0.912705
    outer loop
      vertex -9.75633 2.65377 0.0244722
      vertex -9.8552 2.62164 0.066988
      vertex -9.84973 2.67362 0.066988
    endloop
  endfacet
  facet normal -0.586656 -0.0616511 -0.807487
    outer loop
      vertex -9.93245 2.55208 0.128428
      vertex -9.93976 2.62164 0.128428
      vertex -9.84973 2.56966 0.066988
    endloop
  endfacet
  facet normal -0.740924 0.0775283 -0.667099
    outer loop
      vertex -9.93976 2.62164 0.128428
      vertex -10.0097 2.62164 0.206108
      vertex -10.0009 2.70574 0.206108
    endloop
  endfacet
  facet normal -0.823977 -0.475954 0.307458
    outer loop
      vertex -10.0225 2.43586 15.7034
      vertex -10.052 2.42272 15.604
      vertex -9.97473 2.35316 15.7034
    endloop
  endfacet
  facet normal -0.946304 -0.0995815 0.307559
    outer loop
      vertex -10.052 2.52667 15.7034
      vertex -10.0943 2.62164 15.604
      vertex -10.0836 2.51996 15.604
    endloop
  endfacet
  facet normal -0.645183 -0.372495 -0.667073
    outer loop
      vertex -9.87587 2.42499 0.128428
      vertex -9.97473 2.45711 0.206108
      vertex -9.91084 2.48556 0.128428
    endloop
  endfacet
  facet normal -0.751031 -0.433615 -0.497926
    outer loop
      vertex -9.93245 2.38388 0.206108
      vertex -9.97473 2.35316 0.296632
      vertex -9.97473 2.45711 0.206108
    endloop
  endfacet
  facet normal -0.553681 -0.498445 -0.667075
    outer loop
      vertex -9.87587 2.32103 0.206108
      vertex -9.93245 2.38388 0.206108
      vertex -9.87587 2.42499 0.128428
    endloop
  endfacet
  facet normal -0.945895 -0.307306 -0.104146
    outer loop
      vertex -10.062 2.41827 0.5
      vertex -10.0943 2.51769 0.5
      vertex -10.052 2.42272 0.396045
    endloop
  endfacet
  facet normal -0.904961 -0.294084 -0.307506
    outer loop
      vertex -10.052 2.42272 0.396045
      vertex -10.0836 2.51996 0.396045
      vertex -10.052 2.52667 0.296632
    endloop
  endfacet
  facet normal -0.708369 -0.230124 -0.667275
    outer loop
      vertex -9.91084 2.48556 0.128428
      vertex -10.0009 2.53754 0.206108
      vertex -9.93245 2.55208 0.128428
    endloop
  endfacet
  facet normal -0.824085 -0.475559 -0.307778
    outer loop
      vertex -10.0009 2.33417 0.396045
      vertex -10.052 2.42272 0.396045
      vertex -9.97473 2.35316 0.296632
    endloop
  endfacet
  facet normal -0.708425 -0.230505 -0.667085
    outer loop
      vertex -9.97473 2.45711 0.206108
      vertex -10.0009 2.53754 0.206108
      vertex -9.91084 2.48556 0.128428
    endloop
  endfacet
  facet normal 0.82475 0.267894 0.498017
    outer loop
      vertex 9.55274 4.25315 15.7034
      vertex 9.53112 4.15147 15.7939
      vertex 9.58224 4.16233 15.7034
    endloop
  endfacet
  facet normal 0.708451 0.230151 0.667179
    outer loop
      vertex 10.0009 2.70574 15.7939
      vertex 9.91084 2.75772 15.8716
      vertex 9.93245 2.6912 15.8716
    endloop
  endfacet
  facet normal 0.645257 -0.372538 0.666978
    outer loop
      vertex 9.91084 2.48556 15.8716
      vertex 9.87587 2.42499 15.8716
      vertex 9.97473 2.45711 15.7939
    endloop
  endfacet
  facet normal 0.645256 -0.372545 0.666974
    outer loop
      vertex 9.97473 2.45711 15.7939
      vertex 9.87587 2.42499 15.8716
      vertex 9.93245 2.38388 15.7939
    endloop
  endfacet
  facet normal 0.73916 -0.66551 0.103627
    outer loop
      vertex 10.0009 2.33417 15.604
      vertex 9.93976 2.25007 15.5
      vertex 10.0097 2.32775 15.5
    endloop
  endfacet
  facet normal -0.945883 -0.307383 0.104026
    outer loop
      vertex -10.0836 2.51996 15.604
      vertex -10.0943 2.51769 15.5
      vertex -10.052 2.42272 15.604
    endloop
  endfacet
  facet normal -0.861209 -0.497583 0.103588
    outer loop
      vertex -10.0009 2.33417 15.604
      vertex -10.062 2.41827 15.5
      vertex -10.0097 2.32775 15.5
    endloop
  endfacet
  facet normal -0.740811 -0.0778511 0.667187
    outer loop
      vertex -9.93976 2.62164 15.8716
      vertex -10.0009 2.53754 15.7939
      vertex -9.93245 2.55208 15.8716
    endloop
  endfacet
  facet normal -0.708451 -0.230151 0.667179
    outer loop
      vertex -9.93245 2.55208 15.8716
      vertex -10.0009 2.53754 15.7939
      vertex -9.91084 2.48556 15.8716
    endloop
  endfacet
  facet normal 0.181542 0.104823 0.97778
    outer loop
      vertex 8.21517 5.96867 15.9755
      vertex 8.13792 5.89911 15.9973
      vertex 8.23132 5.9407 15.9755
    endloop
  endfacet
  facet normal 0.181546 0.104815 0.977781
    outer loop
      vertex 8.23132 5.9407 15.9755
      vertex 9.1832 4.08862 15.9973
      vertex 9.2766 4.13021 15.9755
    endloop
  endfacet
  facet normal 0.181546 0.104815 0.977781
    outer loop
      vertex 9.1832 4.08862 15.9973
      vertex 8.23132 5.9407 15.9755
      vertex 8.13792 5.89911 15.9973
    endloop
  endfacet
  facet normal 0.155793 0.140252 0.977782
    outer loop
      vertex 8.19356 5.99267 15.9755
      vertex 8.12514 5.91669 15.9973
      vertex 8.13245 5.90857 15.9973
    endloop
  endfacet
  facet normal 0.438179 0.394519 0.807684
    outer loop
      vertex 7.42263 7.11649 15.8716
      vertex 7.31924 7.10562 15.933
      vertex 7.35421 7.06678 15.933
    endloop
  endfacet
  facet normal 0.510674 0.294838 0.80764
    outer loop
      vertex 8.31856 5.97954 15.933
      vertex 9.40612 4.26402 15.8716
      vertex 8.36084 6.0745 15.8716
    endloop
  endfacet
  facet normal 0.510656 0.294825 0.807656
    outer loop
      vertex 9.40612 4.26402 15.8716
      vertex 8.31856 5.97954 15.933
      vertex 9.36384 4.16905 15.933
    endloop
  endfacet
  facet normal 0.510655 0.294826 0.807657
    outer loop
      vertex 9.40612 4.26402 15.8716
      vertex 9.36384 4.16905 15.933
      vertex 9.44109 4.20345 15.8716
    endloop
  endfacet
  facet normal -0.553684 0.498527 0.667012
    outer loop
      vertex -8.36084 6.17846 15.7939
      vertex -8.41742 6.11562 15.7939
      vertex -8.36084 6.0745 15.8716
    endloop
  endfacet
  facet normal -0.438169 0.394532 0.807683
    outer loop
      vertex -7.42263 7.11649 15.8716
      vertex -8.29242 6.0248 15.933
      vertex -7.35421 7.06678 15.933
    endloop
  endfacet
  facet normal -0.438194 0.394551 0.807661
    outer loop
      vertex -8.29242 6.0248 15.933
      vertex -7.42263 7.11649 15.8716
      vertex -8.36084 6.0745 15.8716
    endloop
  endfacet
  facet normal -0.750971 0.433571 0.498055
    outer loop
      vertex -9.50499 4.33585 15.7034
      vertex -8.45971 6.04238 15.7939
      vertex -8.45971 6.14634 15.7034
    endloop
  endfacet
  facet normal -0.750971 0.433571 0.498055
    outer loop
      vertex -8.45971 6.04238 15.7939
      vertex -9.50499 4.33585 15.7034
      vertex -9.50499 4.23189 15.7939
    endloop
  endfacet
  facet normal -0.82475 0.267894 0.498017
    outer loop
      vertex -9.55274 4.25315 15.7034
      vertex -9.58224 4.16233 15.7034
      vertex -9.53112 4.15147 15.7939
    endloop
  endfacet
  facet normal -0.86135 0.497258 0.103968
    outer loop
      vertex -9.53112 4.35484 15.604
      vertex -9.59223 4.27073 15.5
      vertex -9.58224 4.26629 15.604
    endloop
  endfacet
  facet normal -0.905018 0.293966 0.307452
    outer loop
      vertex -9.58224 4.26629 15.604
      vertex -9.58224 4.16233 15.7034
      vertex -9.55274 4.25315 15.7034
    endloop
  endfacet
  facet normal -0.994548 0.104276 0
    outer loop
      vertex -10.1052 2.62164 0.5
      vertex -10.0943 2.7256 15.5
      vertex -10.0943 2.7256 0.5
    endloop
  endfacet
  facet normal -0.994548 0.104276 0
    outer loop
      vertex -10.0943 2.7256 15.5
      vertex -10.1052 2.62164 0.5
      vertex -10.1052 2.62164 15.5
    endloop
  endfacet
  facet normal -0.989184 0.103714 -0.103719
    outer loop
      vertex -10.0943 2.62164 0.396045
      vertex -10.1052 2.62164 0.5
      vertex -10.0943 2.7256 0.5
    endloop
  endfacet
  facet normal -0.904961 0.29405 0.30754
    outer loop
      vertex -10.052 2.82057 15.604
      vertex -9.58224 4.16233 15.7034
      vertex -9.58224 4.26629 15.604
    endloop
  endfacet
  facet normal -0.904961 0.29405 0.30754
    outer loop
      vertex -9.58224 4.16233 15.7034
      vertex -10.052 2.82057 15.604
      vertex -10.052 2.71661 15.7034
    endloop
  endfacet
  facet normal -0.989113 0.104076 0.104036
    outer loop
      vertex -10.0943 2.7256 15.5
      vertex -10.0943 2.62164 15.604
      vertex -10.0836 2.72333 15.604
    endloop
  endfacet
  facet normal -0.645218 0.37256 0.667003
    outer loop
      vertex -8.41742 6.11562 15.7939
      vertex -8.45971 6.04238 15.7939
      vertex -8.36084 6.0745 15.8716
    endloop
  endfacet
  facet normal -0.438179 0.394519 0.807684
    outer loop
      vertex -7.31924 7.10562 15.933
      vertex -7.42263 7.11649 15.8716
      vertex -7.35421 7.06678 15.933
    endloop
  endfacet
  facet normal -0.553675 0.49853 0.667017
    outer loop
      vertex -8.36084 6.17846 15.7939
      vertex -7.42263 7.11649 15.8716
      vertex -7.42263 7.22045 15.7939
    endloop
  endfacet
  facet normal -0.553675 0.49853 0.667017
    outer loop
      vertex -7.42263 7.11649 15.8716
      vertex -8.36084 6.17846 15.7939
      vertex -8.36084 6.0745 15.8716
    endloop
  endfacet
  facet normal -0.437962 0.395246 0.807446
    outer loop
      vertex -7.33729 7.12566 15.9134
      vertex -7.42263 7.11649 15.8716
      vertex -7.31924 7.10562 15.933
    endloop
  endfacet
  facet normal -0.560778 0.182188 0.807673
    outer loop
      vertex -9.83358 2.72333 15.933
      vertex -9.91084 2.75772 15.8716
      vertex -9.84973 2.67362 15.933
    endloop
  endfacet
  facet normal -0.586406 0.0616249 0.807669
    outer loop
      vertex -9.93245 2.6912 15.8716
      vertex -9.93976 2.62164 15.8716
      vertex -9.84973 2.67362 15.933
    endloop
  endfacet
  facet normal -0.560786 0.182179 0.80767
    outer loop
      vertex -9.91084 2.75772 15.8716
      vertex -9.93245 2.6912 15.8716
      vertex -9.84973 2.67362 15.933
    endloop
  endfacet
  facet normal -0.586437 -0.0617124 0.80764
    outer loop
      vertex -9.8552 2.62164 15.933
      vertex -9.93976 2.62164 15.8716
      vertex -9.84973 2.56966 15.933
    endloop
  endfacet
  facet normal -0.406246 -0.0427504 0.912763
    outer loop
      vertex -9.75633 2.58952 15.9755
      vertex -9.8552 2.62164 15.933
      vertex -9.84973 2.56966 15.933
    endloop
  endfacet
  facet normal -0.208487 0.0218652 0.977781
    outer loop
      vertex -9.65632 2.63251 15.9973
      vertex -9.75633 2.65377 15.9755
      vertex -9.65746 2.62164 15.9973
    endloop
  endfacet
  facet normal -0.199349 0.0648508 0.97778
    outer loop
      vertex -9.65294 2.6429 15.9973
      vertex -9.75633 2.65377 15.9755
      vertex -9.65632 2.63251 15.9973
    endloop
  endfacet
  facet normal 0.905019 -0.293999 -0.307417
    outer loop
      vertex 10.052 2.42272 0.396045
      vertex 10.0225 2.43586 0.296632
      vertex 10.052 2.52667 0.296632
    endloop
  endfacet
  facet normal 0.862527 0.090821 -0.497794
    outer loop
      vertex 10.062 2.62164 0.296632
      vertex 10.0009 2.70574 0.206108
      vertex 10.052 2.71661 0.296632
    endloop
  endfacet
  facet normal 0.904953 0.294082 -0.307533
    outer loop
      vertex 10.0836 2.72333 0.396045
      vertex 10.052 2.71661 0.296632
      vertex 10.052 2.82057 0.396045
    endloop
  endfacet
  facet normal -0.707143 0.636713 -0.307482
    outer loop
      vertex -8.39581 6.2173 0.296632
      vertex -7.54763 7.20731 0.396045
      vertex -7.4576 7.25929 0.296632
    endloop
  endfacet
  facet normal -0.707143 0.636713 -0.307482
    outer loop
      vertex -7.54763 7.20731 0.396045
      vertex -8.39581 6.2173 0.296632
      vertex -8.48584 6.16532 0.396045
    endloop
  endfacet
  facet normal 0.303658 0.273417 -0.912708
    outer loop
      vertex 8.19356 5.99267 0.0244722
      vertex 7.35421 7.06678 0.066988
      vertex 8.29242 6.0248 0.066988
    endloop
  endfacet
  facet normal 0.303676 0.273431 -0.912697
    outer loop
      vertex 7.35421 7.06678 0.066988
      vertex 8.19356 5.99267 0.0244722
      vertex 7.25535 7.03466 0.0244722
    endloop
  endfacet
  facet normal 0.561016 0.182265 -0.80749
    outer loop
      vertex 9.84973 2.67362 0.066988
      vertex 9.83358 2.72333 0.066988
      vertex 9.91084 2.75772 0.128428
    endloop
  endfacet
  facet normal 0.824565 -0.268294 -0.498108
    outer loop
      vertex 10.0225 2.43586 0.296632
      vertex 9.97473 2.45711 0.206108
      vertex 10.0009 2.53754 0.206108
    endloop
  endfacet
  facet normal 0.708425 -0.230505 -0.667085
    outer loop
      vertex 9.97473 2.45711 0.206108
      vertex 9.91084 2.48556 0.128428
      vertex 10.0009 2.53754 0.206108
    endloop
  endfacet
  facet normal 0.561009 0.182282 -0.807491
    outer loop
      vertex 9.36384 4.16905 0.066988
      vertex 9.91084 2.75772 0.128428
      vertex 9.83358 2.72333 0.066988
    endloop
  endfacet
  facet normal 0.561036 0.182293 -0.80747
    outer loop
      vertex 9.91084 2.75772 0.128428
      vertex 9.36384 4.16905 0.066988
      vertex 9.44109 4.20345 0.128428
    endloop
  endfacet
  facet normal 0.708505 0.230209 -0.667101
    outer loop
      vertex 9.53112 4.15147 0.206108
      vertex 9.91084 2.75772 0.128428
      vertex 9.44109 4.20345 0.128428
    endloop
  endfacet
  facet normal 0.708378 0.230183 -0.667246
    outer loop
      vertex 9.91084 2.75772 0.128428
      vertex 9.53112 4.15147 0.206108
      vertex 10.0009 2.70574 0.206108
    endloop
  endfacet
  facet normal 0.510873 0.294951 -0.807473
    outer loop
      vertex 8.31856 5.97954 0.066988
      vertex 9.40612 4.26402 0.128428
      vertex 9.36384 4.16905 0.066988
    endloop
  endfacet
  facet normal 0.510891 0.294963 -0.807457
    outer loop
      vertex 9.40612 4.26402 0.128428
      vertex 8.31856 5.97954 0.066988
      vertex 8.36084 6.0745 0.128428
    endloop
  endfacet
  facet normal 0.645168 0.372485 -0.667093
    outer loop
      vertex 9.40612 4.26402 0.128428
      vertex 8.45971 6.04238 0.206108
      vertex 9.50499 4.23189 0.206108
    endloop
  endfacet
  facet normal 0.645147 0.372475 -0.667119
    outer loop
      vertex 8.45971 6.04238 0.206108
      vertex 9.40612 4.26402 0.128428
      vertex 8.36084 6.0745 0.128428
    endloop
  endfacet
  facet normal 0.862288 0.0902275 0.498316
    outer loop
      vertex 10.062 2.62164 15.7034
      vertex 10.0009 2.70574 15.7939
      vertex 10.0097 2.62164 15.7939
    endloop
  endfacet
  facet normal 0.862288 -0.0902275 0.498316
    outer loop
      vertex 10.0097 2.62164 15.7939
      vertex 10.0009 2.53754 15.7939
      vertex 10.062 2.62164 15.7034
    endloop
  endfacet
  facet normal -0.586686 -0.0617386 -0.807457
    outer loop
      vertex -9.84973 2.56966 0.066988
      vertex -9.93976 2.62164 0.128428
      vertex -9.8552 2.62164 0.066988
    endloop
  endfacet
  facet normal -0.406372 -0.0427637 -0.912706
    outer loop
      vertex -9.84973 2.56966 0.066988
      vertex -9.8552 2.62164 0.066988
      vertex -9.75633 2.58952 0.0244722
    endloop
  endfacet
  facet normal -0.207867 -0.0218092 -0.977914
    outer loop
      vertex -9.75633 2.58952 0.0244722
      vertex -9.7597 2.62164 0.0244722
      vertex -9.65746 2.62164 0.00273991
    endloop
  endfacet
  facet normal -0.406339 0.0426194 -0.912728
    outer loop
      vertex -9.7597 2.62164 0.0244722
      vertex -9.8552 2.62164 0.066988
      vertex -9.75633 2.65377 0.0244722
    endloop
  endfacet
  facet normal -0.155316 0.139847 -0.977916
    outer loop
      vertex -8.19356 5.99267 0.0244722
      vertex -7.18693 6.95868 0.00273991
      vertex -8.12514 5.91669 0.00273991
    endloop
  endfacet
  facet normal -0.155316 0.139847 -0.977916
    outer loop
      vertex -7.18693 6.95868 0.00273991
      vertex -8.19356 5.99267 0.0244722
      vertex -7.25535 7.03466 0.0244722
    endloop
  endfacet
  facet normal -0.353825 0.204353 -0.912714
    outer loop
      vertex -8.23132 5.9407 0.0244722
      vertex -8.31856 5.97954 0.066988
      vertex -8.29242 6.0248 0.066988
    endloop
  endfacet
  facet normal -0.510872 0.294951 -0.807474
    outer loop
      vertex -9.36384 4.16905 0.066988
      vertex -9.44109 4.20345 0.128428
      vertex -9.40612 4.26402 0.128428
    endloop
  endfacet
  facet normal -0.645168 0.372487 -0.667092
    outer loop
      vertex -9.44109 4.20345 0.128428
      vertex -9.50499 4.23189 0.206108
      vertex -9.40612 4.26402 0.128428
    endloop
  endfacet
  facet normal -0.561016 0.182265 -0.80749
    outer loop
      vertex -9.84973 2.67362 0.066988
      vertex -9.91084 2.75772 0.128428
      vertex -9.83358 2.72333 0.066988
    endloop
  endfacet
  facet normal -0.388631 0.126254 -0.912702
    outer loop
      vertex -9.75633 2.65377 0.0244722
      vertex -9.84973 2.67362 0.066988
      vertex -9.74635 2.68449 0.0244722
    endloop
  endfacet
  facet normal -0.824565 -0.268294 -0.498108
    outer loop
      vertex -9.97473 2.45711 0.206108
      vertex -10.0225 2.43586 0.296632
      vertex -10.0009 2.53754 0.206108
    endloop
  endfacet
  facet normal -0.824859 -0.267959 -0.497802
    outer loop
      vertex -10.0225 2.43586 0.296632
      vertex -10.052 2.52667 0.296632
      vertex -10.0009 2.53754 0.206108
    endloop
  endfacet
  facet normal -0.945878 -0.307381 -0.104071
    outer loop
      vertex -10.052 2.42272 0.396045
      vertex -10.0943 2.51769 0.5
      vertex -10.0836 2.51996 0.396045
    endloop
  endfacet
  facet normal -0.989107 -0.104086 -0.104081
    outer loop
      vertex -10.0836 2.51996 0.396045
      vertex -10.0943 2.51769 0.5
      vertex -10.0943 2.62164 0.396045
    endloop
  endfacet
  facet normal -0.707083 -0.63665 -0.30775
    outer loop
      vertex -9.69253 2.03974 0.296632
      vertex -10.0009 2.33417 0.396045
      vertex -9.97473 2.35316 0.296632
    endloop
  endfacet
  facet normal -0.7071 -0.636753 -0.307497
    outer loop
      vertex -10.0009 2.33417 0.396045
      vertex -9.69253 2.03974 0.296632
      vertex -9.71867 2.02076 0.396045
    endloop
  endfacet
  facet normal -0.750878 -0.433729 -0.498058
    outer loop
      vertex -9.97473 2.35316 0.296632
      vertex -10.0225 2.43586 0.296632
      vertex -9.97473 2.45711 0.206108
    endloop
  endfacet
  facet normal 0.824693 0.267959 0.498076
    outer loop
      vertex 9.55274 4.25315 15.7034
      vertex 9.50499 4.23189 15.7939
      vertex 9.53112 4.15147 15.7939
    endloop
  endfacet
  facet normal 0.708586 0.230233 0.667007
    outer loop
      vertex 9.50499 4.23189 15.7939
      vertex 9.44109 4.20345 15.8716
      vertex 9.53112 4.15147 15.7939
    endloop
  endfacet
  facet normal 0.510628 -0.294801 0.807683
    outer loop
      vertex 9.83358 2.51996 15.933
      vertex 9.80745 2.4747 15.933
      vertex 9.87587 2.42499 15.8716
    endloop
  endfacet
  facet normal 0.553681 -0.498528 0.667014
    outer loop
      vertex 9.59367 2.11157 15.8716
      vertex 9.87587 2.32103 15.7939
      vertex 9.87587 2.42499 15.8716
    endloop
  endfacet
  facet normal 0.553696 -0.498563 0.666976
    outer loop
      vertex 9.87587 2.32103 15.7939
      vertex 9.59367 2.11157 15.8716
      vertex 9.65025 2.07046 15.7939
    endloop
  endfacet
  facet normal -0.824511 -0.268276 0.498207
    outer loop
      vertex -10.0009 2.53754 15.7939
      vertex -10.0225 2.43586 15.7034
      vertex -9.97473 2.45711 15.7939
    endloop
  endfacet
  facet normal -0.707074 -0.636642 0.307786
    outer loop
      vertex -10.0009 2.33417 15.604
      vertex -9.69253 2.03974 15.7034
      vertex -9.97473 2.35316 15.7034
    endloop
  endfacet
  facet normal -0.707091 -0.636746 0.307533
    outer loop
      vertex -9.69253 2.03974 15.7034
      vertex -10.0009 2.33417 15.604
      vertex -9.71867 2.02076 15.604
    endloop
  endfacet
  facet normal 0.437962 0.395246 0.807446
    outer loop
      vertex 7.33729 7.12566 15.9134
      vertex 7.31924 7.10562 15.933
      vertex 7.42263 7.11649 15.8716
    endloop
  endfacet
  facet normal 0.553675 0.49853 0.667017
    outer loop
      vertex 7.42263 7.11649 15.8716
      vertex 8.36084 6.17846 15.7939
      vertex 7.42263 7.22045 15.7939
    endloop
  endfacet
  facet normal 0.553675 0.49853 0.667017
    outer loop
      vertex 8.36084 6.17846 15.7939
      vertex 7.42263 7.11649 15.8716
      vertex 8.36084 6.0745 15.8716
    endloop
  endfacet
  facet normal -0.904942 0.294078 0.307569
    outer loop
      vertex -10.052 2.82057 15.604
      vertex -10.0836 2.72333 15.604
      vertex -10.052 2.71661 15.7034
    endloop
  endfacet
  facet normal -0.945883 0.307383 0.104026
    outer loop
      vertex -10.052 2.82057 15.604
      vertex -10.0943 2.7256 15.5
      vertex -10.0836 2.72333 15.604
    endloop
  endfacet
  facet normal -0.824724 0.267979 0.498013
    outer loop
      vertex -10.052 2.71661 15.7034
      vertex -9.53112 4.15147 15.7939
      vertex -9.58224 4.16233 15.7034
    endloop
  endfacet
  facet normal -0.824785 0.268008 0.497898
    outer loop
      vertex -9.53112 4.15147 15.7939
      vertex -10.052 2.71661 15.7034
      vertex -10.0009 2.70574 15.7939
    endloop
  endfacet
  facet normal -0.708586 0.230233 0.667007
    outer loop
      vertex -9.50499 4.23189 15.7939
      vertex -9.53112 4.15147 15.7939
      vertex -9.44109 4.20345 15.8716
    endloop
  endfacet
  facet normal -0.824693 0.267959 0.498076
    outer loop
      vertex -9.50499 4.23189 15.7939
      vertex -9.55274 4.25315 15.7034
      vertex -9.53112 4.15147 15.7939
    endloop
  endfacet
  facet normal -0.510674 0.294838 0.80764
    outer loop
      vertex -9.40612 4.26402 15.8716
      vertex -8.31856 5.97954 15.933
      vertex -8.36084 6.0745 15.8716
    endloop
  endfacet
  facet normal -0.510656 0.294825 0.807656
    outer loop
      vertex -8.31856 5.97954 15.933
      vertex -9.40612 4.26402 15.8716
      vertex -9.36384 4.16905 15.933
    endloop
  endfacet
  facet normal -0.824071 0.475777 0.307477
    outer loop
      vertex -9.53112 4.35484 15.604
      vertex -8.45971 6.14634 15.7034
      vertex -8.48584 6.16532 15.604
    endloop
  endfacet
  facet normal -0.82406 0.475768 0.307521
    outer loop
      vertex -8.45971 6.14634 15.7034
      vertex -9.53112 4.35484 15.604
      vertex -9.50499 4.33585 15.7034
    endloop
  endfacet
  facet normal -0.645221 0.372518 0.667023
    outer loop
      vertex -8.45971 6.04238 15.7939
      vertex -9.40612 4.26402 15.8716
      vertex -8.36084 6.0745 15.8716
    endloop
  endfacet
  facet normal -0.645242 0.372528 0.666998
    outer loop
      vertex -9.40612 4.26402 15.8716
      vertex -8.45971 6.04238 15.7939
      vertex -9.50499 4.23189 15.7939
    endloop
  endfacet
  facet normal -0.199359 0.0647656 0.977784
    outer loop
      vertex -9.74635 2.68449 15.9755
      vertex -9.75633 2.65377 15.9755
      vertex -9.65294 2.6429 15.9973
    endloop
  endfacet
  facet normal -0.199372 0.064781 0.97778
    outer loop
      vertex -9.74635 2.68449 15.9755
      vertex -9.1832 4.08862 15.9973
      vertex -9.2766 4.13021 15.9755
    endloop
  endfacet
  facet normal -0.199355 0.064774 0.977784
    outer loop
      vertex -9.1832 4.08862 15.9973
      vertex -9.74635 2.68449 15.9755
      vertex -9.65294 2.6429 15.9973
    endloop
  endfacet
  facet normal 0.181007 0.104503 -0.977914
    outer loop
      vertex 9.1832 4.08862 0.00273991
      vertex 8.23132 5.9407 0.0244722
      vertex 9.2766 4.13021 0.0244722
    endloop
  endfacet
  facet normal 0.181007 0.104503 -0.977914
    outer loop
      vertex 8.23132 5.9407 0.0244722
      vertex 9.1832 4.08862 0.00273991
      vertex 8.13792 5.89911 0.00273991
    endloop
  endfacet
  facet normal 0.353852 0.204295 -0.912717
    outer loop
      vertex 9.2766 4.13021 0.0244722
      vertex 8.31856 5.97954 0.066988
      vertex 9.36384 4.16905 0.066988
    endloop
  endfacet
  facet normal 0.353852 0.204295 -0.912717
    outer loop
      vertex 8.31856 5.97954 0.066988
      vertex 9.2766 4.13021 0.0244722
      vertex 8.23132 5.9407 0.0244722
    endloop
  endfacet
  facet normal 0.904961 -0.294084 -0.307506
    outer loop
      vertex 10.0836 2.51996 0.396045
      vertex 10.052 2.42272 0.396045
      vertex 10.052 2.52667 0.296632
    endloop
  endfacet
  facet normal 0.862344 -0.0902334 -0.498217
    outer loop
      vertex 10.062 2.62164 0.296632
      vertex 10.0009 2.53754 0.206108
      vertex 10.0097 2.62164 0.206108
    endloop
  endfacet
  facet normal 0.388631 0.12626 -0.912702
    outer loop
      vertex 9.84973 2.67362 0.066988
      vertex 9.74635 2.68449 0.0244722
      vertex 9.83358 2.72333 0.066988
    endloop
  endfacet
  facet normal 0.388625 0.126274 -0.912702
    outer loop
      vertex 9.2766 4.13021 0.0244722
      vertex 9.83358 2.72333 0.066988
      vertex 9.74635 2.68449 0.0244722
    endloop
  endfacet
  facet normal 0.388594 0.126261 -0.912717
    outer loop
      vertex 9.83358 2.72333 0.066988
      vertex 9.2766 4.13021 0.0244722
      vertex 9.36384 4.16905 0.066988
    endloop
  endfacet
  facet normal -0.198772 -0.0645751 -0.977916
    outer loop
      vertex -9.74635 2.5588 0.0244722
      vertex -9.75633 2.58952 0.0244722
      vertex -9.65294 2.60038 0.00273991
    endloop
  endfacet
  facet normal -0.388625 0.126274 -0.912702
    outer loop
      vertex -9.83358 2.72333 0.066988
      vertex -9.2766 4.13021 0.0244722
      vertex -9.74635 2.68449 0.0244722
    endloop
  endfacet
  facet normal -0.388594 0.126261 -0.912717
    outer loop
      vertex -9.2766 4.13021 0.0244722
      vertex -9.83358 2.72333 0.066988
      vertex -9.36384 4.16905 0.066988
    endloop
  endfacet
  facet normal -0.740924 -0.0775283 -0.667099
    outer loop
      vertex -10.0009 2.53754 0.206108
      vertex -10.0097 2.62164 0.206108
      vertex -9.93976 2.62164 0.128428
    endloop
  endfacet
  facet normal -0.862344 -0.0902334 -0.498217
    outer loop
      vertex -10.0009 2.53754 0.206108
      vertex -10.062 2.62164 0.296632
      vertex -10.0097 2.62164 0.206108
    endloop
  endfacet
  facet normal -0.645182 -0.372502 -0.66707
    outer loop
      vertex -9.93245 2.38388 0.206108
      vertex -9.97473 2.45711 0.206108
      vertex -9.87587 2.42499 0.128428
    endloop
  endfacet
  facet normal -0.553632 -0.498505 -0.667071
    outer loop
      vertex -9.87587 2.32103 0.206108
      vertex -9.59367 2.11157 0.128428
      vertex -9.65025 2.07046 0.206108
    endloop
  endfacet
  facet normal -0.553617 -0.498471 -0.667109
    outer loop
      vertex -9.59367 2.11157 0.128428
      vertex -9.87587 2.32103 0.206108
      vertex -9.87587 2.42499 0.128428
    endloop
  endfacet
  facet normal 0.644478 -0.580184 0.498031
    outer loop
      vertex 9.93245 2.38388 15.7939
      vertex 9.87587 2.32103 15.7939
      vertex 9.97473 2.35316 15.7034
    endloop
  endfacet
  facet normal 0.553745 -0.498503 0.66698
    outer loop
      vertex 9.87587 2.42499 15.8716
      vertex 9.87587 2.32103 15.7939
      vertex 9.93245 2.38388 15.7939
    endloop
  endfacet
  facet normal 0.560751 -0.182216 0.807685
    outer loop
      vertex 9.84973 2.56966 15.933
      vertex 9.83358 2.51996 15.933
      vertex 9.91084 2.48556 15.8716
    endloop
  endfacet
  facet normal 0.510621 -0.294806 0.807685
    outer loop
      vertex 9.91084 2.48556 15.8716
      vertex 9.83358 2.51996 15.933
      vertex 9.87587 2.42499 15.8716
    endloop
  endfacet
  facet normal -0.645256 -0.372545 0.666974
    outer loop
      vertex -9.87587 2.42499 15.8716
      vertex -9.97473 2.45711 15.7939
      vertex -9.93245 2.38388 15.7939
    endloop
  endfacet
  facet normal -0.750982 -0.433586 0.498025
    outer loop
      vertex -9.97473 2.45711 15.7939
      vertex -9.97473 2.35316 15.7034
      vertex -9.93245 2.38388 15.7939
    endloop
  endfacet
  facet normal -0.905008 -0.293996 0.307453
    outer loop
      vertex -10.052 2.52667 15.7034
      vertex -10.052 2.42272 15.604
      vertex -10.0225 2.43586 15.7034
    endloop
  endfacet
  facet normal -0.90495 -0.294081 0.307542
    outer loop
      vertex -10.052 2.52667 15.7034
      vertex -10.0836 2.51996 15.604
      vertex -10.052 2.42272 15.604
    endloop
  endfacet
  facet normal 0.303586 0.273337 0.912755
    outer loop
      vertex 7.31924 7.10562 15.933
      vertex 7.25535 7.03466 15.9755
      vertex 7.35421 7.06678 15.933
    endloop
  endfacet
  facet normal 0.438194 0.394551 0.807661
    outer loop
      vertex 7.42263 7.11649 15.8716
      vertex 8.29242 6.0248 15.933
      vertex 8.36084 6.0745 15.8716
    endloop
  endfacet
  facet normal 0.438169 0.394532 0.807683
    outer loop
      vertex 8.29242 6.0248 15.933
      vertex 7.42263 7.11649 15.8716
      vertex 7.35421 7.06678 15.933
    endloop
  endfacet
  facet normal 0.645242 0.372529 0.666997
    outer loop
      vertex 9.50499 4.23189 15.7939
      vertex 9.40612 4.26402 15.8716
      vertex 9.44109 4.20345 15.8716
    endloop
  endfacet
  facet normal 0.750931 0.4336 0.498089
    outer loop
      vertex 8.45971 6.14634 15.7034
      vertex 8.41742 6.11562 15.7939
      vertex 8.45971 6.04238 15.7939
    endloop
  endfacet
  facet normal 0.750971 0.433571 0.498055
    outer loop
      vertex 8.45971 6.04238 15.7939
      vertex 9.50499 4.33585 15.7034
      vertex 8.45971 6.14634 15.7034
    endloop
  endfacet
  facet normal 0.750971 0.433571 0.498055
    outer loop
      vertex 9.50499 4.33585 15.7034
      vertex 8.45971 6.04238 15.7939
      vertex 9.50499 4.23189 15.7939
    endloop
  endfacet
  facet normal -0.824077 0.47574 0.30752
    outer loop
      vertex -9.53112 4.35484 15.604
      vertex -9.58224 4.26629 15.604
      vertex -9.50499 4.33585 15.7034
    endloop
  endfacet
  facet normal -0.824062 0.475803 0.307463
    outer loop
      vertex -9.50499 4.33585 15.7034
      vertex -9.58224 4.26629 15.604
      vertex -9.55274 4.25315 15.7034
    endloop
  endfacet
  facet normal 0.824859 -0.267959 -0.497802
    outer loop
      vertex 10.0225 2.43586 0.296632
      vertex 10.0009 2.53754 0.206108
      vertex 10.052 2.52667 0.296632
    endloop
  endfacet
  facet normal 0.862527 -0.090821 -0.497794
    outer loop
      vertex 10.052 2.52667 0.296632
      vertex 10.0009 2.53754 0.206108
      vertex 10.062 2.62164 0.296632
    endloop
  endfacet
  facet normal -0.644462 -0.580291 -0.497927
    outer loop
      vertex -9.69253 2.03974 0.296632
      vertex -9.87587 2.32103 0.206108
      vertex -9.65025 2.07046 0.206108
    endloop
  endfacet
  facet normal -0.644495 -0.580296 -0.497877
    outer loop
      vertex -9.87587 2.32103 0.206108
      vertex -9.69253 2.03974 0.296632
      vertex -9.97473 2.35316 0.296632
    endloop
  endfacet
  facet normal -0.64452 -0.580222 -0.497931
    outer loop
      vertex -9.87587 2.32103 0.206108
      vertex -9.97473 2.35316 0.296632
      vertex -9.93245 2.38388 0.206108
    endloop
  endfacet
  facet normal 0.303564 -0.273326 0.912766
    outer loop
      vertex 9.70858 2.50682 15.9755
      vertex 9.52525 2.16128 15.933
      vertex 9.80745 2.4747 15.933
    endloop
  endfacet
  facet normal 0.303568 -0.273327 0.912764
    outer loop
      vertex 9.52525 2.16128 15.933
      vertex 9.70858 2.50682 15.9755
      vertex 9.448 2.21741 15.9755
    endloop
  endfacet
  facet normal -0.861423 -0.497106 0.1041
    outer loop
      vertex -10.052 2.42272 15.604
      vertex -10.062 2.41827 15.5
      vertex -10.0009 2.33417 15.604
    endloop
  endfacet
  facet normal -0.824075 -0.475553 0.307815
    outer loop
      vertex -9.97473 2.35316 15.7034
      vertex -10.052 2.42272 15.604
      vertex -10.0009 2.33417 15.604
    endloop
  endfacet
  facet normal 0.155783 0.140276 0.97778
    outer loop
      vertex 2.63557 9.74399 15.9755
      vertex 2.57447 9.65989 15.9973
      vertex 2.65719 9.71998 15.9755
    endloop
  endfacet
  facet normal 0.303558 0.273341 0.912764
    outer loop
      vertex 2.73444 9.77611 15.933
      vertex 2.63557 9.74399 15.9755
      vertex 2.65719 9.71998 15.9755
    endloop
  endfacet
  facet normal 0 0.867062 0.498201
    outer loop
      vertex 1.09303 10.3995 15.7034
      vertex -1.08757 10.3475 15.7939
      vertex 1.08757 10.3475 15.7939
    endloop
  endfacet
  facet normal 0 0.867062 0.498201
    outer loop
      vertex -1.08757 10.3475 15.7939
      vertex 1.09303 10.3995 15.7034
      vertex -1.09303 10.3995 15.7034
    endloop
  endfacet
  facet normal 0 1 -0
    outer loop
      vertex 1.09755 10.4425 0.5
      vertex -1.09755 10.4425 15.5
      vertex 1.09755 10.4425 15.5
    endloop
  endfacet
  facet normal 0 1 0
    outer loop
      vertex -1.09755 10.4425 15.5
      vertex 1.09755 10.4425 0.5
      vertex -1.09755 10.4425 0.5
    endloop
  endfacet
  facet normal 0.553659 0.498485 -0.667064
    outer loop
      vertex 2.80286 9.82582 0.128428
      vertex 2.75606 9.8778 0.128428
      vertex 2.80286 9.92977 0.206108
    endloop
  endfacet
  facet normal 0.303 0.680551 0.667114
    outer loop
      vertex 2.65719 10.0139 15.7939
      vertex 2.63557 9.94736 15.8716
      vertex 2.69947 9.91891 15.8716
    endloop
  endfacet
  facet normal 0.181527 0.104815 0.977784
    outer loop
      vertex 2.65719 9.71998 15.9755
      vertex 2.57993 9.65042 15.9973
      vertex 2.67334 9.69201 15.9755
    endloop
  endfacet
  facet normal -0.644433 0.580236 0.498028
    outer loop
      vertex -2.80286 9.92977 15.7939
      vertex -2.90172 9.89765 15.7034
      vertex -2.85944 9.86693 15.7939
    endloop
  endfacet
  facet normal 0.303566 0.273319 0.912767
    outer loop
      vertex 2.69947 9.81495 15.933
      vertex 2.63557 9.74399 15.9755
      vertex 2.73444 9.77611 15.933
    endloop
  endfacet
  facet normal 0.55918 0.769896 0.307536
    outer loop
      vertex 2.85944 9.99262 15.604
      vertex 2.77672 10.0527 15.604
      vertex 2.83783 9.96861 15.7034
    endloop
  endfacet
  facet normal -0.861368 0.49724 0.103911
    outer loop
      vertex -2.9367 9.92306 15.5
      vertex -2.98896 9.83253 15.5
      vertex -2.92786 9.91664 15.604
    endloop
  endfacet
  facet normal -0.387125 0.869171 -0.307695
    outer loop
      vertex -2.76057 10.0247 0.296632
      vertex -2.77672 10.0527 0.396045
      vertex -2.68332 10.0943 0.396045
    endloop
  endfacet
  facet normal 0.644478 0.580267 -0.497934
    outer loop
      vertex 2.90172 9.89765 0.296632
      vertex 2.80286 9.92977 0.206108
      vertex 2.83783 9.96861 0.296632
    endloop
  endfacet
  facet normal 0.155803 0.140262 0.977779
    outer loop
      vertex 2.63557 9.74399 15.9755
      vertex 2.56716 9.66801 15.9973
      vertex 2.57447 9.65989 15.9973
    endloop
  endfacet
  facet normal 0.509453 0.701735 0.498022
    outer loop
      vertex 2.83783 9.96861 15.7034
      vertex 2.76057 10.0247 15.7034
      vertex 2.80286 9.92977 15.7939
    endloop
  endfacet
  facet normal -0.945906 0.307341 -0.103937
    outer loop
      vertex -2.97898 9.82809 0.396045
      vertex -3.02126 9.73312 0.5
      vertex -2.98896 9.83253 0.5
    endloop
  endfacet
  facet normal 0.0435838 0.205047 0.977781
    outer loop
      vertex 2.57993 9.77611 15.9755
      vertex 1.06143 9.99492 15.9973
      vertex 2.54834 9.67887 15.9973
    endloop
  endfacet
  facet normal 0.207425 0.972806 0.103067
    outer loop
      vertex 1.19979 10.4207 15.5
      vertex 1.09755 10.4425 15.5
      vertex 1.19642 10.4104 15.604
    endloop
  endfacet
  facet normal 0.738917 0.66573 -0.103949
    outer loop
      vertex 2.92786 9.91664 0.396045
      vertex 2.86675 10.0007 0.5
      vertex 2.9367 9.92306 0.5
    endloop
  endfacet
  facet normal -0.122837 0.169111 -0.977912
    outer loop
      vertex -2.56716 9.66801 0.00273991
      vertex -2.63557 9.74399 0.0244722
      vertex -2.60944 9.76297 0.0244722
    endloop
  endfacet
  facet normal -0.387572 0.869098 0.307337
    outer loop
      vertex -2.68332 10.0943 15.604
      vertex -2.76057 10.0247 15.7034
      vertex -2.67334 10.0636 15.7034
    endloop
  endfacet
  facet normal 0.707129 0.636675 0.307594
    outer loop
      vertex 2.92786 9.91664 15.604
      vertex 2.83783 9.96861 15.7034
      vertex 2.90172 9.89765 15.7034
    endloop
  endfacet
  facet normal -0.553707 0.498548 0.666977
    outer loop
      vertex -2.80286 9.92977 15.7939
      vertex -2.85944 9.86693 15.7939
      vertex -2.80286 9.82582 15.8716
    endloop
  endfacet
  facet normal 0.0436336 0.204389 -0.977917
    outer loop
      vertex 1.06143 9.99492 0.00273991
      vertex 1.05075 9.9972 0.00273991
      vertex 1.06143 10.0989 0.0244722
    endloop
  endfacet
  facet normal 0.302965 0.680473 -0.667209
    outer loop
      vertex 2.69947 9.91891 0.128428
      vertex 2.63557 9.94736 0.128428
      vertex 2.65719 10.0139 0.206108
    endloop
  endfacet
  facet normal -0.945911 0.307342 0.103892
    outer loop
      vertex -2.98896 9.83253 15.5
      vertex -3.02126 9.73312 15.5
      vertex -2.97898 9.82809 15.604
    endloop
  endfacet
  facet normal 0.085216 0.191544 0.977778
    outer loop
      vertex 2.60944 9.76297 15.9755
      vertex 2.54834 9.67887 15.9973
      vertex 2.55832 9.67443 15.9973
    endloop
  endfacet
  facet normal 0.353193 0.792007 0.497976
    outer loop
      vertex 2.67334 10.0636 15.7034
      vertex 2.65719 10.0139 15.7939
      vertex 2.76057 10.0247 15.7034
    endloop
  endfacet
  facet normal 0.0849308 0.399543 0.912772
    outer loop
      vertex 2.60944 9.86693 15.933
      vertex 1.12254 10.183 15.933
      vertex 2.57993 9.77611 15.9755
    endloop
  endfacet
  facet normal 0.207424 0.972802 -0.103111
    outer loop
      vertex 1.19642 10.4104 0.396045
      vertex 1.09755 10.4425 0.5
      vertex 1.19979 10.4207 0.5
    endloop
  endfacet
  facet normal -0.303 0.680551 0.667114
    outer loop
      vertex -2.65719 10.0139 15.7939
      vertex -2.69947 9.91891 15.8716
      vertex -2.63557 9.94736 15.8716
    endloop
  endfacet
  facet normal -0.180477 0.848139 -0.498085
    outer loop
      vertex -1.08757 10.3475 0.206108
      vertex -1.17028 10.3299 0.206108
      vertex -1.09303 10.3995 0.296632
    endloop
  endfacet
  facet normal -0.166193 0.373271 -0.912715
    outer loop
      vertex -2.57993 9.77611 0.0244722
      vertex -2.65719 9.84567 0.066988
      vertex -2.60944 9.86693 0.066988
    endloop
  endfacet
  facet normal -0.645203 0.372507 -0.667046
    outer loop
      vertex -2.83783 9.76525 0.128428
      vertex -2.90172 9.79369 0.206108
      vertex -2.80286 9.82582 0.128428
    endloop
  endfacet
  facet normal -0.207424 0.972802 -0.103111
    outer loop
      vertex -1.19642 10.4104 0.396045
      vertex -1.19979 10.4207 0.5
      vertex -1.09755 10.4425 0.5
    endloop
  endfacet
  facet normal 0.645203 0.372507 -0.667046
    outer loop
      vertex 2.83783 9.76525 0.128428
      vertex 2.80286 9.82582 0.128428
      vertex 2.90172 9.79369 0.206108
    endloop
  endfacet
  facet normal -0.353863 0.204322 -0.912707
    outer loop
      vertex -2.67334 9.69201 0.0244722
      vertex -2.73444 9.77611 0.066988
      vertex -2.65719 9.71998 0.0244722
    endloop
  endfacet
  facet normal -0.438179 0.394519 0.807684
    outer loop
      vertex -2.69947 9.81495 15.933
      vertex -2.80286 9.82582 15.8716
      vertex -2.73444 9.77611 15.933
    endloop
  endfacet
  facet normal -0.945905 0.307359 0.103892
    outer loop
      vertex -3.10931 9.42699 15.604
      vertex -3.02126 9.73312 15.5
      vertex -3.11929 9.43143 15.5
    endloop
  endfacet
  facet normal -0.945908 0.307355 0.103879
    outer loop
      vertex -3.02126 9.73312 15.5
      vertex -3.10931 9.42699 15.604
      vertex -2.97898 9.82809 15.604
    endloop
  endfacet
  facet normal 0.861354 0.49726 -0.103931
    outer loop
      vertex 2.97898 9.82809 0.396045
      vertex 2.92786 9.91664 0.396045
      vertex 2.98896 9.83253 0.5
    endloop
  endfacet
  facet normal 0.553707 0.498548 0.666977
    outer loop
      vertex 2.80286 9.92977 15.7939
      vertex 2.80286 9.82582 15.8716
      vertex 2.85944 9.86693 15.7939
    endloop
  endfacet
  facet normal 0.708599 0.230326 0.666961
    outer loop
      vertex 2.90172 9.79369 15.7939
      vertex 2.83783 9.76525 15.8716
      vertex 2.92786 9.71327 15.7939
    endloop
  endfacet
  facet normal -0.951052 0.309031 0
    outer loop
      vertex -3.11929 9.43143 0.5
      vertex -3.02126 9.73312 15.5
      vertex -3.02126 9.73312 0.5
    endloop
  endfacet
  facet normal -0.951052 0.309031 0
    outer loop
      vertex -3.02126 9.73312 15.5
      vertex -3.11929 9.43143 0.5
      vertex -3.11929 9.43143 15.5
    endloop
  endfacet
  facet normal -0.35299 0.792227 0.497769
    outer loop
      vertex -2.65719 10.0139 15.7939
      vertex -2.76057 10.0247 15.7034
      vertex -2.73444 9.97948 15.7939
    endloop
  endfacet
  facet normal 0.438179 0.394519 0.807684
    outer loop
      vertex 2.80286 9.82582 15.8716
      vertex 2.69947 9.81495 15.933
      vertex 2.73444 9.77611 15.933
    endloop
  endfacet
  facet normal 0.553723 0.498542 0.666969
    outer loop
      vertex 2.80286 9.92977 15.7939
      vertex 2.75606 9.8778 15.8716
      vertex 2.80286 9.82582 15.8716
    endloop
  endfacet
  facet normal 0.404411 0.908639 -0.104052
    outer loop
      vertex 2.78219 10.0622 0.5
      vertex 2.68332 10.0943 0.396045
      vertex 2.6867 10.1047 0.5
    endloop
  endfacet
  facet normal 0.239825 0.538657 0.807671
    outer loop
      vertex 2.69947 9.91891 15.8716
      vertex 2.63557 9.94736 15.8716
      vertex 2.65719 9.84567 15.933
    endloop
  endfacet
  facet normal -0.197845 0.930641 0.307839
    outer loop
      vertex -1.19642 10.4104 15.604
      vertex -2.57993 10.0834 15.7034
      vertex -1.09303 10.3995 15.7034
    endloop
  endfacet
  facet normal -0.197845 0.930641 0.307839
    outer loop
      vertex -2.57993 10.0834 15.7034
      vertex -1.19642 10.4104 15.604
      vertex -2.68332 10.0943 15.604
    endloop
  endfacet
  facet normal 0.303235 0.680561 0.666997
    outer loop
      vertex 2.73444 9.97948 15.7939
      vertex 2.65719 10.0139 15.7939
      vertex 2.69947 9.91891 15.8716
    endloop
  endfacet
  facet normal -0.558987 0.769965 0.307713
    outer loop
      vertex -2.77672 10.0527 15.604
      vertex -2.83783 9.96861 15.7034
      vertex -2.76057 10.0247 15.7034
    endloop
  endfacet
  facet normal 0.121834 0.576679 -0.807835
    outer loop
      vertex 1.12254 10.183 0.066988
      vertex 1.07142 10.1938 0.066988
      vertex 1.08026 10.278 0.128428
    endloop
  endfacet
  facet normal 0.207879 0.978155 -0
    outer loop
      vertex 2.6867 10.1047 0.5
      vertex 1.19979 10.4207 15.5
      vertex 2.6867 10.1047 15.5
    endloop
  endfacet
  facet normal 0.207879 0.978155 0
    outer loop
      vertex 1.19979 10.4207 15.5
      vertex 2.6867 10.1047 0.5
      vertex 1.19979 10.4207 0.5
    endloop
  endfacet
  facet normal 0.584976 0.804318 -0.104284
    outer loop
      vertex 2.86675 10.0007 0.5
      vertex 2.77672 10.0527 0.396045
      vertex 2.78219 10.0622 0.5
    endloop
  endfacet
  facet normal 0.197337 0.930927 -0.307301
    outer loop
      vertex 1.19642 10.4104 0.396045
      vertex 1.09303 10.3995 0.296632
      vertex 1.09641 10.4316 0.396045
    endloop
  endfacet
  facet normal -0.20624 0.972929 -0.104276
    outer loop
      vertex -1.09641 10.4316 0.396045
      vertex -1.19642 10.4104 0.396045
      vertex -1.09755 10.4425 0.5
    endloop
  endfacet
  facet normal 0.739103 0.665562 -0.103704
    outer loop
      vertex 2.92786 9.91664 0.396045
      vertex 2.85944 9.99262 0.396045
      vertex 2.86675 10.0007 0.5
    endloop
  endfacet
  facet normal 0 0.994548 -0.104281
    outer loop
      vertex 1.09641 10.4316 0.396045
      vertex -1.09755 10.4425 0.5
      vertex 1.09755 10.4425 0.5
    endloop
  endfacet
  facet normal 0 0.994548 -0.104281
    outer loop
      vertex -1.09755 10.4425 0.5
      vertex 1.09641 10.4316 0.396045
      vertex -1.09641 10.4316 0.396045
    endloop
  endfacet
  facet normal 0 0.208972 -0.977922
    outer loop
      vertex -1.05075 9.9972 0.00273991
      vertex 1.06143 10.0989 0.0244722
      vertex 1.05075 9.9972 0.00273991
    endloop
  endfacet
  facet normal 0 0.208972 -0.977922
    outer loop
      vertex 1.06143 10.0989 0.0244722
      vertex -1.05075 9.9972 0.00273991
      vertex -1.06143 10.0989 0.0244722
    endloop
  endfacet
  facet normal -0.861358 0.497263 0.103887
    outer loop
      vertex -2.92786 9.91664 15.604
      vertex -2.98896 9.83253 15.5
      vertex -2.97898 9.82809 15.604
    endloop
  endfacet
  facet normal -0.751009 0.433542 0.498023
    outer loop
      vertex -2.90172 9.89765 15.7034
      vertex -2.90172 9.79369 15.7939
      vertex -2.85944 9.86693 15.7939
    endloop
  endfacet
  facet normal -0.824056 0.475728 0.307595
    outer loop
      vertex -2.92786 9.91664 15.604
      vertex -2.97898 9.82809 15.604
      vertex -2.90172 9.89765 15.7034
    endloop
  endfacet
  facet normal -0.166142 0.373155 0.912772
    outer loop
      vertex -2.60944 9.86693 15.933
      vertex -2.65719 9.84567 15.933
      vertex -2.57993 9.77611 15.9755
    endloop
  endfacet
  facet normal 0.181617 0.104713 0.977778
    outer loop
      vertex 2.65719 9.71998 15.9755
      vertex 2.57447 9.65989 15.9973
      vertex 2.57993 9.65042 15.9973
    endloop
  endfacet
  facet normal 0.707138 0.636683 -0.307557
    outer loop
      vertex 2.90172 9.89765 0.296632
      vertex 2.83783 9.96861 0.296632
      vertex 2.92786 9.91664 0.396045
    endloop
  endfacet
  facet normal 0.945906 0.307341 -0.103937
    outer loop
      vertex 3.02126 9.73312 0.5
      vertex 2.97898 9.82809 0.396045
      vertex 2.98896 9.83253 0.5
    endloop
  endfacet
  facet normal 0.904972 0.294054 -0.307503
    outer loop
      vertex 3.10931 9.42699 0.396045
      vertex 2.97898 9.72413 0.296632
      vertex 2.97898 9.82809 0.396045
    endloop
  endfacet
  facet normal 0.904972 0.294055 -0.307501
    outer loop
      vertex 2.97898 9.72413 0.296632
      vertex 3.10931 9.42699 0.396045
      vertex 3.0798 9.41385 0.296632
    endloop
  endfacet
  facet normal 0.861368 0.49724 0.103911
    outer loop
      vertex 2.9367 9.92306 15.5
      vertex 2.92786 9.91664 15.604
      vertex 2.98896 9.83253 15.5
    endloop
  endfacet
  facet normal 0.861364 0.497237 -0.103956
    outer loop
      vertex 2.98896 9.83253 0.5
      vertex 2.92786 9.91664 0.396045
      vertex 2.9367 9.92306 0.5
    endloop
  endfacet
  facet normal 0.584497 0.804754 0.103607
    outer loop
      vertex 2.86675 10.0007 15.5
      vertex 2.77672 10.0527 15.604
      vertex 2.85944 9.99262 15.604
    endloop
  endfacet
  facet normal 0.404412 0.908643 0.104008
    outer loop
      vertex 2.6867 10.1047 15.5
      vertex 2.68332 10.0943 15.604
      vertex 2.78219 10.0622 15.5
    endloop
  endfacet
  facet normal 0.739106 0.665565 0.10366
    outer loop
      vertex 2.86675 10.0007 15.5
      vertex 2.85944 9.99262 15.604
      vertex 2.92786 9.91664 15.604
    endloop
  endfacet
  facet normal -0.904972 0.294054 -0.307503
    outer loop
      vertex -2.97898 9.72413 0.296632
      vertex -3.10931 9.42699 0.396045
      vertex -2.97898 9.82809 0.396045
    endloop
  endfacet
  facet normal -0.904972 0.294055 -0.307501
    outer loop
      vertex -3.10931 9.42699 0.396045
      vertex -2.97898 9.72413 0.296632
      vertex -3.0798 9.41385 0.296632
    endloop
  endfacet
  facet normal -0.510838 0.294931 -0.807503
    outer loop
      vertex -2.76057 9.73085 0.066988
      vertex -2.83783 9.76525 0.128428
      vertex -2.80286 9.82582 0.128428
    endloop
  endfacet
  facet normal -0.742942 0.669356 0
    outer loop
      vertex -2.9367 9.92306 0.5
      vertex -2.86675 10.0007 15.5
      vertex -2.86675 10.0007 0.5
    endloop
  endfacet
  facet normal -0.742942 0.669356 0
    outer loop
      vertex -2.86675 10.0007 15.5
      vertex -2.9367 9.92306 0.5
      vertex -2.9367 9.92306 15.5
    endloop
  endfacet
  facet normal 0.346578 0.476996 0.807687
    outer loop
      vertex 2.75606 9.8778 15.8716
      vertex 2.65719 9.84567 15.933
      vertex 2.69947 9.81495 15.933
    endloop
  endfacet
  facet normal -0.180465 0.848083 0.498184
    outer loop
      vertex -1.09303 10.3995 15.7034
      vertex -1.17028 10.3299 15.7939
      vertex -1.08757 10.3475 15.7939
    endloop
  endfacet
  facet normal 0 0.745256 -0.666778
    outer loop
      vertex 1.08026 10.278 0.128428
      vertex -1.08757 10.3475 0.206108
      vertex 1.08757 10.3475 0.206108
    endloop
  endfacet
  facet normal 0 0.745256 -0.666778
    outer loop
      vertex -1.08757 10.3475 0.206108
      vertex 1.08026 10.278 0.128428
      vertex -1.08026 10.278 0.128428
    endloop
  endfacet
  facet normal -0.155112 0.728938 -0.666775
    outer loop
      vertex -1.08026 10.278 0.128428
      vertex -1.17028 10.3299 0.206108
      vertex -1.08757 10.3475 0.206108
    endloop
  endfacet
  facet normal -0.707097 0.636741 0.30753
    outer loop
      vertex -2.85944 9.99262 15.604
      vertex -2.92786 9.91664 15.604
      vertex -2.83783 9.96861 15.7034
    endloop
  endfacet
  facet normal -0.738921 0.665733 0.103904
    outer loop
      vertex -2.86675 10.0007 15.5
      vertex -2.9367 9.92306 15.5
      vertex -2.92786 9.91664 15.604
    endloop
  endfacet
  facet normal -0.240109 0.330462 0.912766
    outer loop
      vertex -2.65719 9.84567 15.933
      vertex -2.69947 9.81495 15.933
      vertex -2.63557 9.74399 15.9755
    endloop
  endfacet
  facet normal -0.155004 0.729121 0.6666
    outer loop
      vertex -1.17028 10.3299 15.7939
      vertex -2.56716 9.9619 15.8716
      vertex -1.08026 10.278 15.8716
    endloop
  endfacet
  facet normal -0.154862 0.728689 0.667105
    outer loop
      vertex -2.56716 9.9619 15.8716
      vertex -1.17028 10.3299 15.7939
      vertex -2.65719 10.0139 15.7939
    endloop
  endfacet
  facet normal -0.584494 0.80475 -0.103651
    outer loop
      vertex -2.85944 9.99262 0.396045
      vertex -2.86675 10.0007 0.5
      vertex -2.77672 10.0527 0.396045
    endloop
  endfacet
  facet normal -0.0434477 0.204391 -0.977925
    outer loop
      vertex -1.06143 9.99492 0.00273991
      vertex -2.57993 9.77611 0.0244722
      vertex -1.06143 10.0989 0.0244722
    endloop
  endfacet
  facet normal -0.0849597 0.399676 -0.912711
    outer loop
      vertex -1.06143 10.0989 0.0244722
      vertex -2.57993 9.77611 0.0244722
      vertex -1.12254 10.183 0.066988
    endloop
  endfacet
  facet normal -0.197337 0.930927 -0.307301
    outer loop
      vertex -1.09303 10.3995 0.296632
      vertex -1.19642 10.4104 0.396045
      vertex -1.09641 10.4316 0.396045
    endloop
  endfacet
  facet normal 0.206241 0.972934 0.104232
    outer loop
      vertex 1.09755 10.4425 15.5
      vertex 1.09641 10.4316 15.604
      vertex 1.19642 10.4104 15.604
    endloop
  endfacet
  facet normal 0.197334 0.930915 0.307338
    outer loop
      vertex 1.09641 10.4316 15.604
      vertex 1.09303 10.3995 15.7034
      vertex 1.19642 10.4104 15.604
    endloop
  endfacet
  facet normal 0.824051 0.475797 -0.307502
    outer loop
      vertex 2.94947 9.81495 0.296632
      vertex 2.90172 9.89765 0.296632
      vertex 2.97898 9.82809 0.396045
    endloop
  endfacet
  facet normal 0.707106 0.636749 -0.307494
    outer loop
      vertex 2.92786 9.91664 0.396045
      vertex 2.83783 9.96861 0.296632
      vertex 2.85944 9.99262 0.396045
    endloop
  endfacet
  facet normal 0.179834 0.848398 -0.497876
    outer loop
      vertex 2.65719 10.0139 0.206108
      vertex 2.57993 10.0834 0.296632
      vertex 2.67334 10.0636 0.296632
    endloop
  endfacet
  facet normal 0.155112 0.728938 -0.666775
    outer loop
      vertex 1.17028 10.3299 0.206108
      vertex 1.08026 10.278 0.128428
      vertex 1.08757 10.3475 0.206108
    endloop
  endfacet
  facet normal 0.20675 0.972845 -0.104049
    outer loop
      vertex 2.68332 10.0943 0.396045
      vertex 1.19979 10.4207 0.5
      vertex 2.6867 10.1047 0.5
    endloop
  endfacet
  facet normal 0.206835 0.972928 -0.103104
    outer loop
      vertex 1.19979 10.4207 0.5
      vertex 2.68332 10.0943 0.396045
      vertex 1.19642 10.4104 0.396045
    endloop
  endfacet
  facet normal 0.404646 0.908509 0.104272
    outer loop
      vertex 2.78219 10.0622 15.5
      vertex 2.68332 10.0943 15.604
      vertex 2.77672 10.0527 15.604
    endloop
  endfacet
  facet normal -0.0850184 0.190936 -0.977914
    outer loop
      vertex -2.54834 9.67887 0.00273991
      vertex -2.60944 9.76297 0.0244722
      vertex -2.57993 9.77611 0.0244722
    endloop
  endfacet
  facet normal -0.240124 0.330581 -0.912719
    outer loop
      vertex -2.63557 9.74399 0.0244722
      vertex -2.65719 9.84567 0.066988
      vertex -2.60944 9.76297 0.0244722
    endloop
  endfacet
  facet normal -0.121834 0.576679 -0.807835
    outer loop
      vertex -1.07142 10.1938 0.066988
      vertex -1.12254 10.183 0.066988
      vertex -1.08026 10.278 0.128428
    endloop
  endfacet
  facet normal 0.353863 0.204322 -0.912707
    outer loop
      vertex 2.67334 9.69201 0.0244722
      vertex 2.65719 9.71998 0.0244722
      vertex 2.73444 9.77611 0.066988
    endloop
  endfacet
  facet normal 0.166193 0.373271 -0.912715
    outer loop
      vertex 2.65719 9.84567 0.066988
      vertex 2.57993 9.77611 0.0244722
      vertex 2.60944 9.86693 0.066988
    endloop
  endfacet
  facet normal 0.751058 0.433571 -0.497924
    outer loop
      vertex 2.90172 9.79369 0.206108
      vertex 2.85944 9.86693 0.206108
      vertex 2.90172 9.89765 0.296632
    endloop
  endfacet
  facet normal -0.866057 0.499946 0
    outer loop
      vertex -2.98896 9.83253 0.5
      vertex -2.9367 9.92306 15.5
      vertex -2.9367 9.92306 0.5
    endloop
  endfacet
  facet normal -0.866057 0.499946 0
    outer loop
      vertex -2.9367 9.92306 15.5
      vertex -2.98896 9.83253 0.5
      vertex -2.98896 9.83253 15.5
    endloop
  endfacet
  facet normal -0.824725 0.267977 0.498013
    outer loop
      vertex -2.94947 9.81495 15.7034
      vertex -2.97898 9.72413 15.7034
      vertex -2.92786 9.71327 15.7939
    endloop
  endfacet
  facet normal -0.437941 0.602774 0.666986
    outer loop
      vertex -2.73444 9.97948 15.7939
      vertex -2.80286 9.92977 15.7939
      vertex -2.69947 9.91891 15.8716
    endloop
  endfacet
  facet normal 0.0435771 0.205 0.977791
    outer loop
      vertex 1.06143 10.0989 15.9755
      vertex 1.06143 9.99492 15.9973
      vertex 2.57993 9.77611 15.9755
    endloop
  endfacet
  facet normal 0.510628 0.294801 0.807683
    outer loop
      vertex 2.80286 9.82582 15.8716
      vertex 2.73444 9.77611 15.933
      vertex 2.76057 9.73085 15.933
    endloop
  endfacet
  facet normal 0.64528 0.372507 0.666972
    outer loop
      vertex 2.85944 9.86693 15.7939
      vertex 2.80286 9.82582 15.8716
      vertex 2.90172 9.79369 15.7939
    endloop
  endfacet
  facet normal 0.951057 0.309015 0
    outer loop
      vertex 3.02126 9.73312 15.5
      vertex 2.98896 9.83253 0.5
      vertex 2.98896 9.83253 15.5
    endloop
  endfacet
  facet normal 0.951057 0.309015 0
    outer loop
      vertex 2.98896 9.83253 0.5
      vertex 3.02126 9.73312 15.5
      vertex 3.02126 9.73312 0.5
    endloop
  endfacet
  facet normal 0.742942 0.669356 0
    outer loop
      vertex 2.9367 9.92306 15.5
      vertex 2.86675 10.0007 0.5
      vertex 2.86675 10.0007 15.5
    endloop
  endfacet
  facet normal 0.742942 0.669356 0
    outer loop
      vertex 2.86675 10.0007 0.5
      vertex 2.9367 9.92306 15.5
      vertex 2.9367 9.92306 0.5
    endloop
  endfacet
  facet normal 0.584979 0.804322 0.104239
    outer loop
      vertex 2.78219 10.0622 15.5
      vertex 2.77672 10.0527 15.604
      vertex 2.86675 10.0007 15.5
    endloop
  endfacet
  facet normal 0.707097 0.636741 0.30753
    outer loop
      vertex 2.85944 9.99262 15.604
      vertex 2.83783 9.96861 15.7034
      vertex 2.92786 9.91664 15.604
    endloop
  endfacet
  facet normal 0.388504 0.126237 0.912759
    outer loop
      vertex 2.67334 9.69201 15.9755
      vertex 2.8909 9.32975 15.933
      vertex 2.76057 9.73085 15.933
    endloop
  endfacet
  facet normal 0.388504 0.126237 0.912759
    outer loop
      vertex 2.8909 9.32975 15.933
      vertex 2.67334 9.69201 15.9755
      vertex 2.80367 9.29091 15.9755
    endloop
  endfacet
  facet normal 0.824041 0.475791 0.307539
    outer loop
      vertex 2.97898 9.82809 15.604
      vertex 2.90172 9.89765 15.7034
      vertex 2.94947 9.81495 15.7034
    endloop
  endfacet
  facet normal 0.824056 0.475728 0.307595
    outer loop
      vertex 2.92786 9.91664 15.604
      vertex 2.90172 9.89765 15.7034
      vertex 2.97898 9.82809 15.604
    endloop
  endfacet
  facet normal 0.303652 0.273426 -0.912707
    outer loop
      vertex 2.65719 9.71998 0.0244722
      vertex 2.63557 9.74399 0.0244722
      vertex 2.73444 9.77611 0.066988
    endloop
  endfacet
  facet normal -0.0849629 0.190975 -0.977911
    outer loop
      vertex -2.55832 9.67443 0.00273991
      vertex -2.60944 9.76297 0.0244722
      vertex -2.54834 9.67887 0.00273991
    endloop
  endfacet
  facet normal -0.122636 0.576994 -0.807489
    outer loop
      vertex -2.60944 9.86693 0.066988
      vertex -2.63557 9.94736 0.128428
      vertex -2.56716 9.9619 0.128428
    endloop
  endfacet
  facet normal -0.751058 0.433571 -0.497924
    outer loop
      vertex -2.85944 9.86693 0.206108
      vertex -2.90172 9.79369 0.206108
      vertex -2.90172 9.89765 0.296632
    endloop
  endfacet
  facet normal -0.197328 0.930931 -0.307293
    outer loop
      vertex -2.67334 10.0636 0.296632
      vertex -2.68332 10.0943 0.396045
      vertex -2.57993 10.0834 0.296632
    endloop
  endfacet
  facet normal -0.707106 0.636749 -0.307494
    outer loop
      vertex -2.83783 9.96861 0.296632
      vertex -2.92786 9.91664 0.396045
      vertex -2.85944 9.99262 0.396045
    endloop
  endfacet
  facet normal 0.240049 0.330479 0.912776
    outer loop
      vertex 2.65719 9.84567 15.933
      vertex 2.60944 9.76297 15.9755
      vertex 2.63557 9.74399 15.9755
    endloop
  endfacet
  facet normal -0.122583 0.576749 0.807672
    outer loop
      vertex -2.56716 9.9619 15.8716
      vertex -2.63557 9.94736 15.8716
      vertex -2.60944 9.86693 15.933
    endloop
  endfacet
  facet normal 0.437941 0.602774 0.666986
    outer loop
      vertex 2.73444 9.97948 15.7939
      vertex 2.69947 9.91891 15.8716
      vertex 2.80286 9.92977 15.7939
    endloop
  endfacet
  facet normal 0.558987 0.769965 0.307713
    outer loop
      vertex 2.77672 10.0527 15.604
      vertex 2.76057 10.0247 15.7034
      vertex 2.83783 9.96861 15.7034
    endloop
  endfacet
  facet normal 0.206751 0.97285 0.104004
    outer loop
      vertex 1.19979 10.4207 15.5
      vertex 2.68332 10.0943 15.604
      vertex 2.6867 10.1047 15.5
    endloop
  endfacet
  facet normal 0.206836 0.972932 0.10306
    outer loop
      vertex 2.68332 10.0943 15.604
      vertex 1.19979 10.4207 15.5
      vertex 1.19642 10.4104 15.604
    endloop
  endfacet
  facet normal -0.353193 0.792007 0.497976
    outer loop
      vertex -2.67334 10.0636 15.7034
      vertex -2.76057 10.0247 15.7034
      vertex -2.65719 10.0139 15.7939
    endloop
  endfacet
  facet normal -0.406618 0.913598 0
    outer loop
      vertex -2.6867 10.1047 0.5
      vertex -2.78219 10.0622 15.5
      vertex -2.6867 10.1047 15.5
    endloop
  endfacet
  facet normal -0.406618 0.913598 0
    outer loop
      vertex -2.78219 10.0622 15.5
      vertex -2.6867 10.1047 0.5
      vertex -2.78219 10.0622 0.5
    endloop
  endfacet
  facet normal 0 0.589198 0.807988
    outer loop
      vertex 1.08026 10.278 15.8716
      vertex -1.07142 10.1938 15.933
      vertex 1.07142 10.1938 15.933
    endloop
  endfacet
  facet normal 0 0.589198 0.807988
    outer loop
      vertex -1.07142 10.1938 15.933
      vertex 1.08026 10.278 15.8716
      vertex -1.08026 10.278 15.8716
    endloop
  endfacet
  facet normal -0.197326 0.93092 0.307329
    outer loop
      vertex -2.57993 10.0834 15.7034
      vertex -2.68332 10.0943 15.604
      vertex -2.67334 10.0636 15.7034
    endloop
  endfacet
  facet normal -0.303566 0.273319 0.912767
    outer loop
      vertex -2.69947 9.81495 15.933
      vertex -2.73444 9.77611 15.933
      vertex -2.63557 9.74399 15.9755
    endloop
  endfacet
  facet normal -0.708599 0.230326 0.666961
    outer loop
      vertex -2.90172 9.79369 15.7939
      vertex -2.92786 9.71327 15.7939
      vertex -2.83783 9.76525 15.8716
    endloop
  endfacet
  facet normal -0.708503 0.230197 -0.667107
    outer loop
      vertex -2.96815 9.36415 0.128428
      vertex -2.92786 9.71327 0.206108
      vertex -2.83783 9.76525 0.128428
    endloop
  endfacet
  facet normal -0.708508 0.230197 -0.667102
    outer loop
      vertex -2.92786 9.71327 0.206108
      vertex -2.96815 9.36415 0.128428
      vertex -3.03205 9.39259 0.206108
    endloop
  endfacet
  facet normal -0.904973 0.294052 -0.307501
    outer loop
      vertex -2.94947 9.81495 0.296632
      vertex -2.97898 9.72413 0.296632
      vertex -2.97898 9.82809 0.396045
    endloop
  endfacet
  facet normal -0.206835 0.972928 -0.103104
    outer loop
      vertex -2.68332 10.0943 0.396045
      vertex -1.19979 10.4207 0.5
      vertex -1.19642 10.4104 0.396045
    endloop
  endfacet
  facet normal -0.20675 0.972845 -0.104049
    outer loop
      vertex -1.19979 10.4207 0.5
      vertex -2.68332 10.0943 0.396045
      vertex -2.6867 10.1047 0.5
    endloop
  endfacet
  facet normal -0.750997 0.433617 -0.497976
    outer loop
      vertex -2.90172 9.79369 0.206108
      vertex -2.94947 9.81495 0.296632
      vertex -2.90172 9.89765 0.296632
    endloop
  endfacet
  facet normal -0.239931 0.538886 -0.807487
    outer loop
      vertex -2.60944 9.86693 0.066988
      vertex -2.65719 9.84567 0.066988
      vertex -2.63557 9.94736 0.128428
    endloop
  endfacet
  facet normal -0.559187 0.769905 -0.3075
    outer loop
      vertex -2.83783 9.96861 0.296632
      vertex -2.85944 9.99262 0.396045
      vertex -2.77672 10.0527 0.396045
    endloop
  endfacet
  facet normal 0.824066 0.475734 -0.307558
    outer loop
      vertex 2.97898 9.82809 0.396045
      vertex 2.90172 9.89765 0.296632
      vertex 2.92786 9.91664 0.396045
    endloop
  endfacet
  facet normal 0.387577 0.869109 -0.307301
    outer loop
      vertex 2.76057 10.0247 0.296632
      vertex 2.67334 10.0636 0.296632
      vertex 2.68332 10.0943 0.396045
    endloop
  endfacet
  facet normal 0.239931 0.538886 -0.807487
    outer loop
      vertex 2.65719 9.84567 0.066988
      vertex 2.60944 9.86693 0.066988
      vertex 2.63557 9.94736 0.128428
    endloop
  endfacet
  facet normal 0.644476 0.580274 -0.497928
    outer loop
      vertex 2.85944 9.86693 0.206108
      vertex 2.80286 9.92977 0.206108
      vertex 2.90172 9.89765 0.296632
    endloop
  endfacet
  facet normal 0.20624 0.972929 -0.104276
    outer loop
      vertex 1.19642 10.4104 0.396045
      vertex 1.09641 10.4316 0.396045
      vertex 1.09755 10.4425 0.5
    endloop
  endfacet
  facet normal 0 0.867119 -0.498102
    outer loop
      vertex 1.08757 10.3475 0.206108
      vertex -1.09303 10.3995 0.296632
      vertex 1.09303 10.3995 0.296632
    endloop
  endfacet
  facet normal 0 0.867119 -0.498102
    outer loop
      vertex -1.09303 10.3995 0.296632
      vertex 1.08757 10.3475 0.206108
      vertex -1.08757 10.3475 0.206108
    endloop
  endfacet
  facet normal 0.180477 0.848139 -0.498085
    outer loop
      vertex 1.17028 10.3299 0.206108
      vertex 1.08757 10.3475 0.206108
      vertex 1.09303 10.3995 0.296632
    endloop
  endfacet
  facet normal 0.404645 0.908505 -0.104316
    outer loop
      vertex 2.77672 10.0527 0.396045
      vertex 2.68332 10.0943 0.396045
      vertex 2.78219 10.0622 0.5
    endloop
  endfacet
  facet normal 0.406618 0.913598 -0
    outer loop
      vertex 2.78219 10.0622 0.5
      vertex 2.6867 10.1047 15.5
      vertex 2.78219 10.0622 15.5
    endloop
  endfacet
  facet normal 0.406618 0.913598 0
    outer loop
      vertex 2.6867 10.1047 15.5
      vertex 2.78219 10.0622 0.5
      vertex 2.6867 10.1047 0.5
    endloop
  endfacet
  facet normal 0.353217 0.792059 -0.497876
    outer loop
      vertex 2.76057 10.0247 0.296632
      vertex 2.65719 10.0139 0.206108
      vertex 2.67334 10.0636 0.296632
    endloop
  endfacet
  facet normal 0.154844 0.728606 -0.667201
    outer loop
      vertex 2.56716 9.9619 0.128428
      vertex 1.17028 10.3299 0.206108
      vertex 2.65719 10.0139 0.206108
    endloop
  endfacet
  facet normal 0.154986 0.729038 -0.666696
    outer loop
      vertex 1.17028 10.3299 0.206108
      vertex 2.56716 9.9619 0.128428
      vertex 1.08026 10.278 0.128428
    endloop
  endfacet
  facet normal 0.0850184 0.190936 -0.977914
    outer loop
      vertex 2.60944 9.76297 0.0244722
      vertex 2.54834 9.67887 0.00273991
      vertex 2.57993 9.77611 0.0244722
    endloop
  endfacet
  facet normal -0.0436336 0.204389 -0.977917
    outer loop
      vertex -1.05075 9.9972 0.00273991
      vertex -1.06143 9.99492 0.00273991
      vertex -1.06143 10.0989 0.0244722
    endloop
  endfacet
  facet normal -0.0849571 0.399667 -0.912715
    outer loop
      vertex -2.57993 9.77611 0.0244722
      vertex -2.60944 9.86693 0.066988
      vertex -1.12254 10.183 0.066988
    endloop
  endfacet
  facet normal 0.750997 0.433617 -0.497976
    outer loop
      vertex 2.94947 9.81495 0.296632
      vertex 2.90172 9.79369 0.206108
      vertex 2.90172 9.89765 0.296632
    endloop
  endfacet
  facet normal 0.824779 0.267997 -0.497914
    outer loop
      vertex 3.0798 9.41385 0.296632
      vertex 2.92786 9.71327 0.206108
      vertex 2.97898 9.72413 0.296632
    endloop
  endfacet
  facet normal 0.824751 0.267964 -0.497976
    outer loop
      vertex 2.92786 9.71327 0.206108
      vertex 3.0798 9.41385 0.296632
      vertex 3.03205 9.39259 0.206108
    endloop
  endfacet
  facet normal 0.824715 0.268068 -0.497981
    outer loop
      vertex 2.92786 9.71327 0.206108
      vertex 2.90172 9.79369 0.206108
      vertex 2.94947 9.81495 0.296632
    endloop
  endfacet
  facet normal -0.861354 0.49726 -0.103931
    outer loop
      vertex -2.97898 9.82809 0.396045
      vertex -2.98896 9.83253 0.5
      vertex -2.92786 9.91664 0.396045
    endloop
  endfacet
  facet normal -0.824724 0.26798 0.498013
    outer loop
      vertex -3.0798 9.41385 15.7034
      vertex -2.92786 9.71327 15.7939
      vertex -2.97898 9.72413 15.7034
    endloop
  endfacet
  facet normal -0.824697 0.267947 0.498076
    outer loop
      vertex -2.92786 9.71327 15.7939
      vertex -3.0798 9.41385 15.7034
      vertex -3.03205 9.39259 15.7939
    endloop
  endfacet
  facet normal -0.387121 0.86916 0.307731
    outer loop
      vertex -2.68332 10.0943 15.604
      vertex -2.77672 10.0527 15.604
      vertex -2.76057 10.0247 15.7034
    endloop
  endfacet
  facet normal -0.588183 0.808728 0
    outer loop
      vertex -2.78219 10.0622 0.5
      vertex -2.86675 10.0007 15.5
      vertex -2.78219 10.0622 15.5
    endloop
  endfacet
  facet normal -0.588183 0.808728 0
    outer loop
      vertex -2.86675 10.0007 15.5
      vertex -2.78219 10.0622 0.5
      vertex -2.86675 10.0007 0.5
    endloop
  endfacet
  facet normal -0.303235 0.680561 0.666997
    outer loop
      vertex -2.65719 10.0139 15.7939
      vertex -2.73444 9.97948 15.7939
      vertex -2.69947 9.91891 15.8716
    endloop
  endfacet
  facet normal -0.824779 0.267997 -0.497914
    outer loop
      vertex -2.92786 9.71327 0.206108
      vertex -3.0798 9.41385 0.296632
      vertex -2.97898 9.72413 0.296632
    endloop
  endfacet
  facet normal -0.824751 0.267964 -0.497976
    outer loop
      vertex -3.0798 9.41385 0.296632
      vertex -2.92786 9.71327 0.206108
      vertex -3.03205 9.39259 0.206108
    endloop
  endfacet
  facet normal -0.645277 0.37255 0.666951
    outer loop
      vertex -2.80286 9.82582 15.8716
      vertex -2.90172 9.79369 15.7939
      vertex -2.83783 9.76525 15.8716
    endloop
  endfacet
  facet normal -0.70859 0.230223 0.667007
    outer loop
      vertex -2.96815 9.36415 15.8716
      vertex -2.92786 9.71327 15.7939
      vertex -3.03205 9.39259 15.7939
    endloop
  endfacet
  facet normal -0.708585 0.230224 0.667012
    outer loop
      vertex -2.92786 9.71327 15.7939
      vertex -2.96815 9.36415 15.8716
      vertex -2.83783 9.76525 15.8716
    endloop
  endfacet
  facet normal -0.388504 0.126237 0.912759
    outer loop
      vertex -2.8909 9.32975 15.933
      vertex -2.67334 9.69201 15.9755
      vertex -2.76057 9.73085 15.933
    endloop
  endfacet
  facet normal -0.388504 0.126237 0.912759
    outer loop
      vertex -2.67334 9.69201 15.9755
      vertex -2.8909 9.32975 15.933
      vertex -2.80367 9.29091 15.9755
    endloop
  endfacet
  facet normal 0.353771 0.204243 0.91276
    outer loop
      vertex 2.73444 9.77611 15.933
      vertex 2.67334 9.69201 15.9755
      vertex 2.76057 9.73085 15.933
    endloop
  endfacet
  facet normal 0.353753 0.204259 0.912764
    outer loop
      vertex 2.73444 9.77611 15.933
      vertex 2.65719 9.71998 15.9755
      vertex 2.67334 9.69201 15.9755
    endloop
  endfacet
  facet normal 0.0437636 0.204998 0.977784
    outer loop
      vertex 1.06143 10.0989 15.9755
      vertex 1.05075 9.9972 15.9973
      vertex 1.06143 9.99492 15.9973
    endloop
  endfacet
  facet normal 0.945911 0.307342 0.103892
    outer loop
      vertex 2.98896 9.83253 15.5
      vertex 2.97898 9.82809 15.604
      vertex 3.02126 9.73312 15.5
    endloop
  endfacet
  facet normal 0.945908 0.307355 0.103879
    outer loop
      vertex 3.10931 9.42699 15.604
      vertex 3.02126 9.73312 15.5
      vertex 2.97898 9.82809 15.604
    endloop
  endfacet
  facet normal 0.945905 0.307359 0.103892
    outer loop
      vertex 3.02126 9.73312 15.5
      vertex 3.10931 9.42699 15.604
      vertex 3.11929 9.43143 15.5
    endloop
  endfacet
  facet normal 0.738921 0.665733 0.103904
    outer loop
      vertex 2.9367 9.92306 15.5
      vertex 2.86675 10.0007 15.5
      vertex 2.92786 9.91664 15.604
    endloop
  endfacet
  facet normal -0.353881 0.204306 -0.912703
    outer loop
      vertex -2.67334 9.69201 0.0244722
      vertex -2.76057 9.73085 0.066988
      vertex -2.73444 9.77611 0.066988
    endloop
  endfacet
  facet normal -0.346725 0.477198 -0.807505
    outer loop
      vertex -2.69947 9.81495 0.066988
      vertex -2.75606 9.8778 0.128428
      vertex -2.65719 9.84567 0.066988
    endloop
  endfacet
  facet normal -0.707138 0.636683 -0.307557
    outer loop
      vertex -2.90172 9.89765 0.296632
      vertex -2.92786 9.91664 0.396045
      vertex -2.83783 9.96861 0.296632
    endloop
  endfacet
  facet normal -0.708518 0.230299 -0.667056
    outer loop
      vertex -2.83783 9.76525 0.128428
      vertex -2.92786 9.71327 0.206108
      vertex -2.90172 9.79369 0.206108
    endloop
  endfacet
  facet normal -0.240183 0.330565 -0.91271
    outer loop
      vertex -2.63557 9.74399 0.0244722
      vertex -2.69947 9.81495 0.066988
      vertex -2.65719 9.84567 0.066988
    endloop
  endfacet
  facet normal -0.303652 0.273426 -0.912707
    outer loop
      vertex -2.65719 9.71998 0.0244722
      vertex -2.73444 9.77611 0.066988
      vertex -2.63557 9.74399 0.0244722
    endloop
  endfacet
  facet normal -0.584976 0.804318 -0.104284
    outer loop
      vertex -2.77672 10.0527 0.396045
      vertex -2.86675 10.0007 0.5
      vertex -2.78219 10.0622 0.5
    endloop
  endfacet
  facet normal -0.302965 0.680473 -0.667209
    outer loop
      vertex -2.63557 9.94736 0.128428
      vertex -2.69947 9.91891 0.128428
      vertex -2.65719 10.0139 0.206108
    endloop
  endfacet
  facet normal 0.438181 0.394514 0.807685
    outer loop
      vertex 2.75606 9.8778 15.8716
      vertex 2.69947 9.81495 15.933
      vertex 2.80286 9.82582 15.8716
    endloop
  endfacet
  facet normal 0.240109 0.330462 0.912766
    outer loop
      vertex 2.65719 9.84567 15.933
      vertex 2.63557 9.74399 15.9755
      vertex 2.69947 9.81495 15.933
    endloop
  endfacet
  facet normal 0.0849334 0.399552 0.912767
    outer loop
      vertex 1.12254 10.183 15.933
      vertex 1.06143 10.0989 15.9755
      vertex 2.57993 9.77611 15.9755
    endloop
  endfacet
  facet normal 0.166142 0.373155 0.912772
    outer loop
      vertex 2.60944 9.86693 15.933
      vertex 2.57993 9.77611 15.9755
      vertex 2.65719 9.84567 15.933
    endloop
  endfacet
  facet normal 0.387121 0.86916 0.307731
    outer loop
      vertex 2.77672 10.0527 15.604
      vertex 2.68332 10.0943 15.604
      vertex 2.76057 10.0247 15.7034
    endloop
  endfacet
  facet normal 0.387572 0.869098 0.307337
    outer loop
      vertex 2.68332 10.0943 15.604
      vertex 2.67334 10.0636 15.7034
      vertex 2.76057 10.0247 15.7034
    endloop
  endfacet
  facet normal 0.197845 0.930641 0.307839
    outer loop
      vertex 1.19642 10.4104 15.604
      vertex 2.57993 10.0834 15.7034
      vertex 2.68332 10.0943 15.604
    endloop
  endfacet
  facet normal 0.197845 0.930641 0.307839
    outer loop
      vertex 2.57993 10.0834 15.7034
      vertex 1.19642 10.4104 15.604
      vertex 1.09303 10.3995 15.7034
    endloop
  endfacet
  facet normal 0.180465 0.848083 0.498184
    outer loop
      vertex 1.09303 10.3995 15.7034
      vertex 1.08757 10.3475 15.7939
      vertex 1.17028 10.3299 15.7939
    endloop
  endfacet
  facet normal -0.0435838 0.205047 0.977781
    outer loop
      vertex -1.06143 9.99492 15.9973
      vertex -2.57993 9.77611 15.9755
      vertex -2.54834 9.67887 15.9973
    endloop
  endfacet
  facet normal 0.180312 0.84844 0.497632
    outer loop
      vertex 2.57993 10.0834 15.7034
      vertex 1.17028 10.3299 15.7939
      vertex 2.65719 10.0139 15.7939
    endloop
  endfacet
  facet normal 0.180286 0.848048 0.498309
    outer loop
      vertex 1.17028 10.3299 15.7939
      vertex 2.57993 10.0834 15.7034
      vertex 1.09303 10.3995 15.7034
    endloop
  endfacet
  facet normal 0.154862 0.728689 0.667105
    outer loop
      vertex 1.17028 10.3299 15.7939
      vertex 2.56716 9.9619 15.8716
      vertex 2.65719 10.0139 15.7939
    endloop
  endfacet
  facet normal 0.155004 0.729121 0.6666
    outer loop
      vertex 2.56716 9.9619 15.8716
      vertex 1.17028 10.3299 15.7939
      vertex 1.08026 10.278 15.8716
    endloop
  endfacet
  facet normal 0.239829 0.538657 0.80767
    outer loop
      vertex 2.63557 9.94736 15.8716
      vertex 2.60944 9.86693 15.933
      vertex 2.65719 9.84567 15.933
    endloop
  endfacet
  facet normal 0 0.994553 0.104237
    outer loop
      vertex 1.09755 10.4425 15.5
      vertex -1.09641 10.4316 15.604
      vertex 1.09641 10.4316 15.604
    endloop
  endfacet
  facet normal 0 0.994553 0.104237
    outer loop
      vertex -1.09641 10.4316 15.604
      vertex 1.09755 10.4425 15.5
      vertex -1.09755 10.4425 15.5
    endloop
  endfacet
  facet normal -0.207425 0.972806 0.103067
    outer loop
      vertex -1.09755 10.4425 15.5
      vertex -1.19979 10.4207 15.5
      vertex -1.19642 10.4104 15.604
    endloop
  endfacet
  facet normal 0 0.951609 0.30731
    outer loop
      vertex 1.09641 10.4316 15.604
      vertex -1.09303 10.3995 15.7034
      vertex 1.09303 10.3995 15.7034
    endloop
  endfacet
  facet normal 0 0.951609 0.30731
    outer loop
      vertex -1.09303 10.3995 15.7034
      vertex 1.09641 10.4316 15.604
      vertex -1.09641 10.4316 15.604
    endloop
  endfacet
  facet normal 0 0.408725 0.912658
    outer loop
      vertex 1.07142 10.1938 15.933
      vertex -1.06143 10.0989 15.9755
      vertex 1.06143 10.0989 15.9755
    endloop
  endfacet
  facet normal 0 0.408725 0.912658
    outer loop
      vertex -1.06143 10.0989 15.9755
      vertex 1.07142 10.1938 15.933
      vertex -1.07142 10.1938 15.933
    endloop
  endfacet
  facet normal -0.121782 0.576434 0.808018
    outer loop
      vertex -1.08026 10.278 15.8716
      vertex -1.12254 10.183 15.933
      vertex -1.07142 10.1938 15.933
    endloop
  endfacet
  facet normal -0.239829 0.538657 0.80767
    outer loop
      vertex -2.63557 9.94736 15.8716
      vertex -2.65719 9.84567 15.933
      vertex -2.60944 9.86693 15.933
    endloop
  endfacet
  facet normal -0.239825 0.538657 0.807671
    outer loop
      vertex -2.63557 9.94736 15.8716
      vertex -2.69947 9.91891 15.8716
      vertex -2.65719 9.84567 15.933
    endloop
  endfacet
  facet normal -0.303558 0.273341 0.912764
    outer loop
      vertex -2.63557 9.74399 15.9755
      vertex -2.73444 9.77611 15.933
      vertex -2.65719 9.71998 15.9755
    endloop
  endfacet
  facet normal -0.346551 0.477045 0.80767
    outer loop
      vertex -2.69947 9.91891 15.8716
      vertex -2.75606 9.8778 15.8716
      vertex -2.65719 9.84567 15.933
    endloop
  endfacet
  facet normal -0.64528 0.372507 0.666972
    outer loop
      vertex -2.85944 9.86693 15.7939
      vertex -2.90172 9.79369 15.7939
      vertex -2.80286 9.82582 15.8716
    endloop
  endfacet
  facet normal -0.82466 0.268051 0.498081
    outer loop
      vertex -2.90172 9.79369 15.7939
      vertex -2.94947 9.81495 15.7034
      vertex -2.92786 9.71327 15.7939
    endloop
  endfacet
  facet normal -0.561034 0.182298 -0.80747
    outer loop
      vertex -2.96815 9.36415 0.128428
      vertex -2.76057 9.73085 0.066988
      vertex -2.8909 9.32975 0.066988
    endloop
  endfacet
  facet normal -0.560998 0.182272 -0.807501
    outer loop
      vertex -2.76057 9.73085 0.066988
      vertex -2.96815 9.36415 0.128428
      vertex -2.83783 9.76525 0.128428
    endloop
  endfacet
  facet normal 0 0.951621 -0.307274
    outer loop
      vertex 1.09303 10.3995 0.296632
      vertex -1.09641 10.4316 0.396045
      vertex 1.09641 10.4316 0.396045
    endloop
  endfacet
  facet normal 0 0.951621 -0.307274
    outer loop
      vertex -1.09641 10.4316 0.396045
      vertex 1.09303 10.3995 0.296632
      vertex -1.09303 10.3995 0.296632
    endloop
  endfacet
  facet normal -0.404645 0.908505 -0.104316
    outer loop
      vertex -2.77672 10.0527 0.396045
      vertex -2.78219 10.0622 0.5
      vertex -2.68332 10.0943 0.396045
    endloop
  endfacet
  facet normal -0.404411 0.908639 -0.104052
    outer loop
      vertex -2.68332 10.0943 0.396045
      vertex -2.78219 10.0622 0.5
      vertex -2.6867 10.1047 0.5
    endloop
  endfacet
  facet normal 0 0.589449 -0.807806
    outer loop
      vertex -1.07142 10.1938 0.066988
      vertex 1.08026 10.278 0.128428
      vertex 1.07142 10.1938 0.066988
    endloop
  endfacet
  facet normal 0 0.589449 -0.807806
    outer loop
      vertex 1.08026 10.278 0.128428
      vertex -1.07142 10.1938 0.066988
      vertex -1.08026 10.278 0.128428
    endloop
  endfacet
  facet normal -0.0845001 0.399967 -0.912626
    outer loop
      vertex -1.06143 10.0989 0.0244722
      vertex -1.12254 10.183 0.066988
      vertex -1.07142 10.1938 0.066988
    endloop
  endfacet
  facet normal -0.509819 0.701706 -0.497688
    outer loop
      vertex -2.73444 9.97948 0.206108
      vertex -2.80286 9.92977 0.206108
      vertex -2.76057 10.0247 0.296632
    endloop
  endfacet
  facet normal -0.154857 0.728596 -0.667209
    outer loop
      vertex -2.63557 9.94736 0.128428
      vertex -2.65719 10.0139 0.206108
      vertex -2.56716 9.9619 0.128428
    endloop
  endfacet
  facet normal 0.510838 0.294931 -0.807503
    outer loop
      vertex 2.83783 9.76525 0.128428
      vertex 2.76057 9.73085 0.066988
      vertex 2.80286 9.82582 0.128428
    endloop
  endfacet
  facet normal 0.553644 0.498491 -0.667072
    outer loop
      vertex 2.85944 9.86693 0.206108
      vertex 2.80286 9.82582 0.128428
      vertex 2.80286 9.92977 0.206108
    endloop
  endfacet
  facet normal 0.197847 0.930653 -0.307802
    outer loop
      vertex 2.57993 10.0834 0.296632
      vertex 1.19642 10.4104 0.396045
      vertex 2.68332 10.0943 0.396045
    endloop
  endfacet
  facet normal 0.197847 0.930653 -0.307802
    outer loop
      vertex 1.19642 10.4104 0.396045
      vertex 2.57993 10.0834 0.296632
      vertex 1.09303 10.3995 0.296632
    endloop
  endfacet
  facet normal 0.438367 0.394682 -0.807503
    outer loop
      vertex 2.80286 9.82582 0.128428
      vertex 2.69947 9.81495 0.066988
      vertex 2.75606 9.8778 0.128428
    endloop
  endfacet
  facet normal 0 0.408851 -0.912601
    outer loop
      vertex -1.06143 10.0989 0.0244722
      vertex 1.07142 10.1938 0.066988
      vertex 1.06143 10.0989 0.0244722
    endloop
  endfacet
  facet normal 0 0.408851 -0.912601
    outer loop
      vertex 1.07142 10.1938 0.066988
      vertex -1.06143 10.0989 0.0244722
      vertex -1.07142 10.1938 0.066988
    endloop
  endfacet
  facet normal 0.559187 0.769905 -0.3075
    outer loop
      vertex 2.83783 9.96861 0.296632
      vertex 2.77672 10.0527 0.396045
      vertex 2.85944 9.99262 0.396045
    endloop
  endfacet
  facet normal 0.584494 0.80475 -0.103651
    outer loop
      vertex 2.85944 9.99262 0.396045
      vertex 2.77672 10.0527 0.396045
      vertex 2.86675 10.0007 0.5
    endloop
  endfacet
  facet normal 0.387125 0.869171 -0.307695
    outer loop
      vertex 2.76057 10.0247 0.296632
      vertex 2.68332 10.0943 0.396045
      vertex 2.77672 10.0527 0.396045
    endloop
  endfacet
  facet normal 0.558994 0.769975 -0.307676
    outer loop
      vertex 2.83783 9.96861 0.296632
      vertex 2.76057 10.0247 0.296632
      vertex 2.77672 10.0527 0.396045
    endloop
  endfacet
  facet normal 0.588183 0.808728 -0
    outer loop
      vertex 2.86675 10.0007 0.5
      vertex 2.78219 10.0622 15.5
      vertex 2.86675 10.0007 15.5
    endloop
  endfacet
  facet normal 0.588183 0.808728 0
    outer loop
      vertex 2.78219 10.0622 15.5
      vertex 2.86675 10.0007 0.5
      vertex 2.78219 10.0622 0.5
    endloop
  endfacet
  facet normal 0.0434477 0.204391 -0.977925
    outer loop
      vertex 2.57993 9.77611 0.0244722
      vertex 1.06143 9.99492 0.00273991
      vertex 1.06143 10.0989 0.0244722
    endloop
  endfacet
  facet normal 0.353881 0.204306 -0.912703
    outer loop
      vertex 2.76057 9.73085 0.066988
      vertex 2.67334 9.69201 0.0244722
      vertex 2.73444 9.77611 0.066988
    endloop
  endfacet
  facet normal 0.0434544 0.204438 -0.977914
    outer loop
      vertex 2.54834 9.67887 0.00273991
      vertex 1.06143 9.99492 0.00273991
      vertex 2.57993 9.77611 0.0244722
    endloop
  endfacet
  facet normal -0.155321 0.13986 -0.977913
    outer loop
      vertex -2.57447 9.65989 0.00273991
      vertex -2.65719 9.71998 0.0244722
      vertex -2.63557 9.74399 0.0244722
    endloop
  endfacet
  facet normal -0.122821 0.169118 -0.977913
    outer loop
      vertex -2.56716 9.66801 0.00273991
      vertex -2.60944 9.76297 0.0244722
      vertex -2.55832 9.67443 0.00273991
    endloop
  endfacet
  facet normal 0.509819 0.701706 -0.497688
    outer loop
      vertex 2.80286 9.92977 0.206108
      vertex 2.73444 9.97948 0.206108
      vertex 2.76057 10.0247 0.296632
    endloop
  endfacet
  facet normal 0.509486 0.701781 -0.497922
    outer loop
      vertex 2.80286 9.92977 0.206108
      vertex 2.76057 10.0247 0.296632
      vertex 2.83783 9.96861 0.296632
    endloop
  endfacet
  facet normal 0.708518 0.230299 -0.667056
    outer loop
      vertex 2.92786 9.71327 0.206108
      vertex 2.83783 9.76525 0.128428
      vertex 2.90172 9.79369 0.206108
    endloop
  endfacet
  facet normal 0.645206 0.372465 -0.667067
    outer loop
      vertex 2.90172 9.79369 0.206108
      vertex 2.80286 9.82582 0.128428
      vertex 2.85944 9.86693 0.206108
    endloop
  endfacet
  facet normal 0.904973 0.294052 -0.307501
    outer loop
      vertex 2.97898 9.72413 0.296632
      vertex 2.94947 9.81495 0.296632
      vertex 2.97898 9.82809 0.396045
    endloop
  endfacet
  facet normal 0.945901 0.307357 -0.103937
    outer loop
      vertex 3.10931 9.42699 0.396045
      vertex 3.02126 9.73312 0.5
      vertex 3.11929 9.43143 0.5
    endloop
  endfacet
  facet normal 0.945904 0.307354 -0.103924
    outer loop
      vertex 3.02126 9.73312 0.5
      vertex 3.10931 9.42699 0.396045
      vertex 2.97898 9.82809 0.396045
    endloop
  endfacet
  facet normal -0.945904 0.307354 -0.103924
    outer loop
      vertex -3.10931 9.42699 0.396045
      vertex -3.02126 9.73312 0.5
      vertex -2.97898 9.82809 0.396045
    endloop
  endfacet
  facet normal -0.945901 0.307357 -0.103937
    outer loop
      vertex -3.02126 9.73312 0.5
      vertex -3.10931 9.42699 0.396045
      vertex -3.11929 9.43143 0.5
    endloop
  endfacet
  facet normal -0.553723 0.498542 0.666969
    outer loop
      vertex -2.80286 9.92977 15.7939
      vertex -2.80286 9.82582 15.8716
      vertex -2.75606 9.8778 15.8716
    endloop
  endfacet
  facet normal -0.437919 0.602817 0.666963
    outer loop
      vertex -2.69947 9.91891 15.8716
      vertex -2.80286 9.92977 15.7939
      vertex -2.75606 9.8778 15.8716
    endloop
  endfacet
  facet normal -0.509453 0.701735 0.498022
    outer loop
      vertex -2.76057 10.0247 15.7034
      vertex -2.83783 9.96861 15.7034
      vertex -2.80286 9.92977 15.7939
    endloop
  endfacet
  facet normal -0.509785 0.70166 0.497787
    outer loop
      vertex -2.76057 10.0247 15.7034
      vertex -2.80286 9.92977 15.7939
      vertex -2.73444 9.97948 15.7939
    endloop
  endfacet
  facet normal -0.56076 0.182195 0.807684
    outer loop
      vertex -2.96815 9.36415 15.8716
      vertex -2.76057 9.73085 15.933
      vertex -2.83783 9.76525 15.8716
    endloop
  endfacet
  facet normal -0.560796 0.18222 0.807653
    outer loop
      vertex -2.76057 9.73085 15.933
      vertex -2.96815 9.36415 15.8716
      vertex -2.8909 9.32975 15.933
    endloop
  endfacet
  facet normal 0.904961 0.29405 0.30754
    outer loop
      vertex 2.97898 9.72413 15.7034
      vertex 3.10931 9.42699 15.604
      vertex 2.97898 9.82809 15.604
    endloop
  endfacet
  facet normal 0.904961 0.294051 0.307538
    outer loop
      vertex 3.10931 9.42699 15.604
      vertex 2.97898 9.72413 15.7034
      vertex 3.0798 9.41385 15.7034
    endloop
  endfacet
  facet normal 0.56076 0.182195 0.807684
    outer loop
      vertex 2.76057 9.73085 15.933
      vertex 2.96815 9.36415 15.8716
      vertex 2.83783 9.76525 15.8716
    endloop
  endfacet
  facet normal 0.560796 0.18222 0.807653
    outer loop
      vertex 2.96815 9.36415 15.8716
      vertex 2.76057 9.73085 15.933
      vertex 2.8909 9.32975 15.933
    endloop
  endfacet
  facet normal 0.644436 0.580229 0.498033
    outer loop
      vertex 2.83783 9.96861 15.7034
      vertex 2.80286 9.92977 15.7939
      vertex 2.90172 9.89765 15.7034
    endloop
  endfacet
  facet normal 0.644433 0.580236 0.498028
    outer loop
      vertex 2.90172 9.89765 15.7034
      vertex 2.80286 9.92977 15.7939
      vertex 2.85944 9.86693 15.7939
    endloop
  endfacet
  facet normal 0.951052 0.309031 0
    outer loop
      vertex 3.11929 9.43143 15.5
      vertex 3.02126 9.73312 0.5
      vertex 3.02126 9.73312 15.5
    endloop
  endfacet
  facet normal 0.951052 0.309031 0
    outer loop
      vertex 3.02126 9.73312 0.5
      vertex 3.11929 9.43143 15.5
      vertex 3.11929 9.43143 0.5
    endloop
  endfacet
  facet normal 0.861358 0.497263 0.103887
    outer loop
      vertex 2.98896 9.83253 15.5
      vertex 2.92786 9.91664 15.604
      vertex 2.97898 9.82809 15.604
    endloop
  endfacet
  facet normal -0.166203 0.373261 -0.912717
    outer loop
      vertex -2.60944 9.76297 0.0244722
      vertex -2.65719 9.84567 0.066988
      vertex -2.57993 9.77611 0.0244722
    endloop
  endfacet
  facet normal -0.0434544 0.204438 -0.977914
    outer loop
      vertex -2.54834 9.67887 0.00273991
      vertex -2.57993 9.77611 0.0244722
      vertex -1.06143 9.99492 0.00273991
    endloop
  endfacet
  facet normal -0.388624 0.126276 -0.912702
    outer loop
      vertex -2.8909 9.32975 0.066988
      vertex -2.67334 9.69201 0.0244722
      vertex -2.80367 9.29091 0.0244722
    endloop
  endfacet
  facet normal -0.388624 0.126276 -0.912702
    outer loop
      vertex -2.67334 9.69201 0.0244722
      vertex -2.8909 9.32975 0.066988
      vertex -2.76057 9.73085 0.066988
    endloop
  endfacet
  facet normal -0.824715 0.268068 -0.497981
    outer loop
      vertex -2.92786 9.71327 0.206108
      vertex -2.94947 9.81495 0.296632
      vertex -2.90172 9.79369 0.206108
    endloop
  endfacet
  facet normal -0.824779 0.267994 -0.497914
    outer loop
      vertex -2.92786 9.71327 0.206108
      vertex -2.97898 9.72413 0.296632
      vertex -2.94947 9.81495 0.296632
    endloop
  endfacet
  facet normal -0.30366 0.273404 -0.912711
    outer loop
      vertex -2.63557 9.74399 0.0244722
      vertex -2.73444 9.77611 0.066988
      vertex -2.69947 9.81495 0.066988
    endloop
  endfacet
  facet normal -0.438367 0.394682 -0.807503
    outer loop
      vertex -2.69947 9.81495 0.066988
      vertex -2.80286 9.82582 0.128428
      vertex -2.75606 9.8778 0.128428
    endloop
  endfacet
  facet normal 0.437919 0.602817 0.666963
    outer loop
      vertex 2.80286 9.92977 15.7939
      vertex 2.69947 9.91891 15.8716
      vertex 2.75606 9.8778 15.8716
    endloop
  endfacet
  facet normal 0.346551 0.477045 0.80767
    outer loop
      vertex 2.69947 9.91891 15.8716
      vertex 2.65719 9.84567 15.933
      vertex 2.75606 9.8778 15.8716
    endloop
  endfacet
  facet normal 0.0852717 0.191504 0.977781
    outer loop
      vertex 2.57993 9.77611 15.9755
      vertex 2.54834 9.67887 15.9973
      vertex 2.60944 9.76297 15.9755
    endloop
  endfacet
  facet normal 0.166152 0.373146 0.912774
    outer loop
      vertex 2.65719 9.84567 15.933
      vertex 2.57993 9.77611 15.9755
      vertex 2.60944 9.76297 15.9755
    endloop
  endfacet
  facet normal -0.154875 0.728679 0.667113
    outer loop
      vertex -2.56716 9.9619 15.8716
      vertex -2.65719 10.0139 15.7939
      vertex -2.63557 9.94736 15.8716
    endloop
  endfacet
  facet normal 0.509785 0.70166 0.497787
    outer loop
      vertex 2.76057 10.0247 15.7034
      vertex 2.73444 9.97948 15.7939
      vertex 2.80286 9.92977 15.7939
    endloop
  endfacet
  facet normal 0.35299 0.792227 0.497769
    outer loop
      vertex 2.76057 10.0247 15.7034
      vertex 2.65719 10.0139 15.7939
      vertex 2.73444 9.97948 15.7939
    endloop
  endfacet
  facet normal 0.197326 0.93092 0.307329
    outer loop
      vertex 2.68332 10.0943 15.604
      vertex 2.57993 10.0834 15.7034
      vertex 2.67334 10.0636 15.7034
    endloop
  endfacet
  facet normal 0.179822 0.848342 0.497975
    outer loop
      vertex 2.67334 10.0636 15.7034
      vertex 2.57993 10.0834 15.7034
      vertex 2.65719 10.0139 15.7939
    endloop
  endfacet
  facet normal 0.15513 0.729022 0.66668
    outer loop
      vertex 1.08757 10.3475 15.7939
      vertex 1.08026 10.278 15.8716
      vertex 1.17028 10.3299 15.7939
    endloop
  endfacet
  facet normal 0.1226 0.576753 0.807666
    outer loop
      vertex 2.56716 9.9619 15.8716
      vertex 1.12254 10.183 15.933
      vertex 2.60944 9.86693 15.933
    endloop
  endfacet
  facet normal 0.122585 0.576625 0.80776
    outer loop
      vertex 1.12254 10.183 15.933
      vertex 2.56716 9.9619 15.8716
      vertex 1.08026 10.278 15.8716
    endloop
  endfacet
  facet normal 0.122583 0.576749 0.807672
    outer loop
      vertex 2.63557 9.94736 15.8716
      vertex 2.56716 9.9619 15.8716
      vertex 2.60944 9.86693 15.933
    endloop
  endfacet
  facet normal 0.154875 0.728679 0.667113
    outer loop
      vertex 2.65719 10.0139 15.7939
      vertex 2.56716 9.9619 15.8716
      vertex 2.63557 9.94736 15.8716
    endloop
  endfacet
  facet normal -0.197334 0.930915 0.307338
    outer loop
      vertex -1.09641 10.4316 15.604
      vertex -1.19642 10.4104 15.604
      vertex -1.09303 10.3995 15.7034
    endloop
  endfacet
  facet normal -0.206836 0.972932 0.10306
    outer loop
      vertex -1.19979 10.4207 15.5
      vertex -2.68332 10.0943 15.604
      vertex -1.19642 10.4104 15.604
    endloop
  endfacet
  facet normal -0.206751 0.97285 0.104004
    outer loop
      vertex -2.68332 10.0943 15.604
      vertex -1.19979 10.4207 15.5
      vertex -2.6867 10.1047 15.5
    endloop
  endfacet
  facet normal -0.206241 0.972934 0.104232
    outer loop
      vertex -1.09755 10.4425 15.5
      vertex -1.19642 10.4104 15.604
      vertex -1.09641 10.4316 15.604
    endloop
  endfacet
  facet normal 0 0.745342 0.666683
    outer loop
      vertex 1.08757 10.3475 15.7939
      vertex -1.08026 10.278 15.8716
      vertex 1.08026 10.278 15.8716
    endloop
  endfacet
  facet normal 0 0.745342 0.666683
    outer loop
      vertex -1.08026 10.278 15.8716
      vertex 1.08757 10.3475 15.7939
      vertex -1.08757 10.3475 15.7939
    endloop
  endfacet
  facet normal -0.15513 0.729022 0.66668
    outer loop
      vertex -1.08757 10.3475 15.7939
      vertex -1.17028 10.3299 15.7939
      vertex -1.08026 10.278 15.8716
    endloop
  endfacet
  facet normal 0 0.209595 0.977788
    outer loop
      vertex 1.06143 10.0989 15.9755
      vertex -1.05075 9.9972 15.9973
      vertex 1.05075 9.9972 15.9973
    endloop
  endfacet
  facet normal 0 0.209595 0.977788
    outer loop
      vertex -1.05075 9.9972 15.9973
      vertex 1.06143 10.0989 15.9755
      vertex -1.06143 10.0989 15.9755
    endloop
  endfacet
  facet normal -0.346578 0.476996 0.807687
    outer loop
      vertex -2.65719 9.84567 15.933
      vertex -2.75606 9.8778 15.8716
      vertex -2.69947 9.81495 15.933
    endloop
  endfacet
  facet normal -0.438181 0.394514 0.807685
    outer loop
      vertex -2.75606 9.8778 15.8716
      vertex -2.80286 9.82582 15.8716
      vertex -2.69947 9.81495 15.933
    endloop
  endfacet
  facet normal -0.644436 0.580229 0.498033
    outer loop
      vertex -2.83783 9.96861 15.7034
      vertex -2.90172 9.89765 15.7034
      vertex -2.80286 9.92977 15.7939
    endloop
  endfacet
  facet normal -0.707129 0.636675 0.307594
    outer loop
      vertex -2.83783 9.96861 15.7034
      vertex -2.92786 9.91664 15.604
      vertex -2.90172 9.89765 15.7034
    endloop
  endfacet
  facet normal -0.750947 0.433588 0.498075
    outer loop
      vertex -2.90172 9.89765 15.7034
      vertex -2.94947 9.81495 15.7034
      vertex -2.90172 9.79369 15.7939
    endloop
  endfacet
  facet normal -0.353771 0.204243 0.91276
    outer loop
      vertex -2.73444 9.77611 15.933
      vertex -2.76057 9.73085 15.933
      vertex -2.67334 9.69201 15.9755
    endloop
  endfacet
  facet normal -0.510628 0.294801 0.807683
    outer loop
      vertex -2.73444 9.77611 15.933
      vertex -2.80286 9.82582 15.8716
      vertex -2.76057 9.73085 15.933
    endloop
  endfacet
  facet normal -0.553644 0.498491 -0.667072
    outer loop
      vertex -2.80286 9.82582 0.128428
      vertex -2.85944 9.86693 0.206108
      vertex -2.80286 9.92977 0.206108
    endloop
  endfacet
  facet normal -0.553659 0.498485 -0.667064
    outer loop
      vertex -2.75606 9.8778 0.128428
      vertex -2.80286 9.82582 0.128428
      vertex -2.80286 9.92977 0.206108
    endloop
  endfacet
  facet normal -0.154986 0.729038 -0.666696
    outer loop
      vertex -2.56716 9.9619 0.128428
      vertex -1.17028 10.3299 0.206108
      vertex -1.08026 10.278 0.128428
    endloop
  endfacet
  facet normal -0.154844 0.728606 -0.667201
    outer loop
      vertex -1.17028 10.3299 0.206108
      vertex -2.56716 9.9619 0.128428
      vertex -2.65719 10.0139 0.206108
    endloop
  endfacet
  facet normal -0.353217 0.792059 -0.497876
    outer loop
      vertex -2.65719 10.0139 0.206108
      vertex -2.76057 10.0247 0.296632
      vertex -2.67334 10.0636 0.296632
    endloop
  endfacet
  facet normal -0.239926 0.538886 -0.807488
    outer loop
      vertex -2.65719 9.84567 0.066988
      vertex -2.69947 9.91891 0.128428
      vertex -2.63557 9.94736 0.128428
    endloop
  endfacet
  facet normal -0.346698 0.477247 -0.807487
    outer loop
      vertex -2.65719 9.84567 0.066988
      vertex -2.75606 9.8778 0.128428
      vertex -2.69947 9.91891 0.128428
    endloop
  endfacet
  facet normal 0.208536 0.978015 -0
    outer loop
      vertex 1.19979 10.4207 0.5
      vertex 1.09755 10.4425 15.5
      vertex 1.19979 10.4207 15.5
    endloop
  endfacet
  facet normal 0.208536 0.978015 0
    outer loop
      vertex 1.09755 10.4425 15.5
      vertex 1.19979 10.4207 0.5
      vertex 1.09755 10.4425 0.5
    endloop
  endfacet
  facet normal 0.3032 0.680483 -0.667093
    outer loop
      vertex 2.69947 9.91891 0.128428
      vertex 2.65719 10.0139 0.206108
      vertex 2.73444 9.97948 0.206108
    endloop
  endfacet
  facet normal 0.197328 0.930931 -0.307293
    outer loop
      vertex 2.67334 10.0636 0.296632
      vertex 2.57993 10.0834 0.296632
      vertex 2.68332 10.0943 0.396045
    endloop
  endfacet
  facet normal 0.122837 0.169111 -0.977912
    outer loop
      vertex 2.63557 9.74399 0.0244722
      vertex 2.56716 9.66801 0.00273991
      vertex 2.60944 9.76297 0.0244722
    endloop
  endfacet
  facet normal 0.240124 0.330581 -0.912719
    outer loop
      vertex 2.63557 9.74399 0.0244722
      vertex 2.60944 9.76297 0.0244722
      vertex 2.65719 9.84567 0.066988
    endloop
  endfacet
  facet normal 0.353013 0.792279 -0.49767
    outer loop
      vertex 2.73444 9.97948 0.206108
      vertex 2.65719 10.0139 0.206108
      vertex 2.76057 10.0247 0.296632
    endloop
  endfacet
  facet normal 0.437891 0.602705 -0.667082
    outer loop
      vertex 2.80286 9.92977 0.206108
      vertex 2.69947 9.91891 0.128428
      vertex 2.73444 9.97948 0.206108
    endloop
  endfacet
  facet normal 0.30366 0.273404 -0.912711
    outer loop
      vertex 2.73444 9.77611 0.066988
      vertex 2.63557 9.74399 0.0244722
      vertex 2.69947 9.81495 0.066988
    endloop
  endfacet
  facet normal 0.510845 0.294926 -0.8075
    outer loop
      vertex 2.76057 9.73085 0.066988
      vertex 2.73444 9.77611 0.066988
      vertex 2.80286 9.82582 0.128428
    endloop
  endfacet
  facet normal -0.155341 0.139845 -0.977912
    outer loop
      vertex -2.57447 9.65989 0.00273991
      vertex -2.63557 9.74399 0.0244722
      vertex -2.56716 9.66801 0.00273991
    endloop
  endfacet
  facet normal 0.824779 0.267994 -0.497914
    outer loop
      vertex 2.97898 9.72413 0.296632
      vertex 2.92786 9.71327 0.206108
      vertex 2.94947 9.81495 0.296632
    endloop
  endfacet
  facet normal -0.951057 0.309015 0
    outer loop
      vertex -3.02126 9.73312 0.5
      vertex -2.98896 9.83253 15.5
      vertex -2.98896 9.83253 0.5
    endloop
  endfacet
  facet normal -0.951057 0.309015 0
    outer loop
      vertex -2.98896 9.83253 15.5
      vertex -3.02126 9.73312 0.5
      vertex -3.02126 9.73312 15.5
    endloop
  endfacet
  facet normal -0.404412 0.908643 0.104008
    outer loop
      vertex -2.6867 10.1047 15.5
      vertex -2.78219 10.0622 15.5
      vertex -2.68332 10.0943 15.604
    endloop
  endfacet
  facet normal -0.404646 0.908509 0.104272
    outer loop
      vertex -2.68332 10.0943 15.604
      vertex -2.78219 10.0622 15.5
      vertex -2.77672 10.0527 15.604
    endloop
  endfacet
  facet normal -0.199354 0.0647764 0.977784
    outer loop
      vertex -2.80367 9.29091 15.9755
      vertex -2.57993 9.65042 15.9973
      vertex -2.67334 9.69201 15.9755
    endloop
  endfacet
  facet normal -0.199354 0.0647764 0.977784
    outer loop
      vertex -2.57993 9.65042 15.9973
      vertex -2.80367 9.29091 15.9755
      vertex -2.71026 9.24932 15.9973
    endloop
  endfacet
  facet normal -0.0852717 0.191504 0.977781
    outer loop
      vertex -2.57993 9.77611 15.9755
      vertex -2.60944 9.76297 15.9755
      vertex -2.54834 9.67887 15.9973
    endloop
  endfacet
  facet normal -0.155783 0.140276 0.97778
    outer loop
      vertex -2.63557 9.74399 15.9755
      vertex -2.65719 9.71998 15.9755
      vertex -2.57447 9.65989 15.9973
    endloop
  endfacet
  facet normal -0.123203 0.169614 0.977779
    outer loop
      vertex -2.60944 9.76297 15.9755
      vertex -2.63557 9.74399 15.9755
      vertex -2.56716 9.66801 15.9973
    endloop
  endfacet
  facet normal -0.0437636 0.204998 0.977784
    outer loop
      vertex -1.06143 10.0989 15.9755
      vertex -1.06143 9.99492 15.9973
      vertex -1.05075 9.9972 15.9973
    endloop
  endfacet
  facet normal -0.155803 0.140262 0.977779
    outer loop
      vertex -2.56716 9.66801 15.9973
      vertex -2.63557 9.74399 15.9755
      vertex -2.57447 9.65989 15.9973
    endloop
  endfacet
  facet normal -0.0435771 0.205 0.977791
    outer loop
      vertex -1.06143 10.0989 15.9755
      vertex -2.57993 9.77611 15.9755
      vertex -1.06143 9.99492 15.9973
    endloop
  endfacet
  facet normal -0.085216 0.191544 0.977778
    outer loop
      vertex -2.54834 9.67887 15.9973
      vertex -2.60944 9.76297 15.9755
      vertex -2.55832 9.67443 15.9973
    endloop
  endfacet
  facet normal 0.199354 0.0647764 0.977784
    outer loop
      vertex 2.57993 9.65042 15.9973
      vertex 2.80367 9.29091 15.9755
      vertex 2.67334 9.69201 15.9755
    endloop
  endfacet
  facet normal 0.199354 0.0647764 0.977784
    outer loop
      vertex 2.80367 9.29091 15.9755
      vertex 2.57993 9.65042 15.9973
      vertex 2.71026 9.24932 15.9973
    endloop
  endfacet
  facet normal 0.750947 0.433588 0.498075
    outer loop
      vertex 2.90172 9.89765 15.7034
      vertex 2.90172 9.79369 15.7939
      vertex 2.94947 9.81495 15.7034
    endloop
  endfacet
  facet normal 0.751009 0.433542 0.498023
    outer loop
      vertex 2.90172 9.89765 15.7034
      vertex 2.85944 9.86693 15.7939
      vertex 2.90172 9.79369 15.7939
    endloop
  endfacet
  facet normal 0.866057 0.499946 0
    outer loop
      vertex 2.98896 9.83253 15.5
      vertex 2.9367 9.92306 0.5
      vertex 2.9367 9.92306 15.5
    endloop
  endfacet
  facet normal 0.866057 0.499946 0
    outer loop
      vertex 2.9367 9.92306 0.5
      vertex 2.98896 9.83253 15.5
      vertex 2.98896 9.83253 0.5
    endloop
  endfacet
  facet normal 0.198762 0.064584 -0.977918
    outer loop
      vertex 2.57993 9.65042 0.00273991
      vertex 2.80367 9.29091 0.0244722
      vertex 2.71026 9.24932 0.00273991
    endloop
  endfacet
  facet normal 0.198762 0.064584 -0.977918
    outer loop
      vertex 2.80367 9.29091 0.0244722
      vertex 2.57993 9.65042 0.00273991
      vertex 2.67334 9.69201 0.0244722
    endloop
  endfacet
  facet normal -0.861364 0.497237 -0.103956
    outer loop
      vertex -2.92786 9.91664 0.396045
      vertex -2.98896 9.83253 0.5
      vertex -2.9367 9.92306 0.5
    endloop
  endfacet
  facet normal -0.738917 0.66573 -0.103949
    outer loop
      vertex -2.92786 9.91664 0.396045
      vertex -2.9367 9.92306 0.5
      vertex -2.86675 10.0007 0.5
    endloop
  endfacet
  facet normal -0.353013 0.792279 -0.49767
    outer loop
      vertex -2.73444 9.97948 0.206108
      vertex -2.76057 10.0247 0.296632
      vertex -2.65719 10.0139 0.206108
    endloop
  endfacet
  facet normal -0.437868 0.602748 -0.667058
    outer loop
      vertex -2.75606 9.8778 0.128428
      vertex -2.80286 9.92977 0.206108
      vertex -2.69947 9.91891 0.128428
    endloop
  endfacet
  facet normal 0.123187 0.169622 0.97778
    outer loop
      vertex 2.60944 9.76297 15.9755
      vertex 2.55832 9.67443 15.9973
      vertex 2.56716 9.66801 15.9973
    endloop
  endfacet
  facet normal 0.123203 0.169614 0.977779
    outer loop
      vertex 2.60944 9.76297 15.9755
      vertex 2.56716 9.66801 15.9973
      vertex 2.63557 9.74399 15.9755
    endloop
  endfacet
  facet normal 0.121782 0.576434 0.808018
    outer loop
      vertex 1.08026 10.278 15.8716
      vertex 1.07142 10.1938 15.933
      vertex 1.12254 10.183 15.933
    endloop
  endfacet
  facet normal 0.0844739 0.399843 0.912683
    outer loop
      vertex 1.07142 10.1938 15.933
      vertex 1.06143 10.0989 15.9755
      vertex 1.12254 10.183 15.933
    endloop
  endfacet
  facet normal -0.584979 0.804322 0.104239
    outer loop
      vertex -2.78219 10.0622 15.5
      vertex -2.86675 10.0007 15.5
      vertex -2.77672 10.0527 15.604
    endloop
  endfacet
  facet normal -0.55918 0.769896 0.307536
    outer loop
      vertex -2.77672 10.0527 15.604
      vertex -2.85944 9.99262 15.604
      vertex -2.83783 9.96861 15.7034
    endloop
  endfacet
  facet normal -0.208536 0.978015 0
    outer loop
      vertex -1.09755 10.4425 0.5
      vertex -1.19979 10.4207 15.5
      vertex -1.09755 10.4425 15.5
    endloop
  endfacet
  facet normal -0.208536 0.978015 0
    outer loop
      vertex -1.19979 10.4207 15.5
      vertex -1.09755 10.4425 0.5
      vertex -1.19979 10.4207 0.5
    endloop
  endfacet
  facet normal -0.207879 0.978155 0
    outer loop
      vertex -1.19979 10.4207 0.5
      vertex -2.6867 10.1047 15.5
      vertex -1.19979 10.4207 15.5
    endloop
  endfacet
  facet normal -0.207879 0.978155 0
    outer loop
      vertex -2.6867 10.1047 15.5
      vertex -1.19979 10.4207 0.5
      vertex -2.6867 10.1047 0.5
    endloop
  endfacet
  facet normal -0.0844739 0.399843 0.912683
    outer loop
      vertex -1.07142 10.1938 15.933
      vertex -1.12254 10.183 15.933
      vertex -1.06143 10.0989 15.9755
    endloop
  endfacet
  facet normal -0.122585 0.576625 0.80776
    outer loop
      vertex -2.56716 9.9619 15.8716
      vertex -1.12254 10.183 15.933
      vertex -1.08026 10.278 15.8716
    endloop
  endfacet
  facet normal -0.1226 0.576753 0.807666
    outer loop
      vertex -1.12254 10.183 15.933
      vertex -2.56716 9.9619 15.8716
      vertex -2.60944 9.86693 15.933
    endloop
  endfacet
  facet normal -0.824041 0.475791 0.307539
    outer loop
      vertex -2.90172 9.89765 15.7034
      vertex -2.97898 9.82809 15.604
      vertex -2.94947 9.81495 15.7034
    endloop
  endfacet
  facet normal -0.904962 0.294048 0.307537
    outer loop
      vertex -2.97898 9.82809 15.604
      vertex -2.97898 9.72413 15.7034
      vertex -2.94947 9.81495 15.7034
    endloop
  endfacet
  facet normal -0.510621 0.294806 0.807685
    outer loop
      vertex -2.80286 9.82582 15.8716
      vertex -2.83783 9.76525 15.8716
      vertex -2.76057 9.73085 15.933
    endloop
  endfacet
  facet normal -0.387577 0.869109 -0.307301
    outer loop
      vertex -2.67334 10.0636 0.296632
      vertex -2.76057 10.0247 0.296632
      vertex -2.68332 10.0943 0.396045
    endloop
  endfacet
  facet normal -0.179834 0.848398 -0.497876
    outer loop
      vertex -2.65719 10.0139 0.206108
      vertex -2.67334 10.0636 0.296632
      vertex -2.57993 10.0834 0.296632
    endloop
  endfacet
  facet normal 0.122652 0.576998 -0.807483
    outer loop
      vertex 1.12254 10.183 0.066988
      vertex 2.56716 9.9619 0.128428
      vertex 2.60944 9.86693 0.066988
    endloop
  endfacet
  facet normal 0.122637 0.57687 -0.807577
    outer loop
      vertex 2.56716 9.9619 0.128428
      vertex 1.12254 10.183 0.066988
      vertex 1.08026 10.278 0.128428
    endloop
  endfacet
  facet normal 0.180323 0.848496 -0.497533
    outer loop
      vertex 1.17028 10.3299 0.206108
      vertex 2.57993 10.0834 0.296632
      vertex 2.65719 10.0139 0.206108
    endloop
  endfacet
  facet normal 0.180298 0.848103 -0.49821
    outer loop
      vertex 2.57993 10.0834 0.296632
      vertex 1.17028 10.3299 0.206108
      vertex 1.09303 10.3995 0.296632
    endloop
  endfacet
  facet normal 0.0849629 0.190975 -0.977911
    outer loop
      vertex 2.55832 9.67443 0.00273991
      vertex 2.54834 9.67887 0.00273991
      vertex 2.60944 9.76297 0.0244722
    endloop
  endfacet
  facet normal 0.122821 0.169118 -0.977913
    outer loop
      vertex 2.56716 9.66801 0.00273991
      vertex 2.55832 9.67443 0.00273991
      vertex 2.60944 9.76297 0.0244722
    endloop
  endfacet
  facet normal 0.0849571 0.399667 -0.912715
    outer loop
      vertex 2.57993 9.77611 0.0244722
      vertex 1.12254 10.183 0.066988
      vertex 2.60944 9.86693 0.066988
    endloop
  endfacet
  facet normal 0.239926 0.538886 -0.807488
    outer loop
      vertex 2.65719 9.84567 0.066988
      vertex 2.63557 9.94736 0.128428
      vertex 2.69947 9.91891 0.128428
    endloop
  endfacet
  facet normal 0.388624 0.126276 -0.912702
    outer loop
      vertex 2.67334 9.69201 0.0244722
      vertex 2.8909 9.32975 0.066988
      vertex 2.80367 9.29091 0.0244722
    endloop
  endfacet
  facet normal 0.388624 0.126276 -0.912702
    outer loop
      vertex 2.8909 9.32975 0.066988
      vertex 2.67334 9.69201 0.0244722
      vertex 2.76057 9.73085 0.066988
    endloop
  endfacet
  facet normal 0.346698 0.477247 -0.807487
    outer loop
      vertex 2.75606 9.8778 0.128428
      vertex 2.65719 9.84567 0.066988
      vertex 2.69947 9.91891 0.128428
    endloop
  endfacet
  facet normal 0.437868 0.602748 -0.667058
    outer loop
      vertex 2.75606 9.8778 0.128428
      vertex 2.69947 9.91891 0.128428
      vertex 2.80286 9.92977 0.206108
    endloop
  endfacet
  facet normal 0.122636 0.576994 -0.807489
    outer loop
      vertex 2.60944 9.86693 0.066988
      vertex 2.56716 9.9619 0.128428
      vertex 2.63557 9.94736 0.128428
    endloop
  endfacet
  facet normal 0.154857 0.728596 -0.667209
    outer loop
      vertex 2.63557 9.94736 0.128428
      vertex 2.56716 9.9619 0.128428
      vertex 2.65719 10.0139 0.206108
    endloop
  endfacet
  facet normal 0.438366 0.394687 -0.807501
    outer loop
      vertex 2.73444 9.77611 0.066988
      vertex 2.69947 9.81495 0.066988
      vertex 2.80286 9.82582 0.128428
    endloop
  endfacet
  facet normal 0.166203 0.373261 -0.912717
    outer loop
      vertex 2.60944 9.76297 0.0244722
      vertex 2.57993 9.77611 0.0244722
      vertex 2.65719 9.84567 0.066988
    endloop
  endfacet
  facet normal 0.708508 0.230197 -0.667102
    outer loop
      vertex 2.96815 9.36415 0.128428
      vertex 2.92786 9.71327 0.206108
      vertex 3.03205 9.39259 0.206108
    endloop
  endfacet
  facet normal 0.708503 0.230197 -0.667107
    outer loop
      vertex 2.92786 9.71327 0.206108
      vertex 2.96815 9.36415 0.128428
      vertex 2.83783 9.76525 0.128428
    endloop
  endfacet
  facet normal -0.179822 0.848342 0.497975
    outer loop
      vertex -2.57993 10.0834 15.7034
      vertex -2.67334 10.0636 15.7034
      vertex -2.65719 10.0139 15.7939
    endloop
  endfacet
  facet normal -0.180286 0.848048 0.498309
    outer loop
      vertex -2.57993 10.0834 15.7034
      vertex -1.17028 10.3299 15.7939
      vertex -1.09303 10.3995 15.7034
    endloop
  endfacet
  facet normal -0.180312 0.84844 0.497632
    outer loop
      vertex -1.17028 10.3299 15.7939
      vertex -2.57993 10.0834 15.7034
      vertex -2.65719 10.0139 15.7939
    endloop
  endfacet
  facet normal -0.904961 0.29405 0.30754
    outer loop
      vertex -3.10931 9.42699 15.604
      vertex -2.97898 9.72413 15.7034
      vertex -2.97898 9.82809 15.604
    endloop
  endfacet
  facet normal -0.904961 0.294051 0.307538
    outer loop
      vertex -2.97898 9.72413 15.7034
      vertex -3.10931 9.42699 15.604
      vertex -3.0798 9.41385 15.7034
    endloop
  endfacet
  facet normal -0.0849334 0.399552 0.912767
    outer loop
      vertex -1.12254 10.183 15.933
      vertex -2.57993 9.77611 15.9755
      vertex -1.06143 10.0989 15.9755
    endloop
  endfacet
  facet normal -0.0849308 0.399543 0.912772
    outer loop
      vertex -1.12254 10.183 15.933
      vertex -2.60944 9.86693 15.933
      vertex -2.57993 9.77611 15.9755
    endloop
  endfacet
  facet normal -0.353753 0.204259 0.912764
    outer loop
      vertex -2.65719 9.71998 15.9755
      vertex -2.73444 9.77611 15.933
      vertex -2.67334 9.69201 15.9755
    endloop
  endfacet
  facet normal -0.181527 0.104815 0.977784
    outer loop
      vertex -2.65719 9.71998 15.9755
      vertex -2.67334 9.69201 15.9755
      vertex -2.57993 9.65042 15.9973
    endloop
  endfacet
  facet normal -0.181617 0.104713 0.977778
    outer loop
      vertex -2.57447 9.65989 15.9973
      vertex -2.65719 9.71998 15.9755
      vertex -2.57993 9.65042 15.9973
    endloop
  endfacet
  facet normal -0.123187 0.169622 0.97778
    outer loop
      vertex -2.55832 9.67443 15.9973
      vertex -2.60944 9.76297 15.9755
      vertex -2.56716 9.66801 15.9973
    endloop
  endfacet
  facet normal 0.708585 0.230224 0.667012
    outer loop
      vertex 2.96815 9.36415 15.8716
      vertex 2.92786 9.71327 15.7939
      vertex 2.83783 9.76525 15.8716
    endloop
  endfacet
  facet normal 0.70859 0.230223 0.667007
    outer loop
      vertex 2.92786 9.71327 15.7939
      vertex 2.96815 9.36415 15.8716
      vertex 3.03205 9.39259 15.7939
    endloop
  endfacet
  facet normal 0.904962 0.294048 0.307537
    outer loop
      vertex 2.97898 9.82809 15.604
      vertex 2.94947 9.81495 15.7034
      vertex 2.97898 9.72413 15.7034
    endloop
  endfacet
  facet normal 0.824724 0.26798 0.498013
    outer loop
      vertex 2.92786 9.71327 15.7939
      vertex 3.0798 9.41385 15.7034
      vertex 2.97898 9.72413 15.7034
    endloop
  endfacet
  facet normal 0.824697 0.267947 0.498076
    outer loop
      vertex 3.0798 9.41385 15.7034
      vertex 2.92786 9.71327 15.7939
      vertex 3.03205 9.39259 15.7939
    endloop
  endfacet
  facet normal -0.181078 0.104402 -0.977912
    outer loop
      vertex -2.57993 9.65042 0.00273991
      vertex -2.65719 9.71998 0.0244722
      vertex -2.57447 9.65989 0.00273991
    endloop
  endfacet
  facet normal -0.558994 0.769975 -0.307676
    outer loop
      vertex -2.76057 10.0247 0.296632
      vertex -2.83783 9.96861 0.296632
      vertex -2.77672 10.0527 0.396045
    endloop
  endfacet
  facet normal -0.739103 0.665562 -0.103704
    outer loop
      vertex -2.85944 9.99262 0.396045
      vertex -2.92786 9.91664 0.396045
      vertex -2.86675 10.0007 0.5
    endloop
  endfacet
  facet normal -0.509486 0.701781 -0.497922
    outer loop
      vertex -2.80286 9.92977 0.206108
      vertex -2.83783 9.96861 0.296632
      vertex -2.76057 10.0247 0.296632
    endloop
  endfacet
  facet normal -0.645206 0.372465 -0.667067
    outer loop
      vertex -2.80286 9.82582 0.128428
      vertex -2.90172 9.79369 0.206108
      vertex -2.85944 9.86693 0.206108
    endloop
  endfacet
  facet normal -0.3032 0.680483 -0.667093
    outer loop
      vertex -2.69947 9.91891 0.128428
      vertex -2.73444 9.97948 0.206108
      vertex -2.65719 10.0139 0.206108
    endloop
  endfacet
  facet normal -0.437891 0.602705 -0.667082
    outer loop
      vertex -2.69947 9.91891 0.128428
      vertex -2.80286 9.92977 0.206108
      vertex -2.73444 9.97948 0.206108
    endloop
  endfacet
  facet normal -0.584497 0.804754 0.103607
    outer loop
      vertex -2.77672 10.0527 15.604
      vertex -2.86675 10.0007 15.5
      vertex -2.85944 9.99262 15.604
    endloop
  endfacet
  facet normal -0.739106 0.665565 0.10366
    outer loop
      vertex -2.86675 10.0007 15.5
      vertex -2.92786 9.91664 15.604
      vertex -2.85944 9.99262 15.604
    endloop
  endfacet
  facet normal -0.197847 0.930653 -0.307802
    outer loop
      vertex -2.57993 10.0834 0.296632
      vertex -1.19642 10.4104 0.396045
      vertex -1.09303 10.3995 0.296632
    endloop
  endfacet
  facet normal -0.197847 0.930653 -0.307802
    outer loop
      vertex -1.19642 10.4104 0.396045
      vertex -2.57993 10.0834 0.296632
      vertex -2.68332 10.0943 0.396045
    endloop
  endfacet
  facet normal -0.122637 0.57687 -0.807577
    outer loop
      vertex -1.12254 10.183 0.066988
      vertex -2.56716 9.9619 0.128428
      vertex -1.08026 10.278 0.128428
    endloop
  endfacet
  facet normal -0.122652 0.576998 -0.807483
    outer loop
      vertex -2.56716 9.9619 0.128428
      vertex -1.12254 10.183 0.066988
      vertex -2.60944 9.86693 0.066988
    endloop
  endfacet
  facet normal 0.0849597 0.399676 -0.912711
    outer loop
      vertex 2.57993 9.77611 0.0244722
      vertex 1.06143 10.0989 0.0244722
      vertex 1.12254 10.183 0.066988
    endloop
  endfacet
  facet normal 0.0845001 0.399967 -0.912626
    outer loop
      vertex 1.12254 10.183 0.066988
      vertex 1.06143 10.0989 0.0244722
      vertex 1.07142 10.1938 0.066988
    endloop
  endfacet
  facet normal 0.155341 0.139845 -0.977912
    outer loop
      vertex 2.57447 9.65989 0.00273991
      vertex 2.56716 9.66801 0.00273991
      vertex 2.63557 9.74399 0.0244722
    endloop
  endfacet
  facet normal 0.240183 0.330565 -0.91271
    outer loop
      vertex 2.69947 9.81495 0.066988
      vertex 2.63557 9.74399 0.0244722
      vertex 2.65719 9.84567 0.066988
    endloop
  endfacet
  facet normal 0.346725 0.477198 -0.807505
    outer loop
      vertex 2.69947 9.81495 0.066988
      vertex 2.65719 9.84567 0.066988
      vertex 2.75606 9.8778 0.128428
    endloop
  endfacet
  facet normal -0.198762 0.064584 -0.977918
    outer loop
      vertex -2.80367 9.29091 0.0244722
      vertex -2.57993 9.65042 0.00273991
      vertex -2.71026 9.24932 0.00273991
    endloop
  endfacet
  facet normal -0.198762 0.064584 -0.977918
    outer loop
      vertex -2.57993 9.65042 0.00273991
      vertex -2.80367 9.29091 0.0244722
      vertex -2.67334 9.69201 0.0244722
    endloop
  endfacet
  facet normal 0.181078 0.104402 -0.977912
    outer loop
      vertex 2.57993 9.65042 0.00273991
      vertex 2.57447 9.65989 0.00273991
      vertex 2.65719 9.71998 0.0244722
    endloop
  endfacet
  facet normal -0.180988 0.104503 -0.977917
    outer loop
      vertex -2.57993 9.65042 0.00273991
      vertex -2.67334 9.69201 0.0244722
      vertex -2.65719 9.71998 0.0244722
    endloop
  endfacet
  facet normal 0.561034 0.182298 -0.80747
    outer loop
      vertex 2.76057 9.73085 0.066988
      vertex 2.96815 9.36415 0.128428
      vertex 2.8909 9.32975 0.066988
    endloop
  endfacet
  facet normal 0.560998 0.182272 -0.807501
    outer loop
      vertex 2.96815 9.36415 0.128428
      vertex 2.76057 9.73085 0.066988
      vertex 2.83783 9.76525 0.128428
    endloop
  endfacet
  facet normal -0.166152 0.373146 0.912774
    outer loop
      vertex -2.57993 9.77611 15.9755
      vertex -2.65719 9.84567 15.933
      vertex -2.60944 9.76297 15.9755
    endloop
  endfacet
  facet normal -0.240049 0.330479 0.912776
    outer loop
      vertex -2.60944 9.76297 15.9755
      vertex -2.65719 9.84567 15.933
      vertex -2.63557 9.74399 15.9755
    endloop
  endfacet
  facet normal 0.645277 0.37255 0.666951
    outer loop
      vertex 2.90172 9.79369 15.7939
      vertex 2.80286 9.82582 15.8716
      vertex 2.83783 9.76525 15.8716
    endloop
  endfacet
  facet normal 0.510621 0.294806 0.807685
    outer loop
      vertex 2.80286 9.82582 15.8716
      vertex 2.76057 9.73085 15.933
      vertex 2.83783 9.76525 15.8716
    endloop
  endfacet
  facet normal -0.644478 0.580267 -0.497934
    outer loop
      vertex -2.80286 9.92977 0.206108
      vertex -2.90172 9.89765 0.296632
      vertex -2.83783 9.96861 0.296632
    endloop
  endfacet
  facet normal -0.644476 0.580274 -0.497928
    outer loop
      vertex -2.85944 9.86693 0.206108
      vertex -2.90172 9.89765 0.296632
      vertex -2.80286 9.92977 0.206108
    endloop
  endfacet
  facet normal -0.438366 0.394687 -0.807501
    outer loop
      vertex -2.73444 9.77611 0.066988
      vertex -2.80286 9.82582 0.128428
      vertex -2.69947 9.81495 0.066988
    endloop
  endfacet
  facet normal -0.510845 0.294926 -0.8075
    outer loop
      vertex -2.76057 9.73085 0.066988
      vertex -2.80286 9.82582 0.128428
      vertex -2.73444 9.77611 0.066988
    endloop
  endfacet
  facet normal -0.824051 0.475797 -0.307502
    outer loop
      vertex -2.94947 9.81495 0.296632
      vertex -2.97898 9.82809 0.396045
      vertex -2.90172 9.89765 0.296632
    endloop
  endfacet
  facet normal -0.824066 0.475734 -0.307558
    outer loop
      vertex -2.90172 9.89765 0.296632
      vertex -2.97898 9.82809 0.396045
      vertex -2.92786 9.91664 0.396045
    endloop
  endfacet
  facet normal -0.180298 0.848103 -0.49821
    outer loop
      vertex -1.17028 10.3299 0.206108
      vertex -2.57993 10.0834 0.296632
      vertex -1.09303 10.3995 0.296632
    endloop
  endfacet
  facet normal -0.180323 0.848496 -0.497533
    outer loop
      vertex -2.57993 10.0834 0.296632
      vertex -1.17028 10.3299 0.206108
      vertex -2.65719 10.0139 0.206108
    endloop
  endfacet
  facet normal 0.180988 0.104503 -0.977917
    outer loop
      vertex 2.67334 9.69201 0.0244722
      vertex 2.57993 9.65042 0.00273991
      vertex 2.65719 9.71998 0.0244722
    endloop
  endfacet
  facet normal 0.155321 0.13986 -0.977913
    outer loop
      vertex 2.65719 9.71998 0.0244722
      vertex 2.57447 9.65989 0.00273991
      vertex 2.63557 9.74399 0.0244722
    endloop
  endfacet
  facet normal 0.824725 0.267977 0.498013
    outer loop
      vertex 2.94947 9.81495 15.7034
      vertex 2.92786 9.71327 15.7939
      vertex 2.97898 9.72413 15.7034
    endloop
  endfacet
  facet normal 0.82466 0.268051 0.498081
    outer loop
      vertex 2.94947 9.81495 15.7034
      vertex 2.90172 9.79369 15.7939
      vertex 2.92786 9.71327 15.7939
    endloop
  endfacet
  facet normal -0.085216 -0.191544 0.977778
    outer loop
      vertex -2.55832 -9.67443 15.9973
      vertex -2.60944 -9.76297 15.9755
      vertex -2.54834 -9.67887 15.9973
    endloop
  endfacet
  facet normal -0.0852717 -0.191504 0.977781
    outer loop
      vertex -2.54834 -9.67887 15.9973
      vertex -2.60944 -9.76297 15.9755
      vertex -2.57993 -9.77611 15.9755
    endloop
  endfacet
  facet normal -0.388504 -0.126237 0.912759
    outer loop
      vertex -2.8909 -9.32975 15.933
      vertex -2.67334 -9.69201 15.9755
      vertex -2.80367 -9.29091 15.9755
    endloop
  endfacet
  facet normal -0.388504 -0.126237 0.912759
    outer loop
      vertex -2.67334 -9.69201 15.9755
      vertex -2.8909 -9.32975 15.933
      vertex -2.76057 -9.73085 15.933
    endloop
  endfacet
  facet normal -0.207424 -0.972802 -0.103111
    outer loop
      vertex -1.09755 -10.4425 0.5
      vertex -1.19979 -10.4207 0.5
      vertex -1.19642 -10.4104 0.396045
    endloop
  endfacet
  facet normal -0.0436336 -0.204389 -0.977917
    outer loop
      vertex -1.05075 -9.9972 0.00273991
      vertex -1.06143 -10.0989 0.0244722
      vertex -1.06143 -9.99492 0.00273991
    endloop
  endfacet
  facet normal 0.240109 -0.330462 0.912766
    outer loop
      vertex 2.69947 -9.81495 15.933
      vertex 2.63557 -9.74399 15.9755
      vertex 2.65719 -9.84567 15.933
    endloop
  endfacet
  facet normal 0.0844739 -0.399843 0.912683
    outer loop
      vertex 1.12254 -10.183 15.933
      vertex 1.06143 -10.0989 15.9755
      vertex 1.07142 -10.1938 15.933
    endloop
  endfacet
  facet normal -0.861364 -0.497237 -0.103956
    outer loop
      vertex -2.9367 -9.92306 0.5
      vertex -2.98896 -9.83253 0.5
      vertex -2.92786 -9.91664 0.396045
    endloop
  endfacet
  facet normal -0.0435838 -0.205047 0.977781
    outer loop
      vertex -2.54834 -9.67887 15.9973
      vertex -2.57993 -9.77611 15.9755
      vertex -1.06143 -9.99492 15.9973
    endloop
  endfacet
  facet normal -0.0849334 -0.399552 0.912767
    outer loop
      vertex -1.06143 -10.0989 15.9755
      vertex -2.57993 -9.77611 15.9755
      vertex -1.12254 -10.183 15.933
    endloop
  endfacet
  facet normal 0.824056 -0.475728 0.307595
    outer loop
      vertex 2.97898 -9.82809 15.604
      vertex 2.90172 -9.89765 15.7034
      vertex 2.92786 -9.91664 15.604
    endloop
  endfacet
  facet normal -0.404646 -0.908509 0.104272
    outer loop
      vertex -2.77672 -10.0527 15.604
      vertex -2.78219 -10.0622 15.5
      vertex -2.68332 -10.0943 15.604
    endloop
  endfacet
  facet normal -0.180323 -0.848496 -0.497533
    outer loop
      vertex -1.17028 -10.3299 0.206108
      vertex -2.57993 -10.0834 0.296632
      vertex -2.65719 -10.0139 0.206108
    endloop
  endfacet
  facet normal -0.180298 -0.848103 -0.49821
    outer loop
      vertex -2.57993 -10.0834 0.296632
      vertex -1.17028 -10.3299 0.206108
      vertex -1.09303 -10.3995 0.296632
    endloop
  endfacet
  facet normal 0.179822 -0.848342 0.497975
    outer loop
      vertex 2.65719 -10.0139 15.7939
      vertex 2.57993 -10.0834 15.7034
      vertex 2.67334 -10.0636 15.7034
    endloop
  endfacet
  facet normal -0.0437636 -0.204998 0.977784
    outer loop
      vertex -1.06143 -9.99492 15.9973
      vertex -1.06143 -10.0989 15.9755
      vertex -1.05075 -9.9972 15.9973
    endloop
  endfacet
  facet normal 0 -0.209595 0.977788
    outer loop
      vertex -1.05075 -9.9972 15.9973
      vertex 1.06143 -10.0989 15.9755
      vertex 1.05075 -9.9972 15.9973
    endloop
  endfacet
  facet normal 0 -0.209595 0.977788
    outer loop
      vertex 1.06143 -10.0989 15.9755
      vertex -1.05075 -9.9972 15.9973
      vertex -1.06143 -10.0989 15.9755
    endloop
  endfacet
  facet normal -0.0435771 -0.205 0.977791
    outer loop
      vertex -1.06143 -9.99492 15.9973
      vertex -2.57993 -9.77611 15.9755
      vertex -1.06143 -10.0989 15.9755
    endloop
  endfacet
  facet normal 0.560998 -0.182272 -0.807501
    outer loop
      vertex 2.76057 -9.73085 0.066988
      vertex 2.96815 -9.36415 0.128428
      vertex 2.83783 -9.76525 0.128428
    endloop
  endfacet
  facet normal 0.561034 -0.182298 -0.80747
    outer loop
      vertex 2.96815 -9.36415 0.128428
      vertex 2.76057 -9.73085 0.066988
      vertex 2.8909 -9.32975 0.066988
    endloop
  endfacet
  facet normal 0.0435771 -0.205 0.977791
    outer loop
      vertex 1.06143 -9.99492 15.9973
      vertex 1.06143 -10.0989 15.9755
      vertex 2.57993 -9.77611 15.9755
    endloop
  endfacet
  facet normal -0.584494 -0.80475 -0.103651
    outer loop
      vertex -2.77672 -10.0527 0.396045
      vertex -2.86675 -10.0007 0.5
      vertex -2.85944 -9.99262 0.396045
    endloop
  endfacet
  facet normal -0.707129 -0.636675 0.307594
    outer loop
      vertex -2.90172 -9.89765 15.7034
      vertex -2.92786 -9.91664 15.604
      vertex -2.83783 -9.96861 15.7034
    endloop
  endfacet
  facet normal -0.951052 -0.309031 0
    outer loop
      vertex -3.02126 -9.73312 0.5
      vertex -3.11929 -9.43143 15.5
      vertex -3.11929 -9.43143 0.5
    endloop
  endfacet
  facet normal -0.951052 -0.309031 0
    outer loop
      vertex -3.11929 -9.43143 15.5
      vertex -3.02126 -9.73312 0.5
      vertex -3.02126 -9.73312 15.5
    endloop
  endfacet
  facet normal 0.0849334 -0.399552 0.912767
    outer loop
      vertex 2.57993 -9.77611 15.9755
      vertex 1.06143 -10.0989 15.9755
      vertex 1.12254 -10.183 15.933
    endloop
  endfacet
  facet normal 0.1226 -0.576753 0.807666
    outer loop
      vertex 1.12254 -10.183 15.933
      vertex 2.56716 -9.9619 15.8716
      vertex 2.60944 -9.86693 15.933
    endloop
  endfacet
  facet normal 0.122585 -0.576625 0.80776
    outer loop
      vertex 2.56716 -9.9619 15.8716
      vertex 1.12254 -10.183 15.933
      vertex 1.08026 -10.278 15.8716
    endloop
  endfacet
  facet normal 0.121782 -0.576434 0.808018
    outer loop
      vertex 1.12254 -10.183 15.933
      vertex 1.07142 -10.1938 15.933
      vertex 1.08026 -10.278 15.8716
    endloop
  endfacet
  facet normal -0.353771 -0.204243 0.91276
    outer loop
      vertex -2.67334 -9.69201 15.9755
      vertex -2.76057 -9.73085 15.933
      vertex -2.73444 -9.77611 15.933
    endloop
  endfacet
  facet normal 0.0437636 -0.204998 0.977784
    outer loop
      vertex 1.06143 -9.99492 15.9973
      vertex 1.05075 -9.9972 15.9973
      vertex 1.06143 -10.0989 15.9755
    endloop
  endfacet
  facet normal -0.179834 -0.848398 -0.497876
    outer loop
      vertex -2.57993 -10.0834 0.296632
      vertex -2.67334 -10.0636 0.296632
      vertex -2.65719 -10.0139 0.206108
    endloop
  endfacet
  facet normal -0.155341 -0.139845 -0.977912
    outer loop
      vertex -2.56716 -9.66801 0.00273991
      vertex -2.63557 -9.74399 0.0244722
      vertex -2.57447 -9.65989 0.00273991
    endloop
  endfacet
  facet normal 0.0434477 -0.204391 -0.977925
    outer loop
      vertex 2.57993 -9.77611 0.0244722
      vertex 1.06143 -10.0989 0.0244722
      vertex 1.06143 -9.99492 0.00273991
    endloop
  endfacet
  facet normal -0.584979 -0.804322 0.104239
    outer loop
      vertex -2.77672 -10.0527 15.604
      vertex -2.86675 -10.0007 15.5
      vertex -2.78219 -10.0622 15.5
    endloop
  endfacet
  facet normal -0.207879 -0.978155 0
    outer loop
      vertex -2.6867 -10.1047 0.5
      vertex -1.19979 -10.4207 15.5
      vertex -2.6867 -10.1047 15.5
    endloop
  endfacet
  facet normal -0.207879 -0.978155 -0
    outer loop
      vertex -1.19979 -10.4207 15.5
      vertex -2.6867 -10.1047 0.5
      vertex -1.19979 -10.4207 0.5
    endloop
  endfacet
  facet normal -0.406618 -0.913598 0
    outer loop
      vertex -2.78219 -10.0622 0.5
      vertex -2.6867 -10.1047 15.5
      vertex -2.78219 -10.0622 15.5
    endloop
  endfacet
  facet normal -0.406618 -0.913598 -0
    outer loop
      vertex -2.6867 -10.1047 15.5
      vertex -2.78219 -10.0622 0.5
      vertex -2.6867 -10.1047 0.5
    endloop
  endfacet
  facet normal 0.207879 -0.978155 0
    outer loop
      vertex 1.19979 -10.4207 0.5
      vertex 2.6867 -10.1047 15.5
      vertex 1.19979 -10.4207 15.5
    endloop
  endfacet
  facet normal 0.207879 -0.978155 0
    outer loop
      vertex 2.6867 -10.1047 15.5
      vertex 1.19979 -10.4207 0.5
      vertex 2.6867 -10.1047 0.5
    endloop
  endfacet
  facet normal 0.208536 -0.978015 0
    outer loop
      vertex 1.09755 -10.4425 0.5
      vertex 1.19979 -10.4207 15.5
      vertex 1.09755 -10.4425 15.5
    endloop
  endfacet
  facet normal 0.208536 -0.978015 0
    outer loop
      vertex 1.19979 -10.4207 15.5
      vertex 1.09755 -10.4425 0.5
      vertex 1.19979 -10.4207 0.5
    endloop
  endfacet
  facet normal 0.207425 -0.972806 0.103067
    outer loop
      vertex 1.19642 -10.4104 15.604
      vertex 1.09755 -10.4425 15.5
      vertex 1.19979 -10.4207 15.5
    endloop
  endfacet
  facet normal -0.123203 -0.169614 0.977779
    outer loop
      vertex -2.56716 -9.66801 15.9973
      vertex -2.63557 -9.74399 15.9755
      vertex -2.60944 -9.76297 15.9755
    endloop
  endfacet
  facet normal 0.588183 -0.808728 0
    outer loop
      vertex 2.78219 -10.0622 0.5
      vertex 2.86675 -10.0007 15.5
      vertex 2.78219 -10.0622 15.5
    endloop
  endfacet
  facet normal 0.588183 -0.808728 0
    outer loop
      vertex 2.86675 -10.0007 15.5
      vertex 2.78219 -10.0622 0.5
      vertex 2.86675 -10.0007 0.5
    endloop
  endfacet
  facet normal 0.55918 -0.769896 0.307536
    outer loop
      vertex 2.83783 -9.96861 15.7034
      vertex 2.77672 -10.0527 15.604
      vertex 2.85944 -9.99262 15.604
    endloop
  endfacet
  facet normal 0 -0.951621 -0.307274
    outer loop
      vertex -1.09303 -10.3995 0.296632
      vertex 1.09641 -10.4316 0.396045
      vertex -1.09641 -10.4316 0.396045
    endloop
  endfacet
  facet normal 0 -0.951621 -0.307274
    outer loop
      vertex 1.09641 -10.4316 0.396045
      vertex -1.09303 -10.3995 0.296632
      vertex 1.09303 -10.3995 0.296632
    endloop
  endfacet
  facet normal 0.166142 -0.373155 0.912772
    outer loop
      vertex 2.65719 -9.84567 15.933
      vertex 2.57993 -9.77611 15.9755
      vertex 2.60944 -9.86693 15.933
    endloop
  endfacet
  facet normal 0.0435838 -0.205047 0.977781
    outer loop
      vertex 2.54834 -9.67887 15.9973
      vertex 1.06143 -9.99492 15.9973
      vertex 2.57993 -9.77611 15.9755
    endloop
  endfacet
  facet normal 0.708599 -0.230326 0.666961
    outer loop
      vertex 2.92786 -9.71327 15.7939
      vertex 2.83783 -9.76525 15.8716
      vertex 2.90172 -9.79369 15.7939
    endloop
  endfacet
  facet normal -0.206751 -0.97285 0.104004
    outer loop
      vertex -1.19979 -10.4207 15.5
      vertex -2.68332 -10.0943 15.604
      vertex -2.6867 -10.1047 15.5
    endloop
  endfacet
  facet normal -0.206836 -0.972932 0.10306
    outer loop
      vertex -2.68332 -10.0943 15.604
      vertex -1.19979 -10.4207 15.5
      vertex -1.19642 -10.4104 15.604
    endloop
  endfacet
  facet normal -0.588183 -0.808728 0
    outer loop
      vertex -2.86675 -10.0007 0.5
      vertex -2.78219 -10.0622 15.5
      vertex -2.86675 -10.0007 15.5
    endloop
  endfacet
  facet normal -0.588183 -0.808728 -0
    outer loop
      vertex -2.78219 -10.0622 15.5
      vertex -2.86675 -10.0007 0.5
      vertex -2.78219 -10.0622 0.5
    endloop
  endfacet
  facet normal -0.155112 -0.728938 -0.666775
    outer loop
      vertex -1.08757 -10.3475 0.206108
      vertex -1.17028 -10.3299 0.206108
      vertex -1.08026 -10.278 0.128428
    endloop
  endfacet
  facet normal -0.738921 -0.665733 0.103904
    outer loop
      vertex -2.92786 -9.91664 15.604
      vertex -2.9367 -9.92306 15.5
      vertex -2.86675 -10.0007 15.5
    endloop
  endfacet
  facet normal 0 -0.745342 0.666683
    outer loop
      vertex -1.08757 -10.3475 15.7939
      vertex 1.08026 -10.278 15.8716
      vertex -1.08026 -10.278 15.8716
    endloop
  endfacet
  facet normal 0 -0.745342 0.666683
    outer loop
      vertex 1.08026 -10.278 15.8716
      vertex -1.08757 -10.3475 15.7939
      vertex 1.08757 -10.3475 15.7939
    endloop
  endfacet
  facet normal -0.154862 -0.728689 0.667105
    outer loop
      vertex -1.17028 -10.3299 15.7939
      vertex -2.56716 -9.9619 15.8716
      vertex -2.65719 -10.0139 15.7939
    endloop
  endfacet
  facet normal -0.155004 -0.729121 0.6666
    outer loop
      vertex -2.56716 -9.9619 15.8716
      vertex -1.17028 -10.3299 15.7939
      vertex -1.08026 -10.278 15.8716
    endloop
  endfacet
  facet normal -0.404411 -0.908639 -0.104052
    outer loop
      vertex -2.6867 -10.1047 0.5
      vertex -2.78219 -10.0622 0.5
      vertex -2.68332 -10.0943 0.396045
    endloop
  endfacet
  facet normal -0.206241 -0.972934 0.104232
    outer loop
      vertex -1.09641 -10.4316 15.604
      vertex -1.19642 -10.4104 15.604
      vertex -1.09755 -10.4425 15.5
    endloop
  endfacet
  facet normal -0.945901 -0.307357 -0.103937
    outer loop
      vertex -3.10931 -9.42699 0.396045
      vertex -3.02126 -9.73312 0.5
      vertex -3.11929 -9.43143 0.5
    endloop
  endfacet
  facet normal -0.945904 -0.307354 -0.103924
    outer loop
      vertex -3.02126 -9.73312 0.5
      vertex -3.10931 -9.42699 0.396045
      vertex -2.97898 -9.82809 0.396045
    endloop
  endfacet
  facet normal 0.0849308 -0.399543 0.912772
    outer loop
      vertex 2.57993 -9.77611 15.9755
      vertex 1.12254 -10.183 15.933
      vertex 2.60944 -9.86693 15.933
    endloop
  endfacet
  facet normal 0.510838 -0.294931 -0.807503
    outer loop
      vertex 2.80286 -9.82582 0.128428
      vertex 2.76057 -9.73085 0.066988
      vertex 2.83783 -9.76525 0.128428
    endloop
  endfacet
  facet normal 0.0849571 -0.399667 -0.912715
    outer loop
      vertex 2.60944 -9.86693 0.066988
      vertex 1.12254 -10.183 0.066988
      vertex 2.57993 -9.77611 0.0244722
    endloop
  endfacet
  facet normal -0.155321 -0.13986 -0.977913
    outer loop
      vertex -2.63557 -9.74399 0.0244722
      vertex -2.65719 -9.71998 0.0244722
      vertex -2.57447 -9.65989 0.00273991
    endloop
  endfacet
  facet normal 0.645203 -0.372507 -0.667046
    outer loop
      vertex 2.90172 -9.79369 0.206108
      vertex 2.80286 -9.82582 0.128428
      vertex 2.83783 -9.76525 0.128428
    endloop
  endfacet
  facet normal 0.738921 -0.665733 0.103904
    outer loop
      vertex 2.92786 -9.91664 15.604
      vertex 2.86675 -10.0007 15.5
      vertex 2.9367 -9.92306 15.5
    endloop
  endfacet
  facet normal 0.123187 -0.169622 0.97778
    outer loop
      vertex 2.56716 -9.66801 15.9973
      vertex 2.55832 -9.67443 15.9973
      vertex 2.60944 -9.76297 15.9755
    endloop
  endfacet
  facet normal 0.945905 -0.307359 0.103892
    outer loop
      vertex 3.10931 -9.42699 15.604
      vertex 3.02126 -9.73312 15.5
      vertex 3.11929 -9.43143 15.5
    endloop
  endfacet
  facet normal 0.945908 -0.307355 0.103879
    outer loop
      vertex 3.02126 -9.73312 15.5
      vertex 3.10931 -9.42699 15.604
      vertex 2.97898 -9.82809 15.604
    endloop
  endfacet
  facet normal 0.239829 -0.538657 0.80767
    outer loop
      vertex 2.65719 -9.84567 15.933
      vertex 2.60944 -9.86693 15.933
      vertex 2.63557 -9.94736 15.8716
    endloop
  endfacet
  facet normal 0.404646 -0.908509 0.104272
    outer loop
      vertex 2.77672 -10.0527 15.604
      vertex 2.68332 -10.0943 15.604
      vertex 2.78219 -10.0622 15.5
    endloop
  endfacet
  facet normal -0.510621 -0.294806 0.807685
    outer loop
      vertex -2.76057 -9.73085 15.933
      vertex -2.83783 -9.76525 15.8716
      vertex -2.80286 -9.82582 15.8716
    endloop
  endfacet
  facet normal -0.404645 -0.908505 -0.104316
    outer loop
      vertex -2.68332 -10.0943 0.396045
      vertex -2.78219 -10.0622 0.5
      vertex -2.77672 -10.0527 0.396045
    endloop
  endfacet
  facet normal -0.584976 -0.804318 -0.104284
    outer loop
      vertex -2.78219 -10.0622 0.5
      vertex -2.86675 -10.0007 0.5
      vertex -2.77672 -10.0527 0.396045
    endloop
  endfacet
  facet normal -0.559187 -0.769905 -0.3075
    outer loop
      vertex -2.77672 -10.0527 0.396045
      vertex -2.85944 -9.99262 0.396045
      vertex -2.83783 -9.96861 0.296632
    endloop
  endfacet
  facet normal 0.0849597 -0.399676 -0.912711
    outer loop
      vertex 1.12254 -10.183 0.066988
      vertex 1.06143 -10.0989 0.0244722
      vertex 2.57993 -9.77611 0.0244722
    endloop
  endfacet
  facet normal -0.945905 -0.307359 0.103892
    outer loop
      vertex -3.02126 -9.73312 15.5
      vertex -3.10931 -9.42699 15.604
      vertex -3.11929 -9.43143 15.5
    endloop
  endfacet
  facet normal -0.945908 -0.307355 0.103879
    outer loop
      vertex -3.10931 -9.42699 15.604
      vertex -3.02126 -9.73312 15.5
      vertex -2.97898 -9.82809 15.604
    endloop
  endfacet
  facet normal -0.707138 -0.636683 -0.307557
    outer loop
      vertex -2.83783 -9.96861 0.296632
      vertex -2.92786 -9.91664 0.396045
      vertex -2.90172 -9.89765 0.296632
    endloop
  endfacet
  facet normal -0.750947 -0.433588 0.498075
    outer loop
      vertex -2.90172 -9.79369 15.7939
      vertex -2.94947 -9.81495 15.7034
      vertex -2.90172 -9.89765 15.7034
    endloop
  endfacet
  facet normal -0.739106 -0.665565 0.10366
    outer loop
      vertex -2.85944 -9.99262 15.604
      vertex -2.92786 -9.91664 15.604
      vertex -2.86675 -10.0007 15.5
    endloop
  endfacet
  facet normal 0 -1 0
    outer loop
      vertex -1.09755 -10.4425 0.5
      vertex 1.09755 -10.4425 15.5
      vertex -1.09755 -10.4425 15.5
    endloop
  endfacet
  facet normal 0 -1 -0
    outer loop
      vertex 1.09755 -10.4425 15.5
      vertex -1.09755 -10.4425 0.5
      vertex 1.09755 -10.4425 0.5
    endloop
  endfacet
  facet normal -0.180312 -0.84844 0.497632
    outer loop
      vertex -2.57993 -10.0834 15.7034
      vertex -1.17028 -10.3299 15.7939
      vertex -2.65719 -10.0139 15.7939
    endloop
  endfacet
  facet normal -0.180286 -0.848048 0.498309
    outer loop
      vertex -1.17028 -10.3299 15.7939
      vertex -2.57993 -10.0834 15.7034
      vertex -1.09303 -10.3995 15.7034
    endloop
  endfacet
  facet normal -0.346551 -0.477045 0.80767
    outer loop
      vertex -2.65719 -9.84567 15.933
      vertex -2.75606 -9.8778 15.8716
      vertex -2.69947 -9.91891 15.8716
    endloop
  endfacet
  facet normal -0.197847 -0.930653 -0.307802
    outer loop
      vertex -2.57993 -10.0834 0.296632
      vertex -1.19642 -10.4104 0.396045
      vertex -2.68332 -10.0943 0.396045
    endloop
  endfacet
  facet normal -0.197847 -0.930653 -0.307802
    outer loop
      vertex -1.19642 -10.4104 0.396045
      vertex -2.57993 -10.0834 0.296632
      vertex -1.09303 -10.3995 0.296632
    endloop
  endfacet
  facet normal 0.122583 -0.576749 0.807672
    outer loop
      vertex 2.60944 -9.86693 15.933
      vertex 2.56716 -9.9619 15.8716
      vertex 2.63557 -9.94736 15.8716
    endloop
  endfacet
  facet normal 0.824066 -0.475734 -0.307558
    outer loop
      vertex 2.92786 -9.91664 0.396045
      vertex 2.90172 -9.89765 0.296632
      vertex 2.97898 -9.82809 0.396045
    endloop
  endfacet
  facet normal 0.180477 -0.848139 -0.498085
    outer loop
      vertex 1.09303 -10.3995 0.296632
      vertex 1.08757 -10.3475 0.206108
      vertex 1.17028 -10.3299 0.206108
    endloop
  endfacet
  facet normal -0.154857 -0.728596 -0.667209
    outer loop
      vertex -2.56716 -9.9619 0.128428
      vertex -2.65719 -10.0139 0.206108
      vertex -2.63557 -9.94736 0.128428
    endloop
  endfacet
  facet normal 0.346725 -0.477198 -0.807505
    outer loop
      vertex 2.75606 -9.8778 0.128428
      vertex 2.65719 -9.84567 0.066988
      vertex 2.69947 -9.81495 0.066988
    endloop
  endfacet
  facet normal 0.750997 -0.433617 -0.497976
    outer loop
      vertex 2.94947 -9.81495 0.296632
      vertex 2.90172 -9.89765 0.296632
      vertex 2.90172 -9.79369 0.206108
    endloop
  endfacet
  facet normal 0.239931 -0.538886 -0.807487
    outer loop
      vertex 2.63557 -9.94736 0.128428
      vertex 2.60944 -9.86693 0.066988
      vertex 2.65719 -9.84567 0.066988
    endloop
  endfacet
  facet normal 0.509453 -0.701735 0.498022
    outer loop
      vertex 2.80286 -9.92977 15.7939
      vertex 2.76057 -10.0247 15.7034
      vertex 2.83783 -9.96861 15.7034
    endloop
  endfacet
  facet normal 0.206836 -0.972932 0.10306
    outer loop
      vertex 1.19979 -10.4207 15.5
      vertex 2.68332 -10.0943 15.604
      vertex 1.19642 -10.4104 15.604
    endloop
  endfacet
  facet normal 0.206751 -0.97285 0.104004
    outer loop
      vertex 2.68332 -10.0943 15.604
      vertex 1.19979 -10.4207 15.5
      vertex 2.6867 -10.1047 15.5
    endloop
  endfacet
  facet normal -0.181617 -0.104713 0.977778
    outer loop
      vertex -2.57993 -9.65042 15.9973
      vertex -2.65719 -9.71998 15.9755
      vertex -2.57447 -9.65989 15.9973
    endloop
  endfacet
  facet normal 0.945906 -0.307341 -0.103937
    outer loop
      vertex 2.98896 -9.83253 0.5
      vertex 2.97898 -9.82809 0.396045
      vertex 3.02126 -9.73312 0.5
    endloop
  endfacet
  facet normal 0.707138 -0.636683 -0.307557
    outer loop
      vertex 2.92786 -9.91664 0.396045
      vertex 2.83783 -9.96861 0.296632
      vertex 2.90172 -9.89765 0.296632
    endloop
  endfacet
  facet normal 0.824779 -0.267994 -0.497914
    outer loop
      vertex 2.94947 -9.81495 0.296632
      vertex 2.92786 -9.71327 0.206108
      vertex 2.97898 -9.72413 0.296632
    endloop
  endfacet
  facet normal 0.584497 -0.804754 0.103607
    outer loop
      vertex 2.85944 -9.99262 15.604
      vertex 2.77672 -10.0527 15.604
      vertex 2.86675 -10.0007 15.5
    endloop
  endfacet
  facet normal -0.239829 -0.538657 0.80767
    outer loop
      vertex -2.60944 -9.86693 15.933
      vertex -2.65719 -9.84567 15.933
      vertex -2.63557 -9.94736 15.8716
    endloop
  endfacet
  facet normal -0.64528 -0.372507 0.666972
    outer loop
      vertex -2.80286 -9.82582 15.8716
      vertex -2.90172 -9.79369 15.7939
      vertex -2.85944 -9.86693 15.7939
    endloop
  endfacet
  facet normal -0.181527 -0.104815 0.977784
    outer loop
      vertex -2.57993 -9.65042 15.9973
      vertex -2.67334 -9.69201 15.9755
      vertex -2.65719 -9.71998 15.9755
    endloop
  endfacet
  facet normal -0.123187 -0.169622 0.97778
    outer loop
      vertex -2.56716 -9.66801 15.9973
      vertex -2.60944 -9.76297 15.9755
      vertex -2.55832 -9.67443 15.9973
    endloop
  endfacet
  facet normal -0.644433 -0.580236 0.498028
    outer loop
      vertex -2.85944 -9.86693 15.7939
      vertex -2.90172 -9.89765 15.7034
      vertex -2.80286 -9.92977 15.7939
    endloop
  endfacet
  facet normal -0.510628 -0.294801 0.807683
    outer loop
      vertex -2.76057 -9.73085 15.933
      vertex -2.80286 -9.82582 15.8716
      vertex -2.73444 -9.77611 15.933
    endloop
  endfacet
  facet normal -0.0434477 -0.204391 -0.977925
    outer loop
      vertex -1.06143 -10.0989 0.0244722
      vertex -2.57993 -9.77611 0.0244722
      vertex -1.06143 -9.99492 0.00273991
    endloop
  endfacet
  facet normal -0.750997 -0.433617 -0.497976
    outer loop
      vertex -2.90172 -9.89765 0.296632
      vertex -2.94947 -9.81495 0.296632
      vertex -2.90172 -9.79369 0.206108
    endloop
  endfacet
  facet normal -0.197328 -0.930931 -0.307293
    outer loop
      vertex -2.57993 -10.0834 0.296632
      vertex -2.68332 -10.0943 0.396045
      vertex -2.67334 -10.0636 0.296632
    endloop
  endfacet
  facet normal -0.353217 -0.792059 -0.497876
    outer loop
      vertex -2.67334 -10.0636 0.296632
      vertex -2.76057 -10.0247 0.296632
      vertex -2.65719 -10.0139 0.206108
    endloop
  endfacet
  facet normal 0 -0.208972 -0.977922
    outer loop
      vertex 1.06143 -10.0989 0.0244722
      vertex -1.05075 -9.9972 0.00273991
      vertex 1.05075 -9.9972 0.00273991
    endloop
  endfacet
  facet normal 0 -0.208972 -0.977922
    outer loop
      vertex -1.05075 -9.9972 0.00273991
      vertex 1.06143 -10.0989 0.0244722
      vertex -1.06143 -10.0989 0.0244722
    endloop
  endfacet
  facet normal -0.824056 -0.475728 0.307595
    outer loop
      vertex -2.90172 -9.89765 15.7034
      vertex -2.97898 -9.82809 15.604
      vertex -2.92786 -9.91664 15.604
    endloop
  endfacet
  facet normal -0.861358 -0.497263 0.103887
    outer loop
      vertex -2.97898 -9.82809 15.604
      vertex -2.98896 -9.83253 15.5
      vertex -2.92786 -9.91664 15.604
    endloop
  endfacet
  facet normal -0.861368 -0.49724 0.103911
    outer loop
      vertex -2.92786 -9.91664 15.604
      vertex -2.98896 -9.83253 15.5
      vertex -2.9367 -9.92306 15.5
    endloop
  endfacet
  facet normal -0.904962 -0.294048 0.307537
    outer loop
      vertex -2.97898 -9.72413 15.7034
      vertex -2.97898 -9.82809 15.604
      vertex -2.94947 -9.81495 15.7034
    endloop
  endfacet
  facet normal -0.824041 -0.475791 0.307539
    outer loop
      vertex -2.94947 -9.81495 15.7034
      vertex -2.97898 -9.82809 15.604
      vertex -2.90172 -9.89765 15.7034
    endloop
  endfacet
  facet normal -0.180465 -0.848083 0.498184
    outer loop
      vertex -1.08757 -10.3475 15.7939
      vertex -1.17028 -10.3299 15.7939
      vertex -1.09303 -10.3995 15.7034
    endloop
  endfacet
  facet normal -0.197845 -0.930641 0.307839
    outer loop
      vertex -1.19642 -10.4104 15.604
      vertex -2.57993 -10.0834 15.7034
      vertex -2.68332 -10.0943 15.604
    endloop
  endfacet
  facet normal -0.197845 -0.930641 0.307839
    outer loop
      vertex -2.57993 -10.0834 15.7034
      vertex -1.19642 -10.4104 15.604
      vertex -1.09303 -10.3995 15.7034
    endloop
  endfacet
  facet normal -0.122585 -0.576625 0.80776
    outer loop
      vertex -1.12254 -10.183 15.933
      vertex -2.56716 -9.9619 15.8716
      vertex -1.08026 -10.278 15.8716
    endloop
  endfacet
  facet normal -0.1226 -0.576753 0.807666
    outer loop
      vertex -2.56716 -9.9619 15.8716
      vertex -1.12254 -10.183 15.933
      vertex -2.60944 -9.86693 15.933
    endloop
  endfacet
  facet normal -0.438181 -0.394514 0.807685
    outer loop
      vertex -2.69947 -9.81495 15.933
      vertex -2.80286 -9.82582 15.8716
      vertex -2.75606 -9.8778 15.8716
    endloop
  endfacet
  facet normal 0 -0.589198 0.807988
    outer loop
      vertex -1.07142 -10.1938 15.933
      vertex 1.08026 -10.278 15.8716
      vertex 1.07142 -10.1938 15.933
    endloop
  endfacet
  facet normal 0 -0.589198 0.807988
    outer loop
      vertex 1.08026 -10.278 15.8716
      vertex -1.07142 -10.1938 15.933
      vertex -1.08026 -10.278 15.8716
    endloop
  endfacet
  facet normal -0.0849308 -0.399543 0.912772
    outer loop
      vertex -2.57993 -9.77611 15.9755
      vertex -2.60944 -9.86693 15.933
      vertex -1.12254 -10.183 15.933
    endloop
  endfacet
  facet normal 0.584979 -0.804322 0.104239
    outer loop
      vertex 2.86675 -10.0007 15.5
      vertex 2.77672 -10.0527 15.604
      vertex 2.78219 -10.0622 15.5
    endloop
  endfacet
  facet normal 0.824697 -0.267947 0.498076
    outer loop
      vertex 2.92786 -9.71327 15.7939
      vertex 3.0798 -9.41385 15.7034
      vertex 3.03205 -9.39259 15.7939
    endloop
  endfacet
  facet normal 0.824724 -0.26798 0.498013
    outer loop
      vertex 3.0798 -9.41385 15.7034
      vertex 2.92786 -9.71327 15.7939
      vertex 2.97898 -9.72413 15.7034
    endloop
  endfacet
  facet normal 0.353771 -0.204243 0.91276
    outer loop
      vertex 2.76057 -9.73085 15.933
      vertex 2.67334 -9.69201 15.9755
      vertex 2.73444 -9.77611 15.933
    endloop
  endfacet
  facet normal 0.0436336 -0.204389 -0.977917
    outer loop
      vertex 1.06143 -10.0989 0.0244722
      vertex 1.05075 -9.9972 0.00273991
      vertex 1.06143 -9.99492 0.00273991
    endloop
  endfacet
  facet normal 0.509819 -0.701706 -0.497688
    outer loop
      vertex 2.76057 -10.0247 0.296632
      vertex 2.73444 -9.97948 0.206108
      vertex 2.80286 -9.92977 0.206108
    endloop
  endfacet
  facet normal 0 -0.994548 -0.104281
    outer loop
      vertex -1.09641 -10.4316 0.396045
      vertex 1.09755 -10.4425 0.5
      vertex -1.09755 -10.4425 0.5
    endloop
  endfacet
  facet normal 0 -0.994548 -0.104281
    outer loop
      vertex 1.09755 -10.4425 0.5
      vertex -1.09641 -10.4316 0.396045
      vertex 1.09641 -10.4316 0.396045
    endloop
  endfacet
  facet normal -0.20675 -0.972845 -0.104049
    outer loop
      vertex -2.68332 -10.0943 0.396045
      vertex -1.19979 -10.4207 0.5
      vertex -2.6867 -10.1047 0.5
    endloop
  endfacet
  facet normal -0.206835 -0.972928 -0.103104
    outer loop
      vertex -1.19979 -10.4207 0.5
      vertex -2.68332 -10.0943 0.396045
      vertex -1.19642 -10.4104 0.396045
    endloop
  endfacet
  facet normal -0.181078 -0.104402 -0.977912
    outer loop
      vertex -2.57447 -9.65989 0.00273991
      vertex -2.65719 -9.71998 0.0244722
      vertex -2.57993 -9.65042 0.00273991
    endloop
  endfacet
  facet normal 0.0434544 -0.204438 -0.977914
    outer loop
      vertex 2.57993 -9.77611 0.0244722
      vertex 1.06143 -9.99492 0.00273991
      vertex 2.54834 -9.67887 0.00273991
    endloop
  endfacet
  facet normal 0.406618 -0.913598 0
    outer loop
      vertex 2.6867 -10.1047 0.5
      vertex 2.78219 -10.0622 15.5
      vertex 2.6867 -10.1047 15.5
    endloop
  endfacet
  facet normal 0.406618 -0.913598 0
    outer loop
      vertex 2.78219 -10.0622 15.5
      vertex 2.6867 -10.1047 0.5
      vertex 2.78219 -10.0622 0.5
    endloop
  endfacet
  facet normal 0.404411 -0.908639 -0.104052
    outer loop
      vertex 2.6867 -10.1047 0.5
      vertex 2.68332 -10.0943 0.396045
      vertex 2.78219 -10.0622 0.5
    endloop
  endfacet
  facet normal 0.197337 -0.930927 -0.307301
    outer loop
      vertex 1.09641 -10.4316 0.396045
      vertex 1.09303 -10.3995 0.296632
      vertex 1.19642 -10.4104 0.396045
    endloop
  endfacet
  facet normal 0 -0.867062 0.498201
    outer loop
      vertex -1.09303 -10.3995 15.7034
      vertex 1.08757 -10.3475 15.7939
      vertex -1.08757 -10.3475 15.7939
    endloop
  endfacet
  facet normal 0 -0.867062 0.498201
    outer loop
      vertex 1.08757 -10.3475 15.7939
      vertex -1.09303 -10.3995 15.7034
      vertex 1.09303 -10.3995 15.7034
    endloop
  endfacet
  facet normal 0.197334 -0.930915 0.307338
    outer loop
      vertex 1.19642 -10.4104 15.604
      vertex 1.09303 -10.3995 15.7034
      vertex 1.09641 -10.4316 15.604
    endloop
  endfacet
  facet normal 0.206241 -0.972934 0.104232
    outer loop
      vertex 1.19642 -10.4104 15.604
      vertex 1.09641 -10.4316 15.604
      vertex 1.09755 -10.4425 15.5
    endloop
  endfacet
  facet normal 0.738917 -0.66573 -0.103949
    outer loop
      vertex 2.9367 -9.92306 0.5
      vertex 2.86675 -10.0007 0.5
      vertex 2.92786 -9.91664 0.396045
    endloop
  endfacet
  facet normal 0.239926 -0.538886 -0.807488
    outer loop
      vertex 2.69947 -9.91891 0.128428
      vertex 2.63557 -9.94736 0.128428
      vertex 2.65719 -9.84567 0.066988
    endloop
  endfacet
  facet normal 0.824751 -0.267964 -0.497976
    outer loop
      vertex 3.0798 -9.41385 0.296632
      vertex 2.92786 -9.71327 0.206108
      vertex 3.03205 -9.39259 0.206108
    endloop
  endfacet
  facet normal 0.824779 -0.267997 -0.497914
    outer loop
      vertex 2.92786 -9.71327 0.206108
      vertex 3.0798 -9.41385 0.296632
      vertex 2.97898 -9.72413 0.296632
    endloop
  endfacet
  facet normal 0.861354 -0.49726 -0.103931
    outer loop
      vertex 2.98896 -9.83253 0.5
      vertex 2.92786 -9.91664 0.396045
      vertex 2.97898 -9.82809 0.396045
    endloop
  endfacet
  facet normal 0.824051 -0.475797 -0.307502
    outer loop
      vertex 2.97898 -9.82809 0.396045
      vertex 2.90172 -9.89765 0.296632
      vertex 2.94947 -9.81495 0.296632
    endloop
  endfacet
  facet normal 0.240049 -0.330479 0.912776
    outer loop
      vertex 2.63557 -9.74399 15.9755
      vertex 2.60944 -9.76297 15.9755
      vertex 2.65719 -9.84567 15.933
    endloop
  endfacet
  facet normal -0.155803 -0.140262 0.977779
    outer loop
      vertex -2.57447 -9.65989 15.9973
      vertex -2.63557 -9.74399 15.9755
      vertex -2.56716 -9.66801 15.9973
    endloop
  endfacet
  facet normal -0.122583 -0.576749 0.807672
    outer loop
      vertex -2.60944 -9.86693 15.933
      vertex -2.63557 -9.94736 15.8716
      vertex -2.56716 -9.9619 15.8716
    endloop
  endfacet
  facet normal -0.509453 -0.701735 0.498022
    outer loop
      vertex -2.80286 -9.92977 15.7939
      vertex -2.83783 -9.96861 15.7034
      vertex -2.76057 -10.0247 15.7034
    endloop
  endfacet
  facet normal -0.353753 -0.204259 0.912764
    outer loop
      vertex -2.67334 -9.69201 15.9755
      vertex -2.73444 -9.77611 15.933
      vertex -2.65719 -9.71998 15.9755
    endloop
  endfacet
  facet normal -0.437919 -0.602817 0.666963
    outer loop
      vertex -2.75606 -9.8778 15.8716
      vertex -2.80286 -9.92977 15.7939
      vertex -2.69947 -9.91891 15.8716
    endloop
  endfacet
  facet normal -0.553707 -0.498548 0.666977
    outer loop
      vertex -2.80286 -9.82582 15.8716
      vertex -2.85944 -9.86693 15.7939
      vertex -2.80286 -9.92977 15.7939
    endloop
  endfacet
  facet normal -0.751009 -0.433542 0.498023
    outer loop
      vertex -2.90172 -9.79369 15.7939
      vertex -2.90172 -9.89765 15.7034
      vertex -2.85944 -9.86693 15.7939
    endloop
  endfacet
  facet normal -0.437941 -0.602774 0.666986
    outer loop
      vertex -2.69947 -9.91891 15.8716
      vertex -2.80286 -9.92977 15.7939
      vertex -2.73444 -9.97948 15.7939
    endloop
  endfacet
  facet normal -0.303558 -0.273341 0.912764
    outer loop
      vertex -2.65719 -9.71998 15.9755
      vertex -2.73444 -9.77611 15.933
      vertex -2.63557 -9.74399 15.9755
    endloop
  endfacet
  facet normal -0.739103 -0.665562 -0.103704
    outer loop
      vertex -2.86675 -10.0007 0.5
      vertex -2.92786 -9.91664 0.396045
      vertex -2.85944 -9.99262 0.396045
    endloop
  endfacet
  facet normal -0.437891 -0.602705 -0.667082
    outer loop
      vertex -2.73444 -9.97948 0.206108
      vertex -2.80286 -9.92977 0.206108
      vertex -2.69947 -9.91891 0.128428
    endloop
  endfacet
  facet normal -0.904973 -0.294052 -0.307501
    outer loop
      vertex -2.94947 -9.81495 0.296632
      vertex -2.97898 -9.82809 0.396045
      vertex -2.97898 -9.72413 0.296632
    endloop
  endfacet
  facet normal -0.0434544 -0.204438 -0.977914
    outer loop
      vertex -1.06143 -9.99492 0.00273991
      vertex -2.57993 -9.77611 0.0244722
      vertex -2.54834 -9.67887 0.00273991
    endloop
  endfacet
  facet normal -0.645203 -0.372507 -0.667046
    outer loop
      vertex -2.80286 -9.82582 0.128428
      vertex -2.90172 -9.79369 0.206108
      vertex -2.83783 -9.76525 0.128428
    endloop
  endfacet
  facet normal -0.945911 -0.307342 0.103892
    outer loop
      vertex -2.97898 -9.82809 15.604
      vertex -3.02126 -9.73312 15.5
      vertex -2.98896 -9.83253 15.5
    endloop
  endfacet
  facet normal -0.824725 -0.267977 0.498013
    outer loop
      vertex -2.92786 -9.71327 15.7939
      vertex -2.97898 -9.72413 15.7034
      vertex -2.94947 -9.81495 15.7034
    endloop
  endfacet
  facet normal -0.904961 -0.294051 0.307538
    outer loop
      vertex -3.10931 -9.42699 15.604
      vertex -2.97898 -9.72413 15.7034
      vertex -3.0798 -9.41385 15.7034
    endloop
  endfacet
  facet normal -0.904961 -0.29405 0.30754
    outer loop
      vertex -2.97898 -9.72413 15.7034
      vertex -3.10931 -9.42699 15.604
      vertex -2.97898 -9.82809 15.604
    endloop
  endfacet
  facet normal -0.387572 -0.869098 0.307337
    outer loop
      vertex -2.67334 -10.0636 15.7034
      vertex -2.76057 -10.0247 15.7034
      vertex -2.68332 -10.0943 15.604
    endloop
  endfacet
  facet normal -0.584497 -0.804754 0.103607
    outer loop
      vertex -2.85944 -9.99262 15.604
      vertex -2.86675 -10.0007 15.5
      vertex -2.77672 -10.0527 15.604
    endloop
  endfacet
  facet normal -0.208536 -0.978015 0
    outer loop
      vertex -1.19979 -10.4207 0.5
      vertex -1.09755 -10.4425 15.5
      vertex -1.19979 -10.4207 15.5
    endloop
  endfacet
  facet normal -0.208536 -0.978015 -0
    outer loop
      vertex -1.09755 -10.4425 15.5
      vertex -1.19979 -10.4207 0.5
      vertex -1.09755 -10.4425 0.5
    endloop
  endfacet
  facet normal 0 -0.951609 0.30731
    outer loop
      vertex -1.09641 -10.4316 15.604
      vertex 1.09303 -10.3995 15.7034
      vertex -1.09303 -10.3995 15.7034
    endloop
  endfacet
  facet normal 0 -0.951609 0.30731
    outer loop
      vertex 1.09303 -10.3995 15.7034
      vertex -1.09641 -10.4316 15.604
      vertex 1.09641 -10.4316 15.604
    endloop
  endfacet
  facet normal -0.207425 -0.972806 0.103067
    outer loop
      vertex -1.19642 -10.4104 15.604
      vertex -1.19979 -10.4207 15.5
      vertex -1.09755 -10.4425 15.5
    endloop
  endfacet
  facet normal -0.353193 -0.792007 0.497976
    outer loop
      vertex -2.65719 -10.0139 15.7939
      vertex -2.76057 -10.0247 15.7034
      vertex -2.67334 -10.0636 15.7034
    endloop
  endfacet
  facet normal -0.35299 -0.792227 0.497769
    outer loop
      vertex -2.73444 -9.97948 15.7939
      vertex -2.76057 -10.0247 15.7034
      vertex -2.65719 -10.0139 15.7939
    endloop
  endfacet
  facet normal -0.166142 -0.373155 0.912772
    outer loop
      vertex -2.57993 -9.77611 15.9755
      vertex -2.65719 -9.84567 15.933
      vertex -2.60944 -9.86693 15.933
    endloop
  endfacet
  facet normal -0.166152 -0.373146 0.912774
    outer loop
      vertex -2.60944 -9.76297 15.9755
      vertex -2.65719 -9.84567 15.933
      vertex -2.57993 -9.77611 15.9755
    endloop
  endfacet
  facet normal 0 -0.408725 0.912658
    outer loop
      vertex -1.06143 -10.0989 15.9755
      vertex 1.07142 -10.1938 15.933
      vertex 1.06143 -10.0989 15.9755
    endloop
  endfacet
  facet normal 0 -0.408725 0.912658
    outer loop
      vertex 1.07142 -10.1938 15.933
      vertex -1.06143 -10.0989 15.9755
      vertex -1.07142 -10.1938 15.933
    endloop
  endfacet
  facet normal -0.15513 -0.729022 0.66668
    outer loop
      vertex -1.08026 -10.278 15.8716
      vertex -1.17028 -10.3299 15.7939
      vertex -1.08757 -10.3475 15.7939
    endloop
  endfacet
  facet normal 0.155004 -0.729121 0.6666
    outer loop
      vertex 1.17028 -10.3299 15.7939
      vertex 2.56716 -9.9619 15.8716
      vertex 1.08026 -10.278 15.8716
    endloop
  endfacet
  facet normal 0.154862 -0.728689 0.667105
    outer loop
      vertex 2.56716 -9.9619 15.8716
      vertex 1.17028 -10.3299 15.7939
      vertex 2.65719 -10.0139 15.7939
    endloop
  endfacet
  facet normal 0.154875 -0.728679 0.667113
    outer loop
      vertex 2.63557 -9.94736 15.8716
      vertex 2.56716 -9.9619 15.8716
      vertex 2.65719 -10.0139 15.7939
    endloop
  endfacet
  facet normal 0.181617 -0.104713 0.977778
    outer loop
      vertex 2.57993 -9.65042 15.9973
      vertex 2.57447 -9.65989 15.9973
      vertex 2.65719 -9.71998 15.9755
    endloop
  endfacet
  facet normal 0.707129 -0.636675 0.307594
    outer loop
      vertex 2.90172 -9.89765 15.7034
      vertex 2.83783 -9.96861 15.7034
      vertex 2.92786 -9.91664 15.604
    endloop
  endfacet
  facet normal 0.951052 -0.309031 0
    outer loop
      vertex 3.02126 -9.73312 15.5
      vertex 3.11929 -9.43143 0.5
      vertex 3.11929 -9.43143 15.5
    endloop
  endfacet
  facet normal 0.951052 -0.309031 0
    outer loop
      vertex 3.11929 -9.43143 0.5
      vertex 3.02126 -9.73312 15.5
      vertex 3.02126 -9.73312 0.5
    endloop
  endfacet
  facet normal 0.181527 -0.104815 0.977784
    outer loop
      vertex 2.67334 -9.69201 15.9755
      vertex 2.57993 -9.65042 15.9973
      vertex 2.65719 -9.71998 15.9755
    endloop
  endfacet
  facet normal 0.197847 -0.930653 -0.307802
    outer loop
      vertex 2.57993 -10.0834 0.296632
      vertex 1.19642 -10.4104 0.396045
      vertex 1.09303 -10.3995 0.296632
    endloop
  endfacet
  facet normal 0.197847 -0.930653 -0.307802
    outer loop
      vertex 1.19642 -10.4104 0.396045
      vertex 2.57993 -10.0834 0.296632
      vertex 2.68332 -10.0943 0.396045
    endloop
  endfacet
  facet normal -0.180477 -0.848139 -0.498085
    outer loop
      vertex -1.09303 -10.3995 0.296632
      vertex -1.17028 -10.3299 0.206108
      vertex -1.08757 -10.3475 0.206108
    endloop
  endfacet
  facet normal 0.553659 -0.498485 -0.667064
    outer loop
      vertex 2.80286 -9.92977 0.206108
      vertex 2.75606 -9.8778 0.128428
      vertex 2.80286 -9.82582 0.128428
    endloop
  endfacet
  facet normal 0.510845 -0.294926 -0.8075
    outer loop
      vertex 2.80286 -9.82582 0.128428
      vertex 2.73444 -9.77611 0.066988
      vertex 2.76057 -9.73085 0.066988
    endloop
  endfacet
  facet normal 0.346698 -0.477247 -0.807487
    outer loop
      vertex 2.69947 -9.91891 0.128428
      vertex 2.65719 -9.84567 0.066988
      vertex 2.75606 -9.8778 0.128428
    endloop
  endfacet
  facet normal 0 -0.745256 -0.666778
    outer loop
      vertex -1.08026 -10.278 0.128428
      vertex 1.08757 -10.3475 0.206108
      vertex -1.08757 -10.3475 0.206108
    endloop
  endfacet
  facet normal 0 -0.745256 -0.666778
    outer loop
      vertex 1.08757 -10.3475 0.206108
      vertex -1.08026 -10.278 0.128428
      vertex 1.08026 -10.278 0.128428
    endloop
  endfacet
  facet normal 0.166193 -0.373271 -0.912715
    outer loop
      vertex 2.60944 -9.86693 0.066988
      vertex 2.57993 -9.77611 0.0244722
      vertex 2.65719 -9.84567 0.066988
    endloop
  endfacet
  facet normal 0.388624 -0.126276 -0.912702
    outer loop
      vertex 2.67334 -9.69201 0.0244722
      vertex 2.8909 -9.32975 0.066988
      vertex 2.76057 -9.73085 0.066988
    endloop
  endfacet
  facet normal 0.388624 -0.126276 -0.912702
    outer loop
      vertex 2.8909 -9.32975 0.066988
      vertex 2.67334 -9.69201 0.0244722
      vertex 2.80367 -9.29091 0.0244722
    endloop
  endfacet
  facet normal 0.207424 -0.972802 -0.103111
    outer loop
      vertex 1.19979 -10.4207 0.5
      vertex 1.09755 -10.4425 0.5
      vertex 1.19642 -10.4104 0.396045
    endloop
  endfacet
  facet normal 0.206835 -0.972928 -0.103104
    outer loop
      vertex 2.68332 -10.0943 0.396045
      vertex 1.19979 -10.4207 0.5
      vertex 1.19642 -10.4104 0.396045
    endloop
  endfacet
  facet normal 0.20675 -0.972845 -0.104049
    outer loop
      vertex 1.19979 -10.4207 0.5
      vertex 2.68332 -10.0943 0.396045
      vertex 2.6867 -10.1047 0.5
    endloop
  endfacet
  facet normal 0.15513 -0.729022 0.66668
    outer loop
      vertex 1.17028 -10.3299 15.7939
      vertex 1.08026 -10.278 15.8716
      vertex 1.08757 -10.3475 15.7939
    endloop
  endfacet
  facet normal 0.180465 -0.848083 0.498184
    outer loop
      vertex 1.17028 -10.3299 15.7939
      vertex 1.08757 -10.3475 15.7939
      vertex 1.09303 -10.3995 15.7034
    endloop
  endfacet
  facet normal 0 -0.994553 0.104237
    outer loop
      vertex -1.09755 -10.4425 15.5
      vertex 1.09641 -10.4316 15.604
      vertex -1.09641 -10.4316 15.604
    endloop
  endfacet
  facet normal 0 -0.994553 0.104237
    outer loop
      vertex 1.09641 -10.4316 15.604
      vertex -1.09755 -10.4425 15.5
      vertex 1.09755 -10.4425 15.5
    endloop
  endfacet
  facet normal 0.387121 -0.86916 0.307731
    outer loop
      vertex 2.76057 -10.0247 15.7034
      vertex 2.68332 -10.0943 15.604
      vertex 2.77672 -10.0527 15.604
    endloop
  endfacet
  facet normal 0.644436 -0.580229 0.498033
    outer loop
      vertex 2.90172 -9.89765 15.7034
      vertex 2.80286 -9.92977 15.7939
      vertex 2.83783 -9.96861 15.7034
    endloop
  endfacet
  facet normal 0.437941 -0.602774 0.666986
    outer loop
      vertex 2.80286 -9.92977 15.7939
      vertex 2.69947 -9.91891 15.8716
      vertex 2.73444 -9.97948 15.7939
    endloop
  endfacet
  facet normal 0.353193 -0.792007 0.497976
    outer loop
      vertex 2.76057 -10.0247 15.7034
      vertex 2.65719 -10.0139 15.7939
      vertex 2.67334 -10.0636 15.7034
    endloop
  endfacet
  facet normal 0.197845 -0.930641 0.307839
    outer loop
      vertex 1.19642 -10.4104 15.604
      vertex 2.57993 -10.0834 15.7034
      vertex 1.09303 -10.3995 15.7034
    endloop
  endfacet
  facet normal 0.197845 -0.930641 0.307839
    outer loop
      vertex 2.57993 -10.0834 15.7034
      vertex 1.19642 -10.4104 15.604
      vertex 2.68332 -10.0943 15.604
    endloop
  endfacet
  facet normal 0.824715 -0.268068 -0.497981
    outer loop
      vertex 2.94947 -9.81495 0.296632
      vertex 2.90172 -9.79369 0.206108
      vertex 2.92786 -9.71327 0.206108
    endloop
  endfacet
  facet normal 0.708518 -0.230299 -0.667056
    outer loop
      vertex 2.90172 -9.79369 0.206108
      vertex 2.83783 -9.76525 0.128428
      vertex 2.92786 -9.71327 0.206108
    endloop
  endfacet
  facet normal 0.742942 -0.669356 0
    outer loop
      vertex 2.86675 -10.0007 15.5
      vertex 2.9367 -9.92306 0.5
      vertex 2.9367 -9.92306 15.5
    endloop
  endfacet
  facet normal 0.742942 -0.669356 0
    outer loop
      vertex 2.9367 -9.92306 0.5
      vertex 2.86675 -10.0007 15.5
      vertex 2.86675 -10.0007 0.5
    endloop
  endfacet
  facet normal 0.861364 -0.497237 -0.103956
    outer loop
      vertex 2.9367 -9.92306 0.5
      vertex 2.92786 -9.91664 0.396045
      vertex 2.98896 -9.83253 0.5
    endloop
  endfacet
  facet normal -0.155783 -0.140276 0.97778
    outer loop
      vertex -2.57447 -9.65989 15.9973
      vertex -2.65719 -9.71998 15.9755
      vertex -2.63557 -9.74399 15.9755
    endloop
  endfacet
  facet normal 0.353753 -0.204259 0.912764
    outer loop
      vertex 2.67334 -9.69201 15.9755
      vertex 2.65719 -9.71998 15.9755
      vertex 2.73444 -9.77611 15.933
    endloop
  endfacet
  facet normal -0.438179 -0.394519 0.807684
    outer loop
      vertex -2.73444 -9.77611 15.933
      vertex -2.80286 -9.82582 15.8716
      vertex -2.69947 -9.81495 15.933
    endloop
  endfacet
  facet normal -0.240049 -0.330479 0.912776
    outer loop
      vertex -2.63557 -9.74399 15.9755
      vertex -2.65719 -9.84567 15.933
      vertex -2.60944 -9.76297 15.9755
    endloop
  endfacet
  facet normal -0.645277 -0.37255 0.666951
    outer loop
      vertex -2.83783 -9.76525 15.8716
      vertex -2.90172 -9.79369 15.7939
      vertex -2.80286 -9.82582 15.8716
    endloop
  endfacet
  facet normal -0.199354 -0.0647764 0.977784
    outer loop
      vertex -2.80367 -9.29091 15.9755
      vertex -2.57993 -9.65042 15.9973
      vertex -2.71026 -9.24932 15.9973
    endloop
  endfacet
  facet normal -0.199354 -0.0647764 0.977784
    outer loop
      vertex -2.57993 -9.65042 15.9973
      vertex -2.80367 -9.29091 15.9755
      vertex -2.67334 -9.69201 15.9755
    endloop
  endfacet
  facet normal -0.553723 -0.498542 0.666969
    outer loop
      vertex -2.80286 -9.82582 15.8716
      vertex -2.80286 -9.92977 15.7939
      vertex -2.75606 -9.8778 15.8716
    endloop
  endfacet
  facet normal -0.346578 -0.476996 0.807687
    outer loop
      vertex -2.69947 -9.81495 15.933
      vertex -2.75606 -9.8778 15.8716
      vertex -2.65719 -9.84567 15.933
    endloop
  endfacet
  facet normal -0.303235 -0.680561 0.666997
    outer loop
      vertex -2.69947 -9.91891 15.8716
      vertex -2.73444 -9.97948 15.7939
      vertex -2.65719 -10.0139 15.7939
    endloop
  endfacet
  facet normal -0.239825 -0.538657 0.807671
    outer loop
      vertex -2.65719 -9.84567 15.933
      vertex -2.69947 -9.91891 15.8716
      vertex -2.63557 -9.94736 15.8716
    endloop
  endfacet
  facet normal -0.945906 -0.307341 -0.103937
    outer loop
      vertex -2.98896 -9.83253 0.5
      vertex -3.02126 -9.73312 0.5
      vertex -2.97898 -9.82809 0.396045
    endloop
  endfacet
  facet normal -0.558994 -0.769975 -0.307676
    outer loop
      vertex -2.77672 -10.0527 0.396045
      vertex -2.83783 -9.96861 0.296632
      vertex -2.76057 -10.0247 0.296632
    endloop
  endfacet
  facet normal -0.866057 -0.499946 0
    outer loop
      vertex -2.9367 -9.92306 0.5
      vertex -2.98896 -9.83253 15.5
      vertex -2.98896 -9.83253 0.5
    endloop
  endfacet
  facet normal -0.866057 -0.499946 0
    outer loop
      vertex -2.98896 -9.83253 15.5
      vertex -2.9367 -9.92306 0.5
      vertex -2.9367 -9.92306 15.5
    endloop
  endfacet
  facet normal -0.738917 -0.66573 -0.103949
    outer loop
      vertex -2.86675 -10.0007 0.5
      vertex -2.9367 -9.92306 0.5
      vertex -2.92786 -9.91664 0.396045
    endloop
  endfacet
  facet normal -0.824715 -0.268068 -0.497981
    outer loop
      vertex -2.90172 -9.79369 0.206108
      vertex -2.94947 -9.81495 0.296632
      vertex -2.92786 -9.71327 0.206108
    endloop
  endfacet
  facet normal -0.509486 -0.701781 -0.497922
    outer loop
      vertex -2.76057 -10.0247 0.296632
      vertex -2.83783 -9.96861 0.296632
      vertex -2.80286 -9.92977 0.206108
    endloop
  endfacet
  facet normal -0.644478 -0.580267 -0.497934
    outer loop
      vertex -2.83783 -9.96861 0.296632
      vertex -2.90172 -9.89765 0.296632
      vertex -2.80286 -9.92977 0.206108
    endloop
  endfacet
  facet normal 0.166203 -0.373261 -0.912717
    outer loop
      vertex 2.65719 -9.84567 0.066988
      vertex 2.57993 -9.77611 0.0244722
      vertex 2.60944 -9.76297 0.0244722
    endloop
  endfacet
  facet normal -0.824751 -0.267964 -0.497976
    outer loop
      vertex -2.92786 -9.71327 0.206108
      vertex -3.0798 -9.41385 0.296632
      vertex -3.03205 -9.39259 0.206108
    endloop
  endfacet
  facet normal -0.824779 -0.267997 -0.497914
    outer loop
      vertex -3.0798 -9.41385 0.296632
      vertex -2.92786 -9.71327 0.206108
      vertex -2.97898 -9.72413 0.296632
    endloop
  endfacet
  facet normal 0.0850184 -0.190936 -0.977914
    outer loop
      vertex 2.57993 -9.77611 0.0244722
      vertex 2.54834 -9.67887 0.00273991
      vertex 2.60944 -9.76297 0.0244722
    endloop
  endfacet
  facet normal -0.0849597 -0.399676 -0.912711
    outer loop
      vertex -1.12254 -10.183 0.066988
      vertex -2.57993 -9.77611 0.0244722
      vertex -1.06143 -10.0989 0.0244722
    endloop
  endfacet
  facet normal 0 -0.589449 -0.807806
    outer loop
      vertex 1.08026 -10.278 0.128428
      vertex -1.07142 -10.1938 0.066988
      vertex 1.07142 -10.1938 0.066988
    endloop
  endfacet
  facet normal 0 -0.589449 -0.807806
    outer loop
      vertex -1.07142 -10.1938 0.066988
      vertex 1.08026 -10.278 0.128428
      vertex -1.08026 -10.278 0.128428
    endloop
  endfacet
  facet normal -0.82466 -0.268051 0.498081
    outer loop
      vertex -2.92786 -9.71327 15.7939
      vertex -2.94947 -9.81495 15.7034
      vertex -2.90172 -9.79369 15.7939
    endloop
  endfacet
  facet normal -0.708599 -0.230326 0.666961
    outer loop
      vertex -2.83783 -9.76525 15.8716
      vertex -2.92786 -9.71327 15.7939
      vertex -2.90172 -9.79369 15.7939
    endloop
  endfacet
  facet normal -0.560796 -0.18222 0.807653
    outer loop
      vertex -2.96815 -9.36415 15.8716
      vertex -2.76057 -9.73085 15.933
      vertex -2.8909 -9.32975 15.933
    endloop
  endfacet
  facet normal -0.56076 -0.182195 0.807684
    outer loop
      vertex -2.76057 -9.73085 15.933
      vertex -2.96815 -9.36415 15.8716
      vertex -2.83783 -9.76525 15.8716
    endloop
  endfacet
  facet normal -0.55918 -0.769896 0.307536
    outer loop
      vertex -2.83783 -9.96861 15.7034
      vertex -2.85944 -9.99262 15.604
      vertex -2.77672 -10.0527 15.604
    endloop
  endfacet
  facet normal -0.707097 -0.636741 0.30753
    outer loop
      vertex -2.83783 -9.96861 15.7034
      vertex -2.92786 -9.91664 15.604
      vertex -2.85944 -9.99262 15.604
    endloop
  endfacet
  facet normal -0.404412 -0.908643 0.104008
    outer loop
      vertex -2.68332 -10.0943 15.604
      vertex -2.78219 -10.0622 15.5
      vertex -2.6867 -10.1047 15.5
    endloop
  endfacet
  facet normal -0.197334 -0.930915 0.307338
    outer loop
      vertex -1.09303 -10.3995 15.7034
      vertex -1.19642 -10.4104 15.604
      vertex -1.09641 -10.4316 15.604
    endloop
  endfacet
  facet normal -0.179822 -0.848342 0.497975
    outer loop
      vertex -2.65719 -10.0139 15.7939
      vertex -2.67334 -10.0636 15.7034
      vertex -2.57993 -10.0834 15.7034
    endloop
  endfacet
  facet normal -0.197326 -0.93092 0.307329
    outer loop
      vertex -2.67334 -10.0636 15.7034
      vertex -2.68332 -10.0943 15.604
      vertex -2.57993 -10.0834 15.7034
    endloop
  endfacet
  facet normal -0.121782 -0.576434 0.808018
    outer loop
      vertex -1.07142 -10.1938 15.933
      vertex -1.12254 -10.183 15.933
      vertex -1.08026 -10.278 15.8716
    endloop
  endfacet
  facet normal -0.0844739 -0.399843 0.912683
    outer loop
      vertex -1.06143 -10.0989 15.9755
      vertex -1.12254 -10.183 15.933
      vertex -1.07142 -10.1938 15.933
    endloop
  endfacet
  facet normal 0.739106 -0.665565 0.10366
    outer loop
      vertex 2.92786 -9.91664 15.604
      vertex 2.85944 -9.99262 15.604
      vertex 2.86675 -10.0007 15.5
    endloop
  endfacet
  facet normal 0.166152 -0.373146 0.912774
    outer loop
      vertex 2.60944 -9.76297 15.9755
      vertex 2.57993 -9.77611 15.9755
      vertex 2.65719 -9.84567 15.933
    endloop
  endfacet
  facet normal 0.945911 -0.307342 0.103892
    outer loop
      vertex 3.02126 -9.73312 15.5
      vertex 2.97898 -9.82809 15.604
      vertex 2.98896 -9.83253 15.5
    endloop
  endfacet
  facet normal 0.82466 -0.268051 0.498081
    outer loop
      vertex 2.92786 -9.71327 15.7939
      vertex 2.90172 -9.79369 15.7939
      vertex 2.94947 -9.81495 15.7034
    endloop
  endfacet
  facet normal -0.122821 -0.169118 -0.977913
    outer loop
      vertex -2.55832 -9.67443 0.00273991
      vertex -2.60944 -9.76297 0.0244722
      vertex -2.56716 -9.66801 0.00273991
    endloop
  endfacet
  facet normal -0.438366 -0.394687 -0.807501
    outer loop
      vertex -2.69947 -9.81495 0.066988
      vertex -2.80286 -9.82582 0.128428
      vertex -2.73444 -9.77611 0.066988
    endloop
  endfacet
  facet normal -0.510838 -0.294931 -0.807503
    outer loop
      vertex -2.80286 -9.82582 0.128428
      vertex -2.83783 -9.76525 0.128428
      vertex -2.76057 -9.73085 0.066988
    endloop
  endfacet
  facet normal -0.197337 -0.930927 -0.307301
    outer loop
      vertex -1.09641 -10.4316 0.396045
      vertex -1.19642 -10.4104 0.396045
      vertex -1.09303 -10.3995 0.296632
    endloop
  endfacet
  facet normal -0.20624 -0.972929 -0.104276
    outer loop
      vertex -1.09755 -10.4425 0.5
      vertex -1.19642 -10.4104 0.396045
      vertex -1.09641 -10.4316 0.396045
    endloop
  endfacet
  facet normal 0.20624 -0.972929 -0.104276
    outer loop
      vertex 1.09755 -10.4425 0.5
      vertex 1.09641 -10.4316 0.396045
      vertex 1.19642 -10.4104 0.396045
    endloop
  endfacet
  facet normal 0.707106 -0.636749 -0.307494
    outer loop
      vertex 2.85944 -9.99262 0.396045
      vertex 2.83783 -9.96861 0.296632
      vertex 2.92786 -9.91664 0.396045
    endloop
  endfacet
  facet normal 0.438366 -0.394687 -0.807501
    outer loop
      vertex 2.80286 -9.82582 0.128428
      vertex 2.69947 -9.81495 0.066988
      vertex 2.73444 -9.77611 0.066988
    endloop
  endfacet
  facet normal 0.509486 -0.701781 -0.497922
    outer loop
      vertex 2.83783 -9.96861 0.296632
      vertex 2.76057 -10.0247 0.296632
      vertex 2.80286 -9.92977 0.206108
    endloop
  endfacet
  facet normal 0.739103 -0.665562 -0.103704
    outer loop
      vertex 2.86675 -10.0007 0.5
      vertex 2.85944 -9.99262 0.396045
      vertex 2.92786 -9.91664 0.396045
    endloop
  endfacet
  facet normal 0.438367 -0.394682 -0.807503
    outer loop
      vertex 2.75606 -9.8778 0.128428
      vertex 2.69947 -9.81495 0.066988
      vertex 2.80286 -9.82582 0.128428
    endloop
  endfacet
  facet normal 0.64528 -0.372507 0.666972
    outer loop
      vertex 2.90172 -9.79369 15.7939
      vertex 2.80286 -9.82582 15.8716
      vertex 2.85944 -9.86693 15.7939
    endloop
  endfacet
  facet normal 0.558987 -0.769965 0.307713
    outer loop
      vertex 2.83783 -9.96861 15.7034
      vertex 2.76057 -10.0247 15.7034
      vertex 2.77672 -10.0527 15.604
    endloop
  endfacet
  facet normal 0.180286 -0.848048 0.498309
    outer loop
      vertex 2.57993 -10.0834 15.7034
      vertex 1.17028 -10.3299 15.7939
      vertex 1.09303 -10.3995 15.7034
    endloop
  endfacet
  facet normal 0.180312 -0.84844 0.497632
    outer loop
      vertex 1.17028 -10.3299 15.7939
      vertex 2.57993 -10.0834 15.7034
      vertex 2.65719 -10.0139 15.7939
    endloop
  endfacet
  facet normal 0.387572 -0.869098 0.307337
    outer loop
      vertex 2.76057 -10.0247 15.7034
      vertex 2.67334 -10.0636 15.7034
      vertex 2.68332 -10.0943 15.604
    endloop
  endfacet
  facet normal 0.404412 -0.908643 0.104008
    outer loop
      vertex 2.78219 -10.0622 15.5
      vertex 2.68332 -10.0943 15.604
      vertex 2.6867 -10.1047 15.5
    endloop
  endfacet
  facet normal 0.945901 -0.307357 -0.103937
    outer loop
      vertex 3.02126 -9.73312 0.5
      vertex 3.10931 -9.42699 0.396045
      vertex 3.11929 -9.43143 0.5
    endloop
  endfacet
  facet normal 0.945904 -0.307354 -0.103924
    outer loop
      vertex 3.10931 -9.42699 0.396045
      vertex 3.02126 -9.73312 0.5
      vertex 2.97898 -9.82809 0.396045
    endloop
  endfacet
  facet normal 0.387125 -0.869171 -0.307695
    outer loop
      vertex 2.77672 -10.0527 0.396045
      vertex 2.68332 -10.0943 0.396045
      vertex 2.76057 -10.0247 0.296632
    endloop
  endfacet
  facet normal 0.558994 -0.769975 -0.307676
    outer loop
      vertex 2.77672 -10.0527 0.396045
      vertex 2.76057 -10.0247 0.296632
      vertex 2.83783 -9.96861 0.296632
    endloop
  endfacet
  facet normal 0.866057 -0.499946 0
    outer loop
      vertex 2.9367 -9.92306 15.5
      vertex 2.98896 -9.83253 0.5
      vertex 2.98896 -9.83253 15.5
    endloop
  endfacet
  facet normal 0.866057 -0.499946 0
    outer loop
      vertex 2.98896 -9.83253 0.5
      vertex 2.9367 -9.92306 15.5
      vertex 2.9367 -9.92306 0.5
    endloop
  endfacet
  facet normal 0.707097 -0.636741 0.30753
    outer loop
      vertex 2.92786 -9.91664 15.604
      vertex 2.83783 -9.96861 15.7034
      vertex 2.85944 -9.99262 15.604
    endloop
  endfacet
  facet normal 0.199354 -0.0647764 0.977784
    outer loop
      vertex 2.57993 -9.65042 15.9973
      vertex 2.80367 -9.29091 15.9755
      vertex 2.71026 -9.24932 15.9973
    endloop
  endfacet
  facet normal 0.199354 -0.0647764 0.977784
    outer loop
      vertex 2.80367 -9.29091 15.9755
      vertex 2.57993 -9.65042 15.9973
      vertex 2.67334 -9.69201 15.9755
    endloop
  endfacet
  facet normal -0.240109 -0.330462 0.912766
    outer loop
      vertex -2.63557 -9.74399 15.9755
      vertex -2.69947 -9.81495 15.933
      vertex -2.65719 -9.84567 15.933
    endloop
  endfacet
  facet normal -0.303566 -0.273319 0.912767
    outer loop
      vertex -2.63557 -9.74399 15.9755
      vertex -2.73444 -9.77611 15.933
      vertex -2.69947 -9.81495 15.933
    endloop
  endfacet
  facet normal -0.303 -0.680551 0.667114
    outer loop
      vertex -2.63557 -9.94736 15.8716
      vertex -2.69947 -9.91891 15.8716
      vertex -2.65719 -10.0139 15.7939
    endloop
  endfacet
  facet normal -0.154875 -0.728679 0.667113
    outer loop
      vertex -2.63557 -9.94736 15.8716
      vertex -2.65719 -10.0139 15.7939
      vertex -2.56716 -9.9619 15.8716
    endloop
  endfacet
  facet normal -0.951057 -0.309015 0
    outer loop
      vertex -2.98896 -9.83253 0.5
      vertex -3.02126 -9.73312 15.5
      vertex -3.02126 -9.73312 0.5
    endloop
  endfacet
  facet normal -0.951057 -0.309015 0
    outer loop
      vertex -3.02126 -9.73312 15.5
      vertex -2.98896 -9.83253 0.5
      vertex -2.98896 -9.83253 15.5
    endloop
  endfacet
  facet normal -0.742942 -0.669356 0
    outer loop
      vertex -2.86675 -10.0007 0.5
      vertex -2.9367 -9.92306 15.5
      vertex -2.9367 -9.92306 0.5
    endloop
  endfacet
  facet normal -0.742942 -0.669356 0
    outer loop
      vertex -2.9367 -9.92306 15.5
      vertex -2.86675 -10.0007 0.5
      vertex -2.86675 -10.0007 15.5
    endloop
  endfacet
  facet normal -0.707106 -0.636749 -0.307494
    outer loop
      vertex -2.85944 -9.99262 0.396045
      vertex -2.92786 -9.91664 0.396045
      vertex -2.83783 -9.96861 0.296632
    endloop
  endfacet
  facet normal -0.198762 -0.064584 -0.977918
    outer loop
      vertex -2.80367 -9.29091 0.0244722
      vertex -2.57993 -9.65042 0.00273991
      vertex -2.67334 -9.69201 0.0244722
    endloop
  endfacet
  facet normal -0.198762 -0.064584 -0.977918
    outer loop
      vertex -2.57993 -9.65042 0.00273991
      vertex -2.80367 -9.29091 0.0244722
      vertex -2.71026 -9.24932 0.00273991
    endloop
  endfacet
  facet normal -0.708518 -0.230299 -0.667056
    outer loop
      vertex -2.90172 -9.79369 0.206108
      vertex -2.92786 -9.71327 0.206108
      vertex -2.83783 -9.76525 0.128428
    endloop
  endfacet
  facet normal -0.353013 -0.792279 -0.49767
    outer loop
      vertex -2.65719 -10.0139 0.206108
      vertex -2.76057 -10.0247 0.296632
      vertex -2.73444 -9.97948 0.206108
    endloop
  endfacet
  facet normal -0.644476 -0.580274 -0.497928
    outer loop
      vertex -2.80286 -9.92977 0.206108
      vertex -2.90172 -9.89765 0.296632
      vertex -2.85944 -9.86693 0.206108
    endloop
  endfacet
  facet normal -0.751058 -0.433571 -0.497924
    outer loop
      vertex -2.85944 -9.86693 0.206108
      vertex -2.90172 -9.89765 0.296632
      vertex -2.90172 -9.79369 0.206108
    endloop
  endfacet
  facet normal -0.302965 -0.680473 -0.667209
    outer loop
      vertex -2.65719 -10.0139 0.206108
      vertex -2.69947 -9.91891 0.128428
      vertex -2.63557 -9.94736 0.128428
    endloop
  endfacet
  facet normal -0.509819 -0.701706 -0.497688
    outer loop
      vertex -2.76057 -10.0247 0.296632
      vertex -2.80286 -9.92977 0.206108
      vertex -2.73444 -9.97948 0.206108
    endloop
  endfacet
  facet normal -0.904972 -0.294055 -0.307501
    outer loop
      vertex -2.97898 -9.72413 0.296632
      vertex -3.10931 -9.42699 0.396045
      vertex -3.0798 -9.41385 0.296632
    endloop
  endfacet
  facet normal -0.904972 -0.294054 -0.307503
    outer loop
      vertex -3.10931 -9.42699 0.396045
      vertex -2.97898 -9.72413 0.296632
      vertex -2.97898 -9.82809 0.396045
    endloop
  endfacet
  facet normal 0.181078 -0.104402 -0.977912
    outer loop
      vertex 2.65719 -9.71998 0.0244722
      vertex 2.57447 -9.65989 0.00273991
      vertex 2.57993 -9.65042 0.00273991
    endloop
  endfacet
  facet normal 0.353863 -0.204322 -0.912707
    outer loop
      vertex 2.73444 -9.77611 0.066988
      vertex 2.65719 -9.71998 0.0244722
      vertex 2.67334 -9.69201 0.0244722
    endloop
  endfacet
  facet normal -0.3032 -0.680483 -0.667093
    outer loop
      vertex -2.65719 -10.0139 0.206108
      vertex -2.73444 -9.97948 0.206108
      vertex -2.69947 -9.91891 0.128428
    endloop
  endfacet
  facet normal -0.122637 -0.57687 -0.807577
    outer loop
      vertex -2.56716 -9.9619 0.128428
      vertex -1.12254 -10.183 0.066988
      vertex -1.08026 -10.278 0.128428
    endloop
  endfacet
  facet normal -0.122652 -0.576998 -0.807483
    outer loop
      vertex -1.12254 -10.183 0.066988
      vertex -2.56716 -9.9619 0.128428
      vertex -2.60944 -9.86693 0.066988
    endloop
  endfacet
  facet normal -0.121834 -0.576679 -0.807835
    outer loop
      vertex -1.08026 -10.278 0.128428
      vertex -1.12254 -10.183 0.066988
      vertex -1.07142 -10.1938 0.066988
    endloop
  endfacet
  facet normal -0.239931 -0.538886 -0.807487
    outer loop
      vertex -2.63557 -9.94736 0.128428
      vertex -2.65719 -9.84567 0.066988
      vertex -2.60944 -9.86693 0.066988
    endloop
  endfacet
  facet normal -0.154844 -0.728606 -0.667201
    outer loop
      vertex -2.56716 -9.9619 0.128428
      vertex -1.17028 -10.3299 0.206108
      vertex -2.65719 -10.0139 0.206108
    endloop
  endfacet
  facet normal -0.154986 -0.729038 -0.666696
    outer loop
      vertex -1.17028 -10.3299 0.206108
      vertex -2.56716 -9.9619 0.128428
      vertex -1.08026 -10.278 0.128428
    endloop
  endfacet
  facet normal -0.824697 -0.267947 0.498076
    outer loop
      vertex -3.0798 -9.41385 15.7034
      vertex -2.92786 -9.71327 15.7939
      vertex -3.03205 -9.39259 15.7939
    endloop
  endfacet
  facet normal -0.824724 -0.26798 0.498013
    outer loop
      vertex -2.92786 -9.71327 15.7939
      vertex -3.0798 -9.41385 15.7034
      vertex -2.97898 -9.72413 15.7034
    endloop
  endfacet
  facet normal -0.70859 -0.230223 0.667007
    outer loop
      vertex -2.92786 -9.71327 15.7939
      vertex -2.96815 -9.36415 15.8716
      vertex -3.03205 -9.39259 15.7939
    endloop
  endfacet
  facet normal -0.708585 -0.230224 0.667012
    outer loop
      vertex -2.96815 -9.36415 15.8716
      vertex -2.92786 -9.71327 15.7939
      vertex -2.83783 -9.76525 15.8716
    endloop
  endfacet
  facet normal -0.509785 -0.70166 0.497787
    outer loop
      vertex -2.73444 -9.97948 15.7939
      vertex -2.80286 -9.92977 15.7939
      vertex -2.76057 -10.0247 15.7034
    endloop
  endfacet
  facet normal -0.644436 -0.580229 0.498033
    outer loop
      vertex -2.80286 -9.92977 15.7939
      vertex -2.90172 -9.89765 15.7034
      vertex -2.83783 -9.96861 15.7034
    endloop
  endfacet
  facet normal 0.303 -0.680551 0.667114
    outer loop
      vertex 2.69947 -9.91891 15.8716
      vertex 2.63557 -9.94736 15.8716
      vertex 2.65719 -10.0139 15.7939
    endloop
  endfacet
  facet normal 0.155803 -0.140262 0.977779
    outer loop
      vertex 2.57447 -9.65989 15.9973
      vertex 2.56716 -9.66801 15.9973
      vertex 2.63557 -9.74399 15.9755
    endloop
  endfacet
  facet normal 0.509785 -0.70166 0.497787
    outer loop
      vertex 2.80286 -9.92977 15.7939
      vertex 2.73444 -9.97948 15.7939
      vertex 2.76057 -10.0247 15.7034
    endloop
  endfacet
  facet normal 0.303566 -0.273319 0.912767
    outer loop
      vertex 2.73444 -9.77611 15.933
      vertex 2.63557 -9.74399 15.9755
      vertex 2.69947 -9.81495 15.933
    endloop
  endfacet
  facet normal 0.123203 -0.169614 0.977779
    outer loop
      vertex 2.63557 -9.74399 15.9755
      vertex 2.56716 -9.66801 15.9973
      vertex 2.60944 -9.76297 15.9755
    endloop
  endfacet
  facet normal 0.951057 -0.309015 0
    outer loop
      vertex 2.98896 -9.83253 15.5
      vertex 3.02126 -9.73312 0.5
      vertex 3.02126 -9.73312 15.5
    endloop
  endfacet
  facet normal 0.951057 -0.309015 0
    outer loop
      vertex 3.02126 -9.73312 0.5
      vertex 2.98896 -9.83253 15.5
      vertex 2.98896 -9.83253 0.5
    endloop
  endfacet
  facet normal 0.346551 -0.477045 0.80767
    outer loop
      vertex 2.75606 -9.8778 15.8716
      vertex 2.65719 -9.84567 15.933
      vertex 2.69947 -9.91891 15.8716
    endloop
  endfacet
  facet normal -0.30366 -0.273404 -0.912711
    outer loop
      vertex -2.69947 -9.81495 0.066988
      vertex -2.73444 -9.77611 0.066988
      vertex -2.63557 -9.74399 0.0244722
    endloop
  endfacet
  facet normal 0 -0.867119 -0.498102
    outer loop
      vertex -1.08757 -10.3475 0.206108
      vertex 1.09303 -10.3995 0.296632
      vertex -1.09303 -10.3995 0.296632
    endloop
  endfacet
  facet normal 0 -0.867119 -0.498102
    outer loop
      vertex 1.09303 -10.3995 0.296632
      vertex -1.08757 -10.3475 0.206108
      vertex 1.08757 -10.3475 0.206108
    endloop
  endfacet
  facet normal 0.645206 -0.372465 -0.667067
    outer loop
      vertex 2.85944 -9.86693 0.206108
      vertex 2.80286 -9.82582 0.128428
      vertex 2.90172 -9.79369 0.206108
    endloop
  endfacet
  facet normal 0.751058 -0.433571 -0.497924
    outer loop
      vertex 2.90172 -9.89765 0.296632
      vertex 2.85944 -9.86693 0.206108
      vertex 2.90172 -9.79369 0.206108
    endloop
  endfacet
  facet normal 0.122636 -0.576994 -0.807489
    outer loop
      vertex 2.63557 -9.94736 0.128428
      vertex 2.56716 -9.9619 0.128428
      vertex 2.60944 -9.86693 0.066988
    endloop
  endfacet
  facet normal 0.302965 -0.680473 -0.667209
    outer loop
      vertex 2.65719 -10.0139 0.206108
      vertex 2.63557 -9.94736 0.128428
      vertex 2.69947 -9.91891 0.128428
    endloop
  endfacet
  facet normal 0.180988 -0.104503 -0.977917
    outer loop
      vertex 2.65719 -9.71998 0.0244722
      vertex 2.57993 -9.65042 0.00273991
      vertex 2.67334 -9.69201 0.0244722
    endloop
  endfacet
  facet normal 0.353881 -0.204306 -0.912703
    outer loop
      vertex 2.73444 -9.77611 0.066988
      vertex 2.67334 -9.69201 0.0244722
      vertex 2.76057 -9.73085 0.066988
    endloop
  endfacet
  facet normal 0.122837 -0.169111 -0.977912
    outer loop
      vertex 2.60944 -9.76297 0.0244722
      vertex 2.56716 -9.66801 0.00273991
      vertex 2.63557 -9.74399 0.0244722
    endloop
  endfacet
  facet normal 0.824041 -0.475791 0.307539
    outer loop
      vertex 2.94947 -9.81495 15.7034
      vertex 2.90172 -9.89765 15.7034
      vertex 2.97898 -9.82809 15.604
    endloop
  endfacet
  facet normal 0.750947 -0.433588 0.498075
    outer loop
      vertex 2.90172 -9.79369 15.7939
      vertex 2.90172 -9.89765 15.7034
      vertex 2.94947 -9.81495 15.7034
    endloop
  endfacet
  facet normal 0.197326 -0.93092 0.307329
    outer loop
      vertex 2.67334 -10.0636 15.7034
      vertex 2.57993 -10.0834 15.7034
      vertex 2.68332 -10.0943 15.604
    endloop
  endfacet
  facet normal 0.584494 -0.80475 -0.103651
    outer loop
      vertex 2.86675 -10.0007 0.5
      vertex 2.77672 -10.0527 0.396045
      vertex 2.85944 -9.99262 0.396045
    endloop
  endfacet
  facet normal 0.559187 -0.769905 -0.3075
    outer loop
      vertex 2.85944 -9.99262 0.396045
      vertex 2.77672 -10.0527 0.396045
      vertex 2.83783 -9.96861 0.296632
    endloop
  endfacet
  facet normal 0.861368 -0.49724 0.103911
    outer loop
      vertex 2.98896 -9.83253 15.5
      vertex 2.92786 -9.91664 15.604
      vertex 2.9367 -9.92306 15.5
    endloop
  endfacet
  facet normal 0.861358 -0.497263 0.103887
    outer loop
      vertex 2.97898 -9.82809 15.604
      vertex 2.92786 -9.91664 15.604
      vertex 2.98896 -9.83253 15.5
    endloop
  endfacet
  facet normal -0.708508 -0.230197 -0.667102
    outer loop
      vertex -2.96815 -9.36415 0.128428
      vertex -2.92786 -9.71327 0.206108
      vertex -3.03205 -9.39259 0.206108
    endloop
  endfacet
  facet normal -0.708503 -0.230197 -0.667107
    outer loop
      vertex -2.92786 -9.71327 0.206108
      vertex -2.96815 -9.36415 0.128428
      vertex -2.83783 -9.76525 0.128428
    endloop
  endfacet
  facet normal -0.824051 -0.475797 -0.307502
    outer loop
      vertex -2.90172 -9.89765 0.296632
      vertex -2.97898 -9.82809 0.396045
      vertex -2.94947 -9.81495 0.296632
    endloop
  endfacet
  facet normal -0.387577 -0.869109 -0.307301
    outer loop
      vertex -2.68332 -10.0943 0.396045
      vertex -2.76057 -10.0247 0.296632
      vertex -2.67334 -10.0636 0.296632
    endloop
  endfacet
  facet normal -0.387125 -0.869171 -0.307695
    outer loop
      vertex -2.68332 -10.0943 0.396045
      vertex -2.77672 -10.0527 0.396045
      vertex -2.76057 -10.0247 0.296632
    endloop
  endfacet
  facet normal 0.240124 -0.330581 -0.912719
    outer loop
      vertex 2.65719 -9.84567 0.066988
      vertex 2.60944 -9.76297 0.0244722
      vertex 2.63557 -9.74399 0.0244722
    endloop
  endfacet
  facet normal -0.353881 -0.204306 -0.912703
    outer loop
      vertex -2.73444 -9.77611 0.066988
      vertex -2.76057 -9.73085 0.066988
      vertex -2.67334 -9.69201 0.0244722
    endloop
  endfacet
  facet normal -0.553659 -0.498485 -0.667064
    outer loop
      vertex -2.75606 -9.8778 0.128428
      vertex -2.80286 -9.92977 0.206108
      vertex -2.80286 -9.82582 0.128428
    endloop
  endfacet
  facet normal 0.121834 -0.576679 -0.807835
    outer loop
      vertex 1.08026 -10.278 0.128428
      vertex 1.07142 -10.1938 0.066988
      vertex 1.12254 -10.183 0.066988
    endloop
  endfacet
  facet normal 0.0845001 -0.399967 -0.912626
    outer loop
      vertex 1.07142 -10.1938 0.066988
      vertex 1.06143 -10.0989 0.0244722
      vertex 1.12254 -10.183 0.066988
    endloop
  endfacet
  facet normal -0.0845001 -0.399967 -0.912626
    outer loop
      vertex -1.07142 -10.1938 0.066988
      vertex -1.12254 -10.183 0.066988
      vertex -1.06143 -10.0989 0.0244722
    endloop
  endfacet
  facet normal 0 -0.408851 -0.912601
    outer loop
      vertex 1.07142 -10.1938 0.066988
      vertex -1.06143 -10.0989 0.0244722
      vertex 1.06143 -10.0989 0.0244722
    endloop
  endfacet
  facet normal 0 -0.408851 -0.912601
    outer loop
      vertex -1.06143 -10.0989 0.0244722
      vertex 1.07142 -10.1938 0.066988
      vertex -1.07142 -10.1938 0.066988
    endloop
  endfacet
  facet normal -0.239926 -0.538886 -0.807488
    outer loop
      vertex -2.63557 -9.94736 0.128428
      vertex -2.69947 -9.91891 0.128428
      vertex -2.65719 -9.84567 0.066988
    endloop
  endfacet
  facet normal -0.346725 -0.477198 -0.807505
    outer loop
      vertex -2.65719 -9.84567 0.066988
      vertex -2.75606 -9.8778 0.128428
      vertex -2.69947 -9.81495 0.066988
    endloop
  endfacet
  facet normal -0.122636 -0.576994 -0.807489
    outer loop
      vertex -2.56716 -9.9619 0.128428
      vertex -2.63557 -9.94736 0.128428
      vertex -2.60944 -9.86693 0.066988
    endloop
  endfacet
  facet normal -0.122837 -0.169111 -0.977912
    outer loop
      vertex -2.60944 -9.76297 0.0244722
      vertex -2.63557 -9.74399 0.0244722
      vertex -2.56716 -9.66801 0.00273991
    endloop
  endfacet
  facet normal -0.558987 -0.769965 0.307713
    outer loop
      vertex -2.76057 -10.0247 15.7034
      vertex -2.83783 -9.96861 15.7034
      vertex -2.77672 -10.0527 15.604
    endloop
  endfacet
  facet normal -0.387121 -0.86916 0.307731
    outer loop
      vertex -2.76057 -10.0247 15.7034
      vertex -2.77672 -10.0527 15.604
      vertex -2.68332 -10.0943 15.604
    endloop
  endfacet
  facet normal 0.553723 -0.498542 0.666969
    outer loop
      vertex 2.80286 -9.82582 15.8716
      vertex 2.75606 -9.8778 15.8716
      vertex 2.80286 -9.92977 15.7939
    endloop
  endfacet
  facet normal 0.239825 -0.538657 0.807671
    outer loop
      vertex 2.65719 -9.84567 15.933
      vertex 2.63557 -9.94736 15.8716
      vertex 2.69947 -9.91891 15.8716
    endloop
  endfacet
  facet normal 0.437919 -0.602817 0.666963
    outer loop
      vertex 2.75606 -9.8778 15.8716
      vertex 2.69947 -9.91891 15.8716
      vertex 2.80286 -9.92977 15.7939
    endloop
  endfacet
  facet normal 0.553707 -0.498548 0.666977
    outer loop
      vertex 2.80286 -9.82582 15.8716
      vertex 2.80286 -9.92977 15.7939
      vertex 2.85944 -9.86693 15.7939
    endloop
  endfacet
  facet normal 0.085216 -0.191544 0.977778
    outer loop
      vertex 2.55832 -9.67443 15.9973
      vertex 2.54834 -9.67887 15.9973
      vertex 2.60944 -9.76297 15.9755
    endloop
  endfacet
  facet normal 0.0852717 -0.191504 0.977781
    outer loop
      vertex 2.60944 -9.76297 15.9755
      vertex 2.54834 -9.67887 15.9973
      vertex 2.57993 -9.77611 15.9755
    endloop
  endfacet
  facet normal 0.824725 -0.267977 0.498013
    outer loop
      vertex 2.97898 -9.72413 15.7034
      vertex 2.92786 -9.71327 15.7939
      vertex 2.94947 -9.81495 15.7034
    endloop
  endfacet
  facet normal 0.904962 -0.294048 0.307537
    outer loop
      vertex 2.97898 -9.72413 15.7034
      vertex 2.94947 -9.81495 15.7034
      vertex 2.97898 -9.82809 15.604
    endloop
  endfacet
  facet normal 0.70859 -0.230223 0.667007
    outer loop
      vertex 2.96815 -9.36415 15.8716
      vertex 2.92786 -9.71327 15.7939
      vertex 3.03205 -9.39259 15.7939
    endloop
  endfacet
  facet normal 0.708585 -0.230224 0.667012
    outer loop
      vertex 2.92786 -9.71327 15.7939
      vertex 2.96815 -9.36415 15.8716
      vertex 2.83783 -9.76525 15.8716
    endloop
  endfacet
  facet normal -0.0849629 -0.190975 -0.977911
    outer loop
      vertex -2.54834 -9.67887 0.00273991
      vertex -2.60944 -9.76297 0.0244722
      vertex -2.55832 -9.67443 0.00273991
    endloop
  endfacet
  facet normal 0.198762 -0.064584 -0.977918
    outer loop
      vertex 2.57993 -9.65042 0.00273991
      vertex 2.80367 -9.29091 0.0244722
      vertex 2.67334 -9.69201 0.0244722
    endloop
  endfacet
  facet normal 0.198762 -0.064584 -0.977918
    outer loop
      vertex 2.80367 -9.29091 0.0244722
      vertex 2.57993 -9.65042 0.00273991
      vertex 2.71026 -9.24932 0.00273991
    endloop
  endfacet
  facet normal 0.155341 -0.139845 -0.977912
    outer loop
      vertex 2.63557 -9.74399 0.0244722
      vertex 2.56716 -9.66801 0.00273991
      vertex 2.57447 -9.65989 0.00273991
    endloop
  endfacet
  facet normal 0.644478 -0.580267 -0.497934
    outer loop
      vertex 2.83783 -9.96861 0.296632
      vertex 2.80286 -9.92977 0.206108
      vertex 2.90172 -9.89765 0.296632
    endloop
  endfacet
  facet normal 0.387577 -0.869109 -0.307301
    outer loop
      vertex 2.68332 -10.0943 0.396045
      vertex 2.67334 -10.0636 0.296632
      vertex 2.76057 -10.0247 0.296632
    endloop
  endfacet
  facet normal 0.353217 -0.792059 -0.497876
    outer loop
      vertex 2.67334 -10.0636 0.296632
      vertex 2.65719 -10.0139 0.206108
      vertex 2.76057 -10.0247 0.296632
    endloop
  endfacet
  facet normal 0.437868 -0.602748 -0.667058
    outer loop
      vertex 2.80286 -9.92977 0.206108
      vertex 2.69947 -9.91891 0.128428
      vertex 2.75606 -9.8778 0.128428
    endloop
  endfacet
  facet normal 0.437891 -0.602705 -0.667082
    outer loop
      vertex 2.73444 -9.97948 0.206108
      vertex 2.69947 -9.91891 0.128428
      vertex 2.80286 -9.92977 0.206108
    endloop
  endfacet
  facet normal 0.154857 -0.728596 -0.667209
    outer loop
      vertex 2.65719 -10.0139 0.206108
      vertex 2.56716 -9.9619 0.128428
      vertex 2.63557 -9.94736 0.128428
    endloop
  endfacet
  facet normal 0.122652 -0.576998 -0.807483
    outer loop
      vertex 2.56716 -9.9619 0.128428
      vertex 1.12254 -10.183 0.066988
      vertex 2.60944 -9.86693 0.066988
    endloop
  endfacet
  facet normal 0.122637 -0.57687 -0.807577
    outer loop
      vertex 1.12254 -10.183 0.066988
      vertex 2.56716 -9.9619 0.128428
      vertex 1.08026 -10.278 0.128428
    endloop
  endfacet
  facet normal 0.240183 -0.330565 -0.91271
    outer loop
      vertex 2.65719 -9.84567 0.066988
      vertex 2.63557 -9.74399 0.0244722
      vertex 2.69947 -9.81495 0.066988
    endloop
  endfacet
  facet normal 0.30366 -0.273404 -0.912711
    outer loop
      vertex 2.69947 -9.81495 0.066988
      vertex 2.63557 -9.74399 0.0244722
      vertex 2.73444 -9.77611 0.066988
    endloop
  endfacet
  facet normal 0.303652 -0.273426 -0.912707
    outer loop
      vertex 2.73444 -9.77611 0.066988
      vertex 2.63557 -9.74399 0.0244722
      vertex 2.65719 -9.71998 0.0244722
    endloop
  endfacet
  facet normal 0.0849629 -0.190975 -0.977911
    outer loop
      vertex 2.60944 -9.76297 0.0244722
      vertex 2.54834 -9.67887 0.00273991
      vertex 2.55832 -9.67443 0.00273991
    endloop
  endfacet
  facet normal 0.122821 -0.169118 -0.977913
    outer loop
      vertex 2.60944 -9.76297 0.0244722
      vertex 2.55832 -9.67443 0.00273991
      vertex 2.56716 -9.66801 0.00273991
    endloop
  endfacet
  facet normal 0.644433 -0.580236 0.498028
    outer loop
      vertex 2.85944 -9.86693 15.7939
      vertex 2.80286 -9.92977 15.7939
      vertex 2.90172 -9.89765 15.7034
    endloop
  endfacet
  facet normal 0.751009 -0.433542 0.498023
    outer loop
      vertex 2.90172 -9.79369 15.7939
      vertex 2.85944 -9.86693 15.7939
      vertex 2.90172 -9.89765 15.7034
    endloop
  endfacet
  facet normal 0.904972 -0.294055 -0.307501
    outer loop
      vertex 3.10931 -9.42699 0.396045
      vertex 2.97898 -9.72413 0.296632
      vertex 3.0798 -9.41385 0.296632
    endloop
  endfacet
  facet normal 0.904972 -0.294054 -0.307503
    outer loop
      vertex 2.97898 -9.72413 0.296632
      vertex 3.10931 -9.42699 0.396045
      vertex 2.97898 -9.82809 0.396045
    endloop
  endfacet
  facet normal 0.904973 -0.294052 -0.307501
    outer loop
      vertex 2.97898 -9.82809 0.396045
      vertex 2.94947 -9.81495 0.296632
      vertex 2.97898 -9.72413 0.296632
    endloop
  endfacet
  facet normal 0.584976 -0.804318 -0.104284
    outer loop
      vertex 2.78219 -10.0622 0.5
      vertex 2.77672 -10.0527 0.396045
      vertex 2.86675 -10.0007 0.5
    endloop
  endfacet
  facet normal 0.404645 -0.908505 -0.104316
    outer loop
      vertex 2.78219 -10.0622 0.5
      vertex 2.68332 -10.0943 0.396045
      vertex 2.77672 -10.0527 0.396045
    endloop
  endfacet
  facet normal -0.861354 -0.49726 -0.103931
    outer loop
      vertex -2.92786 -9.91664 0.396045
      vertex -2.98896 -9.83253 0.5
      vertex -2.97898 -9.82809 0.396045
    endloop
  endfacet
  facet normal -0.824066 -0.475734 -0.307558
    outer loop
      vertex -2.92786 -9.91664 0.396045
      vertex -2.97898 -9.82809 0.396045
      vertex -2.90172 -9.89765 0.296632
    endloop
  endfacet
  facet normal -0.824779 -0.267994 -0.497914
    outer loop
      vertex -2.94947 -9.81495 0.296632
      vertex -2.97898 -9.72413 0.296632
      vertex -2.92786 -9.71327 0.206108
    endloop
  endfacet
  facet normal -0.388624 -0.126276 -0.912702
    outer loop
      vertex -2.8909 -9.32975 0.066988
      vertex -2.67334 -9.69201 0.0244722
      vertex -2.76057 -9.73085 0.066988
    endloop
  endfacet
  facet normal -0.388624 -0.126276 -0.912702
    outer loop
      vertex -2.67334 -9.69201 0.0244722
      vertex -2.8909 -9.32975 0.066988
      vertex -2.80367 -9.29091 0.0244722
    endloop
  endfacet
  facet normal -0.0850184 -0.190936 -0.977914
    outer loop
      vertex -2.57993 -9.77611 0.0244722
      vertex -2.60944 -9.76297 0.0244722
      vertex -2.54834 -9.67887 0.00273991
    endloop
  endfacet
  facet normal 0.155321 -0.13986 -0.977913
    outer loop
      vertex 2.63557 -9.74399 0.0244722
      vertex 2.57447 -9.65989 0.00273991
      vertex 2.65719 -9.71998 0.0244722
    endloop
  endfacet
  facet normal -0.240183 -0.330565 -0.91271
    outer loop
      vertex -2.65719 -9.84567 0.066988
      vertex -2.69947 -9.81495 0.066988
      vertex -2.63557 -9.74399 0.0244722
    endloop
  endfacet
  facet normal -0.166193 -0.373271 -0.912715
    outer loop
      vertex -2.60944 -9.86693 0.066988
      vertex -2.65719 -9.84567 0.066988
      vertex -2.57993 -9.77611 0.0244722
    endloop
  endfacet
  facet normal -0.437868 -0.602748 -0.667058
    outer loop
      vertex -2.69947 -9.91891 0.128428
      vertex -2.80286 -9.92977 0.206108
      vertex -2.75606 -9.8778 0.128428
    endloop
  endfacet
  facet normal -0.553644 -0.498491 -0.667072
    outer loop
      vertex -2.80286 -9.92977 0.206108
      vertex -2.85944 -9.86693 0.206108
      vertex -2.80286 -9.82582 0.128428
    endloop
  endfacet
  facet normal -0.645206 -0.372465 -0.667067
    outer loop
      vertex -2.85944 -9.86693 0.206108
      vertex -2.90172 -9.79369 0.206108
      vertex -2.80286 -9.82582 0.128428
    endloop
  endfacet
  facet normal 0.303235 -0.680561 0.666997
    outer loop
      vertex 2.69947 -9.91891 15.8716
      vertex 2.65719 -10.0139 15.7939
      vertex 2.73444 -9.97948 15.7939
    endloop
  endfacet
  facet normal 0.35299 -0.792227 0.497769
    outer loop
      vertex 2.73444 -9.97948 15.7939
      vertex 2.65719 -10.0139 15.7939
      vertex 2.76057 -10.0247 15.7034
    endloop
  endfacet
  facet normal 0.438179 -0.394519 0.807684
    outer loop
      vertex 2.73444 -9.77611 15.933
      vertex 2.69947 -9.81495 15.933
      vertex 2.80286 -9.82582 15.8716
    endloop
  endfacet
  facet normal 0.510628 -0.294801 0.807683
    outer loop
      vertex 2.76057 -9.73085 15.933
      vertex 2.73444 -9.77611 15.933
      vertex 2.80286 -9.82582 15.8716
    endloop
  endfacet
  facet normal 0.438181 -0.394514 0.807685
    outer loop
      vertex 2.80286 -9.82582 15.8716
      vertex 2.69947 -9.81495 15.933
      vertex 2.75606 -9.8778 15.8716
    endloop
  endfacet
  facet normal 0.346578 -0.476996 0.807687
    outer loop
      vertex 2.69947 -9.81495 15.933
      vertex 2.65719 -9.84567 15.933
      vertex 2.75606 -9.8778 15.8716
    endloop
  endfacet
  facet normal 0.303558 -0.273341 0.912764
    outer loop
      vertex 2.65719 -9.71998 15.9755
      vertex 2.63557 -9.74399 15.9755
      vertex 2.73444 -9.77611 15.933
    endloop
  endfacet
  facet normal 0.155783 -0.140276 0.97778
    outer loop
      vertex 2.65719 -9.71998 15.9755
      vertex 2.57447 -9.65989 15.9973
      vertex 2.63557 -9.74399 15.9755
    endloop
  endfacet
  facet normal 0.904961 -0.294051 0.307538
    outer loop
      vertex 2.97898 -9.72413 15.7034
      vertex 3.10931 -9.42699 15.604
      vertex 3.0798 -9.41385 15.7034
    endloop
  endfacet
  facet normal 0.904961 -0.29405 0.30754
    outer loop
      vertex 3.10931 -9.42699 15.604
      vertex 2.97898 -9.72413 15.7034
      vertex 2.97898 -9.82809 15.604
    endloop
  endfacet
  facet normal 0.510621 -0.294806 0.807685
    outer loop
      vertex 2.83783 -9.76525 15.8716
      vertex 2.76057 -9.73085 15.933
      vertex 2.80286 -9.82582 15.8716
    endloop
  endfacet
  facet normal 0.645277 -0.37255 0.666951
    outer loop
      vertex 2.83783 -9.76525 15.8716
      vertex 2.80286 -9.82582 15.8716
      vertex 2.90172 -9.79369 15.7939
    endloop
  endfacet
  facet normal 0.708508 -0.230197 -0.667102
    outer loop
      vertex 2.92786 -9.71327 0.206108
      vertex 2.96815 -9.36415 0.128428
      vertex 3.03205 -9.39259 0.206108
    endloop
  endfacet
  facet normal 0.708503 -0.230197 -0.667107
    outer loop
      vertex 2.96815 -9.36415 0.128428
      vertex 2.92786 -9.71327 0.206108
      vertex 2.83783 -9.76525 0.128428
    endloop
  endfacet
  facet normal 0.155112 -0.728938 -0.666775
    outer loop
      vertex 1.08757 -10.3475 0.206108
      vertex 1.08026 -10.278 0.128428
      vertex 1.17028 -10.3299 0.206108
    endloop
  endfacet
  facet normal 0.197328 -0.930931 -0.307293
    outer loop
      vertex 2.68332 -10.0943 0.396045
      vertex 2.57993 -10.0834 0.296632
      vertex 2.67334 -10.0636 0.296632
    endloop
  endfacet
  facet normal 0.553644 -0.498491 -0.667072
    outer loop
      vertex 2.85944 -9.86693 0.206108
      vertex 2.80286 -9.92977 0.206108
      vertex 2.80286 -9.82582 0.128428
    endloop
  endfacet
  facet normal 0.644476 -0.580274 -0.497928
    outer loop
      vertex 2.90172 -9.89765 0.296632
      vertex 2.80286 -9.92977 0.206108
      vertex 2.85944 -9.86693 0.206108
    endloop
  endfacet
  facet normal -0.0849571 -0.399667 -0.912715
    outer loop
      vertex -1.12254 -10.183 0.066988
      vertex -2.60944 -9.86693 0.066988
      vertex -2.57993 -9.77611 0.0244722
    endloop
  endfacet
  facet normal -0.510845 -0.294926 -0.8075
    outer loop
      vertex -2.73444 -9.77611 0.066988
      vertex -2.80286 -9.82582 0.128428
      vertex -2.76057 -9.73085 0.066988
    endloop
  endfacet
  facet normal -0.180988 -0.104503 -0.977917
    outer loop
      vertex -2.65719 -9.71998 0.0244722
      vertex -2.67334 -9.69201 0.0244722
      vertex -2.57993 -9.65042 0.00273991
    endloop
  endfacet
  facet normal -0.560998 -0.182272 -0.807501
    outer loop
      vertex -2.96815 -9.36415 0.128428
      vertex -2.76057 -9.73085 0.066988
      vertex -2.83783 -9.76525 0.128428
    endloop
  endfacet
  facet normal -0.561034 -0.182298 -0.80747
    outer loop
      vertex -2.76057 -9.73085 0.066988
      vertex -2.96815 -9.36415 0.128428
      vertex -2.8909 -9.32975 0.066988
    endloop
  endfacet
  facet normal -0.438367 -0.394682 -0.807503
    outer loop
      vertex -2.75606 -9.8778 0.128428
      vertex -2.80286 -9.82582 0.128428
      vertex -2.69947 -9.81495 0.066988
    endloop
  endfacet
  facet normal -0.346698 -0.477247 -0.807487
    outer loop
      vertex -2.69947 -9.91891 0.128428
      vertex -2.75606 -9.8778 0.128428
      vertex -2.65719 -9.84567 0.066988
    endloop
  endfacet
  facet normal 0.560796 -0.18222 0.807653
    outer loop
      vertex 2.76057 -9.73085 15.933
      vertex 2.96815 -9.36415 15.8716
      vertex 2.8909 -9.32975 15.933
    endloop
  endfacet
  facet normal 0.56076 -0.182195 0.807684
    outer loop
      vertex 2.96815 -9.36415 15.8716
      vertex 2.76057 -9.73085 15.933
      vertex 2.83783 -9.76525 15.8716
    endloop
  endfacet
  facet normal 0.179834 -0.848398 -0.497876
    outer loop
      vertex 2.67334 -10.0636 0.296632
      vertex 2.57993 -10.0834 0.296632
      vertex 2.65719 -10.0139 0.206108
    endloop
  endfacet
  facet normal 0.154986 -0.729038 -0.666696
    outer loop
      vertex 2.56716 -9.9619 0.128428
      vertex 1.17028 -10.3299 0.206108
      vertex 1.08026 -10.278 0.128428
    endloop
  endfacet
  facet normal 0.154844 -0.728606 -0.667201
    outer loop
      vertex 1.17028 -10.3299 0.206108
      vertex 2.56716 -9.9619 0.128428
      vertex 2.65719 -10.0139 0.206108
    endloop
  endfacet
  facet normal -0.240124 -0.330581 -0.912719
    outer loop
      vertex -2.60944 -9.76297 0.0244722
      vertex -2.65719 -9.84567 0.066988
      vertex -2.63557 -9.74399 0.0244722
    endloop
  endfacet
  facet normal -0.166203 -0.373261 -0.912717
    outer loop
      vertex -2.57993 -9.77611 0.0244722
      vertex -2.65719 -9.84567 0.066988
      vertex -2.60944 -9.76297 0.0244722
    endloop
  endfacet
  facet normal -0.353863 -0.204322 -0.912707
    outer loop
      vertex -2.65719 -9.71998 0.0244722
      vertex -2.73444 -9.77611 0.066988
      vertex -2.67334 -9.69201 0.0244722
    endloop
  endfacet
  facet normal -0.303652 -0.273426 -0.912707
    outer loop
      vertex -2.63557 -9.74399 0.0244722
      vertex -2.73444 -9.77611 0.066988
      vertex -2.65719 -9.71998 0.0244722
    endloop
  endfacet
  facet normal 0.388504 -0.126237 0.912759
    outer loop
      vertex 2.67334 -9.69201 15.9755
      vertex 2.8909 -9.32975 15.933
      vertex 2.80367 -9.29091 15.9755
    endloop
  endfacet
  facet normal 0.388504 -0.126237 0.912759
    outer loop
      vertex 2.8909 -9.32975 15.933
      vertex 2.67334 -9.69201 15.9755
      vertex 2.76057 -9.73085 15.933
    endloop
  endfacet
  facet normal 0.180298 -0.848103 -0.49821
    outer loop
      vertex 1.17028 -10.3299 0.206108
      vertex 2.57993 -10.0834 0.296632
      vertex 1.09303 -10.3995 0.296632
    endloop
  endfacet
  facet normal 0.180323 -0.848496 -0.497533
    outer loop
      vertex 2.57993 -10.0834 0.296632
      vertex 1.17028 -10.3299 0.206108
      vertex 2.65719 -10.0139 0.206108
    endloop
  endfacet
  facet normal 0.353013 -0.792279 -0.49767
    outer loop
      vertex 2.76057 -10.0247 0.296632
      vertex 2.65719 -10.0139 0.206108
      vertex 2.73444 -9.97948 0.206108
    endloop
  endfacet
  facet normal 0.3032 -0.680483 -0.667093
    outer loop
      vertex 2.73444 -9.97948 0.206108
      vertex 2.65719 -10.0139 0.206108
      vertex 2.69947 -9.91891 0.128428
    endloop
  endfacet
  facet normal -0.352741 -0.792256 -0.4979
    outer loop
      vertex -5.16149 -7.47524 0.206108
      vertex -4.51489 -7.82002 0.296632
      vertex -5.17764 -7.52494 0.296632
    endloop
  endfacet
  facet normal -0.352732 -0.792246 -0.497922
    outer loop
      vertex -4.51489 -7.82002 0.296632
      vertex -5.16149 -7.47524 0.206108
      vertex -4.48876 -7.77476 0.206108
    endloop
  endfacet
  facet normal 0.0852614 -0.191499 0.977782
    outer loop
      vertex 5.05264 -7.14023 15.9973
      vertex 4.36376 -7.55825 15.9755
      vertex 5.08424 -7.23747 15.9755
    endloop
  endfacet
  facet normal 0.0852606 -0.191498 0.977783
    outer loop
      vertex 4.36376 -7.55825 15.9755
      vertex 5.05264 -7.14023 15.9973
      vertex 4.31264 -7.4697 15.9973
    endloop
  endfacet
  facet normal 0.239821 -0.53866 0.80767
    outer loop
      vertex 5.11375 -7.32829 15.933
      vertex 4.45379 -7.71418 15.8716
      vertex 5.13988 -7.40872 15.8716
    endloop
  endfacet
  facet normal 0.239834 -0.538678 0.807654
    outer loop
      vertex 4.45379 -7.71418 15.8716
      vertex 5.11375 -7.32829 15.933
      vertex 4.4115 -7.64095 15.933
    endloop
  endfacet
  facet normal -0.239834 -0.538678 0.807654
    outer loop
      vertex -5.11375 -7.32829 15.933
      vertex -4.45379 -7.71418 15.8716
      vertex -4.4115 -7.64095 15.933
    endloop
  endfacet
  facet normal -0.239821 -0.53866 0.80767
    outer loop
      vertex -4.45379 -7.71418 15.8716
      vertex -5.11375 -7.32829 15.933
      vertex -5.13988 -7.40872 15.8716
    endloop
  endfacet
  facet normal 0.387036 -0.869283 0.30749
    outer loop
      vertex 4.53104 -7.84799 15.604
      vertex 5.17764 -7.52494 15.7034
      vertex 4.51489 -7.82002 15.7034
    endloop
  endfacet
  facet normal 0.38703 -0.869278 0.307513
    outer loop
      vertex 5.17764 -7.52494 15.7034
      vertex 4.53104 -7.84799 15.604
      vertex 5.18762 -7.55566 15.604
    endloop
  endfacet
  facet normal 0.404534 -0.908593 0.103972
    outer loop
      vertex 4.5365 -7.85746 15.5
      vertex 5.18762 -7.55566 15.604
      vertex 4.53104 -7.84799 15.604
    endloop
  endfacet
  facet normal 0.404544 -0.908595 0.10392
    outer loop
      vertex 5.18762 -7.55566 15.604
      vertex 4.5365 -7.85746 15.5
      vertex 5.191 -7.56605 15.5
    endloop
  endfacet
  facet normal 0.352709 -0.792194 0.498022
    outer loop
      vertex 4.51489 -7.82002 15.7034
      vertex 5.16149 -7.47524 15.7939
      vertex 4.48876 -7.77476 15.7939
    endloop
  endfacet
  facet normal 0.352718 -0.792204 0.497999
    outer loop
      vertex 5.16149 -7.47524 15.7939
      vertex 4.51489 -7.82002 15.7034
      vertex 5.17764 -7.52494 15.7034
    endloop
  endfacet
  facet normal 0.387041 -0.869294 -0.307453
    outer loop
      vertex 5.17764 -7.52494 0.296632
      vertex 4.53104 -7.84799 0.396045
      vertex 4.51489 -7.82002 0.296632
    endloop
  endfacet
  facet normal 0.387035 -0.869289 -0.307476
    outer loop
      vertex 4.53104 -7.84799 0.396045
      vertex 5.17764 -7.52494 0.296632
      vertex 5.18762 -7.55566 0.396045
    endloop
  endfacet
  facet normal -0.404544 -0.908595 0.10392
    outer loop
      vertex -4.5365 -7.85746 15.5
      vertex -5.18762 -7.55566 15.604
      vertex -5.191 -7.56605 15.5
    endloop
  endfacet
  facet normal -0.404534 -0.908593 0.103972
    outer loop
      vertex -5.18762 -7.55566 15.604
      vertex -4.5365 -7.85746 15.5
      vertex -4.53104 -7.84799 15.604
    endloop
  endfacet
  facet normal -0.406746 -0.913541 0
    outer loop
      vertex -5.191 -7.56605 0.5
      vertex -4.5365 -7.85746 15.5
      vertex -5.191 -7.56605 15.5
    endloop
  endfacet
  facet normal -0.406746 -0.913541 -0
    outer loop
      vertex -4.5365 -7.85746 15.5
      vertex -5.191 -7.56605 0.5
      vertex -4.5365 -7.85746 0.5
    endloop
  endfacet
  facet normal 0.166139 -0.373156 0.912772
    outer loop
      vertex 5.08424 -7.23747 15.9755
      vertex 4.4115 -7.64095 15.933
      vertex 5.11375 -7.32829 15.933
    endloop
  endfacet
  facet normal 0.166145 -0.373166 0.912767
    outer loop
      vertex 4.4115 -7.64095 15.933
      vertex 5.08424 -7.23747 15.9755
      vertex 4.36376 -7.55825 15.9755
    endloop
  endfacet
  facet normal 0.303024 -0.680618 0.667035
    outer loop
      vertex 4.48876 -7.77476 15.7939
      vertex 5.13988 -7.40872 15.8716
      vertex 4.45379 -7.71418 15.8716
    endloop
  endfacet
  facet normal 0.303045 -0.680648 0.666995
    outer loop
      vertex 5.13988 -7.40872 15.8716
      vertex 4.48876 -7.77476 15.7939
      vertex 5.16149 -7.47524 15.7939
    endloop
  endfacet
  facet normal -0.38703 -0.869278 0.307513
    outer loop
      vertex -4.53104 -7.84799 15.604
      vertex -5.17764 -7.52494 15.7034
      vertex -5.18762 -7.55566 15.604
    endloop
  endfacet
  facet normal -0.387036 -0.869283 0.30749
    outer loop
      vertex -5.17764 -7.52494 15.7034
      vertex -4.53104 -7.84799 15.604
      vertex -4.51489 -7.82002 15.7034
    endloop
  endfacet
  facet normal -0.0852606 -0.191498 0.977783
    outer loop
      vertex -5.05264 -7.14023 15.9973
      vertex -4.36376 -7.55825 15.9755
      vertex -4.31264 -7.4697 15.9973
    endloop
  endfacet
  facet normal -0.0852614 -0.191499 0.977782
    outer loop
      vertex -4.36376 -7.55825 15.9755
      vertex -5.05264 -7.14023 15.9973
      vertex -5.08424 -7.23747 15.9755
    endloop
  endfacet
  facet normal 0.404532 -0.908589 -0.104017
    outer loop
      vertex 5.18762 -7.55566 0.396045
      vertex 4.5365 -7.85746 0.5
      vertex 4.53104 -7.84799 0.396045
    endloop
  endfacet
  facet normal 0.404542 -0.908591 -0.103964
    outer loop
      vertex 4.5365 -7.85746 0.5
      vertex 5.18762 -7.55566 0.396045
      vertex 5.191 -7.56605 0.5
    endloop
  endfacet
  facet normal -0.352718 -0.792204 0.497999
    outer loop
      vertex -4.51489 -7.82002 15.7034
      vertex -5.16149 -7.47524 15.7939
      vertex -5.17764 -7.52494 15.7034
    endloop
  endfacet
  facet normal -0.352709 -0.792194 0.498022
    outer loop
      vertex -5.16149 -7.47524 15.7939
      vertex -4.51489 -7.82002 15.7034
      vertex -4.48876 -7.77476 15.7939
    endloop
  endfacet
  facet normal -0.166145 -0.373166 0.912767
    outer loop
      vertex -5.08424 -7.23747 15.9755
      vertex -4.4115 -7.64095 15.933
      vertex -4.36376 -7.55825 15.9755
    endloop
  endfacet
  facet normal -0.166139 -0.373156 0.912772
    outer loop
      vertex -4.4115 -7.64095 15.933
      vertex -5.08424 -7.23747 15.9755
      vertex -5.11375 -7.32829 15.933
    endloop
  endfacet
  facet normal -0.303045 -0.680648 0.666995
    outer loop
      vertex -4.48876 -7.77476 15.7939
      vertex -5.13988 -7.40872 15.8716
      vertex -5.16149 -7.47524 15.7939
    endloop
  endfacet
  facet normal -0.303024 -0.680618 0.667035
    outer loop
      vertex -5.13988 -7.40872 15.8716
      vertex -4.48876 -7.77476 15.7939
      vertex -4.45379 -7.71418 15.8716
    endloop
  endfacet
  facet normal 0.352732 -0.792246 -0.497922
    outer loop
      vertex 5.16149 -7.47524 0.206108
      vertex 4.51489 -7.82002 0.296632
      vertex 4.48876 -7.77476 0.206108
    endloop
  endfacet
  facet normal 0.352741 -0.792256 -0.4979
    outer loop
      vertex 4.51489 -7.82002 0.296632
      vertex 5.16149 -7.47524 0.206108
      vertex 5.17764 -7.52494 0.296632
    endloop
  endfacet
  facet normal 0.406746 -0.913541 0
    outer loop
      vertex 4.5365 -7.85746 0.5
      vertex 5.191 -7.56605 15.5
      vertex 4.5365 -7.85746 15.5
    endloop
  endfacet
  facet normal 0.406746 -0.913541 0
    outer loop
      vertex 5.191 -7.56605 15.5
      vertex 4.5365 -7.85746 0.5
      vertex 5.191 -7.56605 0.5
    endloop
  endfacet
  facet normal 0.239923 -0.538889 -0.807487
    outer loop
      vertex 4.45379 -7.71418 0.128428
      vertex 5.11375 -7.32829 0.066988
      vertex 5.13988 -7.40872 0.128428
    endloop
  endfacet
  facet normal 0.239936 -0.538907 -0.807471
    outer loop
      vertex 5.11375 -7.32829 0.066988
      vertex 4.45379 -7.71418 0.128428
      vertex 4.4115 -7.64095 0.066988
    endloop
  endfacet
  facet normal -0.239936 -0.538907 -0.807471
    outer loop
      vertex -4.45379 -7.71418 0.128428
      vertex -5.11375 -7.32829 0.066988
      vertex -4.4115 -7.64095 0.066988
    endloop
  endfacet
  facet normal -0.239923 -0.538889 -0.807487
    outer loop
      vertex -5.11375 -7.32829 0.066988
      vertex -4.45379 -7.71418 0.128428
      vertex -5.13988 -7.40872 0.128428
    endloop
  endfacet
  facet normal 0.16619 -0.373272 -0.912715
    outer loop
      vertex 4.4115 -7.64095 0.066988
      vertex 5.08424 -7.23747 0.0244722
      vertex 5.11375 -7.32829 0.066988
    endloop
  endfacet
  facet normal 0.166196 -0.373281 -0.91271
    outer loop
      vertex 5.08424 -7.23747 0.0244722
      vertex 4.4115 -7.64095 0.066988
      vertex 4.36376 -7.55825 0.0244722
    endloop
  endfacet
  facet normal -0.387035 -0.869289 -0.307476
    outer loop
      vertex -5.17764 -7.52494 0.296632
      vertex -4.53104 -7.84799 0.396045
      vertex -5.18762 -7.55566 0.396045
    endloop
  endfacet
  facet normal -0.387041 -0.869294 -0.307453
    outer loop
      vertex -4.53104 -7.84799 0.396045
      vertex -5.17764 -7.52494 0.296632
      vertex -4.51489 -7.82002 0.296632
    endloop
  endfacet
  facet normal -0.404542 -0.908591 -0.103964
    outer loop
      vertex -5.18762 -7.55566 0.396045
      vertex -4.5365 -7.85746 0.5
      vertex -5.191 -7.56605 0.5
    endloop
  endfacet
  facet normal -0.404532 -0.908589 -0.104017
    outer loop
      vertex -4.5365 -7.85746 0.5
      vertex -5.18762 -7.55566 0.396045
      vertex -4.53104 -7.84799 0.396045
    endloop
  endfacet
  facet normal 0.302989 -0.68054 -0.66713
    outer loop
      vertex 5.13988 -7.40872 0.128428
      vertex 4.48876 -7.77476 0.206108
      vertex 4.45379 -7.71418 0.128428
    endloop
  endfacet
  facet normal 0.303011 -0.68057 -0.66709
    outer loop
      vertex 4.48876 -7.77476 0.206108
      vertex 5.13988 -7.40872 0.128428
      vertex 5.16149 -7.47524 0.206108
    endloop
  endfacet
  facet normal -0.303011 -0.68057 -0.66709
    outer loop
      vertex -5.13988 -7.40872 0.128428
      vertex -4.48876 -7.77476 0.206108
      vertex -5.16149 -7.47524 0.206108
    endloop
  endfacet
  facet normal -0.302989 -0.68054 -0.66713
    outer loop
      vertex -4.48876 -7.77476 0.206108
      vertex -5.13988 -7.40872 0.128428
      vertex -4.45379 -7.71418 0.128428
    endloop
  endfacet
  facet normal -0.166196 -0.373281 -0.91271
    outer loop
      vertex -4.4115 -7.64095 0.066988
      vertex -5.08424 -7.23747 0.0244722
      vertex -4.36376 -7.55825 0.0244722
    endloop
  endfacet
  facet normal -0.16619 -0.373272 -0.912715
    outer loop
      vertex -5.08424 -7.23747 0.0244722
      vertex -4.4115 -7.64095 0.066988
      vertex -5.11375 -7.32829 0.066988
    endloop
  endfacet
  facet normal -0.0850073 -0.190929 -0.977916
    outer loop
      vertex -4.36376 -7.55825 0.0244722
      vertex -5.05264 -7.14023 0.00273991
      vertex -4.31264 -7.4697 0.00273991
    endloop
  endfacet
  facet normal -0.0850082 -0.190931 -0.977916
    outer loop
      vertex -5.05264 -7.14023 0.00273991
      vertex -4.36376 -7.55825 0.0244722
      vertex -5.08424 -7.23747 0.0244722
    endloop
  endfacet
  facet normal 0.0850082 -0.190931 -0.977916
    outer loop
      vertex 4.36376 -7.55825 0.0244722
      vertex 5.05264 -7.14023 0.00273991
      vertex 5.08424 -7.23747 0.0244722
    endloop
  endfacet
  facet normal 0.0850073 -0.190929 -0.977916
    outer loop
      vertex 5.05264 -7.14023 0.00273991
      vertex 4.36376 -7.55825 0.0244722
      vertex 4.31264 -7.4697 0.00273991
    endloop
  endfacet
  facet normal -0.587784 -0.809018 0
    outer loop
      vertex -4.5365 -7.85746 0.5
      vertex -3.95689 -8.27857 15.5
      vertex -4.5365 -7.85746 15.5
    endloop
  endfacet
  facet normal -0.587784 -0.809018 -0
    outer loop
      vertex -3.95689 -8.27857 15.5
      vertex -4.5365 -7.85746 0.5
      vertex -3.95689 -8.27857 0.5
    endloop
  endfacet
  facet normal -0.346587 -0.477036 0.80766
    outer loop
      vertex -4.4115 -7.64095 15.933
      vertex -3.8462 -8.15562 15.8716
      vertex -3.78961 -8.09278 15.933
    endloop
  endfacet
  facet normal -0.346586 -0.477035 0.807661
    outer loop
      vertex -3.8462 -8.15562 15.8716
      vertex -4.4115 -7.64095 15.933
      vertex -4.45379 -7.71418 15.8716
    endloop
  endfacet
  facet normal -0.584596 -0.80463 -0.104004
    outer loop
      vertex -4.53104 -7.84799 0.396045
      vertex -3.95689 -8.27857 0.5
      vertex -4.5365 -7.85746 0.5
    endloop
  endfacet
  facet normal -0.584601 -0.80463 -0.10398
    outer loop
      vertex -3.95689 -8.27857 0.5
      vertex -4.53104 -7.84799 0.396045
      vertex -3.94959 -8.27044 0.396045
    endloop
  endfacet
  facet normal 0.509698 -0.701547 0.498036
    outer loop
      vertex 3.92797 -8.24644 15.7034
      vertex 4.48876 -7.77476 15.7939
      vertex 3.893 -8.2076 15.7939
    endloop
  endfacet
  facet normal 0.509705 -0.701553 0.498021
    outer loop
      vertex 4.48876 -7.77476 15.7939
      vertex 3.92797 -8.24644 15.7034
      vertex 4.51489 -7.82002 15.7034
    endloop
  endfacet
  facet normal 0.240102 -0.330472 0.912765
    outer loop
      vertex 4.36376 -7.55825 15.9755
      vertex 3.78961 -8.09278 15.933
      vertex 4.4115 -7.64095 15.933
    endloop
  endfacet
  facet normal 0.2401 -0.33047 0.912766
    outer loop
      vertex 3.78961 -8.09278 15.933
      vertex 4.36376 -7.55825 15.9755
      vertex 3.72571 -8.02182 15.9755
    endloop
  endfacet
  facet normal -0.123211 -0.169586 0.977783
    outer loop
      vertex -4.31264 -7.4697 15.9973
      vertex -3.72571 -8.02182 15.9755
      vertex -3.6573 -7.94583 15.9973
    endloop
  endfacet
  facet normal -0.123213 -0.169588 0.977782
    outer loop
      vertex -3.72571 -8.02182 15.9755
      vertex -4.31264 -7.4697 15.9973
      vertex -4.36376 -7.55825 15.9755
    endloop
  endfacet
  facet normal 0.346733 -0.477237 -0.807478
    outer loop
      vertex 3.8462 -8.15562 0.128428
      vertex 4.4115 -7.64095 0.066988
      vertex 4.45379 -7.71418 0.128428
    endloop
  endfacet
  facet normal 0.346734 -0.477239 -0.807477
    outer loop
      vertex 4.4115 -7.64095 0.066988
      vertex 3.8462 -8.15562 0.128428
      vertex 3.78961 -8.09278 0.066988
    endloop
  endfacet
  facet normal -0.509705 -0.701553 0.498021
    outer loop
      vertex -3.92797 -8.24644 15.7034
      vertex -4.48876 -7.77476 15.7939
      vertex -4.51489 -7.82002 15.7034
    endloop
  endfacet
  facet normal -0.509698 -0.701547 0.498036
    outer loop
      vertex -4.48876 -7.77476 15.7939
      vertex -3.92797 -8.24644 15.7034
      vertex -3.893 -8.2076 15.7939
    endloop
  endfacet
  facet normal -0.2401 -0.33047 0.912766
    outer loop
      vertex -4.36376 -7.55825 15.9755
      vertex -3.78961 -8.09278 15.933
      vertex -3.72571 -8.02182 15.9755
    endloop
  endfacet
  facet normal -0.240102 -0.330472 0.912765
    outer loop
      vertex -3.78961 -8.09278 15.933
      vertex -4.36376 -7.55825 15.9755
      vertex -4.4115 -7.64095 15.933
    endloop
  endfacet
  facet normal 0.346586 -0.477035 0.807661
    outer loop
      vertex 4.4115 -7.64095 15.933
      vertex 3.8462 -8.15562 15.8716
      vertex 4.45379 -7.71418 15.8716
    endloop
  endfacet
  facet normal 0.346587 -0.477036 0.80766
    outer loop
      vertex 3.8462 -8.15562 15.8716
      vertex 4.4115 -7.64095 15.933
      vertex 3.78961 -8.09278 15.933
    endloop
  endfacet
  facet normal 0.584604 -0.804634 0.103935
    outer loop
      vertex 3.95689 -8.27857 15.5
      vertex 4.53104 -7.84799 15.604
      vertex 3.94959 -8.27044 15.604
    endloop
  endfacet
  facet normal 0.584599 -0.804634 0.10396
    outer loop
      vertex 4.53104 -7.84799 15.604
      vertex 3.95689 -8.27857 15.5
      vertex 4.5365 -7.85746 15.5
    endloop
  endfacet
  facet normal 0.509732 -0.701593 -0.497936
    outer loop
      vertex 4.48876 -7.77476 0.206108
      vertex 3.92797 -8.24644 0.296632
      vertex 3.893 -8.2076 0.206108
    endloop
  endfacet
  facet normal 0.509739 -0.701599 -0.497921
    outer loop
      vertex 3.92797 -8.24644 0.296632
      vertex 4.48876 -7.77476 0.206108
      vertex 4.51489 -7.82002 0.296632
    endloop
  endfacet
  facet normal -0.43793 -0.602759 0.667008
    outer loop
      vertex -4.45379 -7.71418 15.8716
      vertex -3.893 -8.2076 15.7939
      vertex -3.8462 -8.15562 15.8716
    endloop
  endfacet
  facet normal -0.437915 -0.602745 0.66703
    outer loop
      vertex -3.893 -8.2076 15.7939
      vertex -4.45379 -7.71418 15.8716
      vertex -4.48876 -7.77476 15.7939
    endloop
  endfacet
  facet normal 0.437915 -0.602745 0.66703
    outer loop
      vertex 4.45379 -7.71418 15.8716
      vertex 3.893 -8.2076 15.7939
      vertex 4.48876 -7.77476 15.7939
    endloop
  endfacet
  facet normal 0.43793 -0.602759 0.667008
    outer loop
      vertex 3.893 -8.2076 15.7939
      vertex 4.45379 -7.71418 15.8716
      vertex 3.8462 -8.15562 15.8716
    endloop
  endfacet
  facet normal 0.587784 -0.809018 0
    outer loop
      vertex 3.95689 -8.27857 0.5
      vertex 4.5365 -7.85746 15.5
      vertex 3.95689 -8.27857 15.5
    endloop
  endfacet
  facet normal 0.587784 -0.809018 0
    outer loop
      vertex 4.5365 -7.85746 15.5
      vertex 3.95689 -8.27857 0.5
      vertex 4.5365 -7.85746 0.5
    endloop
  endfacet
  facet normal -0.43788 -0.60269 -0.667103
    outer loop
      vertex -3.893 -8.2076 0.206108
      vertex -4.45379 -7.71418 0.128428
      vertex -3.8462 -8.15562 0.128428
    endloop
  endfacet
  facet normal -0.437865 -0.602676 -0.667125
    outer loop
      vertex -4.45379 -7.71418 0.128428
      vertex -3.893 -8.2076 0.206108
      vertex -4.48876 -7.77476 0.206108
    endloop
  endfacet
  facet normal 0.559307 -0.769824 -0.307485
    outer loop
      vertex 4.51489 -7.82002 0.296632
      vertex 3.94959 -8.27044 0.396045
      vertex 3.92797 -8.24644 0.296632
    endloop
  endfacet
  facet normal 0.559316 -0.769829 -0.307455
    outer loop
      vertex 3.94959 -8.27044 0.396045
      vertex 4.51489 -7.82002 0.296632
      vertex 4.53104 -7.84799 0.396045
    endloop
  endfacet
  facet normal 0.123213 -0.169588 0.977782
    outer loop
      vertex 4.31264 -7.4697 15.9973
      vertex 3.72571 -8.02182 15.9755
      vertex 4.36376 -7.55825 15.9755
    endloop
  endfacet
  facet normal 0.123211 -0.169586 0.977783
    outer loop
      vertex 3.72571 -8.02182 15.9755
      vertex 4.31264 -7.4697 15.9973
      vertex 3.6573 -7.94583 15.9973
    endloop
  endfacet
  facet normal -0.559309 -0.76982 0.307492
    outer loop
      vertex -3.94959 -8.27044 15.604
      vertex -4.51489 -7.82002 15.7034
      vertex -4.53104 -7.84799 15.604
    endloop
  endfacet
  facet normal -0.5593 -0.769814 0.307521
    outer loop
      vertex -4.51489 -7.82002 15.7034
      vertex -3.94959 -8.27044 15.604
      vertex -3.92797 -8.24644 15.7034
    endloop
  endfacet
  facet normal -0.559316 -0.769829 -0.307455
    outer loop
      vertex -4.51489 -7.82002 0.296632
      vertex -3.94959 -8.27044 0.396045
      vertex -4.53104 -7.84799 0.396045
    endloop
  endfacet
  facet normal -0.559307 -0.769824 -0.307485
    outer loop
      vertex -3.94959 -8.27044 0.396045
      vertex -4.51489 -7.82002 0.296632
      vertex -3.92797 -8.24644 0.296632
    endloop
  endfacet
  facet normal 0.240176 -0.330574 -0.912708
    outer loop
      vertex 3.78961 -8.09278 0.066988
      vertex 4.36376 -7.55825 0.0244722
      vertex 4.4115 -7.64095 0.066988
    endloop
  endfacet
  facet normal 0.240175 -0.330572 -0.912709
    outer loop
      vertex 4.36376 -7.55825 0.0244722
      vertex 3.78961 -8.09278 0.066988
      vertex 3.72571 -8.02182 0.0244722
    endloop
  endfacet
  facet normal 0.437865 -0.602676 -0.667125
    outer loop
      vertex 3.893 -8.2076 0.206108
      vertex 4.45379 -7.71418 0.128428
      vertex 4.48876 -7.77476 0.206108
    endloop
  endfacet
  facet normal 0.43788 -0.60269 -0.667103
    outer loop
      vertex 4.45379 -7.71418 0.128428
      vertex 3.893 -8.2076 0.206108
      vertex 3.8462 -8.15562 0.128428
    endloop
  endfacet
  facet normal -0.346734 -0.477239 -0.807477
    outer loop
      vertex -3.8462 -8.15562 0.128428
      vertex -4.4115 -7.64095 0.066988
      vertex -3.78961 -8.09278 0.066988
    endloop
  endfacet
  facet normal -0.346733 -0.477237 -0.807478
    outer loop
      vertex -4.4115 -7.64095 0.066988
      vertex -3.8462 -8.15562 0.128428
      vertex -4.45379 -7.71418 0.128428
    endloop
  endfacet
  facet normal 0.5593 -0.769814 0.307521
    outer loop
      vertex 3.94959 -8.27044 15.604
      vertex 4.51489 -7.82002 15.7034
      vertex 3.92797 -8.24644 15.7034
    endloop
  endfacet
  facet normal 0.559309 -0.76982 0.307492
    outer loop
      vertex 4.51489 -7.82002 15.7034
      vertex 3.94959 -8.27044 15.604
      vertex 4.53104 -7.84799 15.604
    endloop
  endfacet
  facet normal 0.122847 -0.169084 -0.977916
    outer loop
      vertex 3.72571 -8.02182 0.0244722
      vertex 4.31264 -7.4697 0.00273991
      vertex 4.36376 -7.55825 0.0244722
    endloop
  endfacet
  facet normal 0.122845 -0.169082 -0.977916
    outer loop
      vertex 4.31264 -7.4697 0.00273991
      vertex 3.72571 -8.02182 0.0244722
      vertex 3.6573 -7.94583 0.00273991
    endloop
  endfacet
  facet normal -0.584599 -0.804634 0.10396
    outer loop
      vertex -3.95689 -8.27857 15.5
      vertex -4.53104 -7.84799 15.604
      vertex -4.5365 -7.85746 15.5
    endloop
  endfacet
  facet normal -0.584604 -0.804634 0.103935
    outer loop
      vertex -4.53104 -7.84799 15.604
      vertex -3.95689 -8.27857 15.5
      vertex -3.94959 -8.27044 15.604
    endloop
  endfacet
  facet normal -0.509739 -0.701599 -0.497921
    outer loop
      vertex -4.48876 -7.77476 0.206108
      vertex -3.92797 -8.24644 0.296632
      vertex -4.51489 -7.82002 0.296632
    endloop
  endfacet
  facet normal -0.509732 -0.701593 -0.497936
    outer loop
      vertex -3.92797 -8.24644 0.296632
      vertex -4.48876 -7.77476 0.206108
      vertex -3.893 -8.2076 0.206108
    endloop
  endfacet
  facet normal 0.584601 -0.80463 -0.10398
    outer loop
      vertex 4.53104 -7.84799 0.396045
      vertex 3.95689 -8.27857 0.5
      vertex 3.94959 -8.27044 0.396045
    endloop
  endfacet
  facet normal 0.584596 -0.80463 -0.104004
    outer loop
      vertex 3.95689 -8.27857 0.5
      vertex 4.53104 -7.84799 0.396045
      vertex 4.5365 -7.85746 0.5
    endloop
  endfacet
  facet normal -0.240175 -0.330572 -0.912709
    outer loop
      vertex -3.78961 -8.09278 0.066988
      vertex -4.36376 -7.55825 0.0244722
      vertex -3.72571 -8.02182 0.0244722
    endloop
  endfacet
  facet normal -0.240176 -0.330574 -0.912708
    outer loop
      vertex -4.36376 -7.55825 0.0244722
      vertex -3.78961 -8.09278 0.066988
      vertex -4.4115 -7.64095 0.066988
    endloop
  endfacet
  facet normal -0.122845 -0.169082 -0.977916
    outer loop
      vertex -3.72571 -8.02182 0.0244722
      vertex -4.31264 -7.4697 0.00273991
      vertex -3.6573 -7.94583 0.00273991
    endloop
  endfacet
  facet normal -0.122847 -0.169084 -0.977916
    outer loop
      vertex -4.31264 -7.4697 0.00273991
      vertex -3.72571 -8.02182 0.0244722
      vertex -4.36376 -7.55825 0.0244722
    endloop
  endfacet
  facet normal -0.197839 -0.930769 -0.307455
    outer loop
      vertex -5.88726 -7.37411 0.296632
      vertex -5.18762 -7.55566 0.396045
      vertex -5.89064 -7.40623 0.396045
    endloop
  endfacet
  facet normal -0.197834 -0.930762 -0.307479
    outer loop
      vertex -5.18762 -7.55566 0.396045
      vertex -5.88726 -7.37411 0.296632
      vertex -5.17764 -7.52494 0.296632
    endloop
  endfacet
  facet normal -0.207904 -0.978149 0
    outer loop
      vertex -5.89178 -7.4171 0.5
      vertex -5.191 -7.56605 15.5
      vertex -5.89178 -7.4171 15.5
    endloop
  endfacet
  facet normal -0.207904 -0.978149 -0
    outer loop
      vertex -5.191 -7.56605 15.5
      vertex -5.89178 -7.4171 0.5
      vertex -5.191 -7.56605 0.5
    endloop
  endfacet
  facet normal 0.180312 -0.848284 -0.497898
    outer loop
      vertex 5.8818 -7.32213 0.206108
      vertex 5.17764 -7.52494 0.296632
      vertex 5.16149 -7.47524 0.206108
    endloop
  endfacet
  facet normal 0.180297 -0.848255 -0.497953
    outer loop
      vertex 5.17764 -7.52494 0.296632
      vertex 5.8818 -7.32213 0.206108
      vertex 5.88726 -7.37411 0.296632
    endloop
  endfacet
  facet normal -0.0434522 -0.204435 -0.977915
    outer loop
      vertex -5.08424 -7.23747 0.0244722
      vertex -5.84498 -6.97182 0.00273991
      vertex -5.05264 -7.14023 0.00273991
    endloop
  endfacet
  facet normal -0.043455 -0.204443 -0.977913
    outer loop
      vertex -5.84498 -6.97182 0.00273991
      vertex -5.08424 -7.23747 0.0244722
      vertex -5.85567 -7.0735 0.0244722
    endloop
  endfacet
  facet normal 0.206784 -0.972853 0.103912
    outer loop
      vertex 5.191 -7.56605 15.5
      vertex 5.89064 -7.40623 15.604
      vertex 5.18762 -7.55566 15.604
    endloop
  endfacet
  facet normal 0.206778 -0.97285 0.103948
    outer loop
      vertex 5.89064 -7.40623 15.604
      vertex 5.191 -7.56605 15.5
      vertex 5.89178 -7.4171 15.5
    endloop
  endfacet
  facet normal -0.206778 -0.97285 0.103948
    outer loop
      vertex -5.191 -7.56605 15.5
      vertex -5.89064 -7.40623 15.604
      vertex -5.89178 -7.4171 15.5
    endloop
  endfacet
  facet normal -0.206784 -0.972853 0.103912
    outer loop
      vertex -5.89064 -7.40623 15.604
      vertex -5.191 -7.56605 15.5
      vertex -5.18762 -7.55566 15.604
    endloop
  endfacet
  facet normal 0.154892 -0.728693 -0.667094
    outer loop
      vertex 5.87449 -7.25257 0.128428
      vertex 5.16149 -7.47524 0.206108
      vertex 5.13988 -7.40872 0.128428
    endloop
  endfacet
  facet normal 0.154892 -0.728691 -0.667096
    outer loop
      vertex 5.16149 -7.47524 0.206108
      vertex 5.87449 -7.25257 0.128428
      vertex 5.8818 -7.32213 0.206108
    endloop
  endfacet
  facet normal 0.197834 -0.930762 -0.307479
    outer loop
      vertex 5.88726 -7.37411 0.296632
      vertex 5.18762 -7.55566 0.396045
      vertex 5.17764 -7.52494 0.296632
    endloop
  endfacet
  facet normal 0.197839 -0.930769 -0.307455
    outer loop
      vertex 5.18762 -7.55566 0.396045
      vertex 5.88726 -7.37411 0.296632
      vertex 5.89064 -7.40623 0.396045
    endloop
  endfacet
  facet normal -0.154892 -0.728691 -0.667096
    outer loop
      vertex -5.87449 -7.25257 0.128428
      vertex -5.16149 -7.47524 0.206108
      vertex -5.8818 -7.32213 0.206108
    endloop
  endfacet
  facet normal -0.154892 -0.728693 -0.667094
    outer loop
      vertex -5.16149 -7.47524 0.206108
      vertex -5.87449 -7.25257 0.128428
      vertex -5.13988 -7.40872 0.128428
    endloop
  endfacet
  facet normal -0.206777 -0.972846 -0.103993
    outer loop
      vertex -5.89064 -7.40623 0.396045
      vertex -5.191 -7.56605 0.5
      vertex -5.89178 -7.4171 0.5
    endloop
  endfacet
  facet normal -0.206783 -0.972848 -0.103957
    outer loop
      vertex -5.191 -7.56605 0.5
      vertex -5.89064 -7.40623 0.396045
      vertex -5.18762 -7.55566 0.396045
    endloop
  endfacet
  facet normal 0.207904 -0.978149 0
    outer loop
      vertex 5.191 -7.56605 0.5
      vertex 5.89178 -7.4171 15.5
      vertex 5.191 -7.56605 15.5
    endloop
  endfacet
  facet normal 0.207904 -0.978149 0
    outer loop
      vertex 5.89178 -7.4171 15.5
      vertex 5.191 -7.56605 0.5
      vertex 5.89178 -7.4171 0.5
    endloop
  endfacet
  facet normal 0.206783 -0.972848 -0.103957
    outer loop
      vertex 5.89064 -7.40623 0.396045
      vertex 5.191 -7.56605 0.5
      vertex 5.18762 -7.55566 0.396045
    endloop
  endfacet
  facet normal 0.206777 -0.972846 -0.103993
    outer loop
      vertex 5.191 -7.56605 0.5
      vertex 5.89064 -7.40623 0.396045
      vertex 5.89178 -7.4171 0.5
    endloop
  endfacet
  facet normal 0.043455 -0.204443 -0.977913
    outer loop
      vertex 5.08424 -7.23747 0.0244722
      vertex 5.84498 -6.97182 0.00273991
      vertex 5.85567 -7.0735 0.0244722
    endloop
  endfacet
  facet normal 0.0434522 -0.204435 -0.977915
    outer loop
      vertex 5.84498 -6.97182 0.00273991
      vertex 5.08424 -7.23747 0.0244722
      vertex 5.05264 -7.14023 0.00273991
    endloop
  endfacet
  facet normal -0.180297 -0.848255 -0.497953
    outer loop
      vertex -5.8818 -7.32213 0.206108
      vertex -5.17764 -7.52494 0.296632
      vertex -5.88726 -7.37411 0.296632
    endloop
  endfacet
  facet normal -0.180312 -0.848284 -0.497898
    outer loop
      vertex -5.17764 -7.52494 0.296632
      vertex -5.8818 -7.32213 0.206108
      vertex -5.16149 -7.47524 0.206108
    endloop
  endfacet
  facet normal 0.0849523 -0.399673 -0.912713
    outer loop
      vertex 5.11375 -7.32829 0.066988
      vertex 5.85567 -7.0735 0.0244722
      vertex 5.86565 -7.16847 0.066988
    endloop
  endfacet
  facet normal 0.0849509 -0.399669 -0.912715
    outer loop
      vertex 5.85567 -7.0735 0.0244722
      vertex 5.11375 -7.32829 0.066988
      vertex 5.08424 -7.23747 0.0244722
    endloop
  endfacet
  facet normal 0.122651 -0.577014 -0.807472
    outer loop
      vertex 5.13988 -7.40872 0.128428
      vertex 5.86565 -7.16847 0.066988
      vertex 5.87449 -7.25257 0.128428
    endloop
  endfacet
  facet normal 0.122643 -0.576992 -0.807489
    outer loop
      vertex 5.86565 -7.16847 0.066988
      vertex 5.13988 -7.40872 0.128428
      vertex 5.11375 -7.32829 0.066988
    endloop
  endfacet
  facet normal -0.122643 -0.576992 -0.807489
    outer loop
      vertex -5.13988 -7.40872 0.128428
      vertex -5.86565 -7.16847 0.066988
      vertex -5.11375 -7.32829 0.066988
    endloop
  endfacet
  facet normal -0.122651 -0.577014 -0.807472
    outer loop
      vertex -5.86565 -7.16847 0.066988
      vertex -5.13988 -7.40872 0.128428
      vertex -5.87449 -7.25257 0.128428
    endloop
  endfacet
  facet normal -0.0849509 -0.399669 -0.912715
    outer loop
      vertex -5.11375 -7.32829 0.066988
      vertex -5.85567 -7.0735 0.0244722
      vertex -5.08424 -7.23747 0.0244722
    endloop
  endfacet
  facet normal -0.0849523 -0.399673 -0.912713
    outer loop
      vertex -5.85567 -7.0735 0.0244722
      vertex -5.11375 -7.32829 0.066988
      vertex -5.86565 -7.16847 0.066988
    endloop
  endfacet
  facet normal -0.154909 -0.728775 0.667001
    outer loop
      vertex -5.16149 -7.47524 15.7939
      vertex -5.87449 -7.25257 15.8716
      vertex -5.8818 -7.32213 15.7939
    endloop
  endfacet
  facet normal -0.15491 -0.728777 0.666999
    outer loop
      vertex -5.87449 -7.25257 15.8716
      vertex -5.16149 -7.47524 15.7939
      vertex -5.13988 -7.40872 15.8716
    endloop
  endfacet
  facet normal -0.12259 -0.576747 0.807672
    outer loop
      vertex -5.86565 -7.16847 15.933
      vertex -5.13988 -7.40872 15.8716
      vertex -5.11375 -7.32829 15.933
    endloop
  endfacet
  facet normal -0.122599 -0.576769 0.807655
    outer loop
      vertex -5.13988 -7.40872 15.8716
      vertex -5.86565 -7.16847 15.933
      vertex -5.87449 -7.25257 15.8716
    endloop
  endfacet
  facet normal 0.1803 -0.848228 0.497997
    outer loop
      vertex 5.17764 -7.52494 15.7034
      vertex 5.8818 -7.32213 15.7939
      vertex 5.16149 -7.47524 15.7939
    endloop
  endfacet
  facet normal 0.180285 -0.848199 0.498052
    outer loop
      vertex 5.8818 -7.32213 15.7939
      vertex 5.17764 -7.52494 15.7034
      vertex 5.88726 -7.37411 15.7034
    endloop
  endfacet
  facet normal -0.197837 -0.930758 0.307491
    outer loop
      vertex -5.18762 -7.55566 15.604
      vertex -5.88726 -7.37411 15.7034
      vertex -5.89064 -7.40623 15.604
    endloop
  endfacet
  facet normal -0.197831 -0.930751 0.307515
    outer loop
      vertex -5.88726 -7.37411 15.7034
      vertex -5.18762 -7.55566 15.604
      vertex -5.17764 -7.52494 15.7034
    endloop
  endfacet
  facet normal 0.122599 -0.576769 0.807655
    outer loop
      vertex 5.86565 -7.16847 15.933
      vertex 5.13988 -7.40872 15.8716
      vertex 5.87449 -7.25257 15.8716
    endloop
  endfacet
  facet normal 0.12259 -0.576747 0.807672
    outer loop
      vertex 5.13988 -7.40872 15.8716
      vertex 5.86565 -7.16847 15.933
      vertex 5.11375 -7.32829 15.933
    endloop
  endfacet
  facet normal 0.0435845 -0.205052 0.97778
    outer loop
      vertex 5.84498 -6.97182 15.9973
      vertex 5.08424 -7.23747 15.9755
      vertex 5.85567 -7.0735 15.9755
    endloop
  endfacet
  facet normal 0.0435816 -0.205044 0.977782
    outer loop
      vertex 5.08424 -7.23747 15.9755
      vertex 5.84498 -6.97182 15.9973
      vertex 5.05264 -7.14023 15.9973
    endloop
  endfacet
  facet normal 0.084926 -0.399549 0.91277
    outer loop
      vertex 5.85567 -7.0735 15.9755
      vertex 5.11375 -7.32829 15.933
      vertex 5.86565 -7.16847 15.933
    endloop
  endfacet
  facet normal 0.0849246 -0.399545 0.912771
    outer loop
      vertex 5.11375 -7.32829 15.933
      vertex 5.85567 -7.0735 15.9755
      vertex 5.08424 -7.23747 15.9755
    endloop
  endfacet
  facet normal -0.0849246 -0.399545 0.912771
    outer loop
      vertex -5.85567 -7.0735 15.9755
      vertex -5.11375 -7.32829 15.933
      vertex -5.08424 -7.23747 15.9755
    endloop
  endfacet
  facet normal -0.084926 -0.399549 0.91277
    outer loop
      vertex -5.11375 -7.32829 15.933
      vertex -5.85567 -7.0735 15.9755
      vertex -5.86565 -7.16847 15.933
    endloop
  endfacet
  facet normal -0.180285 -0.848199 0.498052
    outer loop
      vertex -5.17764 -7.52494 15.7034
      vertex -5.8818 -7.32213 15.7939
      vertex -5.88726 -7.37411 15.7034
    endloop
  endfacet
  facet normal -0.1803 -0.848228 0.497997
    outer loop
      vertex -5.8818 -7.32213 15.7939
      vertex -5.17764 -7.52494 15.7034
      vertex -5.16149 -7.47524 15.7939
    endloop
  endfacet
  facet normal 0.197831 -0.930751 0.307515
    outer loop
      vertex 5.18762 -7.55566 15.604
      vertex 5.88726 -7.37411 15.7034
      vertex 5.17764 -7.52494 15.7034
    endloop
  endfacet
  facet normal 0.197837 -0.930758 0.307491
    outer loop
      vertex 5.88726 -7.37411 15.7034
      vertex 5.18762 -7.55566 15.604
      vertex 5.89064 -7.40623 15.604
    endloop
  endfacet
  facet normal -0.0435816 -0.205044 0.977782
    outer loop
      vertex -5.84498 -6.97182 15.9973
      vertex -5.08424 -7.23747 15.9755
      vertex -5.05264 -7.14023 15.9973
    endloop
  endfacet
  facet normal -0.0435845 -0.205052 0.97778
    outer loop
      vertex -5.08424 -7.23747 15.9755
      vertex -5.84498 -6.97182 15.9973
      vertex -5.85567 -7.0735 15.9755
    endloop
  endfacet
  facet normal 0.15491 -0.728777 0.666999
    outer loop
      vertex 5.16149 -7.47524 15.7939
      vertex 5.87449 -7.25257 15.8716
      vertex 5.13988 -7.40872 15.8716
    endloop
  endfacet
  facet normal 0.154909 -0.728775 0.667001
    outer loop
      vertex 5.87449 -7.25257 15.8716
      vertex 5.16149 -7.47524 15.7939
      vertex 5.8818 -7.32213 15.7939
    endloop
  endfacet
  facet normal -0.50974 -0.701598 -0.497921
    outer loop
      vertex -7.30139 -7.4031 0.296632
      vertex -7.34368 -7.30813 0.206108
      vertex -7.27526 -7.35784 0.206108
    endloop
  endfacet
  facet normal -0.404496 -0.908616 0.10392
    outer loop
      vertex -7.22414 -7.47266 15.604
      vertex -7.32301 -7.44054 15.5
      vertex -7.22752 -7.48305 15.5
    endloop
  endfacet
  facet normal -0.437913 -0.602663 -0.667105
    outer loop
      vertex -7.24029 -7.29727 0.128428
      vertex -7.34368 -7.30813 0.206108
      vertex -7.29688 -7.25615 0.128428
    endloop
  endfacet
  facet normal -0.20675 -0.972855 -0.103956
    outer loop
      vertex -7.12527 -7.50478 0.5
      vertex -7.22752 -7.48305 0.5
      vertex -7.22414 -7.47266 0.396045
    endloop
  endfacet
  facet normal -0.346756 -0.477211 -0.807484
    outer loop
      vertex -7.24029 -7.29727 0.128428
      vertex -7.29688 -7.25615 0.128428
      vertex -7.19801 -7.22403 0.066988
    endloop
  endfacet
  facet normal -0.303019 -0.680669 0.666985
    outer loop
      vertex -7.24029 -7.29727 15.8716
      vertex -7.27526 -7.35784 15.7939
      vertex -7.19801 -7.39223 15.7939
    endloop
  endfacet
  facet normal -0.387055 -0.86928 -0.307476
    outer loop
      vertex -7.22414 -7.47266 0.396045
      vertex -7.30139 -7.4031 0.296632
      vertex -7.21416 -7.44194 0.296632
    endloop
  endfacet
  facet normal 0 -0.408636 -0.912697
    outer loop
      vertex -7.04688 -7.25615 0.066988
      vertex -7.08916 -7.16119 0.0244722
      vertex -7.05686 -7.16119 0.0244722
    endloop
  endfacet
  facet normal 0 -0.408636 -0.912697
    outer loop
      vertex -7.08916 -7.16119 0.0244722
      vertex -7.04688 -7.25615 0.066988
      vertex -7.09914 -7.25615 0.066988
    endloop
  endfacet
  facet normal -0.50972 -0.701602 -0.497936
    outer loop
      vertex -7.30139 -7.4031 0.296632
      vertex -7.37865 -7.34697 0.296632
      vertex -7.34368 -7.30813 0.206108
    endloop
  endfacet
  facet normal 0.0434546 -0.204428 -0.977917
    outer loop
      vertex -7.05686 -7.05723 0.00273991
      vertex -6.64433 -7.0735 0.0244722
      vertex -7.05686 -7.16119 0.0244722
    endloop
  endfacet
  facet normal 0.0434538 -0.204443 -0.977913
    outer loop
      vertex -6.64433 -7.0735 0.0244722
      vertex -7.05686 -7.05723 0.00273991
      vertex -6.65502 -6.97182 0.00273991
    endloop
  endfacet
  facet normal -0.303685 -0.273417 -0.912698
    outer loop
      vertex -7.24029 -7.19331 0.066988
      vertex -7.31924 -7.10562 0.066988
      vertex -7.25535 -7.03466 0.0244722
    endloop
  endfacet
  facet normal -0.0850184 -0.190936 -0.977914
    outer loop
      vertex -7.12075 -7.15447 0.0244722
      vertex -7.15026 -7.14133 0.0244722
      vertex -7.08916 -7.05723 0.00273991
    endloop
  endfacet
  facet normal 0.18031 -0.848252 -0.497952
    outer loop
      vertex -6.61274 -7.37411 0.296632
      vertex -7.03073 -7.40982 0.206108
      vertex -6.6182 -7.32213 0.206108
    endloop
  endfacet
  facet normal -0.587808 -0.809001 0
    outer loop
      vertex -7.40757 -7.3791 0.5
      vertex -7.32301 -7.44054 15.5
      vertex -7.40757 -7.3791 15.5
    endloop
  endfacet
  facet normal -0.587808 -0.809001 -0
    outer loop
      vertex -7.32301 -7.44054 15.5
      vertex -7.40757 -7.3791 0.5
      vertex -7.32301 -7.44054 0.5
    endloop
  endfacet
  facet normal -0.707136 -0.636728 -0.307468
    outer loop
      vertex -7.4576 -7.25929 0.296632
      vertex -7.46868 -7.29499 0.396045
      vertex -7.54763 -7.20731 0.396045
    endloop
  endfacet
  facet normal -0.707136 -0.636728 -0.307468
    outer loop
      vertex -7.46868 -7.29499 0.396045
      vertex -7.4576 -7.25929 0.296632
      vertex -7.37865 -7.34697 0.296632
    endloop
  endfacet
  facet normal -0.74313 -0.669147 0
    outer loop
      vertex -7.40757 -7.3791 0.5
      vertex -7.48653 -7.29141 15.5
      vertex -7.48653 -7.29141 0.5
    endloop
  endfacet
  facet normal -0.74313 -0.669147 0
    outer loop
      vertex -7.48653 -7.29141 15.5
      vertex -7.40757 -7.3791 0.5
      vertex -7.40757 -7.3791 15.5
    endloop
  endfacet
  facet normal -0.406698 -0.913563 0
    outer loop
      vertex -7.32301 -7.44054 0.5
      vertex -7.22752 -7.48305 15.5
      vertex -7.32301 -7.44054 15.5
    endloop
  endfacet
  facet normal -0.406698 -0.913563 -0
    outer loop
      vertex -7.22752 -7.48305 15.5
      vertex -7.32301 -7.44054 0.5
      vertex -7.22752 -7.48305 0.5
    endloop
  endfacet
  facet normal -0.154951 -0.728682 -0.667093
    outer loop
      vertex -7.11529 -7.40982 0.206108
      vertex -7.19801 -7.39223 0.206108
      vertex -7.10798 -7.34026 0.128428
    endloop
  endfacet
  facet normal -0.438369 -0.394677 -0.807504
    outer loop
      vertex -7.34368 -7.20418 0.128428
      vertex -7.42263 -7.11649 0.128428
      vertex -7.24029 -7.19331 0.066988
    endloop
  endfacet
  facet normal -0.303612 -0.273417 -0.912723
    outer loop
      vertex -7.24029 -7.19331 0.066988
      vertex -7.25535 -7.03466 0.0244722
      vertex -7.17639 -7.12234 0.0244722
    endloop
  endfacet
  facet normal -0.122876 -0.169076 -0.977914
    outer loop
      vertex -7.15026 -7.14133 0.0244722
      vertex -7.17639 -7.12234 0.0244722
      vertex -7.10798 -7.04636 0.00273991
    endloop
  endfacet
  facet normal -0.404574 -0.908566 -0.104056
    outer loop
      vertex -7.22414 -7.47266 0.396045
      vertex -7.32301 -7.44054 0.5
      vertex -7.31754 -7.43107 0.396045
    endloop
  endfacet
  facet normal 0.206792 -0.972851 0.103912
    outer loop
      vertex -6.9185 -7.48305 15.5
      vertex -6.60936 -7.40623 15.604
      vertex -6.92188 -7.47266 15.604
    endloop
  endfacet
  facet normal 0.206779 -0.97285 0.103948
    outer loop
      vertex -6.60936 -7.40623 15.604
      vertex -6.9185 -7.48305 15.5
      vertex -6.60822 -7.4171 15.5
    endloop
  endfacet
  facet normal 0 -0.951525 0.307571
    outer loop
      vertex -7.12413 -7.49392 15.604
      vertex -7.02526 -7.46179 15.7034
      vertex -7.12075 -7.46179 15.7034
    endloop
  endfacet
  facet normal 0 -0.951525 0.307571
    outer loop
      vertex -7.02526 -7.46179 15.7034
      vertex -7.12413 -7.49392 15.604
      vertex -7.02189 -7.49392 15.604
    endloop
  endfacet
  facet normal -0.404494 -0.908612 -0.103965
    outer loop
      vertex -7.22752 -7.48305 0.5
      vertex -7.32301 -7.44054 0.5
      vertex -7.22414 -7.47266 0.396045
    endloop
  endfacet
  facet normal 0 -1 0
    outer loop
      vertex -7.12527 -7.50478 0.5
      vertex -7.02074 -7.50478 15.5
      vertex -7.12527 -7.50478 15.5
    endloop
  endfacet
  facet normal 0 -1 -0
    outer loop
      vertex -7.02074 -7.50478 15.5
      vertex -7.12527 -7.50478 0.5
      vertex -7.02074 -7.50478 0.5
    endloop
  endfacet
  facet normal -0.739105 -0.665515 -0.103992
    outer loop
      vertex -7.46868 -7.29499 0.396045
      vertex -7.48653 -7.29141 0.5
      vertex -7.54763 -7.20731 0.396045
    endloop
  endfacet
  facet normal -0.739101 -0.665519 -0.103991
    outer loop
      vertex -7.48653 -7.29141 0.5
      vertex -7.46868 -7.29499 0.396045
      vertex -7.40757 -7.3791 0.5
    endloop
  endfacet
  facet normal -0.239858 -0.538922 -0.807484
    outer loop
      vertex -7.17639 -7.32571 0.128428
      vertex -7.24029 -7.29727 0.128428
      vertex -7.19801 -7.22403 0.066988
    endloop
  endfacet
  facet normal -0.04341 -0.204429 -0.977918
    outer loop
      vertex -7.07847 -7.0595 0.00273991
      vertex -7.08916 -7.16119 0.0244722
      vertex -7.08916 -7.05723 0.00273991
    endloop
  endfacet
  facet normal -0.644456 -0.58029 -0.497935
    outer loop
      vertex -7.34368 -7.30813 0.206108
      vertex -7.4576 -7.25929 0.296632
      vertex -7.42263 -7.22045 0.206108
    endloop
  endfacet
  facet normal -0.644456 -0.58029 -0.497935
    outer loop
      vertex -7.4576 -7.25929 0.296632
      vertex -7.34368 -7.30813 0.206108
      vertex -7.37865 -7.34697 0.296632
    endloop
  endfacet
  facet normal -0.197855 -0.930738 -0.307539
    outer loop
      vertex -7.12413 -7.49392 0.396045
      vertex -7.22414 -7.47266 0.396045
      vertex -7.12075 -7.46179 0.296632
    endloop
  endfacet
  facet normal 0.0434506 -0.204428 -0.977917
    outer loop
      vertex -7.05686 -7.16119 0.0244722
      vertex -7.06754 -7.0595 0.00273991
      vertex -7.05686 -7.05723 0.00273991
    endloop
  endfacet
  facet normal -0.0851081 -0.190872 -0.977919
    outer loop
      vertex -7.08916 -7.05723 0.00273991
      vertex -7.15026 -7.14133 0.0244722
      vertex -7.09914 -7.05278 0.00273991
    endloop
  endfacet
  facet normal 0.154895 -0.728691 -0.667096
    outer loop
      vertex -6.6182 -7.32213 0.206108
      vertex -7.03073 -7.40982 0.206108
      vertex -6.62551 -7.25257 0.128428
    endloop
  endfacet
  facet normal -0.437891 -0.602705 -0.667082
    outer loop
      vertex -7.27526 -7.35784 0.206108
      vertex -7.34368 -7.30813 0.206108
      vertex -7.24029 -7.29727 0.128428
    endloop
  endfacet
  facet normal 0.207895 -0.978151 0
    outer loop
      vertex -7.02074 -7.50478 0.5
      vertex -6.9185 -7.48305 15.5
      vertex -7.02074 -7.50478 15.5
    endloop
  endfacet
  facet normal 0.207895 -0.978151 0
    outer loop
      vertex -6.9185 -7.48305 15.5
      vertex -7.02074 -7.50478 0.5
      vertex -6.9185 -7.48305 0.5
    endloop
  endfacet
  facet normal 0 -0.994587 -0.103903
    outer loop
      vertex -7.12413 -7.49392 0.396045
      vertex -7.02074 -7.50478 0.5
      vertex -7.12527 -7.50478 0.5
    endloop
  endfacet
  facet normal 0 -0.994587 -0.103903
    outer loop
      vertex -7.02074 -7.50478 0.5
      vertex -7.12413 -7.49392 0.396045
      vertex -7.02189 -7.49392 0.396045
    endloop
  endfacet
  facet normal -0.404576 -0.90857 0.104011
    outer loop
      vertex -7.31754 -7.43107 15.604
      vertex -7.32301 -7.44054 15.5
      vertex -7.22414 -7.47266 15.604
    endloop
  endfacet
  facet normal 0.154913 -0.728774 0.667001
    outer loop
      vertex -6.62551 -7.25257 15.8716
      vertex -7.03804 -7.34026 15.8716
      vertex -7.03073 -7.40982 15.7939
    endloop
  endfacet
  facet normal -0.206751 -0.97286 0.103912
    outer loop
      vertex -7.22414 -7.47266 15.604
      vertex -7.22752 -7.48305 15.5
      vertex -7.12527 -7.50478 15.5
    endloop
  endfacet
  facet normal -0.19779 -0.93076 0.307514
    outer loop
      vertex -7.21416 -7.44194 15.7034
      vertex -7.22414 -7.47266 15.604
      vertex -7.12075 -7.46179 15.7034
    endloop
  endfacet
  facet normal -0.206807 -0.972849 -0.1039
    outer loop
      vertex -7.12527 -7.50478 0.5
      vertex -7.22414 -7.47266 0.396045
      vertex -7.12413 -7.49392 0.396045
    endloop
  endfacet
  facet normal -0.438337 -0.394649 -0.807535
    outer loop
      vertex -7.24029 -7.19331 0.066988
      vertex -7.33729 -7.12566 0.0865794
      vertex -7.31924 -7.10562 0.066988
    endloop
  endfacet
  facet normal -0.438379 -0.394727 -0.807474
    outer loop
      vertex -7.33729 -7.12566 0.0865794
      vertex -7.24029 -7.19331 0.066988
      vertex -7.42263 -7.11649 0.128428
    endloop
  endfacet
  facet normal -0.553585 -0.498514 -0.667103
    outer loop
      vertex -7.29688 -7.25615 0.128428
      vertex -7.34368 -7.30813 0.206108
      vertex -7.34368 -7.20418 0.128428
    endloop
  endfacet
  facet normal -0.438349 -0.394742 -0.807483
    outer loop
      vertex -7.29688 -7.25615 0.128428
      vertex -7.34368 -7.20418 0.128428
      vertex -7.24029 -7.19331 0.066988
    endloop
  endfacet
  facet normal -0.240166 -0.330541 -0.912723
    outer loop
      vertex -7.19801 -7.22403 0.066988
      vertex -7.24029 -7.19331 0.066988
      vertex -7.17639 -7.12234 0.0244722
    endloop
  endfacet
  facet normal -0.346747 -0.477228 -0.807478
    outer loop
      vertex -7.19801 -7.22403 0.066988
      vertex -7.29688 -7.25615 0.128428
      vertex -7.24029 -7.19331 0.066988
    endloop
  endfacet
  facet normal -0.553622 -0.4985 -0.667084
    outer loop
      vertex -7.42263 -7.22045 0.206108
      vertex -7.34368 -7.20418 0.128428
      vertex -7.34368 -7.30813 0.206108
    endloop
  endfacet
  facet normal -0.553642 -0.498461 -0.667096
    outer loop
      vertex -7.34368 -7.20418 0.128428
      vertex -7.42263 -7.22045 0.206108
      vertex -7.42263 -7.11649 0.128428
    endloop
  endfacet
  facet normal 0 -0.74497 -0.667098
    outer loop
      vertex -7.10798 -7.34026 0.128428
      vertex -7.03073 -7.40982 0.206108
      vertex -7.11529 -7.40982 0.206108
    endloop
  endfacet
  facet normal 0 -0.74497 -0.667098
    outer loop
      vertex -7.03073 -7.40982 0.206108
      vertex -7.10798 -7.34026 0.128428
      vertex -7.03804 -7.34026 0.128428
    endloop
  endfacet
  facet normal -0.0849154 -0.399712 -0.912699
    outer loop
      vertex -7.09914 -7.25615 0.066988
      vertex -7.15026 -7.24529 0.066988
      vertex -7.08916 -7.16119 0.0244722
    endloop
  endfacet
  facet normal -0.166203 -0.373261 -0.912717
    outer loop
      vertex -7.12075 -7.15447 0.0244722
      vertex -7.19801 -7.22403 0.066988
      vertex -7.15026 -7.14133 0.0244722
    endloop
  endfacet
  facet normal -0.559297 -0.769843 -0.307456
    outer loop
      vertex -7.31754 -7.43107 0.396045
      vertex -7.37865 -7.34697 0.296632
      vertex -7.30139 -7.4031 0.296632
    endloop
  endfacet
  facet normal -0.387079 -0.869276 -0.307455
    outer loop
      vertex -7.22414 -7.47266 0.396045
      vertex -7.31754 -7.43107 0.396045
      vertex -7.30139 -7.4031 0.296632
    endloop
  endfacet
  facet normal 0.180301 -0.848286 -0.497898
    outer loop
      vertex -7.02526 -7.46179 0.296632
      vertex -7.03073 -7.40982 0.206108
      vertex -6.61274 -7.37411 0.296632
    endloop
  endfacet
  facet normal -0.584616 -0.804609 -0.104059
    outer loop
      vertex -7.32301 -7.44054 0.5
      vertex -7.40757 -7.3791 0.5
      vertex -7.31754 -7.43107 0.396045
    endloop
  endfacet
  facet normal 0.20677 -0.972856 0.103912
    outer loop
      vertex -6.92188 -7.47266 15.604
      vertex -7.02074 -7.50478 15.5
      vertex -6.9185 -7.48305 15.5
    endloop
  endfacet
  facet normal 0.154895 -0.728691 -0.667096
    outer loop
      vertex -7.03073 -7.40982 0.206108
      vertex -7.03804 -7.34026 0.128428
      vertex -6.62551 -7.25257 0.128428
    endloop
  endfacet
  facet normal 0 -0.58961 0.807688
    outer loop
      vertex -7.09914 -7.25615 15.933
      vertex -7.03804 -7.34026 15.8716
      vertex -7.04688 -7.25615 15.933
    endloop
  endfacet
  facet normal 0 -0.58961 0.807688
    outer loop
      vertex -7.03804 -7.34026 15.8716
      vertex -7.09914 -7.25615 15.933
      vertex -7.10798 -7.34026 15.8716
    endloop
  endfacet
  facet normal -0.509686 -0.701556 0.498035
    outer loop
      vertex -7.34368 -7.30813 15.7939
      vertex -7.37865 -7.34697 15.7034
      vertex -7.30139 -7.4031 15.7034
    endloop
  endfacet
  facet normal -0.207876 -0.978155 0
    outer loop
      vertex -7.22752 -7.48305 0.5
      vertex -7.12527 -7.50478 15.5
      vertex -7.22752 -7.48305 15.5
    endloop
  endfacet
  facet normal -0.207876 -0.978155 -0
    outer loop
      vertex -7.12527 -7.50478 15.5
      vertex -7.22752 -7.48305 0.5
      vertex -7.12527 -7.50478 0.5
    endloop
  endfacet
  facet normal -0.739108 -0.665518 0.103947
    outer loop
      vertex -7.48653 -7.29141 15.5
      vertex -7.46868 -7.29499 15.604
      vertex -7.54763 -7.20731 15.604
    endloop
  endfacet
  facet normal -0.739104 -0.665522 0.103947
    outer loop
      vertex -7.46868 -7.29499 15.604
      vertex -7.48653 -7.29141 15.5
      vertex -7.40757 -7.3791 15.5
    endloop
  endfacet
  facet normal 0.206769 -0.972851 -0.103957
    outer loop
      vertex -6.9185 -7.48305 0.5
      vertex -7.02074 -7.50478 0.5
      vertex -6.92188 -7.47266 0.396045
    endloop
  endfacet
  facet normal 0 -0.745056 0.667002
    outer loop
      vertex -7.11529 -7.40982 15.7939
      vertex -7.03804 -7.34026 15.8716
      vertex -7.10798 -7.34026 15.8716
    endloop
  endfacet
  facet normal 0 -0.745056 0.667002
    outer loop
      vertex -7.03804 -7.34026 15.8716
      vertex -7.11529 -7.40982 15.7939
      vertex -7.03073 -7.40982 15.7939
    endloop
  endfacet
  facet normal 0.197854 -0.930732 0.307557
    outer loop
      vertex -6.92188 -7.47266 15.604
      vertex -7.02526 -7.46179 15.7034
      vertex -7.02189 -7.49392 15.604
    endloop
  endfacet
  facet normal 0 -0.208992 -0.977917
    outer loop
      vertex -7.05686 -7.16119 0.0244722
      vertex -7.07847 -7.0595 0.00273991
      vertex -7.06754 -7.0595 0.00273991
    endloop
  endfacet
  facet normal 0 -0.208992 -0.977917
    outer loop
      vertex -7.07847 -7.0595 0.00273991
      vertex -7.05686 -7.16119 0.0244722
      vertex -7.08916 -7.16119 0.0244722
    endloop
  endfacet
  facet normal -0.180258 -0.848255 -0.497966
    outer loop
      vertex -7.12075 -7.46179 0.296632
      vertex -7.21416 -7.44194 0.296632
      vertex -7.19801 -7.39223 0.206108
    endloop
  endfacet
  facet normal -0.352698 -0.792262 -0.497921
    outer loop
      vertex -7.19801 -7.39223 0.206108
      vertex -7.30139 -7.4031 0.296632
      vertex -7.27526 -7.35784 0.206108
    endloop
  endfacet
  facet normal -0.122574 -0.57698 -0.807508
    outer loop
      vertex -7.10798 -7.34026 0.128428
      vertex -7.15026 -7.24529 0.066988
      vertex -7.09914 -7.25615 0.066988
    endloop
  endfacet
  facet normal -0.122812 -0.169105 -0.977917
    outer loop
      vertex -7.09914 -7.05278 0.00273991
      vertex -7.15026 -7.14133 0.0244722
      vertex -7.10798 -7.04636 0.00273991
    endloop
  endfacet
  facet normal 0.122651 -0.577014 -0.807472
    outer loop
      vertex -6.62551 -7.25257 0.128428
      vertex -6.99575 -7.24529 0.066988
      vertex -6.63435 -7.16847 0.066988
    endloop
  endfacet
  facet normal 0.122652 -0.577007 -0.807477
    outer loop
      vertex -6.99575 -7.24529 0.066988
      vertex -6.62551 -7.25257 0.128428
      vertex -7.03804 -7.34026 0.128428
    endloop
  endfacet
  facet normal 0.122551 -0.576983 -0.80751
    outer loop
      vertex -7.03804 -7.34026 0.128428
      vertex -7.04688 -7.25615 0.066988
      vertex -6.99575 -7.24529 0.066988
    endloop
  endfacet
  facet normal -0.122724 -0.577015 -0.80746
    outer loop
      vertex -7.10798 -7.34026 0.128428
      vertex -7.17639 -7.32571 0.128428
      vertex -7.15026 -7.24529 0.066988
    endloop
  endfacet
  facet normal -0.239948 -0.538924 -0.807456
    outer loop
      vertex -7.17639 -7.32571 0.128428
      vertex -7.19801 -7.22403 0.066988
      vertex -7.15026 -7.24529 0.066988
    endloop
  endfacet
  facet normal -0.352741 -0.792215 -0.497965
    outer loop
      vertex -7.21416 -7.44194 0.296632
      vertex -7.30139 -7.4031 0.296632
      vertex -7.19801 -7.39223 0.206108
    endloop
  endfacet
  facet normal -0.302984 -0.680591 -0.66708
    outer loop
      vertex -7.19801 -7.39223 0.206108
      vertex -7.27526 -7.35784 0.206108
      vertex -7.24029 -7.29727 0.128428
    endloop
  endfacet
  facet normal -0.559247 -0.769861 -0.307502
    outer loop
      vertex -7.31754 -7.43107 0.396045
      vertex -7.40026 -7.37098 0.396045
      vertex -7.37865 -7.34697 0.296632
    endloop
  endfacet
  facet normal -0.584539 -0.804678 -0.103958
    outer loop
      vertex -7.31754 -7.43107 0.396045
      vertex -7.40757 -7.3791 0.5
      vertex -7.40026 -7.37098 0.396045
    endloop
  endfacet
  facet normal -0.197793 -0.930771 -0.307478
    outer loop
      vertex -7.12075 -7.46179 0.296632
      vertex -7.22414 -7.47266 0.396045
      vertex -7.21416 -7.44194 0.296632
    endloop
  endfacet
  facet normal -0.180383 -0.84828 -0.497879
    outer loop
      vertex -7.12075 -7.46179 0.296632
      vertex -7.19801 -7.39223 0.206108
      vertex -7.11529 -7.40982 0.206108
    endloop
  endfacet
  facet normal 0.206791 -0.972847 -0.103957
    outer loop
      vertex -6.60936 -7.40623 0.396045
      vertex -6.9185 -7.48305 0.5
      vertex -6.92188 -7.47266 0.396045
    endloop
  endfacet
  facet normal 0.206778 -0.972845 -0.103993
    outer loop
      vertex -6.9185 -7.48305 0.5
      vertex -6.60936 -7.40623 0.396045
      vertex -6.60822 -7.4171 0.5
    endloop
  endfacet
  facet normal 0.206807 -0.972847 -0.103919
    outer loop
      vertex -7.02074 -7.50478 0.5
      vertex -7.02189 -7.49392 0.396045
      vertex -6.92188 -7.47266 0.396045
    endloop
  endfacet
  facet normal 0.206808 -0.972852 0.103875
    outer loop
      vertex -6.92188 -7.47266 15.604
      vertex -7.02189 -7.49392 15.604
      vertex -7.02074 -7.50478 15.5
    endloop
  endfacet
  facet normal -0.644414 -0.580252 0.498035
    outer loop
      vertex -7.4576 -7.25929 15.7034
      vertex -7.34368 -7.30813 15.7939
      vertex -7.42263 -7.22045 15.7939
    endloop
  endfacet
  facet normal -0.644414 -0.580252 0.498035
    outer loop
      vertex -7.34368 -7.30813 15.7939
      vertex -7.4576 -7.25929 15.7034
      vertex -7.37865 -7.34697 15.7034
    endloop
  endfacet
  facet normal 0 -0.867186 0.497985
    outer loop
      vertex -7.12075 -7.46179 15.7034
      vertex -7.03073 -7.40982 15.7939
      vertex -7.11529 -7.40982 15.7939
    endloop
  endfacet
  facet normal 0 -0.867186 0.497985
    outer loop
      vertex -7.03073 -7.40982 15.7939
      vertex -7.12075 -7.46179 15.7034
      vertex -7.02526 -7.46179 15.7034
    endloop
  endfacet
  facet normal 0.04358 -0.205037 0.977783
    outer loop
      vertex -7.05686 -7.05723 15.9973
      vertex -7.06754 -7.0595 15.9973
      vertex -7.05686 -7.16119 15.9755
    endloop
  endfacet
  facet normal -0.122672 -0.57677 0.807643
    outer loop
      vertex -7.15026 -7.24529 15.933
      vertex -7.17639 -7.32571 15.8716
      vertex -7.10798 -7.34026 15.8716
    endloop
  endfacet
  facet normal -0.509707 -0.701552 0.498021
    outer loop
      vertex -7.27526 -7.35784 15.7939
      vertex -7.34368 -7.30813 15.7939
      vertex -7.30139 -7.4031 15.7034
    endloop
  endfacet
  facet normal -0.206808 -0.972854 0.103855
    outer loop
      vertex -7.12413 -7.49392 15.604
      vertex -7.22414 -7.47266 15.604
      vertex -7.12527 -7.50478 15.5
    endloop
  endfacet
  facet normal 0 -0.994592 0.103858
    outer loop
      vertex -7.12527 -7.50478 15.5
      vertex -7.02189 -7.49392 15.604
      vertex -7.12413 -7.49392 15.604
    endloop
  endfacet
  facet normal 0 -0.994592 0.103858
    outer loop
      vertex -7.02189 -7.49392 15.604
      vertex -7.12527 -7.50478 15.5
      vertex -7.02074 -7.50478 15.5
    endloop
  endfacet
  facet normal -0.197853 -0.930726 0.307575
    outer loop
      vertex -7.12075 -7.46179 15.7034
      vertex -7.22414 -7.47266 15.604
      vertex -7.12413 -7.49392 15.604
    endloop
  endfacet
  facet normal 0.154913 -0.728774 0.667001
    outer loop
      vertex -6.62551 -7.25257 15.8716
      vertex -7.03073 -7.40982 15.7939
      vertex -6.6182 -7.32213 15.7939
    endloop
  endfacet
  facet normal -0.0434871 -0.204428 -0.977915
    outer loop
      vertex -7.08916 -7.16119 0.0244722
      vertex -7.12075 -7.15447 0.0244722
      vertex -7.08916 -7.05723 0.00273991
    endloop
  endfacet
  facet normal -0.240212 -0.330528 -0.912715
    outer loop
      vertex -7.15026 -7.14133 0.0244722
      vertex -7.19801 -7.22403 0.066988
      vertex -7.17639 -7.12234 0.0244722
    endloop
  endfacet
  facet normal 0.0849552 -0.399672 -0.912713
    outer loop
      vertex -6.99575 -7.24529 0.066988
      vertex -6.64433 -7.0735 0.0244722
      vertex -6.63435 -7.16847 0.066988
    endloop
  endfacet
  facet normal 0.0849579 -0.399677 -0.91271
    outer loop
      vertex -6.64433 -7.0735 0.0244722
      vertex -6.99575 -7.24529 0.066988
      vertex -7.05686 -7.16119 0.0244722
    endloop
  endfacet
  facet normal 0.0848992 -0.399714 -0.9127
    outer loop
      vertex -7.04688 -7.25615 0.066988
      vertex -7.05686 -7.16119 0.0244722
      vertex -6.99575 -7.24529 0.066988
    endloop
  endfacet
  facet normal 0 -0.58986 -0.807505
    outer loop
      vertex -7.03804 -7.34026 0.128428
      vertex -7.09914 -7.25615 0.066988
      vertex -7.04688 -7.25615 0.066988
    endloop
  endfacet
  facet normal 0 -0.58986 -0.807505
    outer loop
      vertex -7.09914 -7.25615 0.066988
      vertex -7.03804 -7.34026 0.128428
      vertex -7.10798 -7.34026 0.128428
    endloop
  endfacet
  facet normal -0.30291 -0.680588 -0.667117
    outer loop
      vertex -7.19801 -7.39223 0.206108
      vertex -7.24029 -7.29727 0.128428
      vertex -7.17639 -7.32571 0.128428
    endloop
  endfacet
  facet normal -0.154977 -0.728661 -0.66711
    outer loop
      vertex -7.10798 -7.34026 0.128428
      vertex -7.19801 -7.39223 0.206108
      vertex -7.17639 -7.32571 0.128428
    endloop
  endfacet
  facet normal -0.739127 -0.665496 -0.103957
    outer loop
      vertex -7.40757 -7.3791 0.5
      vertex -7.46868 -7.29499 0.396045
      vertex -7.40026 -7.37098 0.396045
    endloop
  endfacet
  facet normal -0.707148 -0.636703 -0.307492
    outer loop
      vertex -7.40026 -7.37098 0.396045
      vertex -7.46868 -7.29499 0.396045
      vertex -7.37865 -7.34697 0.296632
    endloop
  endfacet
  facet normal 0.207906 -0.978149 0
    outer loop
      vertex -6.9185 -7.48305 0.5
      vertex -6.60822 -7.4171 15.5
      vertex -6.9185 -7.48305 15.5
    endloop
  endfacet
  facet normal 0.207906 -0.978149 0
    outer loop
      vertex -6.60822 -7.4171 15.5
      vertex -6.9185 -7.48305 0.5
      vertex -6.60822 -7.4171 0.5
    endloop
  endfacet
  facet normal 0 -0.867243 -0.497886
    outer loop
      vertex -7.11529 -7.40982 0.206108
      vertex -7.02526 -7.46179 0.296632
      vertex -7.12075 -7.46179 0.296632
    endloop
  endfacet
  facet normal 0 -0.867243 -0.497886
    outer loop
      vertex -7.02526 -7.46179 0.296632
      vertex -7.11529 -7.40982 0.206108
      vertex -7.03073 -7.40982 0.206108
    endloop
  endfacet
  facet normal 0 -0.951537 -0.307534
    outer loop
      vertex -7.12075 -7.46179 0.296632
      vertex -7.02189 -7.49392 0.396045
      vertex -7.12413 -7.49392 0.396045
    endloop
  endfacet
  facet normal 0 -0.951537 -0.307534
    outer loop
      vertex -7.02189 -7.49392 0.396045
      vertex -7.12075 -7.46179 0.296632
      vertex -7.02526 -7.46179 0.296632
    endloop
  endfacet
  facet normal 0.122599 -0.576769 0.807655
    outer loop
      vertex -6.99575 -7.24529 15.933
      vertex -6.62551 -7.25257 15.8716
      vertex -6.63435 -7.16847 15.933
    endloop
  endfacet
  facet normal 0.1226 -0.576762 0.80766
    outer loop
      vertex -6.62551 -7.25257 15.8716
      vertex -6.99575 -7.24529 15.933
      vertex -7.03804 -7.34026 15.8716
    endloop
  endfacet
  facet normal 0.180289 -0.84823 0.497997
    outer loop
      vertex -6.61274 -7.37411 15.7034
      vertex -7.03073 -7.40982 15.7939
      vertex -7.02526 -7.46179 15.7034
    endloop
  endfacet
  facet normal -0.166142 -0.373155 0.912772
    outer loop
      vertex -7.12075 -7.15447 15.9755
      vertex -7.19801 -7.22403 15.933
      vertex -7.15026 -7.24529 15.933
    endloop
  endfacet
  facet normal -0.166152 -0.373146 0.912774
    outer loop
      vertex -7.15026 -7.14133 15.9755
      vertex -7.19801 -7.22403 15.933
      vertex -7.12075 -7.15447 15.9755
    endloop
  endfacet
  facet normal -0.303518 -0.273332 0.91278
    outer loop
      vertex -7.17639 -7.12234 15.9755
      vertex -7.25535 -7.03466 15.9755
      vertex -7.24029 -7.19331 15.933
    endloop
  endfacet
  facet normal -0.346609 -0.477009 0.807667
    outer loop
      vertex -7.19801 -7.22403 15.933
      vertex -7.29688 -7.25615 15.8716
      vertex -7.24029 -7.29727 15.8716
    endloop
  endfacet
  facet normal -0.438463 -0.394761 0.807412
    outer loop
      vertex -7.33729 -7.12566 15.9134
      vertex -7.24029 -7.19331 15.933
      vertex -7.31924 -7.10562 15.933
    endloop
  endfacet
  facet normal -0.438085 -0.394062 0.807958
    outer loop
      vertex -7.24029 -7.19331 15.933
      vertex -7.33729 -7.12566 15.9134
      vertex -7.42263 -7.11649 15.8716
    endloop
  endfacet
  facet normal -0.73913 -0.665499 0.103912
    outer loop
      vertex -7.40026 -7.37098 15.604
      vertex -7.46868 -7.29499 15.604
      vertex -7.40757 -7.3791 15.5
    endloop
  endfacet
  facet normal 0.180298 -0.848196 0.498052
    outer loop
      vertex -6.6182 -7.32213 15.7939
      vertex -7.03073 -7.40982 15.7939
      vertex -6.61274 -7.37411 15.7034
    endloop
  endfacet
  facet normal -0.180371 -0.848224 0.497978
    outer loop
      vertex -7.11529 -7.40982 15.7939
      vertex -7.19801 -7.39223 15.7939
      vertex -7.12075 -7.46179 15.7034
    endloop
  endfacet
  facet normal -0.38705 -0.869269 0.307512
    outer loop
      vertex -7.21416 -7.44194 15.7034
      vertex -7.30139 -7.4031 15.7034
      vertex -7.22414 -7.47266 15.604
    endloop
  endfacet
  facet normal -0.437941 -0.602774 0.666986
    outer loop
      vertex -7.24029 -7.29727 15.8716
      vertex -7.34368 -7.30813 15.7939
      vertex -7.27526 -7.35784 15.7939
    endloop
  endfacet
  facet normal -0.155315 -0.139868 -0.977913
    outer loop
      vertex -7.25535 -7.03466 0.0244722
      vertex -7.10798 -7.04636 0.00273991
      vertex -7.17639 -7.12234 0.0244722
    endloop
  endfacet
  facet normal -0.155314 -0.13985 -0.977916
    outer loop
      vertex -7.10798 -7.04636 0.00273991
      vertex -7.25535 -7.03466 0.0244722
      vertex -7.18693 -6.95868 0.00273991
    endloop
  endfacet
  facet normal -0.0850155 -0.399649 -0.912717
    outer loop
      vertex -7.08916 -7.16119 0.0244722
      vertex -7.15026 -7.24529 0.066988
      vertex -7.12075 -7.15447 0.0244722
    endloop
  endfacet
  facet normal -0.166193 -0.373271 -0.912715
    outer loop
      vertex -7.15026 -7.24529 0.066988
      vertex -7.19801 -7.22403 0.066988
      vertex -7.12075 -7.15447 0.0244722
    endloop
  endfacet
  facet normal 0.19783 -0.930758 -0.307495
    outer loop
      vertex -6.61274 -7.37411 0.296632
      vertex -6.92188 -7.47266 0.396045
      vertex -7.02526 -7.46179 0.296632
    endloop
  endfacet
  facet normal 0.197846 -0.930768 -0.307455
    outer loop
      vertex -6.92188 -7.47266 0.396045
      vertex -6.61274 -7.37411 0.296632
      vertex -6.60936 -7.40623 0.396045
    endloop
  endfacet
  facet normal 0.197856 -0.930744 -0.307521
    outer loop
      vertex -7.02189 -7.49392 0.396045
      vertex -7.02526 -7.46179 0.296632
      vertex -6.92188 -7.47266 0.396045
    endloop
  endfacet
  facet normal 0 -0.408509 0.912754
    outer loop
      vertex -7.08916 -7.16119 15.9755
      vertex -7.04688 -7.25615 15.933
      vertex -7.05686 -7.16119 15.9755
    endloop
  endfacet
  facet normal 0 -0.408509 0.912754
    outer loop
      vertex -7.04688 -7.25615 15.933
      vertex -7.08916 -7.16119 15.9755
      vertex -7.09914 -7.25615 15.933
    endloop
  endfacet
  facet normal 0.0435833 -0.205052 0.97778
    outer loop
      vertex -7.05686 -7.05723 15.9973
      vertex -6.64433 -7.0735 15.9755
      vertex -6.65502 -6.97182 15.9973
    endloop
  endfacet
  facet normal 0.043584 -0.205037 0.977783
    outer loop
      vertex -6.64433 -7.0735 15.9755
      vertex -7.05686 -7.05723 15.9973
      vertex -7.05686 -7.16119 15.9755
    endloop
  endfacet
  facet normal -0.303591 -0.273332 0.912755
    outer loop
      vertex -7.25535 -7.03466 15.9755
      vertex -7.31924 -7.10562 15.933
      vertex -7.24029 -7.19331 15.933
    endloop
  endfacet
  facet normal -0.155776 -0.140266 0.977783
    outer loop
      vertex -7.25535 -7.03466 15.9755
      vertex -7.10798 -7.04636 15.9973
      vertex -7.18693 -6.95868 15.9973
    endloop
  endfacet
  facet normal -0.155778 -0.140285 0.97778
    outer loop
      vertex -7.10798 -7.04636 15.9973
      vertex -7.25535 -7.03466 15.9755
      vertex -7.17639 -7.12234 15.9755
    endloop
  endfacet
  facet normal -0.346599 -0.477026 0.80766
    outer loop
      vertex -7.24029 -7.19331 15.933
      vertex -7.29688 -7.25615 15.8716
      vertex -7.19801 -7.22403 15.933
    endloop
  endfacet
  facet normal -0.584542 -0.804682 0.103914
    outer loop
      vertex -7.40026 -7.37098 15.604
      vertex -7.40757 -7.3791 15.5
      vertex -7.31754 -7.43107 15.604
    endloop
  endfacet
  facet normal -0.584619 -0.804613 0.104015
    outer loop
      vertex -7.31754 -7.43107 15.604
      vertex -7.40757 -7.3791 15.5
      vertex -7.32301 -7.44054 15.5
    endloop
  endfacet
  facet normal -0.180246 -0.848199 0.498066
    outer loop
      vertex -7.19801 -7.39223 15.7939
      vertex -7.21416 -7.44194 15.7034
      vertex -7.12075 -7.46179 15.7034
    endloop
  endfacet
  facet normal -0.352718 -0.792163 0.498064
    outer loop
      vertex -7.19801 -7.39223 15.7939
      vertex -7.30139 -7.4031 15.7034
      vertex -7.21416 -7.44194 15.7034
    endloop
  endfacet
  facet normal -0.352674 -0.79221 0.49802
    outer loop
      vertex -7.27526 -7.35784 15.7939
      vertex -7.30139 -7.4031 15.7034
      vertex -7.19801 -7.39223 15.7939
    endloop
  endfacet
  facet normal 0.197828 -0.930746 0.307531
    outer loop
      vertex -6.92188 -7.47266 15.604
      vertex -6.61274 -7.37411 15.7034
      vertex -7.02526 -7.46179 15.7034
    endloop
  endfacet
  facet normal 0.197844 -0.930756 0.307491
    outer loop
      vertex -6.61274 -7.37411 15.7034
      vertex -6.92188 -7.47266 15.604
      vertex -6.60936 -7.40623 15.604
    endloop
  endfacet
  facet normal 0.0849289 -0.399548 0.912769
    outer loop
      vertex -6.64433 -7.0735 15.9755
      vertex -6.99575 -7.24529 15.933
      vertex -6.63435 -7.16847 15.933
    endloop
  endfacet
  facet normal 0.0849316 -0.399553 0.912767
    outer loop
      vertex -6.99575 -7.24529 15.933
      vertex -6.64433 -7.0735 15.9755
      vertex -7.05686 -7.16119 15.9755
    endloop
  endfacet
  facet normal 0.122499 -0.576738 0.807693
    outer loop
      vertex -6.99575 -7.24529 15.933
      vertex -7.04688 -7.25615 15.933
      vertex -7.03804 -7.34026 15.8716
    endloop
  endfacet
  facet normal -0.0436166 -0.205037 0.977782
    outer loop
      vertex -7.08916 -7.05723 15.9973
      vertex -7.12075 -7.15447 15.9755
      vertex -7.08916 -7.16119 15.9755
    endloop
  endfacet
  facet normal -0.0849892 -0.399525 0.912774
    outer loop
      vertex -7.12075 -7.15447 15.9755
      vertex -7.15026 -7.24529 15.933
      vertex -7.08916 -7.16119 15.9755
    endloop
  endfacet
  facet normal -0.0852717 -0.191504 0.977781
    outer loop
      vertex -7.08916 -7.05723 15.9973
      vertex -7.15026 -7.14133 15.9755
      vertex -7.12075 -7.15447 15.9755
    endloop
  endfacet
  facet normal -0.0435393 -0.205038 0.977785
    outer loop
      vertex -7.08916 -7.05723 15.9973
      vertex -7.08916 -7.16119 15.9755
      vertex -7.07847 -7.0595 15.9973
    endloop
  endfacet
  facet normal -0.553649 -0.498572 0.667008
    outer loop
      vertex -7.34368 -7.20418 15.8716
      vertex -7.34368 -7.30813 15.7939
      vertex -7.29688 -7.25615 15.8716
    endloop
  endfacet
  facet normal -0.240092 -0.330439 0.912779
    outer loop
      vertex -7.17639 -7.12234 15.9755
      vertex -7.24029 -7.19331 15.933
      vertex -7.19801 -7.22403 15.933
    endloop
  endfacet
  facet normal -0.438163 -0.394574 0.807666
    outer loop
      vertex -7.24029 -7.19331 15.933
      vertex -7.34368 -7.20418 15.8716
      vertex -7.29688 -7.25615 15.8716
    endloop
  endfacet
  facet normal -0.437963 -0.602732 0.66701
    outer loop
      vertex -7.29688 -7.25615 15.8716
      vertex -7.34368 -7.30813 15.7939
      vertex -7.24029 -7.29727 15.8716
    endloop
  endfacet
  facet normal -0.438182 -0.394509 0.807687
    outer loop
      vertex -7.24029 -7.19331 15.933
      vertex -7.42263 -7.11649 15.8716
      vertex -7.34368 -7.20418 15.8716
    endloop
  endfacet
  facet normal -0.707127 -0.636721 0.307504
    outer loop
      vertex -7.46868 -7.29499 15.604
      vertex -7.4576 -7.25929 15.7034
      vertex -7.54763 -7.20731 15.604
    endloop
  endfacet
  facet normal -0.707127 -0.636721 0.307504
    outer loop
      vertex -7.4576 -7.25929 15.7034
      vertex -7.46868 -7.29499 15.604
      vertex -7.37865 -7.34697 15.7034
    endloop
  endfacet
  facet normal -0.302944 -0.680666 0.667022
    outer loop
      vertex -7.17639 -7.32571 15.8716
      vertex -7.24029 -7.29727 15.8716
      vertex -7.19801 -7.39223 15.7939
    endloop
  endfacet
  facet normal -0.154968 -0.728765 0.666998
    outer loop
      vertex -7.10798 -7.34026 15.8716
      vertex -7.19801 -7.39223 15.7939
      vertex -7.11529 -7.40982 15.7939
    endloop
  endfacet
  facet normal 0.0848729 -0.39959 0.912756
    outer loop
      vertex -6.99575 -7.24529 15.933
      vertex -7.05686 -7.16119 15.9755
      vertex -7.04688 -7.25615 15.933
    endloop
  endfacet
  facet normal -0.0848891 -0.399588 0.912756
    outer loop
      vertex -7.08916 -7.16119 15.9755
      vertex -7.15026 -7.24529 15.933
      vertex -7.09914 -7.25615 15.933
    endloop
  endfacet
  facet normal 0 -0.209614 0.977784
    outer loop
      vertex -7.07847 -7.0595 15.9973
      vertex -7.05686 -7.16119 15.9755
      vertex -7.06754 -7.0595 15.9973
    endloop
  endfacet
  facet normal 0 -0.209614 0.977784
    outer loop
      vertex -7.05686 -7.16119 15.9755
      vertex -7.07847 -7.0595 15.9973
      vertex -7.08916 -7.16119 15.9755
    endloop
  endfacet
  facet normal -0.0853616 -0.19144 0.977785
    outer loop
      vertex -7.09914 -7.05278 15.9973
      vertex -7.15026 -7.14133 15.9755
      vertex -7.08916 -7.05723 15.9973
    endloop
  endfacet
  facet normal -0.123177 -0.169609 0.977783
    outer loop
      vertex -7.10798 -7.04636 15.9973
      vertex -7.15026 -7.14133 15.9755
      vertex -7.09914 -7.05278 15.9973
    endloop
  endfacet
  facet normal -0.553706 -0.498518 0.667001
    outer loop
      vertex -7.42263 -7.22045 15.7939
      vertex -7.34368 -7.20418 15.8716
      vertex -7.42263 -7.11649 15.8716
    endloop
  endfacet
  facet normal -0.553685 -0.498557 0.666988
    outer loop
      vertex -7.34368 -7.20418 15.8716
      vertex -7.42263 -7.22045 15.7939
      vertex -7.34368 -7.30813 15.7939
    endloop
  endfacet
  facet normal -0.55924 -0.769851 0.307538
    outer loop
      vertex -7.37865 -7.34697 15.7034
      vertex -7.40026 -7.37098 15.604
      vertex -7.31754 -7.43107 15.604
    endloop
  endfacet
  facet normal -0.707139 -0.636695 0.307528
    outer loop
      vertex -7.37865 -7.34697 15.7034
      vertex -7.46868 -7.29499 15.604
      vertex -7.40026 -7.37098 15.604
    endloop
  endfacet
  facet normal -0.55929 -0.769833 0.307493
    outer loop
      vertex -7.30139 -7.4031 15.7034
      vertex -7.37865 -7.34697 15.7034
      vertex -7.31754 -7.43107 15.604
    endloop
  endfacet
  facet normal -0.387074 -0.869266 0.307491
    outer loop
      vertex -7.30139 -7.4031 15.7034
      vertex -7.31754 -7.43107 15.604
      vertex -7.22414 -7.47266 15.604
    endloop
  endfacet
  facet normal -0.122522 -0.576735 0.807691
    outer loop
      vertex -7.09914 -7.25615 15.933
      vertex -7.15026 -7.24529 15.933
      vertex -7.10798 -7.34026 15.8716
    endloop
  endfacet
  facet normal -0.154995 -0.728744 0.667015
    outer loop
      vertex -7.17639 -7.32571 15.8716
      vertex -7.19801 -7.39223 15.7939
      vertex -7.10798 -7.34026 15.8716
    endloop
  endfacet
  facet normal -0.240137 -0.330426 0.912772
    outer loop
      vertex -7.17639 -7.12234 15.9755
      vertex -7.19801 -7.22403 15.933
      vertex -7.15026 -7.14133 15.9755
    endloop
  endfacet
  facet normal -0.123242 -0.169579 0.97778
    outer loop
      vertex -7.10798 -7.04636 15.9973
      vertex -7.17639 -7.12234 15.9755
      vertex -7.15026 -7.14133 15.9755
    endloop
  endfacet
  facet normal -0.239846 -0.538695 0.807639
    outer loop
      vertex -7.15026 -7.24529 15.933
      vertex -7.19801 -7.22403 15.933
      vertex -7.17639 -7.32571 15.8716
    endloop
  endfacet
  facet normal -0.239756 -0.538693 0.807667
    outer loop
      vertex -7.19801 -7.22403 15.933
      vertex -7.24029 -7.29727 15.8716
      vertex -7.17639 -7.32571 15.8716
    endloop
  endfacet
  facet normal -0.707126 -0.636706 0.307535
    outer loop
      vertex -3.94959 -8.27044 15.604
      vertex -3.44253 -8.78557 15.7034
      vertex -3.92797 -8.24644 15.7034
    endloop
  endfacet
  facet normal -0.707118 -0.636687 0.307593
    outer loop
      vertex -3.44253 -8.78557 15.7034
      vertex -3.94959 -8.27044 15.604
      vertex -3.46867 -8.80456 15.604
    endloop
  endfacet
  facet normal -0.739121 -0.665503 -0.10395
    outer loop
      vertex -3.46867 -8.80456 0.396045
      vertex -3.95689 -8.27857 0.5
      vertex -3.94959 -8.27044 0.396045
    endloop
  endfacet
  facet normal -0.73912 -0.665515 -0.103882
    outer loop
      vertex -3.95689 -8.27857 0.5
      vertex -3.46867 -8.80456 0.396045
      vertex -3.4775 -8.81098 0.5
    endloop
  endfacet
  facet normal -0.739125 -0.665506 0.103906
    outer loop
      vertex -3.95689 -8.27857 15.5
      vertex -3.46867 -8.80456 15.604
      vertex -3.94959 -8.27044 15.604
    endloop
  endfacet
  facet normal -0.739124 -0.665518 0.103837
    outer loop
      vertex -3.46867 -8.80456 15.604
      vertex -3.95689 -8.27857 15.5
      vertex -3.4775 -8.81098 15.5
    endloop
  endfacet
  facet normal 0.739121 -0.665503 -0.10395
    outer loop
      vertex 3.95689 -8.27857 0.5
      vertex 3.46867 -8.80456 0.396045
      vertex 3.94959 -8.27044 0.396045
    endloop
  endfacet
  facet normal 0.73912 -0.665515 -0.103882
    outer loop
      vertex 3.46867 -8.80456 0.396045
      vertex 3.95689 -8.27857 0.5
      vertex 3.4775 -8.81098 0.5
    endloop
  endfacet
  facet normal -0.743141 -0.669135 0
    outer loop
      vertex -3.4775 -8.81098 0.5
      vertex -3.95689 -8.27857 15.5
      vertex -3.95689 -8.27857 0.5
    endloop
  endfacet
  facet normal -0.743141 -0.669135 0
    outer loop
      vertex -3.95689 -8.27857 15.5
      vertex -3.4775 -8.81098 0.5
      vertex -3.4775 -8.81098 15.5
    endloop
  endfacet
  facet normal 0.644421 -0.580244 0.498034
    outer loop
      vertex 3.40025 -8.75485 15.7939
      vertex 3.92797 -8.24644 15.7034
      vertex 3.893 -8.2076 15.7939
    endloop
  endfacet
  facet normal 0.644424 -0.580248 0.498027
    outer loop
      vertex 3.92797 -8.24644 15.7034
      vertex 3.40025 -8.75485 15.7939
      vertex 3.44253 -8.78557 15.7034
    endloop
  endfacet
  facet normal 0.707126 -0.636706 0.307535
    outer loop
      vertex 3.44253 -8.78557 15.7034
      vertex 3.94959 -8.27044 15.604
      vertex 3.92797 -8.24644 15.7034
    endloop
  endfacet
  facet normal 0.707118 -0.636687 0.307593
    outer loop
      vertex 3.94959 -8.27044 15.604
      vertex 3.44253 -8.78557 15.7034
      vertex 3.46867 -8.80456 15.604
    endloop
  endfacet
  facet normal -0.707135 -0.636714 -0.307499
    outer loop
      vertex -3.44253 -8.78557 0.296632
      vertex -3.94959 -8.27044 0.396045
      vertex -3.92797 -8.24644 0.296632
    endloop
  endfacet
  facet normal -0.707127 -0.636695 -0.307557
    outer loop
      vertex -3.94959 -8.27044 0.396045
      vertex -3.44253 -8.78557 0.296632
      vertex -3.46867 -8.80456 0.396045
    endloop
  endfacet
  facet normal -0.644464 -0.580282 -0.497935
    outer loop
      vertex -3.40025 -8.75485 0.206108
      vertex -3.92797 -8.24644 0.296632
      vertex -3.893 -8.2076 0.206108
    endloop
  endfacet
  facet normal -0.644466 -0.580286 -0.497928
    outer loop
      vertex -3.92797 -8.24644 0.296632
      vertex -3.40025 -8.75485 0.206108
      vertex -3.44253 -8.78557 0.296632
    endloop
  endfacet
  facet normal -0.553703 -0.498553 0.666976
    outer loop
      vertex -3.8462 -8.15562 15.8716
      vertex -3.40025 -8.75485 15.7939
      vertex -3.34367 -8.71374 15.8716
    endloop
  endfacet
  facet normal -0.55368 -0.49854 0.667006
    outer loop
      vertex -3.40025 -8.75485 15.7939
      vertex -3.8462 -8.15562 15.8716
      vertex -3.893 -8.2076 15.7939
    endloop
  endfacet
  facet normal 0.743141 -0.669135 0
    outer loop
      vertex 3.4775 -8.81098 15.5
      vertex 3.95689 -8.27857 0.5
      vertex 3.95689 -8.27857 15.5
    endloop
  endfacet
  facet normal 0.743141 -0.669135 0
    outer loop
      vertex 3.95689 -8.27857 0.5
      vertex 3.4775 -8.81098 15.5
      vertex 3.4775 -8.81098 0.5
    endloop
  endfacet
  facet normal -0.438169 -0.394532 0.807683
    outer loop
      vertex -3.78961 -8.09278 15.933
      vertex -3.34367 -8.71374 15.8716
      vertex -3.27525 -8.66403 15.933
    endloop
  endfacet
  facet normal -0.438192 -0.394547 0.807664
    outer loop
      vertex -3.34367 -8.71374 15.8716
      vertex -3.78961 -8.09278 15.933
      vertex -3.8462 -8.15562 15.8716
    endloop
  endfacet
  facet normal -0.303585 -0.273345 0.912754
    outer loop
      vertex -3.72571 -8.02182 15.9755
      vertex -3.27525 -8.66403 15.933
      vertex -3.198 -8.60791 15.9755
    endloop
  endfacet
  facet normal -0.303558 -0.273327 0.912768
    outer loop
      vertex -3.27525 -8.66403 15.933
      vertex -3.72571 -8.02182 15.9755
      vertex -3.78961 -8.09278 15.933
    endloop
  endfacet
  facet normal 0.553617 -0.498483 -0.667101
    outer loop
      vertex 3.40025 -8.75485 0.206108
      vertex 3.8462 -8.15562 0.128428
      vertex 3.893 -8.2076 0.206108
    endloop
  endfacet
  facet normal 0.55364 -0.498496 -0.667072
    outer loop
      vertex 3.8462 -8.15562 0.128428
      vertex 3.40025 -8.75485 0.206108
      vertex 3.34367 -8.71374 0.128428
    endloop
  endfacet
  facet normal 0.707135 -0.636714 -0.307499
    outer loop
      vertex 3.94959 -8.27044 0.396045
      vertex 3.44253 -8.78557 0.296632
      vertex 3.92797 -8.24644 0.296632
    endloop
  endfacet
  facet normal 0.707127 -0.636695 -0.307557
    outer loop
      vertex 3.44253 -8.78557 0.296632
      vertex 3.94959 -8.27044 0.396045
      vertex 3.46867 -8.80456 0.396045
    endloop
  endfacet
  facet normal -0.644421 -0.580244 0.498034
    outer loop
      vertex -3.92797 -8.24644 15.7034
      vertex -3.40025 -8.75485 15.7939
      vertex -3.893 -8.2076 15.7939
    endloop
  endfacet
  facet normal -0.644424 -0.580248 0.498027
    outer loop
      vertex -3.40025 -8.75485 15.7939
      vertex -3.92797 -8.24644 15.7034
      vertex -3.44253 -8.78557 15.7034
    endloop
  endfacet
  facet normal 0.303558 -0.273327 0.912768
    outer loop
      vertex 3.72571 -8.02182 15.9755
      vertex 3.27525 -8.66403 15.933
      vertex 3.78961 -8.09278 15.933
    endloop
  endfacet
  facet normal 0.303585 -0.273345 0.912754
    outer loop
      vertex 3.27525 -8.66403 15.933
      vertex 3.72571 -8.02182 15.9755
      vertex 3.198 -8.60791 15.9755
    endloop
  endfacet
  facet normal 0.55368 -0.49854 0.667006
    outer loop
      vertex 3.8462 -8.15562 15.8716
      vertex 3.40025 -8.75485 15.7939
      vertex 3.893 -8.2076 15.7939
    endloop
  endfacet
  facet normal 0.553703 -0.498553 0.666976
    outer loop
      vertex 3.40025 -8.75485 15.7939
      vertex 3.8462 -8.15562 15.8716
      vertex 3.34367 -8.71374 15.8716
    endloop
  endfacet
  facet normal 0.644464 -0.580282 -0.497935
    outer loop
      vertex 3.92797 -8.24644 0.296632
      vertex 3.40025 -8.75485 0.206108
      vertex 3.893 -8.2076 0.206108
    endloop
  endfacet
  facet normal 0.644466 -0.580286 -0.497928
    outer loop
      vertex 3.40025 -8.75485 0.206108
      vertex 3.92797 -8.24644 0.296632
      vertex 3.44253 -8.78557 0.296632
    endloop
  endfacet
  facet normal 0.155781 -0.140264 0.977782
    outer loop
      vertex 3.6573 -7.94583 15.9973
      vertex 3.198 -8.60791 15.9755
      vertex 3.72571 -8.02182 15.9755
    endloop
  endfacet
  facet normal 0.155778 -0.140262 0.977783
    outer loop
      vertex 3.198 -8.60791 15.9755
      vertex 3.6573 -7.94583 15.9973
      vertex 3.11528 -8.54781 15.9973
    endloop
  endfacet
  facet normal -0.303679 -0.273429 -0.912697
    outer loop
      vertex -3.27525 -8.66403 0.066988
      vertex -3.72571 -8.02182 0.0244722
      vertex -3.198 -8.60791 0.0244722
    endloop
  endfacet
  facet normal -0.303652 -0.273412 -0.912711
    outer loop
      vertex -3.72571 -8.02182 0.0244722
      vertex -3.27525 -8.66403 0.066988
      vertex -3.78961 -8.09278 0.066988
    endloop
  endfacet
  facet normal -0.155315 -0.139845 -0.977916
    outer loop
      vertex -3.198 -8.60791 0.0244722
      vertex -3.6573 -7.94583 0.00273991
      vertex -3.11528 -8.54781 0.00273991
    endloop
  endfacet
  facet normal -0.155319 -0.139847 -0.977916
    outer loop
      vertex -3.6573 -7.94583 0.00273991
      vertex -3.198 -8.60791 0.0244722
      vertex -3.72571 -8.02182 0.0244722
    endloop
  endfacet
  facet normal -0.155778 -0.140262 0.977783
    outer loop
      vertex -3.6573 -7.94583 15.9973
      vertex -3.198 -8.60791 15.9755
      vertex -3.11528 -8.54781 15.9973
    endloop
  endfacet
  facet normal -0.155781 -0.140264 0.977782
    outer loop
      vertex -3.198 -8.60791 15.9755
      vertex -3.6573 -7.94583 15.9973
      vertex -3.72571 -8.02182 15.9755
    endloop
  endfacet
  facet normal 0.438192 -0.394547 0.807664
    outer loop
      vertex 3.78961 -8.09278 15.933
      vertex 3.34367 -8.71374 15.8716
      vertex 3.8462 -8.15562 15.8716
    endloop
  endfacet
  facet normal 0.438169 -0.394532 0.807683
    outer loop
      vertex 3.34367 -8.71374 15.8716
      vertex 3.78961 -8.09278 15.933
      vertex 3.27525 -8.66403 15.933
    endloop
  endfacet
  facet normal 0.739125 -0.665506 0.103906
    outer loop
      vertex 3.46867 -8.80456 15.604
      vertex 3.95689 -8.27857 15.5
      vertex 3.94959 -8.27044 15.604
    endloop
  endfacet
  facet normal 0.739124 -0.665518 0.103837
    outer loop
      vertex 3.95689 -8.27857 15.5
      vertex 3.46867 -8.80456 15.604
      vertex 3.4775 -8.81098 15.5
    endloop
  endfacet
  facet normal -0.438355 -0.3947 -0.8075
    outer loop
      vertex -3.34367 -8.71374 0.128428
      vertex -3.78961 -8.09278 0.066988
      vertex -3.27525 -8.66403 0.066988
    endloop
  endfacet
  facet normal -0.438378 -0.394714 -0.807481
    outer loop
      vertex -3.78961 -8.09278 0.066988
      vertex -3.34367 -8.71374 0.128428
      vertex -3.8462 -8.15562 0.128428
    endloop
  endfacet
  facet normal 0.155319 -0.139847 -0.977916
    outer loop
      vertex 3.198 -8.60791 0.0244722
      vertex 3.6573 -7.94583 0.00273991
      vertex 3.72571 -8.02182 0.0244722
    endloop
  endfacet
  facet normal 0.155315 -0.139845 -0.977916
    outer loop
      vertex 3.6573 -7.94583 0.00273991
      vertex 3.198 -8.60791 0.0244722
      vertex 3.11528 -8.54781 0.00273991
    endloop
  endfacet
  facet normal -0.55364 -0.498496 -0.667072
    outer loop
      vertex -3.40025 -8.75485 0.206108
      vertex -3.8462 -8.15562 0.128428
      vertex -3.34367 -8.71374 0.128428
    endloop
  endfacet
  facet normal -0.553617 -0.498483 -0.667101
    outer loop
      vertex -3.8462 -8.15562 0.128428
      vertex -3.40025 -8.75485 0.206108
      vertex -3.893 -8.2076 0.206108
    endloop
  endfacet
  facet normal 0.303652 -0.273412 -0.912711
    outer loop
      vertex 3.27525 -8.66403 0.066988
      vertex 3.72571 -8.02182 0.0244722
      vertex 3.78961 -8.09278 0.066988
    endloop
  endfacet
  facet normal 0.303679 -0.273429 -0.912697
    outer loop
      vertex 3.72571 -8.02182 0.0244722
      vertex 3.27525 -8.66403 0.066988
      vertex 3.198 -8.60791 0.0244722
    endloop
  endfacet
  facet normal 0.438378 -0.394714 -0.807481
    outer loop
      vertex 3.34367 -8.71374 0.128428
      vertex 3.78961 -8.09278 0.066988
      vertex 3.8462 -8.15562 0.128428
    endloop
  endfacet
  facet normal 0.438355 -0.3947 -0.8075
    outer loop
      vertex 3.78961 -8.09278 0.066988
      vertex 3.34367 -8.71374 0.128428
      vertex 3.27525 -8.66403 0.066988
    endloop
  endfacet
  facet normal 0.180996 -0.104498 -0.977916
    outer loop
      vertex 2.80367 -9.29091 0.0244722
      vertex 3.11528 -8.54781 0.00273991
      vertex 3.198 -8.60791 0.0244722
    endloop
  endfacet
  facet normal 0.180991 -0.104496 -0.977918
    outer loop
      vertex 3.11528 -8.54781 0.00273991
      vertex 2.80367 -9.29091 0.0244722
      vertex 2.71026 -9.24932 0.00273991
    endloop
  endfacet
  facet normal -0.861345 -0.497297 0.10383
    outer loop
      vertex -3.4775 -8.81098 15.5
      vertex -3.10931 -9.42699 15.604
      vertex -3.46867 -8.80456 15.604
    endloop
  endfacet
  facet normal -0.861344 -0.497287 0.103886
    outer loop
      vertex -3.10931 -9.42699 15.604
      vertex -3.4775 -8.81098 15.5
      vertex -3.11929 -9.43143 15.5
    endloop
  endfacet
  facet normal -0.645239 -0.372534 0.666997
    outer loop
      vertex -3.34367 -8.71374 15.8716
      vertex -3.03205 -9.39259 15.7939
      vertex -2.96815 -9.36415 15.8716
    endloop
  endfacet
  facet normal -0.645259 -0.372541 0.666974
    outer loop
      vertex -3.03205 -9.39259 15.7939
      vertex -3.34367 -8.71374 15.8716
      vertex -3.40025 -8.75485 15.7939
    endloop
  endfacet
  facet normal -0.510656 -0.294824 0.807657
    outer loop
      vertex -3.27525 -8.66403 15.933
      vertex -2.96815 -9.36415 15.8716
      vertex -2.8909 -9.32975 15.933
    endloop
  endfacet
  facet normal -0.510621 -0.294812 0.807683
    outer loop
      vertex -2.96815 -9.36415 15.8716
      vertex -3.27525 -8.66403 15.933
      vertex -3.34367 -8.71374 15.8716
    endloop
  endfacet
  facet normal 0.645185 -0.372498 -0.667069
    outer loop
      vertex 3.03205 -9.39259 0.206108
      vertex 3.34367 -8.71374 0.128428
      vertex 3.40025 -8.75485 0.206108
    endloop
  endfacet
  facet normal 0.645165 -0.372492 -0.667092
    outer loop
      vertex 3.34367 -8.71374 0.128428
      vertex 3.03205 -9.39259 0.206108
      vertex 2.96815 -9.36415 0.128428
    endloop
  endfacet
  facet normal 0.751034 -0.43361 -0.497926
    outer loop
      vertex 3.44253 -8.78557 0.296632
      vertex 3.03205 -9.39259 0.206108
      vertex 3.40025 -8.75485 0.206108
    endloop
  endfacet
  facet normal 0.751012 -0.433588 -0.497978
    outer loop
      vertex 3.03205 -9.39259 0.206108
      vertex 3.44253 -8.78557 0.296632
      vertex 3.0798 -9.41385 0.296632
    endloop
  endfacet
  facet normal 0.861341 -0.497295 -0.103874
    outer loop
      vertex 3.4775 -8.81098 0.5
      vertex 3.10931 -9.42699 0.396045
      vertex 3.46867 -8.80456 0.396045
    endloop
  endfacet
  facet normal 0.86134 -0.497285 -0.103931
    outer loop
      vertex 3.10931 -9.42699 0.396045
      vertex 3.4775 -8.81098 0.5
      vertex 3.11929 -9.43143 0.5
    endloop
  endfacet
  facet normal 0.86603 -0.499993 0
    outer loop
      vertex 3.11929 -9.43143 15.5
      vertex 3.4775 -8.81098 0.5
      vertex 3.4775 -8.81098 15.5
    endloop
  endfacet
  facet normal 0.86603 -0.499993 0
    outer loop
      vertex 3.4775 -8.81098 0.5
      vertex 3.11929 -9.43143 15.5
      vertex 3.11929 -9.43143 0.5
    endloop
  endfacet
  facet normal 0.353779 -0.204252 0.912755
    outer loop
      vertex 3.198 -8.60791 15.9755
      vertex 2.8909 -9.32975 15.933
      vertex 3.27525 -8.66403 15.933
    endloop
  endfacet
  facet normal 0.353769 -0.204249 0.91276
    outer loop
      vertex 2.8909 -9.32975 15.933
      vertex 3.198 -8.60791 15.9755
      vertex 2.80367 -9.29091 15.9755
    endloop
  endfacet
  facet normal -0.86603 -0.499993 0
    outer loop
      vertex -3.11929 -9.43143 0.5
      vertex -3.4775 -8.81098 15.5
      vertex -3.4775 -8.81098 0.5
    endloop
  endfacet
  facet normal -0.86603 -0.499993 0
    outer loop
      vertex -3.4775 -8.81098 15.5
      vertex -3.11929 -9.43143 0.5
      vertex -3.11929 -9.43143 15.5
    endloop
  endfacet
  facet normal 0.353889 -0.204316 -0.912698
    outer loop
      vertex 2.8909 -9.32975 0.066988
      vertex 3.198 -8.60791 0.0244722
      vertex 3.27525 -8.66403 0.066988
    endloop
  endfacet
  facet normal 0.353879 -0.204312 -0.912703
    outer loop
      vertex 3.198 -8.60791 0.0244722
      vertex 2.8909 -9.32975 0.066988
      vertex 2.80367 -9.29091 0.0244722
    endloop
  endfacet
  facet normal 0.510838 -0.294937 -0.8075
    outer loop
      vertex 2.96815 -9.36415 0.128428
      vertex 3.27525 -8.66403 0.066988
      vertex 3.34367 -8.71374 0.128428
    endloop
  endfacet
  facet normal 0.510873 -0.29495 -0.807474
    outer loop
      vertex 3.27525 -8.66403 0.066988
      vertex 2.96815 -9.36415 0.128428
      vertex 2.8909 -9.32975 0.066988
    endloop
  endfacet
  facet normal 0.861345 -0.497297 0.10383
    outer loop
      vertex 3.10931 -9.42699 15.604
      vertex 3.4775 -8.81098 15.5
      vertex 3.46867 -8.80456 15.604
    endloop
  endfacet
  facet normal 0.861344 -0.497287 0.103886
    outer loop
      vertex 3.4775 -8.81098 15.5
      vertex 3.10931 -9.42699 15.604
      vertex 3.11929 -9.43143 15.5
    endloop
  endfacet
  facet normal -0.18153 -0.104807 0.977784
    outer loop
      vertex -3.11528 -8.54781 15.9973
      vertex -2.80367 -9.29091 15.9755
      vertex -2.71026 -9.24932 15.9973
    endloop
  endfacet
  facet normal -0.181536 -0.10481 0.977783
    outer loop
      vertex -2.80367 -9.29091 15.9755
      vertex -3.11528 -8.54781 15.9973
      vertex -3.198 -8.60791 15.9755
    endloop
  endfacet
  facet normal -0.353769 -0.204249 0.91276
    outer loop
      vertex -3.198 -8.60791 15.9755
      vertex -2.8909 -9.32975 15.933
      vertex -2.80367 -9.29091 15.9755
    endloop
  endfacet
  facet normal -0.353779 -0.204252 0.912755
    outer loop
      vertex -2.8909 -9.32975 15.933
      vertex -3.198 -8.60791 15.9755
      vertex -3.27525 -8.66403 15.933
    endloop
  endfacet
  facet normal -0.861341 -0.497295 -0.103874
    outer loop
      vertex -3.10931 -9.42699 0.396045
      vertex -3.4775 -8.81098 0.5
      vertex -3.46867 -8.80456 0.396045
    endloop
  endfacet
  facet normal -0.86134 -0.497285 -0.103931
    outer loop
      vertex -3.4775 -8.81098 0.5
      vertex -3.10931 -9.42699 0.396045
      vertex -3.11929 -9.43143 0.5
    endloop
  endfacet
  facet normal -0.824042 -0.475751 0.307595
    outer loop
      vertex -3.46867 -8.80456 15.604
      vertex -3.0798 -9.41385 15.7034
      vertex -3.44253 -8.78557 15.7034
    endloop
  endfacet
  facet normal -0.824054 -0.475768 0.307539
    outer loop
      vertex -3.0798 -9.41385 15.7034
      vertex -3.46867 -8.80456 15.604
      vertex -3.10931 -9.42699 15.604
    endloop
  endfacet
  facet normal 0.824042 -0.475751 0.307595
    outer loop
      vertex 3.0798 -9.41385 15.7034
      vertex 3.46867 -8.80456 15.604
      vertex 3.44253 -8.78557 15.7034
    endloop
  endfacet
  facet normal 0.824054 -0.475768 0.307539
    outer loop
      vertex 3.46867 -8.80456 15.604
      vertex 3.0798 -9.41385 15.7034
      vertex 3.10931 -9.42699 15.604
    endloop
  endfacet
  facet normal 0.510621 -0.294812 0.807683
    outer loop
      vertex 3.27525 -8.66403 15.933
      vertex 2.96815 -9.36415 15.8716
      vertex 3.34367 -8.71374 15.8716
    endloop
  endfacet
  facet normal 0.510656 -0.294824 0.807657
    outer loop
      vertex 2.96815 -9.36415 15.8716
      vertex 3.27525 -8.66403 15.933
      vertex 2.8909 -9.32975 15.933
    endloop
  endfacet
  facet normal -0.750985 -0.433582 0.498025
    outer loop
      vertex -3.44253 -8.78557 15.7034
      vertex -3.03205 -9.39259 15.7939
      vertex -3.40025 -8.75485 15.7939
    endloop
  endfacet
  facet normal -0.750963 -0.43356 0.498077
    outer loop
      vertex -3.03205 -9.39259 15.7939
      vertex -3.44253 -8.78557 15.7034
      vertex -3.0798 -9.41385 15.7034
    endloop
  endfacet
  facet normal -0.824053 -0.475757 -0.307559
    outer loop
      vertex -3.0798 -9.41385 0.296632
      vertex -3.46867 -8.80456 0.396045
      vertex -3.44253 -8.78557 0.296632
    endloop
  endfacet
  facet normal -0.824064 -0.475773 -0.307503
    outer loop
      vertex -3.46867 -8.80456 0.396045
      vertex -3.0798 -9.41385 0.296632
      vertex -3.10931 -9.42699 0.396045
    endloop
  endfacet
  facet normal -0.645165 -0.372492 -0.667092
    outer loop
      vertex -3.03205 -9.39259 0.206108
      vertex -3.34367 -8.71374 0.128428
      vertex -2.96815 -9.36415 0.128428
    endloop
  endfacet
  facet normal -0.645185 -0.372498 -0.667069
    outer loop
      vertex -3.34367 -8.71374 0.128428
      vertex -3.03205 -9.39259 0.206108
      vertex -3.40025 -8.75485 0.206108
    endloop
  endfacet
  facet normal -0.751034 -0.43361 -0.497926
    outer loop
      vertex -3.03205 -9.39259 0.206108
      vertex -3.44253 -8.78557 0.296632
      vertex -3.40025 -8.75485 0.206108
    endloop
  endfacet
  facet normal -0.751012 -0.433588 -0.497978
    outer loop
      vertex -3.44253 -8.78557 0.296632
      vertex -3.03205 -9.39259 0.206108
      vertex -3.0798 -9.41385 0.296632
    endloop
  endfacet
  facet normal 0.824053 -0.475757 -0.307559
    outer loop
      vertex 3.46867 -8.80456 0.396045
      vertex 3.0798 -9.41385 0.296632
      vertex 3.44253 -8.78557 0.296632
    endloop
  endfacet
  facet normal 0.824064 -0.475773 -0.307503
    outer loop
      vertex 3.0798 -9.41385 0.296632
      vertex 3.46867 -8.80456 0.396045
      vertex 3.10931 -9.42699 0.396045
    endloop
  endfacet
  facet normal 0.645259 -0.372541 0.666974
    outer loop
      vertex 3.34367 -8.71374 15.8716
      vertex 3.03205 -9.39259 15.7939
      vertex 3.40025 -8.75485 15.7939
    endloop
  endfacet
  facet normal 0.645239 -0.372534 0.666997
    outer loop
      vertex 3.03205 -9.39259 15.7939
      vertex 3.34367 -8.71374 15.8716
      vertex 2.96815 -9.36415 15.8716
    endloop
  endfacet
  facet normal 0.181536 -0.10481 0.977783
    outer loop
      vertex 3.11528 -8.54781 15.9973
      vertex 2.80367 -9.29091 15.9755
      vertex 3.198 -8.60791 15.9755
    endloop
  endfacet
  facet normal 0.18153 -0.104807 0.977784
    outer loop
      vertex 2.80367 -9.29091 15.9755
      vertex 3.11528 -8.54781 15.9973
      vertex 2.71026 -9.24932 15.9973
    endloop
  endfacet
  facet normal -0.353879 -0.204312 -0.912703
    outer loop
      vertex -2.8909 -9.32975 0.066988
      vertex -3.198 -8.60791 0.0244722
      vertex -2.80367 -9.29091 0.0244722
    endloop
  endfacet
  facet normal -0.353889 -0.204316 -0.912698
    outer loop
      vertex -3.198 -8.60791 0.0244722
      vertex -2.8909 -9.32975 0.066988
      vertex -3.27525 -8.66403 0.066988
    endloop
  endfacet
  facet normal -0.510873 -0.29495 -0.807474
    outer loop
      vertex -2.96815 -9.36415 0.128428
      vertex -3.27525 -8.66403 0.066988
      vertex -2.8909 -9.32975 0.066988
    endloop
  endfacet
  facet normal -0.510838 -0.294937 -0.8075
    outer loop
      vertex -3.27525 -8.66403 0.066988
      vertex -2.96815 -9.36415 0.128428
      vertex -3.34367 -8.71374 0.128428
    endloop
  endfacet
  facet normal 0.750985 -0.433582 0.498025
    outer loop
      vertex 3.03205 -9.39259 15.7939
      vertex 3.44253 -8.78557 15.7034
      vertex 3.40025 -8.75485 15.7939
    endloop
  endfacet
  facet normal 0.750963 -0.43356 0.498077
    outer loop
      vertex 3.44253 -8.78557 15.7034
      vertex 3.03205 -9.39259 15.7939
      vertex 3.0798 -9.41385 15.7034
    endloop
  endfacet
  facet normal -0.180991 -0.104496 -0.977918
    outer loop
      vertex -2.80367 -9.29091 0.0244722
      vertex -3.11528 -8.54781 0.00273991
      vertex -2.71026 -9.24932 0.00273991
    endloop
  endfacet
  facet normal -0.180996 -0.104498 -0.977916
    outer loop
      vertex -3.11528 -8.54781 0.00273991
      vertex -2.80367 -9.29091 0.0244722
      vertex -3.198 -8.60791 0.0244722
    endloop
  endfacet
  facet normal 0.861336 -0.497293 -0.103922
    outer loop
      vertex 9.7275 2.01433 0.5
      vertex 9.35931 1.39833 0.396045
      vertex 9.71867 2.02076 0.396045
    endloop
  endfacet
  facet normal 0.861336 -0.497291 -0.103931
    outer loop
      vertex 9.35931 1.39833 0.396045
      vertex 9.7275 2.01433 0.5
      vertex 9.36929 1.39389 0.5
    endloop
  endfacet
  facet normal 0.510836 -0.29494 -0.807501
    outer loop
      vertex 9.21815 1.46117 0.128428
      vertex 9.52525 2.16128 0.066988
      vertex 9.59367 2.11157 0.128428
    endloop
  endfacet
  facet normal 0.510871 -0.294953 -0.807474
    outer loop
      vertex 9.52525 2.16128 0.066988
      vertex 9.21815 1.46117 0.128428
      vertex 9.1409 1.49557 0.066988
    endloop
  endfacet
  facet normal 0.866026 -0.499999 0
    outer loop
      vertex 9.36929 1.39389 15.5
      vertex 9.7275 2.01433 0.5
      vertex 9.7275 2.01433 15.5
    endloop
  endfacet
  facet normal 0.866026 -0.499999 0
    outer loop
      vertex 9.7275 2.01433 0.5
      vertex 9.36929 1.39389 15.5
      vertex 9.36929 1.39389 0.5
    endloop
  endfacet
  facet normal -0.86134 -0.497295 0.103877
    outer loop
      vertex -9.7275 2.01433 15.5
      vertex -9.35931 1.39833 15.604
      vertex -9.71867 2.02076 15.604
    endloop
  endfacet
  facet normal -0.86134 -0.497293 0.103886
    outer loop
      vertex -9.35931 1.39833 15.604
      vertex -9.7275 2.01433 15.5
      vertex -9.36929 1.39389 15.5
    endloop
  endfacet
  facet normal 0.824055 -0.475758 0.307552
    outer loop
      vertex 9.3298 1.41146 15.7034
      vertex 9.71867 2.02076 15.604
      vertex 9.69253 2.03974 15.7034
    endloop
  endfacet
  facet normal 0.824066 -0.475775 0.307496
    outer loop
      vertex 9.71867 2.02076 15.604
      vertex 9.3298 1.41146 15.7034
      vertex 9.35931 1.39833 15.604
    endloop
  endfacet
  facet normal 0.645182 -0.372503 -0.66707
    outer loop
      vertex 9.28205 1.43273 0.206108
      vertex 9.59367 2.11157 0.128428
      vertex 9.65025 2.07046 0.206108
    endloop
  endfacet
  facet normal 0.645163 -0.372496 -0.667092
    outer loop
      vertex 9.59367 2.11157 0.128428
      vertex 9.28205 1.43273 0.206108
      vertex 9.21815 1.46117 0.128428
    endloop
  endfacet
  facet normal -0.824055 -0.475758 0.307552
    outer loop
      vertex -9.71867 2.02076 15.604
      vertex -9.3298 1.41146 15.7034
      vertex -9.69253 2.03974 15.7034
    endloop
  endfacet
  facet normal -0.824066 -0.475775 0.307496
    outer loop
      vertex -9.3298 1.41146 15.7034
      vertex -9.71867 2.02076 15.604
      vertex -9.35931 1.39833 15.604
    endloop
  endfacet
  facet normal 0.180996 -0.104498 -0.977916
    outer loop
      vertex 9.05367 1.53441 0.0244722
      vertex 9.36528 2.27751 0.00273991
      vertex 9.448 2.21741 0.0244722
    endloop
  endfacet
  facet normal 0.181 -0.1045 -0.977915
    outer loop
      vertex 9.36528 2.27751 0.00273991
      vertex 9.05367 1.53441 0.0244722
      vertex 8.96026 1.57599 0.00273991
    endloop
  endfacet
  facet normal 0.86134 -0.497295 0.103877
    outer loop
      vertex 9.35931 1.39833 15.604
      vertex 9.7275 2.01433 15.5
      vertex 9.71867 2.02076 15.604
    endloop
  endfacet
  facet normal 0.86134 -0.497293 0.103886
    outer loop
      vertex 9.7275 2.01433 15.5
      vertex 9.35931 1.39833 15.604
      vertex 9.36929 1.39389 15.5
    endloop
  endfacet
  facet normal -0.866026 -0.499999 0
    outer loop
      vertex -9.36929 1.39389 0.5
      vertex -9.7275 2.01433 15.5
      vertex -9.7275 2.01433 0.5
    endloop
  endfacet
  facet normal -0.866026 -0.499999 0
    outer loop
      vertex -9.7275 2.01433 15.5
      vertex -9.36929 1.39389 0.5
      vertex -9.36929 1.39389 15.5
    endloop
  endfacet
  facet normal -0.645163 -0.372496 -0.667092
    outer loop
      vertex -9.28205 1.43273 0.206108
      vertex -9.59367 2.11157 0.128428
      vertex -9.21815 1.46117 0.128428
    endloop
  endfacet
  facet normal -0.645182 -0.372503 -0.66707
    outer loop
      vertex -9.59367 2.11157 0.128428
      vertex -9.28205 1.43273 0.206108
      vertex -9.65025 2.07046 0.206108
    endloop
  endfacet
  facet normal -0.861336 -0.497293 -0.103922
    outer loop
      vertex -9.35931 1.39833 0.396045
      vertex -9.7275 2.01433 0.5
      vertex -9.71867 2.02076 0.396045
    endloop
  endfacet
  facet normal -0.861336 -0.497291 -0.103931
    outer loop
      vertex -9.7275 2.01433 0.5
      vertex -9.35931 1.39833 0.396045
      vertex -9.36929 1.39389 0.5
    endloop
  endfacet
  facet normal -0.181 -0.1045 -0.977915
    outer loop
      vertex -9.05367 1.53441 0.0244722
      vertex -9.36528 2.27751 0.00273991
      vertex -8.96026 1.57599 0.00273991
    endloop
  endfacet
  facet normal -0.180996 -0.104498 -0.977916
    outer loop
      vertex -9.36528 2.27751 0.00273991
      vertex -9.05367 1.53441 0.0244722
      vertex -9.448 2.21741 0.0244722
    endloop
  endfacet
  facet normal 0.181536 -0.10481 0.977783
    outer loop
      vertex 9.36528 2.27751 15.9973
      vertex 9.05367 1.53441 15.9755
      vertex 9.448 2.21741 15.9755
    endloop
  endfacet
  facet normal 0.181539 -0.104811 0.977782
    outer loop
      vertex 9.05367 1.53441 15.9755
      vertex 9.36528 2.27751 15.9973
      vertex 8.96026 1.57599 15.9973
    endloop
  endfacet
  facet normal 0.751031 -0.433615 -0.497926
    outer loop
      vertex 9.69253 2.03974 0.296632
      vertex 9.28205 1.43273 0.206108
      vertex 9.65025 2.07046 0.206108
    endloop
  endfacet
  facet normal 0.750995 -0.433578 -0.498014
    outer loop
      vertex 9.28205 1.43273 0.206108
      vertex 9.69253 2.03974 0.296632
      vertex 9.3298 1.41146 0.296632
    endloop
  endfacet
  facet normal 0.824065 -0.475764 -0.307516
    outer loop
      vertex 9.71867 2.02076 0.396045
      vertex 9.3298 1.41146 0.296632
      vertex 9.69253 2.03974 0.296632
    endloop
  endfacet
  facet normal 0.824076 -0.47578 -0.30746
    outer loop
      vertex 9.3298 1.41146 0.296632
      vertex 9.71867 2.02076 0.396045
      vertex 9.35931 1.39833 0.396045
    endloop
  endfacet
  facet normal -0.510654 -0.294828 0.807656
    outer loop
      vertex -9.52525 2.16128 15.933
      vertex -9.21815 1.46117 15.8716
      vertex -9.1409 1.49557 15.933
    endloop
  endfacet
  facet normal -0.510619 -0.294815 0.807684
    outer loop
      vertex -9.21815 1.46117 15.8716
      vertex -9.52525 2.16128 15.933
      vertex -9.59367 2.11157 15.8716
    endloop
  endfacet
  facet normal -0.353769 -0.204249 0.91276
    outer loop
      vertex -9.448 2.21741 15.9755
      vertex -9.1409 1.49557 15.933
      vertex -9.05367 1.53441 15.9755
    endloop
  endfacet
  facet normal -0.353762 -0.204246 0.912763
    outer loop
      vertex -9.1409 1.49557 15.933
      vertex -9.448 2.21741 15.9755
      vertex -9.52525 2.16128 15.933
    endloop
  endfacet
  facet normal -0.645237 -0.372539 0.666997
    outer loop
      vertex -9.59367 2.11157 15.8716
      vertex -9.28205 1.43273 15.7939
      vertex -9.21815 1.46117 15.8716
    endloop
  endfacet
  facet normal -0.645256 -0.372545 0.666974
    outer loop
      vertex -9.28205 1.43273 15.7939
      vertex -9.59367 2.11157 15.8716
      vertex -9.65025 2.07046 15.7939
    endloop
  endfacet
  facet normal -0.750981 -0.433587 0.498025
    outer loop
      vertex -9.69253 2.03974 15.7034
      vertex -9.28205 1.43273 15.7939
      vertex -9.65025 2.07046 15.7939
    endloop
  endfacet
  facet normal -0.750945 -0.433549 0.498113
    outer loop
      vertex -9.28205 1.43273 15.7939
      vertex -9.69253 2.03974 15.7034
      vertex -9.3298 1.41146 15.7034
    endloop
  endfacet
  facet normal -0.824065 -0.475764 -0.307516
    outer loop
      vertex -9.3298 1.41146 0.296632
      vertex -9.71867 2.02076 0.396045
      vertex -9.69253 2.03974 0.296632
    endloop
  endfacet
  facet normal -0.824076 -0.47578 -0.30746
    outer loop
      vertex -9.71867 2.02076 0.396045
      vertex -9.3298 1.41146 0.296632
      vertex -9.35931 1.39833 0.396045
    endloop
  endfacet
  facet normal -0.510871 -0.294953 -0.807474
    outer loop
      vertex -9.21815 1.46117 0.128428
      vertex -9.52525 2.16128 0.066988
      vertex -9.1409 1.49557 0.066988
    endloop
  endfacet
  facet normal -0.510836 -0.29494 -0.807501
    outer loop
      vertex -9.52525 2.16128 0.066988
      vertex -9.21815 1.46117 0.128428
      vertex -9.59367 2.11157 0.128428
    endloop
  endfacet
  facet normal -0.751031 -0.433615 -0.497926
    outer loop
      vertex -9.28205 1.43273 0.206108
      vertex -9.69253 2.03974 0.296632
      vertex -9.65025 2.07046 0.206108
    endloop
  endfacet
  facet normal -0.750995 -0.433578 -0.498014
    outer loop
      vertex -9.69253 2.03974 0.296632
      vertex -9.28205 1.43273 0.206108
      vertex -9.3298 1.41146 0.296632
    endloop
  endfacet
  facet normal 0.750981 -0.433587 0.498025
    outer loop
      vertex 9.28205 1.43273 15.7939
      vertex 9.69253 2.03974 15.7034
      vertex 9.65025 2.07046 15.7939
    endloop
  endfacet
  facet normal 0.750945 -0.433549 0.498113
    outer loop
      vertex 9.69253 2.03974 15.7034
      vertex 9.28205 1.43273 15.7939
      vertex 9.3298 1.41146 15.7034
    endloop
  endfacet
  facet normal 0.353762 -0.204246 0.912763
    outer loop
      vertex 9.448 2.21741 15.9755
      vertex 9.1409 1.49557 15.933
      vertex 9.52525 2.16128 15.933
    endloop
  endfacet
  facet normal 0.353769 -0.204249 0.91276
    outer loop
      vertex 9.1409 1.49557 15.933
      vertex 9.448 2.21741 15.9755
      vertex 9.05367 1.53441 15.9755
    endloop
  endfacet
  facet normal 0.353872 -0.204309 -0.912706
    outer loop
      vertex 9.1409 1.49557 0.066988
      vertex 9.448 2.21741 0.0244722
      vertex 9.52525 2.16128 0.066988
    endloop
  endfacet
  facet normal 0.353879 -0.204312 -0.912703
    outer loop
      vertex 9.448 2.21741 0.0244722
      vertex 9.1409 1.49557 0.066988
      vertex 9.05367 1.53441 0.0244722
    endloop
  endfacet
  facet normal 0.510619 -0.294815 0.807684
    outer loop
      vertex 9.52525 2.16128 15.933
      vertex 9.21815 1.46117 15.8716
      vertex 9.59367 2.11157 15.8716
    endloop
  endfacet
  facet normal 0.510654 -0.294828 0.807656
    outer loop
      vertex 9.21815 1.46117 15.8716
      vertex 9.52525 2.16128 15.933
      vertex 9.1409 1.49557 15.933
    endloop
  endfacet
  facet normal 0.645256 -0.372545 0.666974
    outer loop
      vertex 9.59367 2.11157 15.8716
      vertex 9.28205 1.43273 15.7939
      vertex 9.65025 2.07046 15.7939
    endloop
  endfacet
  facet normal 0.645237 -0.372539 0.666997
    outer loop
      vertex 9.28205 1.43273 15.7939
      vertex 9.59367 2.11157 15.8716
      vertex 9.21815 1.46117 15.8716
    endloop
  endfacet
  facet normal -0.353879 -0.204312 -0.912703
    outer loop
      vertex -9.1409 1.49557 0.066988
      vertex -9.448 2.21741 0.0244722
      vertex -9.05367 1.53441 0.0244722
    endloop
  endfacet
  facet normal -0.353872 -0.204309 -0.912706
    outer loop
      vertex -9.448 2.21741 0.0244722
      vertex -9.1409 1.49557 0.066988
      vertex -9.52525 2.16128 0.066988
    endloop
  endfacet
  facet normal -0.181539 -0.104811 0.977782
    outer loop
      vertex -9.36528 2.27751 15.9973
      vertex -9.05367 1.53441 15.9755
      vertex -8.96026 1.57599 15.9973
    endloop
  endfacet
  facet normal -0.181536 -0.10481 0.977783
    outer loop
      vertex -9.05367 1.53441 15.9755
      vertex -9.36528 2.27751 15.9973
      vertex -9.448 2.21741 15.9755
    endloop
  endfacet
  facet normal -0.645163 0.372496 -0.667092
    outer loop
      vertex -9.59367 -2.11157 0.128428
      vertex -9.28205 -1.43273 0.206108
      vertex -9.21815 -1.46117 0.128428
    endloop
  endfacet
  facet normal -0.645182 0.372503 -0.66707
    outer loop
      vertex -9.28205 -1.43273 0.206108
      vertex -9.59367 -2.11157 0.128428
      vertex -9.65025 -2.07046 0.206108
    endloop
  endfacet
  facet normal -0.353879 0.204312 -0.912703
    outer loop
      vertex -9.448 -2.21741 0.0244722
      vertex -9.1409 -1.49557 0.066988
      vertex -9.05367 -1.53441 0.0244722
    endloop
  endfacet
  facet normal -0.353872 0.204309 -0.912706
    outer loop
      vertex -9.1409 -1.49557 0.066988
      vertex -9.448 -2.21741 0.0244722
      vertex -9.52525 -2.16128 0.066988
    endloop
  endfacet
  facet normal -0.866026 0.499999 0
    outer loop
      vertex -9.7275 -2.01433 0.5
      vertex -9.36929 -1.39389 15.5
      vertex -9.36929 -1.39389 0.5
    endloop
  endfacet
  facet normal -0.866026 0.499999 0
    outer loop
      vertex -9.36929 -1.39389 15.5
      vertex -9.7275 -2.01433 0.5
      vertex -9.7275 -2.01433 15.5
    endloop
  endfacet
  facet normal 0.180996 0.104498 -0.977916
    outer loop
      vertex 9.36528 -2.27751 0.00273991
      vertex 9.05367 -1.53441 0.0244722
      vertex 9.448 -2.21741 0.0244722
    endloop
  endfacet
  facet normal 0.181 0.1045 -0.977915
    outer loop
      vertex 9.05367 -1.53441 0.0244722
      vertex 9.36528 -2.27751 0.00273991
      vertex 8.96026 -1.57599 0.00273991
    endloop
  endfacet
  facet normal 0.824076 0.47578 -0.30746
    outer loop
      vertex 9.71867 -2.02076 0.396045
      vertex 9.3298 -1.41146 0.296632
      vertex 9.35931 -1.39833 0.396045
    endloop
  endfacet
  facet normal 0.824065 0.475764 -0.307516
    outer loop
      vertex 9.3298 -1.41146 0.296632
      vertex 9.71867 -2.02076 0.396045
      vertex 9.69253 -2.03974 0.296632
    endloop
  endfacet
  facet normal -0.86134 0.497293 0.103886
    outer loop
      vertex -9.7275 -2.01433 15.5
      vertex -9.35931 -1.39833 15.604
      vertex -9.36929 -1.39389 15.5
    endloop
  endfacet
  facet normal -0.86134 0.497295 0.103877
    outer loop
      vertex -9.35931 -1.39833 15.604
      vertex -9.7275 -2.01433 15.5
      vertex -9.71867 -2.02076 15.604
    endloop
  endfacet
  facet normal 0.510836 0.29494 -0.807501
    outer loop
      vertex 9.52525 -2.16128 0.066988
      vertex 9.21815 -1.46117 0.128428
      vertex 9.59367 -2.11157 0.128428
    endloop
  endfacet
  facet normal 0.510871 0.294953 -0.807474
    outer loop
      vertex 9.21815 -1.46117 0.128428
      vertex 9.52525 -2.16128 0.066988
      vertex 9.1409 -1.49557 0.066988
    endloop
  endfacet
  facet normal 0.353872 0.204309 -0.912706
    outer loop
      vertex 9.448 -2.21741 0.0244722
      vertex 9.1409 -1.49557 0.066988
      vertex 9.52525 -2.16128 0.066988
    endloop
  endfacet
  facet normal 0.353879 0.204312 -0.912703
    outer loop
      vertex 9.1409 -1.49557 0.066988
      vertex 9.448 -2.21741 0.0244722
      vertex 9.05367 -1.53441 0.0244722
    endloop
  endfacet
  facet normal 0.510619 0.294815 0.807684
    outer loop
      vertex 9.21815 -1.46117 15.8716
      vertex 9.52525 -2.16128 15.933
      vertex 9.59367 -2.11157 15.8716
    endloop
  endfacet
  facet normal 0.510654 0.294828 0.807656
    outer loop
      vertex 9.52525 -2.16128 15.933
      vertex 9.21815 -1.46117 15.8716
      vertex 9.1409 -1.49557 15.933
    endloop
  endfacet
  facet normal 0.824066 0.475775 0.307496
    outer loop
      vertex 9.3298 -1.41146 15.7034
      vertex 9.71867 -2.02076 15.604
      vertex 9.35931 -1.39833 15.604
    endloop
  endfacet
  facet normal 0.824055 0.475758 0.307552
    outer loop
      vertex 9.71867 -2.02076 15.604
      vertex 9.3298 -1.41146 15.7034
      vertex 9.69253 -2.03974 15.7034
    endloop
  endfacet
  facet normal -0.181539 0.104811 0.977782
    outer loop
      vertex -9.05367 -1.53441 15.9755
      vertex -9.36528 -2.27751 15.9973
      vertex -8.96026 -1.57599 15.9973
    endloop
  endfacet
  facet normal -0.181536 0.10481 0.977783
    outer loop
      vertex -9.36528 -2.27751 15.9973
      vertex -9.05367 -1.53441 15.9755
      vertex -9.448 -2.21741 15.9755
    endloop
  endfacet
  facet normal -0.750995 0.433578 -0.498014
    outer loop
      vertex -9.28205 -1.43273 0.206108
      vertex -9.69253 -2.03974 0.296632
      vertex -9.3298 -1.41146 0.296632
    endloop
  endfacet
  facet normal -0.751031 0.433615 -0.497926
    outer loop
      vertex -9.69253 -2.03974 0.296632
      vertex -9.28205 -1.43273 0.206108
      vertex -9.65025 -2.07046 0.206108
    endloop
  endfacet
  facet normal -0.861336 0.497291 -0.103931
    outer loop
      vertex -9.35931 -1.39833 0.396045
      vertex -9.7275 -2.01433 0.5
      vertex -9.36929 -1.39389 0.5
    endloop
  endfacet
  facet normal -0.861336 0.497293 -0.103922
    outer loop
      vertex -9.7275 -2.01433 0.5
      vertex -9.35931 -1.39833 0.396045
      vertex -9.71867 -2.02076 0.396045
    endloop
  endfacet
  facet normal 0.645182 0.372503 -0.66707
    outer loop
      vertex 9.59367 -2.11157 0.128428
      vertex 9.28205 -1.43273 0.206108
      vertex 9.65025 -2.07046 0.206108
    endloop
  endfacet
  facet normal 0.645163 0.372496 -0.667092
    outer loop
      vertex 9.28205 -1.43273 0.206108
      vertex 9.59367 -2.11157 0.128428
      vertex 9.21815 -1.46117 0.128428
    endloop
  endfacet
  facet normal -0.181 0.1045 -0.977915
    outer loop
      vertex -9.36528 -2.27751 0.00273991
      vertex -9.05367 -1.53441 0.0244722
      vertex -8.96026 -1.57599 0.00273991
    endloop
  endfacet
  facet normal -0.180996 0.104498 -0.977916
    outer loop
      vertex -9.05367 -1.53441 0.0244722
      vertex -9.36528 -2.27751 0.00273991
      vertex -9.448 -2.21741 0.0244722
    endloop
  endfacet
  facet normal -0.824076 0.47578 -0.30746
    outer loop
      vertex -9.3298 -1.41146 0.296632
      vertex -9.71867 -2.02076 0.396045
      vertex -9.35931 -1.39833 0.396045
    endloop
  endfacet
  facet normal -0.824065 0.475764 -0.307516
    outer loop
      vertex -9.71867 -2.02076 0.396045
      vertex -9.3298 -1.41146 0.296632
      vertex -9.69253 -2.03974 0.296632
    endloop
  endfacet
  facet normal 0.866026 0.499999 0
    outer loop
      vertex 9.7275 -2.01433 15.5
      vertex 9.36929 -1.39389 0.5
      vertex 9.36929 -1.39389 15.5
    endloop
  endfacet
  facet normal 0.866026 0.499999 0
    outer loop
      vertex 9.36929 -1.39389 0.5
      vertex 9.7275 -2.01433 15.5
      vertex 9.7275 -2.01433 0.5
    endloop
  endfacet
  facet normal -0.510871 0.294953 -0.807474
    outer loop
      vertex -9.52525 -2.16128 0.066988
      vertex -9.21815 -1.46117 0.128428
      vertex -9.1409 -1.49557 0.066988
    endloop
  endfacet
  facet normal -0.510836 0.29494 -0.807501
    outer loop
      vertex -9.21815 -1.46117 0.128428
      vertex -9.52525 -2.16128 0.066988
      vertex -9.59367 -2.11157 0.128428
    endloop
  endfacet
  facet normal 0.750995 0.433578 -0.498014
    outer loop
      vertex 9.69253 -2.03974 0.296632
      vertex 9.28205 -1.43273 0.206108
      vertex 9.3298 -1.41146 0.296632
    endloop
  endfacet
  facet normal 0.751031 0.433615 -0.497926
    outer loop
      vertex 9.28205 -1.43273 0.206108
      vertex 9.69253 -2.03974 0.296632
      vertex 9.65025 -2.07046 0.206108
    endloop
  endfacet
  facet normal 0.645256 0.372545 0.666974
    outer loop
      vertex 9.28205 -1.43273 15.7939
      vertex 9.59367 -2.11157 15.8716
      vertex 9.65025 -2.07046 15.7939
    endloop
  endfacet
  facet normal 0.645237 0.372539 0.666997
    outer loop
      vertex 9.59367 -2.11157 15.8716
      vertex 9.28205 -1.43273 15.7939
      vertex 9.21815 -1.46117 15.8716
    endloop
  endfacet
  facet normal 0.861336 0.497291 -0.103931
    outer loop
      vertex 9.7275 -2.01433 0.5
      vertex 9.35931 -1.39833 0.396045
      vertex 9.36929 -1.39389 0.5
    endloop
  endfacet
  facet normal 0.861336 0.497293 -0.103922
    outer loop
      vertex 9.35931 -1.39833 0.396045
      vertex 9.7275 -2.01433 0.5
      vertex 9.71867 -2.02076 0.396045
    endloop
  endfacet
  facet normal 0.181536 0.10481 0.977783
    outer loop
      vertex 9.05367 -1.53441 15.9755
      vertex 9.36528 -2.27751 15.9973
      vertex 9.448 -2.21741 15.9755
    endloop
  endfacet
  facet normal 0.181539 0.104811 0.977782
    outer loop
      vertex 9.36528 -2.27751 15.9973
      vertex 9.05367 -1.53441 15.9755
      vertex 8.96026 -1.57599 15.9973
    endloop
  endfacet
  facet normal -0.824066 0.475775 0.307496
    outer loop
      vertex -9.71867 -2.02076 15.604
      vertex -9.3298 -1.41146 15.7034
      vertex -9.35931 -1.39833 15.604
    endloop
  endfacet
  facet normal -0.824055 0.475758 0.307552
    outer loop
      vertex -9.3298 -1.41146 15.7034
      vertex -9.71867 -2.02076 15.604
      vertex -9.69253 -2.03974 15.7034
    endloop
  endfacet
  facet normal 0.86134 0.497293 0.103886
    outer loop
      vertex 9.35931 -1.39833 15.604
      vertex 9.7275 -2.01433 15.5
      vertex 9.36929 -1.39389 15.5
    endloop
  endfacet
  facet normal 0.86134 0.497295 0.103877
    outer loop
      vertex 9.7275 -2.01433 15.5
      vertex 9.35931 -1.39833 15.604
      vertex 9.71867 -2.02076 15.604
    endloop
  endfacet
  facet normal -0.353769 0.204249 0.91276
    outer loop
      vertex -9.1409 -1.49557 15.933
      vertex -9.448 -2.21741 15.9755
      vertex -9.05367 -1.53441 15.9755
    endloop
  endfacet
  facet normal -0.353762 0.204246 0.912763
    outer loop
      vertex -9.448 -2.21741 15.9755
      vertex -9.1409 -1.49557 15.933
      vertex -9.52525 -2.16128 15.933
    endloop
  endfacet
  facet normal -0.750945 0.433549 0.498113
    outer loop
      vertex -9.69253 -2.03974 15.7034
      vertex -9.28205 -1.43273 15.7939
      vertex -9.3298 -1.41146 15.7034
    endloop
  endfacet
  facet normal -0.750981 0.433587 0.498025
    outer loop
      vertex -9.28205 -1.43273 15.7939
      vertex -9.69253 -2.03974 15.7034
      vertex -9.65025 -2.07046 15.7939
    endloop
  endfacet
  facet normal 0.353762 0.204246 0.912763
    outer loop
      vertex 9.1409 -1.49557 15.933
      vertex 9.448 -2.21741 15.9755
      vertex 9.52525 -2.16128 15.933
    endloop
  endfacet
  facet normal 0.353769 0.204249 0.91276
    outer loop
      vertex 9.448 -2.21741 15.9755
      vertex 9.1409 -1.49557 15.933
      vertex 9.05367 -1.53441 15.9755
    endloop
  endfacet
  facet normal 0.750945 0.433549 0.498113
    outer loop
      vertex 9.28205 -1.43273 15.7939
      vertex 9.69253 -2.03974 15.7034
      vertex 9.3298 -1.41146 15.7034
    endloop
  endfacet
  facet normal 0.750981 0.433587 0.498025
    outer loop
      vertex 9.69253 -2.03974 15.7034
      vertex 9.28205 -1.43273 15.7939
      vertex 9.65025 -2.07046 15.7939
    endloop
  endfacet
  facet normal -0.645237 0.372539 0.666997
    outer loop
      vertex -9.28205 -1.43273 15.7939
      vertex -9.59367 -2.11157 15.8716
      vertex -9.21815 -1.46117 15.8716
    endloop
  endfacet
  facet normal -0.645256 0.372545 0.666974
    outer loop
      vertex -9.59367 -2.11157 15.8716
      vertex -9.28205 -1.43273 15.7939
      vertex -9.65025 -2.07046 15.7939
    endloop
  endfacet
  facet normal -0.510654 0.294828 0.807656
    outer loop
      vertex -9.21815 -1.46117 15.8716
      vertex -9.52525 -2.16128 15.933
      vertex -9.1409 -1.49557 15.933
    endloop
  endfacet
  facet normal -0.510619 0.294815 0.807684
    outer loop
      vertex -9.52525 -2.16128 15.933
      vertex -9.21815 -1.46117 15.8716
      vertex -9.59367 -2.11157 15.8716
    endloop
  endfacet
  facet normal -0.945902 0.307338 -0.10399
    outer loop
      vertex -9.13721 -0.714785 0.396045
      vertex -9.36929 -1.39389 0.5
      vertex -9.1479 -0.712512 0.5
    endloop
  endfacet
  facet normal -0.945904 0.307347 -0.103937
    outer loop
      vertex -9.36929 -1.39389 0.5
      vertex -9.13721 -0.714785 0.396045
      vertex -9.35931 -1.39833 0.396045
    endloop
  endfacet
  facet normal -0.951058 0.309013 0
    outer loop
      vertex -9.36929 -1.39389 0.5
      vertex -9.1479 -0.712512 15.5
      vertex -9.1479 -0.712512 0.5
    endloop
  endfacet
  facet normal -0.951058 0.309013 0
    outer loop
      vertex -9.1479 -0.712512 15.5
      vertex -9.36929 -1.39389 0.5
      vertex -9.36929 -1.39389 15.5
    endloop
  endfacet
  facet normal -0.945906 0.307339 0.103945
    outer loop
      vertex -9.36929 -1.39389 15.5
      vertex -9.13721 -0.714785 15.604
      vertex -9.1479 -0.712512 15.5
    endloop
  endfacet
  facet normal -0.945909 0.307348 0.103892
    outer loop
      vertex -9.13721 -0.714785 15.604
      vertex -9.36929 -1.39389 15.5
      vertex -9.35931 -1.39833 15.604
    endloop
  endfacet
  facet normal -0.904969 0.294046 -0.307518
    outer loop
      vertex -9.10561 -0.721499 0.296632
      vertex -9.35931 -1.39833 0.396045
      vertex -9.13721 -0.714785 0.396045
    endloop
  endfacet
  facet normal -0.904981 0.294057 -0.307474
    outer loop
      vertex -9.35931 -1.39833 0.396045
      vertex -9.10561 -0.721499 0.296632
      vertex -9.3298 -1.41146 0.296632
    endloop
  endfacet
  facet normal -0.708528 0.230213 -0.667075
    outer loop
      vertex -8.98608 -0.746909 0.128428
      vertex -9.28205 -1.43273 0.206108
      vertex -9.05449 -0.732366 0.206108
    endloop
  endfacet
  facet normal -0.708507 0.2302 -0.667102
    outer loop
      vertex -9.28205 -1.43273 0.206108
      vertex -8.98608 -0.746909 0.128428
      vertex -9.21815 -1.46117 0.128428
    endloop
  endfacet
  facet normal 0.198768 0.0645857 -0.977916
    outer loop
      vertex 8.96026 -1.57599 0.00273991
      vertex 8.80995 -0.784342 0.0244722
      vertex 9.05367 -1.53441 0.0244722
    endloop
  endfacet
  facet normal 0.198772 0.0645866 -0.977915
    outer loop
      vertex 8.80995 -0.784342 0.0244722
      vertex 8.96026 -1.57599 0.00273991
      vertex 8.70994 -0.805602 0.00273991
    endloop
  endfacet
  facet normal 0.945906 0.307339 0.103945
    outer loop
      vertex 9.13721 -0.714785 15.604
      vertex 9.36929 -1.39389 15.5
      vertex 9.1479 -0.712512 15.5
    endloop
  endfacet
  facet normal 0.945909 0.307348 0.103892
    outer loop
      vertex 9.36929 -1.39389 15.5
      vertex 9.13721 -0.714785 15.604
      vertex 9.35931 -1.39833 15.604
    endloop
  endfacet
  facet normal -0.560775 0.182206 0.807671
    outer loop
      vertex -8.98608 -0.746909 15.8716
      vertex -9.1409 -1.49557 15.933
      vertex -8.90336 -0.764492 15.933
    endloop
  endfacet
  facet normal -0.560801 0.182209 0.807652
    outer loop
      vertex -9.1409 -1.49557 15.933
      vertex -8.98608 -0.746909 15.8716
      vertex -9.21815 -1.46117 15.8716
    endloop
  endfacet
  facet normal 0.82477 0.267994 -0.497929
    outer loop
      vertex 9.3298 -1.41146 0.296632
      vertex 9.05449 -0.732366 0.206108
      vertex 9.10561 -0.721499 0.296632
    endloop
  endfacet
  facet normal 0.824736 0.26797 -0.497999
    outer loop
      vertex 9.05449 -0.732366 0.206108
      vertex 9.3298 -1.41146 0.296632
      vertex 9.28205 -1.43273 0.206108
    endloop
  endfacet
  facet normal 0.904969 0.294046 -0.307518
    outer loop
      vertex 9.35931 -1.39833 0.396045
      vertex 9.10561 -0.721499 0.296632
      vertex 9.13721 -0.714785 0.396045
    endloop
  endfacet
  facet normal 0.904981 0.294057 -0.307474
    outer loop
      vertex 9.10561 -0.721499 0.296632
      vertex 9.35931 -1.39833 0.396045
      vertex 9.3298 -1.41146 0.296632
    endloop
  endfacet
  facet normal -0.82477 0.267994 -0.497929
    outer loop
      vertex -9.05449 -0.732366 0.206108
      vertex -9.3298 -1.41146 0.296632
      vertex -9.10561 -0.721499 0.296632
    endloop
  endfacet
  facet normal -0.824736 0.26797 -0.497999
    outer loop
      vertex -9.3298 -1.41146 0.296632
      vertex -9.05449 -0.732366 0.206108
      vertex -9.28205 -1.43273 0.206108
    endloop
  endfacet
  facet normal -0.904958 0.294042 0.307554
    outer loop
      vertex -9.35931 -1.39833 15.604
      vertex -9.10561 -0.721499 15.7034
      vertex -9.13721 -0.714785 15.604
    endloop
  endfacet
  facet normal -0.90497 0.294053 0.307511
    outer loop
      vertex -9.10561 -0.721499 15.7034
      vertex -9.35931 -1.39833 15.604
      vertex -9.3298 -1.41146 15.7034
    endloop
  endfacet
  facet normal 0.388506 0.126232 0.912759
    outer loop
      vertex 8.90336 -0.764492 15.933
      vertex 9.05367 -1.53441 15.9755
      vertex 9.1409 -1.49557 15.933
    endloop
  endfacet
  facet normal 0.388473 0.126227 0.912773
    outer loop
      vertex 9.05367 -1.53441 15.9755
      vertex 8.90336 -0.764492 15.933
      vertex 8.80995 -0.784342 15.9755
    endloop
  endfacet
  facet normal 0.560801 0.182209 0.807652
    outer loop
      vertex 8.98608 -0.746909 15.8716
      vertex 9.1409 -1.49557 15.933
      vertex 9.21815 -1.46117 15.8716
    endloop
  endfacet
  facet normal 0.560775 0.182206 0.807671
    outer loop
      vertex 9.1409 -1.49557 15.933
      vertex 8.98608 -0.746909 15.8716
      vertex 8.90336 -0.764492 15.933
    endloop
  endfacet
  facet normal -0.70861 0.230239 0.66698
    outer loop
      vertex -9.28205 -1.43273 15.7939
      vertex -8.98608 -0.746909 15.8716
      vertex -9.05449 -0.732366 15.7939
    endloop
  endfacet
  facet normal -0.708588 0.230227 0.667007
    outer loop
      vertex -8.98608 -0.746909 15.8716
      vertex -9.28205 -1.43273 15.7939
      vertex -9.21815 -1.46117 15.8716
    endloop
  endfacet
  facet normal -0.199365 0.064779 0.977782
    outer loop
      vertex -8.80995 -0.784342 15.9755
      vertex -8.96026 -1.57599 15.9973
      vertex -8.70994 -0.805602 15.9973
    endloop
  endfacet
  facet normal -0.19936 0.0647781 0.977783
    outer loop
      vertex -8.96026 -1.57599 15.9973
      vertex -8.80995 -0.784342 15.9755
      vertex -9.05367 -1.53441 15.9755
    endloop
  endfacet
  facet normal 0.824716 0.267976 0.498028
    outer loop
      vertex 9.05449 -0.732366 15.7939
      vertex 9.3298 -1.41146 15.7034
      vertex 9.10561 -0.721499 15.7034
    endloop
  endfacet
  facet normal 0.824681 0.267953 0.498098
    outer loop
      vertex 9.3298 -1.41146 15.7034
      vertex 9.05449 -0.732366 15.7939
      vertex 9.28205 -1.43273 15.7939
    endloop
  endfacet
  facet normal 0.708528 0.230213 -0.667075
    outer loop
      vertex 9.28205 -1.43273 0.206108
      vertex 8.98608 -0.746909 0.128428
      vertex 9.05449 -0.732366 0.206108
    endloop
  endfacet
  facet normal 0.708507 0.2302 -0.667102
    outer loop
      vertex 8.98608 -0.746909 0.128428
      vertex 9.28205 -1.43273 0.206108
      vertex 9.21815 -1.46117 0.128428
    endloop
  endfacet
  facet normal 0.561039 0.182287 -0.807469
    outer loop
      vertex 9.1409 -1.49557 0.066988
      vertex 8.98608 -0.746909 0.128428
      vertex 9.21815 -1.46117 0.128428
    endloop
  endfacet
  facet normal 0.561013 0.182283 -0.807488
    outer loop
      vertex 8.98608 -0.746909 0.128428
      vertex 9.1409 -1.49557 0.066988
      vertex 8.90336 -0.764492 0.066988
    endloop
  endfacet
  facet normal 0.388626 0.126271 -0.912702
    outer loop
      vertex 9.05367 -1.53441 0.0244722
      vertex 8.90336 -0.764492 0.066988
      vertex 9.1409 -1.49557 0.066988
    endloop
  endfacet
  facet normal 0.388593 0.126266 -0.912717
    outer loop
      vertex 8.90336 -0.764492 0.066988
      vertex 9.05367 -1.53441 0.0244722
      vertex 8.80995 -0.784342 0.0244722
    endloop
  endfacet
  facet normal -0.388473 0.126227 0.912773
    outer loop
      vertex -8.90336 -0.764492 15.933
      vertex -9.05367 -1.53441 15.9755
      vertex -8.80995 -0.784342 15.9755
    endloop
  endfacet
  facet normal -0.388506 0.126232 0.912759
    outer loop
      vertex -9.05367 -1.53441 15.9755
      vertex -8.90336 -0.764492 15.933
      vertex -9.1409 -1.49557 15.933
    endloop
  endfacet
  facet normal 0.951058 0.309013 0
    outer loop
      vertex 9.36929 -1.39389 15.5
      vertex 9.1479 -0.712512 0.5
      vertex 9.1479 -0.712512 15.5
    endloop
  endfacet
  facet normal 0.951058 0.309013 0
    outer loop
      vertex 9.1479 -0.712512 0.5
      vertex 9.36929 -1.39389 15.5
      vertex 9.36929 -1.39389 0.5
    endloop
  endfacet
  facet normal 0.70861 0.230239 0.66698
    outer loop
      vertex 8.98608 -0.746909 15.8716
      vertex 9.28205 -1.43273 15.7939
      vertex 9.05449 -0.732366 15.7939
    endloop
  endfacet
  facet normal 0.708588 0.230227 0.667007
    outer loop
      vertex 9.28205 -1.43273 15.7939
      vertex 8.98608 -0.746909 15.8716
      vertex 9.21815 -1.46117 15.8716
    endloop
  endfacet
  facet normal 0.945902 0.307338 -0.10399
    outer loop
      vertex 9.36929 -1.39389 0.5
      vertex 9.13721 -0.714785 0.396045
      vertex 9.1479 -0.712512 0.5
    endloop
  endfacet
  facet normal 0.945904 0.307347 -0.103937
    outer loop
      vertex 9.13721 -0.714785 0.396045
      vertex 9.36929 -1.39389 0.5
      vertex 9.35931 -1.39833 0.396045
    endloop
  endfacet
  facet normal -0.561013 0.182283 -0.807488
    outer loop
      vertex -9.1409 -1.49557 0.066988
      vertex -8.98608 -0.746909 0.128428
      vertex -8.90336 -0.764492 0.066988
    endloop
  endfacet
  facet normal -0.561039 0.182287 -0.807469
    outer loop
      vertex -8.98608 -0.746909 0.128428
      vertex -9.1409 -1.49557 0.066988
      vertex -9.21815 -1.46117 0.128428
    endloop
  endfacet
  facet normal -0.388593 0.126266 -0.912717
    outer loop
      vertex -9.05367 -1.53441 0.0244722
      vertex -8.90336 -0.764492 0.066988
      vertex -8.80995 -0.784342 0.0244722
    endloop
  endfacet
  facet normal -0.388626 0.126271 -0.912702
    outer loop
      vertex -8.90336 -0.764492 0.066988
      vertex -9.05367 -1.53441 0.0244722
      vertex -9.1409 -1.49557 0.066988
    endloop
  endfacet
  facet normal -0.824716 0.267976 0.498028
    outer loop
      vertex -9.3298 -1.41146 15.7034
      vertex -9.05449 -0.732366 15.7939
      vertex -9.10561 -0.721499 15.7034
    endloop
  endfacet
  facet normal -0.824681 0.267953 0.498098
    outer loop
      vertex -9.05449 -0.732366 15.7939
      vertex -9.3298 -1.41146 15.7034
      vertex -9.28205 -1.43273 15.7939
    endloop
  endfacet
  facet normal 0.904958 0.294042 0.307554
    outer loop
      vertex 9.10561 -0.721499 15.7034
      vertex 9.35931 -1.39833 15.604
      vertex 9.13721 -0.714785 15.604
    endloop
  endfacet
  facet normal 0.90497 0.294053 0.307511
    outer loop
      vertex 9.35931 -1.39833 15.604
      vertex 9.10561 -0.721499 15.7034
      vertex 9.3298 -1.41146 15.7034
    endloop
  endfacet
  facet normal 0.19936 0.0647781 0.977783
    outer loop
      vertex 8.80995 -0.784342 15.9755
      vertex 8.96026 -1.57599 15.9973
      vertex 9.05367 -1.53441 15.9755
    endloop
  endfacet
  facet normal 0.199365 0.064779 0.977782
    outer loop
      vertex 8.96026 -1.57599 15.9973
      vertex 8.80995 -0.784342 15.9755
      vertex 8.70994 -0.805602 15.9973
    endloop
  endfacet
  facet normal -0.198772 0.0645866 -0.977915
    outer loop
      vertex -8.96026 -1.57599 0.00273991
      vertex -8.80995 -0.784342 0.0244722
      vertex -8.70994 -0.805602 0.00273991
    endloop
  endfacet
  facet normal -0.198768 0.0645857 -0.977916
    outer loop
      vertex -8.80995 -0.784342 0.0244722
      vertex -8.96026 -1.57599 0.00273991
      vertex -9.05367 -1.53441 0.0244722
    endloop
  endfacet
  facet normal -0.740942 -0.0778713 0.667039
    outer loop
      vertex -8.90757 0 15.8716
      vertex -9.05449 0.732366 15.7939
      vertex -8.97752 0 15.7939
    endloop
  endfacet
  facet normal -0.740995 -0.0778884 0.666978
    outer loop
      vertex -9.05449 0.732366 15.7939
      vertex -8.90757 0 15.8716
      vertex -8.98608 0.746909 15.8716
    endloop
  endfacet
  facet normal 0.989134 -0.103966 0.103944
    outer loop
      vertex 9.06208 0 15.604
      vertex 9.1479 0.712512 15.5
      vertex 9.13721 0.714785 15.604
    endloop
  endfacet
  facet normal 0.989133 -0.103965 0.103954
    outer loop
      vertex 9.1479 0.712512 15.5
      vertex 9.06208 0 15.604
      vertex 9.07301 0 15.5
    endloop
  endfacet
  facet normal 0.862412 -0.0906375 0.498027
    outer loop
      vertex 8.97752 0 15.7939
      vertex 9.10561 0.721499 15.7034
      vertex 9.05449 0.732366 15.7939
    endloop
  endfacet
  facet normal 0.86242 -0.0906409 0.498012
    outer loop
      vertex 9.10561 0.721499 15.7034
      vertex 8.97752 0 15.7939
      vertex 9.02978 0 15.7034
    endloop
  endfacet
  facet normal -0.994522 -0.104531 0
    outer loop
      vertex -9.07301 0 0.5
      vertex -9.1479 0.712512 15.5
      vertex -9.1479 0.712512 0.5
    endloop
  endfacet
  facet normal -0.994522 -0.104531 0
    outer loop
      vertex -9.1479 0.712512 15.5
      vertex -9.07301 0 0.5
      vertex -9.07301 0 15.5
    endloop
  endfacet
  facet normal 0.946317 -0.0994585 0.307559
    outer loop
      vertex 9.02978 0 15.7034
      vertex 9.13721 0.714785 15.604
      vertex 9.10561 0.721499 15.7034
    endloop
  endfacet
  facet normal 0.946332 -0.0994675 0.30751
    outer loop
      vertex 9.13721 0.714785 15.604
      vertex 9.02978 0 15.7034
      vertex 9.06208 0 15.604
    endloop
  endfacet
  facet normal -0.58644 -0.0616363 0.807644
    outer loop
      vertex -8.90336 0.764492 15.933
      vertex -8.90757 0 15.8716
      vertex -8.82301 0 15.933
    endloop
  endfacet
  facet normal -0.586403 -0.0616387 0.807671
    outer loop
      vertex -8.90757 0 15.8716
      vertex -8.90336 0.764492 15.933
      vertex -8.98608 0.746909 15.8716
    endloop
  endfacet
  facet normal -0.989133 -0.103965 0.103954
    outer loop
      vertex -9.06208 0 15.604
      vertex -9.1479 0.712512 15.5
      vertex -9.07301 0 15.5
    endloop
  endfacet
  facet normal -0.989134 -0.103966 0.103944
    outer loop
      vertex -9.1479 0.712512 15.5
      vertex -9.06208 0 15.604
      vertex -9.13721 0.714785 15.604
    endloop
  endfacet
  facet normal -0.586689 -0.0616625 -0.807461
    outer loop
      vertex -8.90757 0 0.128428
      vertex -8.90336 0.764492 0.066988
      vertex -8.82301 0 0.066988
    endloop
  endfacet
  facet normal -0.586652 -0.0616648 -0.807488
    outer loop
      vertex -8.90336 0.764492 0.066988
      vertex -8.90757 0 0.128428
      vertex -8.98608 0.746909 0.128428
    endloop
  endfacet
  facet normal 0.989129 -0.103964 -0.103999
    outer loop
      vertex 9.06208 0 0.396045
      vertex 9.1479 0.712512 0.5
      vertex 9.07301 0 0.5
    endloop
  endfacet
  facet normal 0.98913 -0.103966 -0.103988
    outer loop
      vertex 9.1479 0.712512 0.5
      vertex 9.06208 0 0.396045
      vertex 9.13721 0.714785 0.396045
    endloop
  endfacet
  facet normal 0.40635 -0.0427084 -0.912719
    outer loop
      vertex 8.82301 0 0.066988
      vertex 8.80995 0.784342 0.0244722
      vertex 8.90336 0.764492 0.066988
    endloop
  endfacet
  facet normal 0.406373 -0.0427075 -0.912709
    outer loop
      vertex 8.80995 0.784342 0.0244722
      vertex 8.82301 0 0.066988
      vertex 8.72752 0 0.0244722
    endloop
  endfacet
  facet normal 0.207858 -0.0218448 -0.977915
    outer loop
      vertex 8.72752 0 0.0244722
      vertex 8.70994 0.805602 0.00273991
      vertex 8.80995 0.784342 0.0244722
    endloop
  endfacet
  facet normal 0.207847 -0.0218451 -0.977917
    outer loop
      vertex 8.70994 0.805602 0.00273991
      vertex 8.72752 0 0.0244722
      vertex 8.62527 0 0.00273991
    endloop
  endfacet
  facet normal -0.862468 -0.0906435 -0.497928
    outer loop
      vertex -8.97752 0 0.206108
      vertex -9.10561 0.721499 0.296632
      vertex -9.05449 0.732366 0.206108
    endloop
  endfacet
  facet normal -0.862477 -0.0906469 -0.497913
    outer loop
      vertex -9.10561 0.721499 0.296632
      vertex -8.97752 0 0.206108
      vertex -9.02978 0 0.296632
    endloop
  endfacet
  facet normal -0.86242 -0.0906409 0.498012
    outer loop
      vertex -8.97752 0 15.7939
      vertex -9.10561 0.721499 15.7034
      vertex -9.02978 0 15.7034
    endloop
  endfacet
  facet normal -0.862412 -0.0906375 0.498027
    outer loop
      vertex -9.10561 0.721499 15.7034
      vertex -8.97752 0 15.7939
      vertex -9.05449 0.732366 15.7939
    endloop
  endfacet
  facet normal -0.208466 -0.0219101 0.977784
    outer loop
      vertex -8.70994 0.805602 15.9973
      vertex -8.72752 0 15.9755
      vertex -8.62527 0 15.9973
    endloop
  endfacet
  facet normal -0.208478 -0.0219098 0.977782
    outer loop
      vertex -8.72752 0 15.9755
      vertex -8.70994 0.805602 15.9973
      vertex -8.80995 0.784342 15.9755
    endloop
  endfacet
  facet normal -0.406247 -0.0426943 0.912765
    outer loop
      vertex -8.80995 0.784342 15.9755
      vertex -8.82301 0 15.933
      vertex -8.72752 0 15.9755
    endloop
  endfacet
  facet normal -0.406225 -0.0426952 0.912775
    outer loop
      vertex -8.82301 0 15.933
      vertex -8.80995 0.784342 15.9755
      vertex -8.90336 0.764492 15.933
    endloop
  endfacet
  facet normal -0.946332 -0.0994675 0.30751
    outer loop
      vertex -9.02978 0 15.7034
      vertex -9.13721 0.714785 15.604
      vertex -9.06208 0 15.604
    endloop
  endfacet
  facet normal -0.946317 -0.0994585 0.307559
    outer loop
      vertex -9.13721 0.714785 15.604
      vertex -9.02978 0 15.7034
      vertex -9.10561 0.721499 15.7034
    endloop
  endfacet
  facet normal 0.994522 -0.104531 0
    outer loop
      vertex 9.07301 0 15.5
      vertex 9.1479 0.712512 0.5
      vertex 9.1479 0.712512 15.5
    endloop
  endfacet
  facet normal 0.994522 -0.104531 0
    outer loop
      vertex 9.1479 0.712512 0.5
      vertex 9.07301 0 15.5
      vertex 9.07301 0 0.5
    endloop
  endfacet
  facet normal 0.406225 -0.0426952 0.912775
    outer loop
      vertex 8.80995 0.784342 15.9755
      vertex 8.82301 0 15.933
      vertex 8.90336 0.764492 15.933
    endloop
  endfacet
  facet normal 0.406247 -0.0426943 0.912765
    outer loop
      vertex 8.82301 0 15.933
      vertex 8.80995 0.784342 15.9755
      vertex 8.72752 0 15.9755
    endloop
  endfacet
  facet normal 0.586403 -0.0616387 0.807671
    outer loop
      vertex 8.90336 0.764492 15.933
      vertex 8.90757 0 15.8716
      vertex 8.98608 0.746909 15.8716
    endloop
  endfacet
  facet normal 0.58644 -0.0616363 0.807644
    outer loop
      vertex 8.90757 0 15.8716
      vertex 8.90336 0.764492 15.933
      vertex 8.82301 0 15.933
    endloop
  endfacet
  facet normal 0.586652 -0.0616648 -0.807488
    outer loop
      vertex 8.90757 0 0.128428
      vertex 8.90336 0.764492 0.066988
      vertex 8.98608 0.746909 0.128428
    endloop
  endfacet
  facet normal 0.586689 -0.0616625 -0.807461
    outer loop
      vertex 8.90336 0.764492 0.066988
      vertex 8.90757 0 0.128428
      vertex 8.82301 0 0.066988
    endloop
  endfacet
  facet normal -0.74091 -0.0778794 -0.667073
    outer loop
      vertex -8.90757 0 0.128428
      vertex -9.05449 0.732366 0.206108
      vertex -8.98608 0.746909 0.128428
    endloop
  endfacet
  facet normal -0.740857 -0.0778624 -0.667134
    outer loop
      vertex -9.05449 0.732366 0.206108
      vertex -8.90757 0 0.128428
      vertex -8.97752 0 0.206108
    endloop
  endfacet
  facet normal 0.862477 -0.0906469 -0.497913
    outer loop
      vertex 8.97752 0 0.206108
      vertex 9.10561 0.721499 0.296632
      vertex 9.02978 0 0.296632
    endloop
  endfacet
  facet normal 0.862468 -0.0906435 -0.497928
    outer loop
      vertex 9.10561 0.721499 0.296632
      vertex 8.97752 0 0.206108
      vertex 9.05449 0.732366 0.206108
    endloop
  endfacet
  facet normal 0.740995 -0.0778884 0.666978
    outer loop
      vertex 8.90757 0 15.8716
      vertex 9.05449 0.732366 15.7939
      vertex 8.98608 0.746909 15.8716
    endloop
  endfacet
  facet normal 0.740942 -0.0778713 0.667039
    outer loop
      vertex 9.05449 0.732366 15.7939
      vertex 8.90757 0 15.8716
      vertex 8.97752 0 15.7939
    endloop
  endfacet
  facet normal 0.946343 -0.0994688 -0.307474
    outer loop
      vertex 9.02978 0 0.296632
      vertex 9.13721 0.714785 0.396045
      vertex 9.06208 0 0.396045
    endloop
  endfacet
  facet normal 0.946328 -0.0994597 -0.307523
    outer loop
      vertex 9.13721 0.714785 0.396045
      vertex 9.02978 0 0.296632
      vertex 9.10561 0.721499 0.296632
    endloop
  endfacet
  facet normal 0.740857 -0.0778624 -0.667134
    outer loop
      vertex 8.90757 0 0.128428
      vertex 9.05449 0.732366 0.206108
      vertex 8.97752 0 0.206108
    endloop
  endfacet
  facet normal 0.74091 -0.0778794 -0.667073
    outer loop
      vertex 9.05449 0.732366 0.206108
      vertex 8.90757 0 0.128428
      vertex 8.98608 0.746909 0.128428
    endloop
  endfacet
  facet normal -0.207847 -0.0218451 -0.977917
    outer loop
      vertex -8.72752 0 0.0244722
      vertex -8.70994 0.805602 0.00273991
      vertex -8.62527 0 0.00273991
    endloop
  endfacet
  facet normal -0.207858 -0.0218448 -0.977915
    outer loop
      vertex -8.70994 0.805602 0.00273991
      vertex -8.72752 0 0.0244722
      vertex -8.80995 0.784342 0.0244722
    endloop
  endfacet
  facet normal -0.946328 -0.0994597 -0.307523
    outer loop
      vertex -9.02978 0 0.296632
      vertex -9.13721 0.714785 0.396045
      vertex -9.10561 0.721499 0.296632
    endloop
  endfacet
  facet normal -0.946343 -0.0994688 -0.307474
    outer loop
      vertex -9.13721 0.714785 0.396045
      vertex -9.02978 0 0.296632
      vertex -9.06208 0 0.396045
    endloop
  endfacet
  facet normal 0.208478 -0.0219098 0.977782
    outer loop
      vertex 8.70994 0.805602 15.9973
      vertex 8.72752 0 15.9755
      vertex 8.80995 0.784342 15.9755
    endloop
  endfacet
  facet normal 0.208466 -0.0219101 0.977784
    outer loop
      vertex 8.72752 0 15.9755
      vertex 8.70994 0.805602 15.9973
      vertex 8.62527 0 15.9973
    endloop
  endfacet
  facet normal -0.406373 -0.0427075 -0.912709
    outer loop
      vertex -8.82301 0 0.066988
      vertex -8.80995 0.784342 0.0244722
      vertex -8.72752 0 0.0244722
    endloop
  endfacet
  facet normal -0.40635 -0.0427084 -0.912719
    outer loop
      vertex -8.80995 0.784342 0.0244722
      vertex -8.82301 0 0.066988
      vertex -8.90336 0.764492 0.066988
    endloop
  endfacet
  facet normal -0.98913 -0.103966 -0.103988
    outer loop
      vertex -9.06208 0 0.396045
      vertex -9.1479 0.712512 0.5
      vertex -9.13721 0.714785 0.396045
    endloop
  endfacet
  facet normal -0.989129 -0.103964 -0.103999
    outer loop
      vertex -9.1479 0.712512 0.5
      vertex -9.06208 0 0.396045
      vertex -9.07301 0 0.5
    endloop
  endfacet
  facet normal 0.946332 0.0994675 0.30751
    outer loop
      vertex 9.02978 0 15.7034
      vertex 9.13721 -0.714785 15.604
      vertex 9.06208 0 15.604
    endloop
  endfacet
  facet normal 0.946317 0.0994585 0.307559
    outer loop
      vertex 9.13721 -0.714785 15.604
      vertex 9.02978 0 15.7034
      vertex 9.10561 -0.721499 15.7034
    endloop
  endfacet
  facet normal 0.586403 0.0616387 0.807671
    outer loop
      vertex 8.90757 0 15.8716
      vertex 8.90336 -0.764492 15.933
      vertex 8.98608 -0.746909 15.8716
    endloop
  endfacet
  facet normal 0.58644 0.0616363 0.807644
    outer loop
      vertex 8.90336 -0.764492 15.933
      vertex 8.90757 0 15.8716
      vertex 8.82301 0 15.933
    endloop
  endfacet
  facet normal 0.989129 0.103964 -0.103999
    outer loop
      vertex 9.1479 -0.712512 0.5
      vertex 9.06208 0 0.396045
      vertex 9.07301 0 0.5
    endloop
  endfacet
  facet normal 0.98913 0.103966 -0.103988
    outer loop
      vertex 9.06208 0 0.396045
      vertex 9.1479 -0.712512 0.5
      vertex 9.13721 -0.714785 0.396045
    endloop
  endfacet
  facet normal 0.40635 0.0427084 -0.912719
    outer loop
      vertex 8.80995 -0.784342 0.0244722
      vertex 8.82301 0 0.066988
      vertex 8.90336 -0.764492 0.066988
    endloop
  endfacet
  facet normal 0.406373 0.0427075 -0.912709
    outer loop
      vertex 8.82301 0 0.066988
      vertex 8.80995 -0.784342 0.0244722
      vertex 8.72752 0 0.0244722
    endloop
  endfacet
  facet normal 0.208478 0.0219098 0.977782
    outer loop
      vertex 8.72752 0 15.9755
      vertex 8.70994 -0.805602 15.9973
      vertex 8.80995 -0.784342 15.9755
    endloop
  endfacet
  facet normal 0.208466 0.0219101 0.977784
    outer loop
      vertex 8.70994 -0.805602 15.9973
      vertex 8.72752 0 15.9755
      vertex 8.62527 0 15.9973
    endloop
  endfacet
  facet normal -0.740942 0.0778713 0.667039
    outer loop
      vertex -9.05449 -0.732366 15.7939
      vertex -8.90757 0 15.8716
      vertex -8.97752 0 15.7939
    endloop
  endfacet
  facet normal -0.740995 0.0778884 0.666978
    outer loop
      vertex -8.90757 0 15.8716
      vertex -9.05449 -0.732366 15.7939
      vertex -8.98608 -0.746909 15.8716
    endloop
  endfacet
  facet normal 0.586652 0.0616648 -0.807488
    outer loop
      vertex 8.90336 -0.764492 0.066988
      vertex 8.90757 0 0.128428
      vertex 8.98608 -0.746909 0.128428
    endloop
  endfacet
  facet normal 0.586689 0.0616625 -0.807461
    outer loop
      vertex 8.90757 0 0.128428
      vertex 8.90336 -0.764492 0.066988
      vertex 8.82301 0 0.066988
    endloop
  endfacet
  facet normal -0.946343 0.0994688 -0.307474
    outer loop
      vertex -9.02978 0 0.296632
      vertex -9.13721 -0.714785 0.396045
      vertex -9.06208 0 0.396045
    endloop
  endfacet
  facet normal -0.946328 0.0994597 -0.307523
    outer loop
      vertex -9.13721 -0.714785 0.396045
      vertex -9.02978 0 0.296632
      vertex -9.10561 -0.721499 0.296632
    endloop
  endfacet
  facet normal 0.406225 0.0426952 0.912775
    outer loop
      vertex 8.82301 0 15.933
      vertex 8.80995 -0.784342 15.9755
      vertex 8.90336 -0.764492 15.933
    endloop
  endfacet
  facet normal 0.406247 0.0426943 0.912765
    outer loop
      vertex 8.80995 -0.784342 15.9755
      vertex 8.82301 0 15.933
      vertex 8.72752 0 15.9755
    endloop
  endfacet
  facet normal 0.994522 0.104531 0
    outer loop
      vertex 9.1479 -0.712512 15.5
      vertex 9.07301 0 0.5
      vertex 9.07301 0 15.5
    endloop
  endfacet
  facet normal 0.994522 0.104531 0
    outer loop
      vertex 9.07301 0 0.5
      vertex 9.1479 -0.712512 15.5
      vertex 9.1479 -0.712512 0.5
    endloop
  endfacet
  facet normal 0.740857 0.0778624 -0.667134
    outer loop
      vertex 9.05449 -0.732366 0.206108
      vertex 8.90757 0 0.128428
      vertex 8.97752 0 0.206108
    endloop
  endfacet
  facet normal 0.74091 0.0778794 -0.667073
    outer loop
      vertex 8.90757 0 0.128428
      vertex 9.05449 -0.732366 0.206108
      vertex 8.98608 -0.746909 0.128428
    endloop
  endfacet
  facet normal -0.86242 0.0906409 0.498012
    outer loop
      vertex -9.10561 -0.721499 15.7034
      vertex -8.97752 0 15.7939
      vertex -9.02978 0 15.7034
    endloop
  endfacet
  facet normal -0.862412 0.0906375 0.498027
    outer loop
      vertex -8.97752 0 15.7939
      vertex -9.10561 -0.721499 15.7034
      vertex -9.05449 -0.732366 15.7939
    endloop
  endfacet
  facet normal 0.989133 0.103965 0.103954
    outer loop
      vertex 9.06208 0 15.604
      vertex 9.1479 -0.712512 15.5
      vertex 9.07301 0 15.5
    endloop
  endfacet
  facet normal 0.989134 0.103966 0.103944
    outer loop
      vertex 9.1479 -0.712512 15.5
      vertex 9.06208 0 15.604
      vertex 9.13721 -0.714785 15.604
    endloop
  endfacet
  facet normal 0.86242 0.0906409 0.498012
    outer loop
      vertex 8.97752 0 15.7939
      vertex 9.10561 -0.721499 15.7034
      vertex 9.02978 0 15.7034
    endloop
  endfacet
  facet normal 0.862412 0.0906375 0.498027
    outer loop
      vertex 9.10561 -0.721499 15.7034
      vertex 8.97752 0 15.7939
      vertex 9.05449 -0.732366 15.7939
    endloop
  endfacet
  facet normal 0.740942 0.0778713 0.667039
    outer loop
      vertex 8.90757 0 15.8716
      vertex 9.05449 -0.732366 15.7939
      vertex 8.97752 0 15.7939
    endloop
  endfacet
  facet normal 0.740995 0.0778884 0.666978
    outer loop
      vertex 9.05449 -0.732366 15.7939
      vertex 8.90757 0 15.8716
      vertex 8.98608 -0.746909 15.8716
    endloop
  endfacet
  facet normal -0.58644 0.0616363 0.807644
    outer loop
      vertex -8.90757 0 15.8716
      vertex -8.90336 -0.764492 15.933
      vertex -8.82301 0 15.933
    endloop
  endfacet
  facet normal -0.586403 0.0616387 0.807671
    outer loop
      vertex -8.90336 -0.764492 15.933
      vertex -8.90757 0 15.8716
      vertex -8.98608 -0.746909 15.8716
    endloop
  endfacet
  facet normal -0.208466 0.0219101 0.977784
    outer loop
      vertex -8.72752 0 15.9755
      vertex -8.70994 -0.805602 15.9973
      vertex -8.62527 0 15.9973
    endloop
  endfacet
  facet normal -0.208478 0.0219098 0.977782
    outer loop
      vertex -8.70994 -0.805602 15.9973
      vertex -8.72752 0 15.9755
      vertex -8.80995 -0.784342 15.9755
    endloop
  endfacet
  facet normal 0.207858 0.0218448 -0.977915
    outer loop
      vertex 8.70994 -0.805602 0.00273991
      vertex 8.72752 0 0.0244722
      vertex 8.80995 -0.784342 0.0244722
    endloop
  endfacet
  facet normal 0.207847 0.0218451 -0.977917
    outer loop
      vertex 8.72752 0 0.0244722
      vertex 8.70994 -0.805602 0.00273991
      vertex 8.62527 0 0.00273991
    endloop
  endfacet
  facet normal -0.740857 0.0778624 -0.667134
    outer loop
      vertex -8.90757 0 0.128428
      vertex -9.05449 -0.732366 0.206108
      vertex -8.97752 0 0.206108
    endloop
  endfacet
  facet normal -0.74091 0.0778794 -0.667073
    outer loop
      vertex -9.05449 -0.732366 0.206108
      vertex -8.90757 0 0.128428
      vertex -8.98608 -0.746909 0.128428
    endloop
  endfacet
  facet normal -0.406247 0.0426943 0.912765
    outer loop
      vertex -8.82301 0 15.933
      vertex -8.80995 -0.784342 15.9755
      vertex -8.72752 0 15.9755
    endloop
  endfacet
  facet normal -0.406225 0.0426952 0.912775
    outer loop
      vertex -8.80995 -0.784342 15.9755
      vertex -8.82301 0 15.933
      vertex -8.90336 -0.764492 15.933
    endloop
  endfacet
  facet normal -0.989133 0.103965 0.103954
    outer loop
      vertex -9.1479 -0.712512 15.5
      vertex -9.06208 0 15.604
      vertex -9.07301 0 15.5
    endloop
  endfacet
  facet normal -0.989134 0.103966 0.103944
    outer loop
      vertex -9.06208 0 15.604
      vertex -9.1479 -0.712512 15.5
      vertex -9.13721 -0.714785 15.604
    endloop
  endfacet
  facet normal -0.989129 0.103964 -0.103999
    outer loop
      vertex -9.06208 0 0.396045
      vertex -9.1479 -0.712512 0.5
      vertex -9.07301 0 0.5
    endloop
  endfacet
  facet normal -0.98913 0.103966 -0.103988
    outer loop
      vertex -9.1479 -0.712512 0.5
      vertex -9.06208 0 0.396045
      vertex -9.13721 -0.714785 0.396045
    endloop
  endfacet
  facet normal -0.862477 0.0906469 -0.497913
    outer loop
      vertex -8.97752 0 0.206108
      vertex -9.10561 -0.721499 0.296632
      vertex -9.02978 0 0.296632
    endloop
  endfacet
  facet normal -0.862468 0.0906435 -0.497928
    outer loop
      vertex -9.10561 -0.721499 0.296632
      vertex -8.97752 0 0.206108
      vertex -9.05449 -0.732366 0.206108
    endloop
  endfacet
  facet normal 0.946343 0.0994688 -0.307474
    outer loop
      vertex 9.13721 -0.714785 0.396045
      vertex 9.02978 0 0.296632
      vertex 9.06208 0 0.396045
    endloop
  endfacet
  facet normal 0.946328 0.0994597 -0.307523
    outer loop
      vertex 9.02978 0 0.296632
      vertex 9.13721 -0.714785 0.396045
      vertex 9.10561 -0.721499 0.296632
    endloop
  endfacet
  facet normal -0.946332 0.0994675 0.30751
    outer loop
      vertex -9.13721 -0.714785 15.604
      vertex -9.02978 0 15.7034
      vertex -9.06208 0 15.604
    endloop
  endfacet
  facet normal -0.946317 0.0994585 0.307559
    outer loop
      vertex -9.02978 0 15.7034
      vertex -9.13721 -0.714785 15.604
      vertex -9.10561 -0.721499 15.7034
    endloop
  endfacet
  facet normal -0.994522 0.104531 0
    outer loop
      vertex -9.1479 -0.712512 0.5
      vertex -9.07301 0 15.5
      vertex -9.07301 0 0.5
    endloop
  endfacet
  facet normal -0.994522 0.104531 0
    outer loop
      vertex -9.07301 0 15.5
      vertex -9.1479 -0.712512 0.5
      vertex -9.1479 -0.712512 15.5
    endloop
  endfacet
  facet normal -0.207847 0.0218451 -0.977917
    outer loop
      vertex -8.70994 -0.805602 0.00273991
      vertex -8.72752 0 0.0244722
      vertex -8.62527 0 0.00273991
    endloop
  endfacet
  facet normal -0.207858 0.0218448 -0.977915
    outer loop
      vertex -8.72752 0 0.0244722
      vertex -8.70994 -0.805602 0.00273991
      vertex -8.80995 -0.784342 0.0244722
    endloop
  endfacet
  facet normal -0.406373 0.0427075 -0.912709
    outer loop
      vertex -8.80995 -0.784342 0.0244722
      vertex -8.82301 0 0.066988
      vertex -8.72752 0 0.0244722
    endloop
  endfacet
  facet normal -0.40635 0.0427084 -0.912719
    outer loop
      vertex -8.82301 0 0.066988
      vertex -8.80995 -0.784342 0.0244722
      vertex -8.90336 -0.764492 0.066988
    endloop
  endfacet
  facet normal -0.586689 0.0616625 -0.807461
    outer loop
      vertex -8.90336 -0.764492 0.066988
      vertex -8.90757 0 0.128428
      vertex -8.82301 0 0.066988
    endloop
  endfacet
  facet normal -0.586652 0.0616648 -0.807488
    outer loop
      vertex -8.90757 0 0.128428
      vertex -8.90336 -0.764492 0.066988
      vertex -8.98608 -0.746909 0.128428
    endloop
  endfacet
  facet normal 0.862477 0.0906469 -0.497913
    outer loop
      vertex 9.10561 -0.721499 0.296632
      vertex 8.97752 0 0.206108
      vertex 9.02978 0 0.296632
    endloop
  endfacet
  facet normal 0.862468 0.0906435 -0.497928
    outer loop
      vertex 8.97752 0 0.206108
      vertex 9.10561 -0.721499 0.296632
      vertex 9.05449 -0.732366 0.206108
    endloop
  endfacet
  facet normal 0.19936 -0.0647781 0.977783
    outer loop
      vertex 8.96026 1.57599 15.9973
      vertex 8.80995 0.784342 15.9755
      vertex 9.05367 1.53441 15.9755
    endloop
  endfacet
  facet normal 0.199365 -0.064779 0.977782
    outer loop
      vertex 8.80995 0.784342 15.9755
      vertex 8.96026 1.57599 15.9973
      vertex 8.70994 0.805602 15.9973
    endloop
  endfacet
  facet normal 0.90497 -0.294053 0.307511
    outer loop
      vertex 9.10561 0.721499 15.7034
      vertex 9.35931 1.39833 15.604
      vertex 9.3298 1.41146 15.7034
    endloop
  endfacet
  facet normal 0.904958 -0.294042 0.307554
    outer loop
      vertex 9.35931 1.39833 15.604
      vertex 9.10561 0.721499 15.7034
      vertex 9.13721 0.714785 15.604
    endloop
  endfacet
  facet normal -0.945904 -0.307347 -0.103937
    outer loop
      vertex -9.13721 0.714785 0.396045
      vertex -9.36929 1.39389 0.5
      vertex -9.35931 1.39833 0.396045
    endloop
  endfacet
  facet normal -0.945902 -0.307338 -0.10399
    outer loop
      vertex -9.36929 1.39389 0.5
      vertex -9.13721 0.714785 0.396045
      vertex -9.1479 0.712512 0.5
    endloop
  endfacet
  facet normal -0.945909 -0.307348 0.103892
    outer loop
      vertex -9.36929 1.39389 15.5
      vertex -9.13721 0.714785 15.604
      vertex -9.35931 1.39833 15.604
    endloop
  endfacet
  facet normal -0.945906 -0.307339 0.103945
    outer loop
      vertex -9.13721 0.714785 15.604
      vertex -9.36929 1.39389 15.5
      vertex -9.1479 0.712512 15.5
    endloop
  endfacet
  facet normal -0.951058 -0.309013 0
    outer loop
      vertex -9.1479 0.712512 0.5
      vertex -9.36929 1.39389 15.5
      vertex -9.36929 1.39389 0.5
    endloop
  endfacet
  facet normal -0.951058 -0.309013 0
    outer loop
      vertex -9.36929 1.39389 15.5
      vertex -9.1479 0.712512 0.5
      vertex -9.1479 0.712512 15.5
    endloop
  endfacet
  facet normal 0.951058 -0.309013 0
    outer loop
      vertex 9.1479 0.712512 15.5
      vertex 9.36929 1.39389 0.5
      vertex 9.36929 1.39389 15.5
    endloop
  endfacet
  facet normal 0.951058 -0.309013 0
    outer loop
      vertex 9.36929 1.39389 0.5
      vertex 9.1479 0.712512 15.5
      vertex 9.1479 0.712512 0.5
    endloop
  endfacet
  facet normal 0.824681 -0.267953 0.498098
    outer loop
      vertex 9.05449 0.732366 15.7939
      vertex 9.3298 1.41146 15.7034
      vertex 9.28205 1.43273 15.7939
    endloop
  endfacet
  facet normal 0.824716 -0.267976 0.498028
    outer loop
      vertex 9.3298 1.41146 15.7034
      vertex 9.05449 0.732366 15.7939
      vertex 9.10561 0.721499 15.7034
    endloop
  endfacet
  facet normal -0.904981 -0.294057 -0.307474
    outer loop
      vertex -9.10561 0.721499 0.296632
      vertex -9.35931 1.39833 0.396045
      vertex -9.3298 1.41146 0.296632
    endloop
  endfacet
  facet normal -0.904969 -0.294046 -0.307518
    outer loop
      vertex -9.35931 1.39833 0.396045
      vertex -9.10561 0.721499 0.296632
      vertex -9.13721 0.714785 0.396045
    endloop
  endfacet
  facet normal 0.560801 -0.182209 0.807652
    outer loop
      vertex 9.1409 1.49557 15.933
      vertex 8.98608 0.746909 15.8716
      vertex 9.21815 1.46117 15.8716
    endloop
  endfacet
  facet normal 0.560775 -0.182206 0.807671
    outer loop
      vertex 8.98608 0.746909 15.8716
      vertex 9.1409 1.49557 15.933
      vertex 8.90336 0.764492 15.933
    endloop
  endfacet
  facet normal 0.708588 -0.230227 0.667007
    outer loop
      vertex 8.98608 0.746909 15.8716
      vertex 9.28205 1.43273 15.7939
      vertex 9.21815 1.46117 15.8716
    endloop
  endfacet
  facet normal 0.70861 -0.230239 0.66698
    outer loop
      vertex 9.28205 1.43273 15.7939
      vertex 8.98608 0.746909 15.8716
      vertex 9.05449 0.732366 15.7939
    endloop
  endfacet
  facet normal -0.824681 -0.267953 0.498098
    outer loop
      vertex -9.3298 1.41146 15.7034
      vertex -9.05449 0.732366 15.7939
      vertex -9.28205 1.43273 15.7939
    endloop
  endfacet
  facet normal -0.824716 -0.267976 0.498028
    outer loop
      vertex -9.05449 0.732366 15.7939
      vertex -9.3298 1.41146 15.7034
      vertex -9.10561 0.721499 15.7034
    endloop
  endfacet
  facet normal -0.560775 -0.182206 0.807671
    outer loop
      vertex -9.1409 1.49557 15.933
      vertex -8.98608 0.746909 15.8716
      vertex -8.90336 0.764492 15.933
    endloop
  endfacet
  facet normal -0.560801 -0.182209 0.807652
    outer loop
      vertex -8.98608 0.746909 15.8716
      vertex -9.1409 1.49557 15.933
      vertex -9.21815 1.46117 15.8716
    endloop
  endfacet
  facet normal -0.388593 -0.126266 -0.912717
    outer loop
      vertex -8.90336 0.764492 0.066988
      vertex -9.05367 1.53441 0.0244722
      vertex -8.80995 0.784342 0.0244722
    endloop
  endfacet
  facet normal -0.388626 -0.126271 -0.912702
    outer loop
      vertex -9.05367 1.53441 0.0244722
      vertex -8.90336 0.764492 0.066988
      vertex -9.1409 1.49557 0.066988
    endloop
  endfacet
  facet normal 0.904981 -0.294057 -0.307474
    outer loop
      vertex 9.35931 1.39833 0.396045
      vertex 9.10561 0.721499 0.296632
      vertex 9.3298 1.41146 0.296632
    endloop
  endfacet
  facet normal 0.904969 -0.294046 -0.307518
    outer loop
      vertex 9.10561 0.721499 0.296632
      vertex 9.35931 1.39833 0.396045
      vertex 9.13721 0.714785 0.396045
    endloop
  endfacet
  facet normal -0.198772 -0.0645866 -0.977915
    outer loop
      vertex -8.80995 0.784342 0.0244722
      vertex -8.96026 1.57599 0.00273991
      vertex -8.70994 0.805602 0.00273991
    endloop
  endfacet
  facet normal -0.198768 -0.0645857 -0.977916
    outer loop
      vertex -8.96026 1.57599 0.00273991
      vertex -8.80995 0.784342 0.0244722
      vertex -9.05367 1.53441 0.0244722
    endloop
  endfacet
  facet normal -0.824736 -0.26797 -0.497999
    outer loop
      vertex -9.05449 0.732366 0.206108
      vertex -9.3298 1.41146 0.296632
      vertex -9.28205 1.43273 0.206108
    endloop
  endfacet
  facet normal -0.82477 -0.267994 -0.497929
    outer loop
      vertex -9.3298 1.41146 0.296632
      vertex -9.05449 0.732366 0.206108
      vertex -9.10561 0.721499 0.296632
    endloop
  endfacet
  facet normal 0.945909 -0.307348 0.103892
    outer loop
      vertex 9.13721 0.714785 15.604
      vertex 9.36929 1.39389 15.5
      vertex 9.35931 1.39833 15.604
    endloop
  endfacet
  facet normal 0.945906 -0.307339 0.103945
    outer loop
      vertex 9.36929 1.39389 15.5
      vertex 9.13721 0.714785 15.604
      vertex 9.1479 0.712512 15.5
    endloop
  endfacet
  facet normal -0.708588 -0.230227 0.667007
    outer loop
      vertex -9.28205 1.43273 15.7939
      vertex -8.98608 0.746909 15.8716
      vertex -9.21815 1.46117 15.8716
    endloop
  endfacet
  facet normal -0.70861 -0.230239 0.66698
    outer loop
      vertex -8.98608 0.746909 15.8716
      vertex -9.28205 1.43273 15.7939
      vertex -9.05449 0.732366 15.7939
    endloop
  endfacet
  facet normal -0.388473 -0.126227 0.912773
    outer loop
      vertex -9.05367 1.53441 15.9755
      vertex -8.90336 0.764492 15.933
      vertex -8.80995 0.784342 15.9755
    endloop
  endfacet
  facet normal -0.388506 -0.126232 0.912759
    outer loop
      vertex -8.90336 0.764492 15.933
      vertex -9.05367 1.53441 15.9755
      vertex -9.1409 1.49557 15.933
    endloop
  endfacet
  facet normal -0.561013 -0.182283 -0.807488
    outer loop
      vertex -8.98608 0.746909 0.128428
      vertex -9.1409 1.49557 0.066988
      vertex -8.90336 0.764492 0.066988
    endloop
  endfacet
  facet normal -0.561039 -0.182287 -0.807469
    outer loop
      vertex -9.1409 1.49557 0.066988
      vertex -8.98608 0.746909 0.128428
      vertex -9.21815 1.46117 0.128428
    endloop
  endfacet
  facet normal -0.199365 -0.064779 0.977782
    outer loop
      vertex -8.96026 1.57599 15.9973
      vertex -8.80995 0.784342 15.9755
      vertex -8.70994 0.805602 15.9973
    endloop
  endfacet
  facet normal -0.19936 -0.0647781 0.977783
    outer loop
      vertex -8.80995 0.784342 15.9755
      vertex -8.96026 1.57599 15.9973
      vertex -9.05367 1.53441 15.9755
    endloop
  endfacet
  facet normal 0.388506 -0.126232 0.912759
    outer loop
      vertex 9.05367 1.53441 15.9755
      vertex 8.90336 0.764492 15.933
      vertex 9.1409 1.49557 15.933
    endloop
  endfacet
  facet normal 0.388473 -0.126227 0.912773
    outer loop
      vertex 8.90336 0.764492 15.933
      vertex 9.05367 1.53441 15.9755
      vertex 8.80995 0.784342 15.9755
    endloop
  endfacet
  facet normal -0.90497 -0.294053 0.307511
    outer loop
      vertex -9.35931 1.39833 15.604
      vertex -9.10561 0.721499 15.7034
      vertex -9.3298 1.41146 15.7034
    endloop
  endfacet
  facet normal -0.904958 -0.294042 0.307554
    outer loop
      vertex -9.10561 0.721499 15.7034
      vertex -9.35931 1.39833 15.604
      vertex -9.13721 0.714785 15.604
    endloop
  endfacet
  facet normal 0.198768 -0.0645857 -0.977916
    outer loop
      vertex 8.80995 0.784342 0.0244722
      vertex 8.96026 1.57599 0.00273991
      vertex 9.05367 1.53441 0.0244722
    endloop
  endfacet
  facet normal 0.198772 -0.0645866 -0.977915
    outer loop
      vertex 8.96026 1.57599 0.00273991
      vertex 8.80995 0.784342 0.0244722
      vertex 8.70994 0.805602 0.00273991
    endloop
  endfacet
  facet normal -0.708507 -0.2302 -0.667102
    outer loop
      vertex -8.98608 0.746909 0.128428
      vertex -9.28205 1.43273 0.206108
      vertex -9.21815 1.46117 0.128428
    endloop
  endfacet
  facet normal -0.708528 -0.230213 -0.667075
    outer loop
      vertex -9.28205 1.43273 0.206108
      vertex -8.98608 0.746909 0.128428
      vertex -9.05449 0.732366 0.206108
    endloop
  endfacet
  facet normal 0.388626 -0.126271 -0.912702
    outer loop
      vertex 8.90336 0.764492 0.066988
      vertex 9.05367 1.53441 0.0244722
      vertex 9.1409 1.49557 0.066988
    endloop
  endfacet
  facet normal 0.388593 -0.126266 -0.912717
    outer loop
      vertex 9.05367 1.53441 0.0244722
      vertex 8.90336 0.764492 0.066988
      vertex 8.80995 0.784342 0.0244722
    endloop
  endfacet
  facet normal 0.824736 -0.26797 -0.497999
    outer loop
      vertex 9.3298 1.41146 0.296632
      vertex 9.05449 0.732366 0.206108
      vertex 9.28205 1.43273 0.206108
    endloop
  endfacet
  facet normal 0.82477 -0.267994 -0.497929
    outer loop
      vertex 9.05449 0.732366 0.206108
      vertex 9.3298 1.41146 0.296632
      vertex 9.10561 0.721499 0.296632
    endloop
  endfacet
  facet normal 0.945904 -0.307347 -0.103937
    outer loop
      vertex 9.36929 1.39389 0.5
      vertex 9.13721 0.714785 0.396045
      vertex 9.35931 1.39833 0.396045
    endloop
  endfacet
  facet normal 0.945902 -0.307338 -0.10399
    outer loop
      vertex 9.13721 0.714785 0.396045
      vertex 9.36929 1.39389 0.5
      vertex 9.1479 0.712512 0.5
    endloop
  endfacet
  facet normal 0.708507 -0.2302 -0.667102
    outer loop
      vertex 9.28205 1.43273 0.206108
      vertex 8.98608 0.746909 0.128428
      vertex 9.21815 1.46117 0.128428
    endloop
  endfacet
  facet normal 0.708528 -0.230213 -0.667075
    outer loop
      vertex 8.98608 0.746909 0.128428
      vertex 9.28205 1.43273 0.206108
      vertex 9.05449 0.732366 0.206108
    endloop
  endfacet
  facet normal 0.561039 -0.182287 -0.807469
    outer loop
      vertex 8.98608 0.746909 0.128428
      vertex 9.1409 1.49557 0.066988
      vertex 9.21815 1.46117 0.128428
    endloop
  endfacet
  facet normal 0.561013 -0.182283 -0.807488
    outer loop
      vertex 9.1409 1.49557 0.066988
      vertex 8.98608 0.746909 0.128428
      vertex 8.90336 0.764492 0.066988
    endloop
  endfacet
  facet normal 0.824064 0.475773 -0.307503
    outer loop
      vertex 3.46867 8.80456 0.396045
      vertex 3.0798 9.41385 0.296632
      vertex 3.10931 9.42699 0.396045
    endloop
  endfacet
  facet normal 0.824053 0.475757 -0.307559
    outer loop
      vertex 3.0798 9.41385 0.296632
      vertex 3.46867 8.80456 0.396045
      vertex 3.44253 8.78557 0.296632
    endloop
  endfacet
  facet normal -0.751012 0.433588 -0.497978
    outer loop
      vertex -3.03205 9.39259 0.206108
      vertex -3.44253 8.78557 0.296632
      vertex -3.0798 9.41385 0.296632
    endloop
  endfacet
  facet normal -0.751034 0.43361 -0.497926
    outer loop
      vertex -3.44253 8.78557 0.296632
      vertex -3.03205 9.39259 0.206108
      vertex -3.40025 8.75485 0.206108
    endloop
  endfacet
  facet normal 0.751012 0.433588 -0.497978
    outer loop
      vertex 3.44253 8.78557 0.296632
      vertex 3.03205 9.39259 0.206108
      vertex 3.0798 9.41385 0.296632
    endloop
  endfacet
  facet normal 0.751034 0.43361 -0.497926
    outer loop
      vertex 3.03205 9.39259 0.206108
      vertex 3.44253 8.78557 0.296632
      vertex 3.40025 8.75485 0.206108
    endloop
  endfacet
  facet normal -0.645165 0.372492 -0.667092
    outer loop
      vertex -3.34367 8.71374 0.128428
      vertex -3.03205 9.39259 0.206108
      vertex -2.96815 9.36415 0.128428
    endloop
  endfacet
  facet normal -0.645185 0.372498 -0.667069
    outer loop
      vertex -3.03205 9.39259 0.206108
      vertex -3.34367 8.71374 0.128428
      vertex -3.40025 8.75485 0.206108
    endloop
  endfacet
  facet normal -0.18153 0.104807 0.977784
    outer loop
      vertex -2.80367 9.29091 15.9755
      vertex -3.11528 8.54781 15.9973
      vertex -2.71026 9.24932 15.9973
    endloop
  endfacet
  facet normal -0.181536 0.10481 0.977783
    outer loop
      vertex -3.11528 8.54781 15.9973
      vertex -2.80367 9.29091 15.9755
      vertex -3.198 8.60791 15.9755
    endloop
  endfacet
  facet normal -0.86603 0.499993 0
    outer loop
      vertex -3.4775 8.81098 0.5
      vertex -3.11929 9.43143 15.5
      vertex -3.11929 9.43143 0.5
    endloop
  endfacet
  facet normal -0.86603 0.499993 0
    outer loop
      vertex -3.11929 9.43143 15.5
      vertex -3.4775 8.81098 0.5
      vertex -3.4775 8.81098 15.5
    endloop
  endfacet
  facet normal -0.750963 0.43356 0.498077
    outer loop
      vertex -3.44253 8.78557 15.7034
      vertex -3.03205 9.39259 15.7939
      vertex -3.0798 9.41385 15.7034
    endloop
  endfacet
  facet normal -0.750985 0.433582 0.498025
    outer loop
      vertex -3.03205 9.39259 15.7939
      vertex -3.44253 8.78557 15.7034
      vertex -3.40025 8.75485 15.7939
    endloop
  endfacet
  facet normal 0.86603 0.499993 0
    outer loop
      vertex 3.4775 8.81098 15.5
      vertex 3.11929 9.43143 0.5
      vertex 3.11929 9.43143 15.5
    endloop
  endfacet
  facet normal 0.86603 0.499993 0
    outer loop
      vertex 3.11929 9.43143 0.5
      vertex 3.4775 8.81098 15.5
      vertex 3.4775 8.81098 0.5
    endloop
  endfacet
  facet normal -0.861344 0.497287 0.103886
    outer loop
      vertex -3.4775 8.81098 15.5
      vertex -3.10931 9.42699 15.604
      vertex -3.11929 9.43143 15.5
    endloop
  endfacet
  facet normal -0.861345 0.497297 0.10383
    outer loop
      vertex -3.10931 9.42699 15.604
      vertex -3.4775 8.81098 15.5
      vertex -3.46867 8.80456 15.604
    endloop
  endfacet
  facet normal -0.353879 0.204312 -0.912703
    outer loop
      vertex -3.198 8.60791 0.0244722
      vertex -2.8909 9.32975 0.066988
      vertex -2.80367 9.29091 0.0244722
    endloop
  endfacet
  facet normal -0.353889 0.204316 -0.912698
    outer loop
      vertex -2.8909 9.32975 0.066988
      vertex -3.198 8.60791 0.0244722
      vertex -3.27525 8.66403 0.066988
    endloop
  endfacet
  facet normal 0.645259 0.372541 0.666974
    outer loop
      vertex 3.03205 9.39259 15.7939
      vertex 3.34367 8.71374 15.8716
      vertex 3.40025 8.75485 15.7939
    endloop
  endfacet
  facet normal 0.645239 0.372534 0.666997
    outer loop
      vertex 3.34367 8.71374 15.8716
      vertex 3.03205 9.39259 15.7939
      vertex 2.96815 9.36415 15.8716
    endloop
  endfacet
  facet normal 0.861344 0.497287 0.103886
    outer loop
      vertex 3.10931 9.42699 15.604
      vertex 3.4775 8.81098 15.5
      vertex 3.11929 9.43143 15.5
    endloop
  endfacet
  facet normal 0.861345 0.497297 0.10383
    outer loop
      vertex 3.4775 8.81098 15.5
      vertex 3.10931 9.42699 15.604
      vertex 3.46867 8.80456 15.604
    endloop
  endfacet
  facet normal -0.510873 0.29495 -0.807474
    outer loop
      vertex -3.27525 8.66403 0.066988
      vertex -2.96815 9.36415 0.128428
      vertex -2.8909 9.32975 0.066988
    endloop
  endfacet
  facet normal -0.510838 0.294937 -0.8075
    outer loop
      vertex -2.96815 9.36415 0.128428
      vertex -3.27525 8.66403 0.066988
      vertex -3.34367 8.71374 0.128428
    endloop
  endfacet
  facet normal -0.824064 0.475773 -0.307503
    outer loop
      vertex -3.0798 9.41385 0.296632
      vertex -3.46867 8.80456 0.396045
      vertex -3.10931 9.42699 0.396045
    endloop
  endfacet
  facet normal -0.824053 0.475757 -0.307559
    outer loop
      vertex -3.46867 8.80456 0.396045
      vertex -3.0798 9.41385 0.296632
      vertex -3.44253 8.78557 0.296632
    endloop
  endfacet
  facet normal -0.824054 0.475768 0.307539
    outer loop
      vertex -3.46867 8.80456 15.604
      vertex -3.0798 9.41385 15.7034
      vertex -3.10931 9.42699 15.604
    endloop
  endfacet
  facet normal -0.824042 0.475751 0.307595
    outer loop
      vertex -3.0798 9.41385 15.7034
      vertex -3.46867 8.80456 15.604
      vertex -3.44253 8.78557 15.7034
    endloop
  endfacet
  facet normal 0.510838 0.294937 -0.8075
    outer loop
      vertex 3.27525 8.66403 0.066988
      vertex 2.96815 9.36415 0.128428
      vertex 3.34367 8.71374 0.128428
    endloop
  endfacet
  facet normal 0.510873 0.29495 -0.807474
    outer loop
      vertex 2.96815 9.36415 0.128428
      vertex 3.27525 8.66403 0.066988
      vertex 2.8909 9.32975 0.066988
    endloop
  endfacet
  facet normal -0.353769 0.204249 0.91276
    outer loop
      vertex -2.8909 9.32975 15.933
      vertex -3.198 8.60791 15.9755
      vertex -2.80367 9.29091 15.9755
    endloop
  endfacet
  facet normal -0.353779 0.204252 0.912755
    outer loop
      vertex -3.198 8.60791 15.9755
      vertex -2.8909 9.32975 15.933
      vertex -3.27525 8.66403 15.933
    endloop
  endfacet
  facet normal 0.86134 0.497285 -0.103931
    outer loop
      vertex 3.4775 8.81098 0.5
      vertex 3.10931 9.42699 0.396045
      vertex 3.11929 9.43143 0.5
    endloop
  endfacet
  facet normal 0.861341 0.497295 -0.103874
    outer loop
      vertex 3.10931 9.42699 0.396045
      vertex 3.4775 8.81098 0.5
      vertex 3.46867 8.80456 0.396045
    endloop
  endfacet
  facet normal 0.645185 0.372498 -0.667069
    outer loop
      vertex 3.34367 8.71374 0.128428
      vertex 3.03205 9.39259 0.206108
      vertex 3.40025 8.75485 0.206108
    endloop
  endfacet
  facet normal 0.645165 0.372492 -0.667092
    outer loop
      vertex 3.03205 9.39259 0.206108
      vertex 3.34367 8.71374 0.128428
      vertex 2.96815 9.36415 0.128428
    endloop
  endfacet
  facet normal 0.181536 0.10481 0.977783
    outer loop
      vertex 2.80367 9.29091 15.9755
      vertex 3.11528 8.54781 15.9973
      vertex 3.198 8.60791 15.9755
    endloop
  endfacet
  facet normal 0.18153 0.104807 0.977784
    outer loop
      vertex 3.11528 8.54781 15.9973
      vertex 2.80367 9.29091 15.9755
      vertex 2.71026 9.24932 15.9973
    endloop
  endfacet
  facet normal 0.353779 0.204252 0.912755
    outer loop
      vertex 2.8909 9.32975 15.933
      vertex 3.198 8.60791 15.9755
      vertex 3.27525 8.66403 15.933
    endloop
  endfacet
  facet normal 0.353769 0.204249 0.91276
    outer loop
      vertex 3.198 8.60791 15.9755
      vertex 2.8909 9.32975 15.933
      vertex 2.80367 9.29091 15.9755
    endloop
  endfacet
  facet normal 0.824054 0.475768 0.307539
    outer loop
      vertex 3.0798 9.41385 15.7034
      vertex 3.46867 8.80456 15.604
      vertex 3.10931 9.42699 15.604
    endloop
  endfacet
  facet normal 0.824042 0.475751 0.307595
    outer loop
      vertex 3.46867 8.80456 15.604
      vertex 3.0798 9.41385 15.7034
      vertex 3.44253 8.78557 15.7034
    endloop
  endfacet
  facet normal 0.750963 0.43356 0.498077
    outer loop
      vertex 3.03205 9.39259 15.7939
      vertex 3.44253 8.78557 15.7034
      vertex 3.0798 9.41385 15.7034
    endloop
  endfacet
  facet normal 0.750985 0.433582 0.498025
    outer loop
      vertex 3.44253 8.78557 15.7034
      vertex 3.03205 9.39259 15.7939
      vertex 3.40025 8.75485 15.7939
    endloop
  endfacet
  facet normal 0.180996 0.104498 -0.977916
    outer loop
      vertex 3.11528 8.54781 0.00273991
      vertex 2.80367 9.29091 0.0244722
      vertex 3.198 8.60791 0.0244722
    endloop
  endfacet
  facet normal 0.180991 0.104496 -0.977918
    outer loop
      vertex 2.80367 9.29091 0.0244722
      vertex 3.11528 8.54781 0.00273991
      vertex 2.71026 9.24932 0.00273991
    endloop
  endfacet
  facet normal -0.180991 0.104496 -0.977918
    outer loop
      vertex -3.11528 8.54781 0.00273991
      vertex -2.80367 9.29091 0.0244722
      vertex -2.71026 9.24932 0.00273991
    endloop
  endfacet
  facet normal -0.180996 0.104498 -0.977916
    outer loop
      vertex -2.80367 9.29091 0.0244722
      vertex -3.11528 8.54781 0.00273991
      vertex -3.198 8.60791 0.0244722
    endloop
  endfacet
  facet normal -0.86134 0.497285 -0.103931
    outer loop
      vertex -3.10931 9.42699 0.396045
      vertex -3.4775 8.81098 0.5
      vertex -3.11929 9.43143 0.5
    endloop
  endfacet
  facet normal -0.861341 0.497295 -0.103874
    outer loop
      vertex -3.4775 8.81098 0.5
      vertex -3.10931 9.42699 0.396045
      vertex -3.46867 8.80456 0.396045
    endloop
  endfacet
  facet normal -0.645239 0.372534 0.666997
    outer loop
      vertex -3.03205 9.39259 15.7939
      vertex -3.34367 8.71374 15.8716
      vertex -2.96815 9.36415 15.8716
    endloop
  endfacet
  facet normal -0.645259 0.372541 0.666974
    outer loop
      vertex -3.34367 8.71374 15.8716
      vertex -3.03205 9.39259 15.7939
      vertex -3.40025 8.75485 15.7939
    endloop
  endfacet
  facet normal -0.510656 0.294824 0.807657
    outer loop
      vertex -2.96815 9.36415 15.8716
      vertex -3.27525 8.66403 15.933
      vertex -2.8909 9.32975 15.933
    endloop
  endfacet
  facet normal -0.510621 0.294812 0.807683
    outer loop
      vertex -3.27525 8.66403 15.933
      vertex -2.96815 9.36415 15.8716
      vertex -3.34367 8.71374 15.8716
    endloop
  endfacet
  facet normal 0.510621 0.294812 0.807683
    outer loop
      vertex 2.96815 9.36415 15.8716
      vertex 3.27525 8.66403 15.933
      vertex 3.34367 8.71374 15.8716
    endloop
  endfacet
  facet normal 0.510656 0.294824 0.807657
    outer loop
      vertex 3.27525 8.66403 15.933
      vertex 2.96815 9.36415 15.8716
      vertex 2.8909 9.32975 15.933
    endloop
  endfacet
  facet normal 0.353889 0.204316 -0.912698
    outer loop
      vertex 3.198 8.60791 0.0244722
      vertex 2.8909 9.32975 0.066988
      vertex 3.27525 8.66403 0.066988
    endloop
  endfacet
  facet normal 0.353879 0.204312 -0.912703
    outer loop
      vertex 2.8909 9.32975 0.066988
      vertex 3.198 8.60791 0.0244722
      vertex 2.80367 9.29091 0.0244722
    endloop
  endfacet
  facet normal -0.43788 0.60269 -0.667103
    outer loop
      vertex -4.45379 7.71418 0.128428
      vertex -3.893 8.2076 0.206108
      vertex -3.8462 8.15562 0.128428
    endloop
  endfacet
  facet normal -0.437865 0.602676 -0.667125
    outer loop
      vertex -3.893 8.2076 0.206108
      vertex -4.45379 7.71418 0.128428
      vertex -4.48876 7.77476 0.206108
    endloop
  endfacet
  facet normal -0.509698 0.701547 0.498036
    outer loop
      vertex -3.92797 8.24644 15.7034
      vertex -4.48876 7.77476 15.7939
      vertex -3.893 8.2076 15.7939
    endloop
  endfacet
  facet normal -0.509705 0.701553 0.498021
    outer loop
      vertex -4.48876 7.77476 15.7939
      vertex -3.92797 8.24644 15.7034
      vertex -4.51489 7.82002 15.7034
    endloop
  endfacet
  facet normal 0.437865 0.602676 -0.667125
    outer loop
      vertex 4.45379 7.71418 0.128428
      vertex 3.893 8.2076 0.206108
      vertex 4.48876 7.77476 0.206108
    endloop
  endfacet
  facet normal 0.43788 0.60269 -0.667103
    outer loop
      vertex 3.893 8.2076 0.206108
      vertex 4.45379 7.71418 0.128428
      vertex 3.8462 8.15562 0.128428
    endloop
  endfacet
  facet normal 0.584596 0.80463 -0.104004
    outer loop
      vertex 4.53104 7.84799 0.396045
      vertex 3.95689 8.27857 0.5
      vertex 4.5365 7.85746 0.5
    endloop
  endfacet
  facet normal 0.584601 0.80463 -0.10398
    outer loop
      vertex 3.95689 8.27857 0.5
      vertex 4.53104 7.84799 0.396045
      vertex 3.94959 8.27044 0.396045
    endloop
  endfacet
  facet normal -0.584604 0.804634 0.103935
    outer loop
      vertex -3.95689 8.27857 15.5
      vertex -4.53104 7.84799 15.604
      vertex -3.94959 8.27044 15.604
    endloop
  endfacet
  facet normal -0.584599 0.804634 0.10396
    outer loop
      vertex -4.53104 7.84799 15.604
      vertex -3.95689 8.27857 15.5
      vertex -4.5365 7.85746 15.5
    endloop
  endfacet
  facet normal -0.584601 0.80463 -0.10398
    outer loop
      vertex -4.53104 7.84799 0.396045
      vertex -3.95689 8.27857 0.5
      vertex -3.94959 8.27044 0.396045
    endloop
  endfacet
  facet normal -0.584596 0.80463 -0.104004
    outer loop
      vertex -3.95689 8.27857 0.5
      vertex -4.53104 7.84799 0.396045
      vertex -4.5365 7.85746 0.5
    endloop
  endfacet
  facet normal 0.587784 0.809018 -0
    outer loop
      vertex 4.5365 7.85746 0.5
      vertex 3.95689 8.27857 15.5
      vertex 4.5365 7.85746 15.5
    endloop
  endfacet
  facet normal 0.587784 0.809018 0
    outer loop
      vertex 3.95689 8.27857 15.5
      vertex 4.5365 7.85746 0.5
      vertex 3.95689 8.27857 0.5
    endloop
  endfacet
  facet normal 0.584599 0.804634 0.10396
    outer loop
      vertex 3.95689 8.27857 15.5
      vertex 4.53104 7.84799 15.604
      vertex 4.5365 7.85746 15.5
    endloop
  endfacet
  facet normal 0.584604 0.804634 0.103935
    outer loop
      vertex 4.53104 7.84799 15.604
      vertex 3.95689 8.27857 15.5
      vertex 3.94959 8.27044 15.604
    endloop
  endfacet
  facet normal -0.587784 0.809018 0
    outer loop
      vertex -3.95689 8.27857 0.5
      vertex -4.5365 7.85746 15.5
      vertex -3.95689 8.27857 15.5
    endloop
  endfacet
  facet normal -0.587784 0.809018 0
    outer loop
      vertex -4.5365 7.85746 15.5
      vertex -3.95689 8.27857 0.5
      vertex -4.5365 7.85746 0.5
    endloop
  endfacet
  facet normal -0.240175 0.330572 -0.912709
    outer loop
      vertex -4.36376 7.55825 0.0244722
      vertex -3.78961 8.09278 0.066988
      vertex -3.72571 8.02182 0.0244722
    endloop
  endfacet
  facet normal -0.240176 0.330574 -0.912708
    outer loop
      vertex -3.78961 8.09278 0.066988
      vertex -4.36376 7.55825 0.0244722
      vertex -4.4115 7.64095 0.066988
    endloop
  endfacet
  facet normal 0.559316 0.769829 -0.307455
    outer loop
      vertex 4.51489 7.82002 0.296632
      vertex 3.94959 8.27044 0.396045
      vertex 4.53104 7.84799 0.396045
    endloop
  endfacet
  facet normal 0.559307 0.769824 -0.307485
    outer loop
      vertex 3.94959 8.27044 0.396045
      vertex 4.51489 7.82002 0.296632
      vertex 3.92797 8.24644 0.296632
    endloop
  endfacet
  facet normal -0.122845 0.169082 -0.977916
    outer loop
      vertex -4.31264 7.4697 0.00273991
      vertex -3.72571 8.02182 0.0244722
      vertex -3.6573 7.94583 0.00273991
    endloop
  endfacet
  facet normal -0.122847 0.169084 -0.977916
    outer loop
      vertex -3.72571 8.02182 0.0244722
      vertex -4.31264 7.4697 0.00273991
      vertex -4.36376 7.55825 0.0244722
    endloop
  endfacet
  facet normal -0.43793 0.602759 0.667008
    outer loop
      vertex -3.893 8.2076 15.7939
      vertex -4.45379 7.71418 15.8716
      vertex -3.8462 8.15562 15.8716
    endloop
  endfacet
  facet normal -0.437915 0.602745 0.66703
    outer loop
      vertex -4.45379 7.71418 15.8716
      vertex -3.893 8.2076 15.7939
      vertex -4.48876 7.77476 15.7939
    endloop
  endfacet
  facet normal -0.509732 0.701593 -0.497936
    outer loop
      vertex -4.48876 7.77476 0.206108
      vertex -3.92797 8.24644 0.296632
      vertex -3.893 8.2076 0.206108
    endloop
  endfacet
  facet normal -0.509739 0.701599 -0.497921
    outer loop
      vertex -3.92797 8.24644 0.296632
      vertex -4.48876 7.77476 0.206108
      vertex -4.51489 7.82002 0.296632
    endloop
  endfacet
  facet normal -0.559307 0.769824 -0.307485
    outer loop
      vertex -4.51489 7.82002 0.296632
      vertex -3.94959 8.27044 0.396045
      vertex -3.92797 8.24644 0.296632
    endloop
  endfacet
  facet normal -0.559316 0.769829 -0.307455
    outer loop
      vertex -3.94959 8.27044 0.396045
      vertex -4.51489 7.82002 0.296632
      vertex -4.53104 7.84799 0.396045
    endloop
  endfacet
  facet normal -0.346734 0.477239 -0.807477
    outer loop
      vertex -4.4115 7.64095 0.066988
      vertex -3.8462 8.15562 0.128428
      vertex -3.78961 8.09278 0.066988
    endloop
  endfacet
  facet normal -0.346733 0.477237 -0.807478
    outer loop
      vertex -3.8462 8.15562 0.128428
      vertex -4.4115 7.64095 0.066988
      vertex -4.45379 7.71418 0.128428
    endloop
  endfacet
  facet normal 0.240176 0.330574 -0.912708
    outer loop
      vertex 4.36376 7.55825 0.0244722
      vertex 3.78961 8.09278 0.066988
      vertex 4.4115 7.64095 0.066988
    endloop
  endfacet
  facet normal 0.240175 0.330572 -0.912709
    outer loop
      vertex 3.78961 8.09278 0.066988
      vertex 4.36376 7.55825 0.0244722
      vertex 3.72571 8.02182 0.0244722
    endloop
  endfacet
  facet normal 0.122847 0.169084 -0.977916
    outer loop
      vertex 4.31264 7.4697 0.00273991
      vertex 3.72571 8.02182 0.0244722
      vertex 4.36376 7.55825 0.0244722
    endloop
  endfacet
  facet normal 0.122845 0.169082 -0.977916
    outer loop
      vertex 3.72571 8.02182 0.0244722
      vertex 4.31264 7.4697 0.00273991
      vertex 3.6573 7.94583 0.00273991
    endloop
  endfacet
  facet normal 0.509739 0.701599 -0.497921
    outer loop
      vertex 4.48876 7.77476 0.206108
      vertex 3.92797 8.24644 0.296632
      vertex 4.51489 7.82002 0.296632
    endloop
  endfacet
  facet normal 0.509732 0.701593 -0.497936
    outer loop
      vertex 3.92797 8.24644 0.296632
      vertex 4.48876 7.77476 0.206108
      vertex 3.893 8.2076 0.206108
    endloop
  endfacet
  facet normal -0.5593 0.769814 0.307521
    outer loop
      vertex -3.94959 8.27044 15.604
      vertex -4.51489 7.82002 15.7034
      vertex -3.92797 8.24644 15.7034
    endloop
  endfacet
  facet normal -0.559309 0.76982 0.307492
    outer loop
      vertex -4.51489 7.82002 15.7034
      vertex -3.94959 8.27044 15.604
      vertex -4.53104 7.84799 15.604
    endloop
  endfacet
  facet normal 0.346733 0.477237 -0.807478
    outer loop
      vertex 4.4115 7.64095 0.066988
      vertex 3.8462 8.15562 0.128428
      vertex 4.45379 7.71418 0.128428
    endloop
  endfacet
  facet normal 0.346734 0.477239 -0.807477
    outer loop
      vertex 3.8462 8.15562 0.128428
      vertex 4.4115 7.64095 0.066988
      vertex 3.78961 8.09278 0.066988
    endloop
  endfacet
  facet normal 0.123213 0.169588 0.977782
    outer loop
      vertex 3.72571 8.02182 15.9755
      vertex 4.31264 7.4697 15.9973
      vertex 4.36376 7.55825 15.9755
    endloop
  endfacet
  facet normal 0.123211 0.169586 0.977783
    outer loop
      vertex 4.31264 7.4697 15.9973
      vertex 3.72571 8.02182 15.9755
      vertex 3.6573 7.94583 15.9973
    endloop
  endfacet
  facet normal 0.437915 0.602745 0.66703
    outer loop
      vertex 3.893 8.2076 15.7939
      vertex 4.45379 7.71418 15.8716
      vertex 4.48876 7.77476 15.7939
    endloop
  endfacet
  facet normal 0.43793 0.602759 0.667008
    outer loop
      vertex 4.45379 7.71418 15.8716
      vertex 3.893 8.2076 15.7939
      vertex 3.8462 8.15562 15.8716
    endloop
  endfacet
  facet normal -0.123211 0.169586 0.977783
    outer loop
      vertex -3.72571 8.02182 15.9755
      vertex -4.31264 7.4697 15.9973
      vertex -3.6573 7.94583 15.9973
    endloop
  endfacet
  facet normal -0.123213 0.169588 0.977782
    outer loop
      vertex -4.31264 7.4697 15.9973
      vertex -3.72571 8.02182 15.9755
      vertex -4.36376 7.55825 15.9755
    endloop
  endfacet
  facet normal -0.2401 0.33047 0.912766
    outer loop
      vertex -3.78961 8.09278 15.933
      vertex -4.36376 7.55825 15.9755
      vertex -3.72571 8.02182 15.9755
    endloop
  endfacet
  facet normal -0.240102 0.330472 0.912765
    outer loop
      vertex -4.36376 7.55825 15.9755
      vertex -3.78961 8.09278 15.933
      vertex -4.4115 7.64095 15.933
    endloop
  endfacet
  facet normal -0.346587 0.477036 0.80766
    outer loop
      vertex -3.8462 8.15562 15.8716
      vertex -4.4115 7.64095 15.933
      vertex -3.78961 8.09278 15.933
    endloop
  endfacet
  facet normal -0.346586 0.477035 0.807661
    outer loop
      vertex -4.4115 7.64095 15.933
      vertex -3.8462 8.15562 15.8716
      vertex -4.45379 7.71418 15.8716
    endloop
  endfacet
  facet normal 0.346586 0.477035 0.807661
    outer loop
      vertex 3.8462 8.15562 15.8716
      vertex 4.4115 7.64095 15.933
      vertex 4.45379 7.71418 15.8716
    endloop
  endfacet
  facet normal 0.346587 0.477036 0.80766
    outer loop
      vertex 4.4115 7.64095 15.933
      vertex 3.8462 8.15562 15.8716
      vertex 3.78961 8.09278 15.933
    endloop
  endfacet
  facet normal 0.240102 0.330472 0.912765
    outer loop
      vertex 3.78961 8.09278 15.933
      vertex 4.36376 7.55825 15.9755
      vertex 4.4115 7.64095 15.933
    endloop
  endfacet
  facet normal 0.2401 0.33047 0.912766
    outer loop
      vertex 4.36376 7.55825 15.9755
      vertex 3.78961 8.09278 15.933
      vertex 3.72571 8.02182 15.9755
    endloop
  endfacet
  facet normal 0.509705 0.701553 0.498021
    outer loop
      vertex 3.92797 8.24644 15.7034
      vertex 4.48876 7.77476 15.7939
      vertex 4.51489 7.82002 15.7034
    endloop
  endfacet
  facet normal 0.509698 0.701547 0.498036
    outer loop
      vertex 4.48876 7.77476 15.7939
      vertex 3.92797 8.24644 15.7034
      vertex 3.893 8.2076 15.7939
    endloop
  endfacet
  facet normal 0.559309 0.76982 0.307492
    outer loop
      vertex 3.94959 8.27044 15.604
      vertex 4.51489 7.82002 15.7034
      vertex 4.53104 7.84799 15.604
    endloop
  endfacet
  facet normal 0.5593 0.769814 0.307521
    outer loop
      vertex 4.51489 7.82002 15.7034
      vertex 3.94959 8.27044 15.604
      vertex 3.92797 8.24644 15.7034
    endloop
  endfacet
  facet normal -0.239936 0.538907 -0.807471
    outer loop
      vertex -5.11375 7.32829 0.066988
      vertex -4.45379 7.71418 0.128428
      vertex -4.4115 7.64095 0.066988
    endloop
  endfacet
  facet normal -0.239923 0.538889 -0.807487
    outer loop
      vertex -4.45379 7.71418 0.128428
      vertex -5.11375 7.32829 0.066988
      vertex -5.13988 7.40872 0.128428
    endloop
  endfacet
  facet normal -0.352732 0.792246 -0.497922
    outer loop
      vertex -5.16149 7.47524 0.206108
      vertex -4.51489 7.82002 0.296632
      vertex -4.48876 7.77476 0.206108
    endloop
  endfacet
  facet normal -0.352741 0.792256 -0.4979
    outer loop
      vertex -4.51489 7.82002 0.296632
      vertex -5.16149 7.47524 0.206108
      vertex -5.17764 7.52494 0.296632
    endloop
  endfacet
  facet normal 0.38703 0.869278 0.307513
    outer loop
      vertex 4.53104 7.84799 15.604
      vertex 5.17764 7.52494 15.7034
      vertex 5.18762 7.55566 15.604
    endloop
  endfacet
  facet normal 0.387036 0.869283 0.30749
    outer loop
      vertex 5.17764 7.52494 15.7034
      vertex 4.53104 7.84799 15.604
      vertex 4.51489 7.82002 15.7034
    endloop
  endfacet
  facet normal 0.406746 0.913541 -0
    outer loop
      vertex 5.191 7.56605 0.5
      vertex 4.5365 7.85746 15.5
      vertex 5.191 7.56605 15.5
    endloop
  endfacet
  facet normal 0.406746 0.913541 0
    outer loop
      vertex 4.5365 7.85746 15.5
      vertex 5.191 7.56605 0.5
      vertex 4.5365 7.85746 0.5
    endloop
  endfacet
  facet normal 0.0850082 0.190931 -0.977916
    outer loop
      vertex 5.05264 7.14023 0.00273991
      vertex 4.36376 7.55825 0.0244722
      vertex 5.08424 7.23747 0.0244722
    endloop
  endfacet
  facet normal 0.0850073 0.190929 -0.977916
    outer loop
      vertex 4.36376 7.55825 0.0244722
      vertex 5.05264 7.14023 0.00273991
      vertex 4.31264 7.4697 0.00273991
    endloop
  endfacet
  facet normal 0.352718 0.792204 0.497999
    outer loop
      vertex 4.51489 7.82002 15.7034
      vertex 5.16149 7.47524 15.7939
      vertex 5.17764 7.52494 15.7034
    endloop
  endfacet
  facet normal 0.352709 0.792194 0.498022
    outer loop
      vertex 5.16149 7.47524 15.7939
      vertex 4.51489 7.82002 15.7034
      vertex 4.48876 7.77476 15.7939
    endloop
  endfacet
  facet normal 0.387035 0.869289 -0.307476
    outer loop
      vertex 5.17764 7.52494 0.296632
      vertex 4.53104 7.84799 0.396045
      vertex 5.18762 7.55566 0.396045
    endloop
  endfacet
  facet normal 0.387041 0.869294 -0.307453
    outer loop
      vertex 4.53104 7.84799 0.396045
      vertex 5.17764 7.52494 0.296632
      vertex 4.51489 7.82002 0.296632
    endloop
  endfacet
  facet normal -0.303024 0.680618 0.667035
    outer loop
      vertex -4.48876 7.77476 15.7939
      vertex -5.13988 7.40872 15.8716
      vertex -4.45379 7.71418 15.8716
    endloop
  endfacet
  facet normal -0.303045 0.680648 0.666995
    outer loop
      vertex -5.13988 7.40872 15.8716
      vertex -4.48876 7.77476 15.7939
      vertex -5.16149 7.47524 15.7939
    endloop
  endfacet
  facet normal -0.239834 0.538678 0.807654
    outer loop
      vertex -4.45379 7.71418 15.8716
      vertex -5.11375 7.32829 15.933
      vertex -4.4115 7.64095 15.933
    endloop
  endfacet
  facet normal -0.239821 0.53866 0.80767
    outer loop
      vertex -5.11375 7.32829 15.933
      vertex -4.45379 7.71418 15.8716
      vertex -5.13988 7.40872 15.8716
    endloop
  endfacet
  facet normal -0.404534 0.908593 0.103972
    outer loop
      vertex -4.5365 7.85746 15.5
      vertex -5.18762 7.55566 15.604
      vertex -4.53104 7.84799 15.604
    endloop
  endfacet
  facet normal -0.404544 0.908595 0.10392
    outer loop
      vertex -5.18762 7.55566 15.604
      vertex -4.5365 7.85746 15.5
      vertex -5.191 7.56605 15.5
    endloop
  endfacet
  facet normal -0.302989 0.68054 -0.66713
    outer loop
      vertex -5.13988 7.40872 0.128428
      vertex -4.48876 7.77476 0.206108
      vertex -4.45379 7.71418 0.128428
    endloop
  endfacet
  facet normal -0.303011 0.68057 -0.66709
    outer loop
      vertex -4.48876 7.77476 0.206108
      vertex -5.13988 7.40872 0.128428
      vertex -5.16149 7.47524 0.206108
    endloop
  endfacet
  facet normal 0.303011 0.68057 -0.66709
    outer loop
      vertex 5.13988 7.40872 0.128428
      vertex 4.48876 7.77476 0.206108
      vertex 5.16149 7.47524 0.206108
    endloop
  endfacet
  facet normal 0.302989 0.68054 -0.66713
    outer loop
      vertex 4.48876 7.77476 0.206108
      vertex 5.13988 7.40872 0.128428
      vertex 4.45379 7.71418 0.128428
    endloop
  endfacet
  facet normal -0.0852606 0.191498 0.977783
    outer loop
      vertex -4.36376 7.55825 15.9755
      vertex -5.05264 7.14023 15.9973
      vertex -4.31264 7.4697 15.9973
    endloop
  endfacet
  facet normal -0.0852614 0.191499 0.977782
    outer loop
      vertex -5.05264 7.14023 15.9973
      vertex -4.36376 7.55825 15.9755
      vertex -5.08424 7.23747 15.9755
    endloop
  endfacet
  facet normal -0.166145 0.373166 0.912767
    outer loop
      vertex -4.4115 7.64095 15.933
      vertex -5.08424 7.23747 15.9755
      vertex -4.36376 7.55825 15.9755
    endloop
  endfacet
  facet normal -0.166139 0.373156 0.912772
    outer loop
      vertex -5.08424 7.23747 15.9755
      vertex -4.4115 7.64095 15.933
      vertex -5.11375 7.32829 15.933
    endloop
  endfacet
  facet normal 0.239821 0.53866 0.80767
    outer loop
      vertex 4.45379 7.71418 15.8716
      vertex 5.11375 7.32829 15.933
      vertex 5.13988 7.40872 15.8716
    endloop
  endfacet
  facet normal 0.239834 0.538678 0.807654
    outer loop
      vertex 5.11375 7.32829 15.933
      vertex 4.45379 7.71418 15.8716
      vertex 4.4115 7.64095 15.933
    endloop
  endfacet
  facet normal 0.404544 0.908595 0.10392
    outer loop
      vertex 4.5365 7.85746 15.5
      vertex 5.18762 7.55566 15.604
      vertex 5.191 7.56605 15.5
    endloop
  endfacet
  facet normal 0.404534 0.908593 0.103972
    outer loop
      vertex 5.18762 7.55566 15.604
      vertex 4.5365 7.85746 15.5
      vertex 4.53104 7.84799 15.604
    endloop
  endfacet
  facet normal -0.406746 0.913541 0
    outer loop
      vertex -4.5365 7.85746 0.5
      vertex -5.191 7.56605 15.5
      vertex -4.5365 7.85746 15.5
    endloop
  endfacet
  facet normal -0.406746 0.913541 0
    outer loop
      vertex -5.191 7.56605 15.5
      vertex -4.5365 7.85746 0.5
      vertex -5.191 7.56605 0.5
    endloop
  endfacet
  facet normal -0.404532 0.908589 -0.104017
    outer loop
      vertex -5.18762 7.55566 0.396045
      vertex -4.5365 7.85746 0.5
      vertex -4.53104 7.84799 0.396045
    endloop
  endfacet
  facet normal -0.404542 0.908591 -0.103964
    outer loop
      vertex -4.5365 7.85746 0.5
      vertex -5.18762 7.55566 0.396045
      vertex -5.191 7.56605 0.5
    endloop
  endfacet
  facet normal 0.0852614 0.191499 0.977782
    outer loop
      vertex 4.36376 7.55825 15.9755
      vertex 5.05264 7.14023 15.9973
      vertex 5.08424 7.23747 15.9755
    endloop
  endfacet
  facet normal 0.0852606 0.191498 0.977783
    outer loop
      vertex 5.05264 7.14023 15.9973
      vertex 4.36376 7.55825 15.9755
      vertex 4.31264 7.4697 15.9973
    endloop
  endfacet
  facet normal 0.166139 0.373156 0.912772
    outer loop
      vertex 4.4115 7.64095 15.933
      vertex 5.08424 7.23747 15.9755
      vertex 5.11375 7.32829 15.933
    endloop
  endfacet
  facet normal 0.166145 0.373166 0.912767
    outer loop
      vertex 5.08424 7.23747 15.9755
      vertex 4.4115 7.64095 15.933
      vertex 4.36376 7.55825 15.9755
    endloop
  endfacet
  facet normal -0.387041 0.869294 -0.307453
    outer loop
      vertex -5.17764 7.52494 0.296632
      vertex -4.53104 7.84799 0.396045
      vertex -4.51489 7.82002 0.296632
    endloop
  endfacet
  facet normal -0.387035 0.869289 -0.307476
    outer loop
      vertex -4.53104 7.84799 0.396045
      vertex -5.17764 7.52494 0.296632
      vertex -5.18762 7.55566 0.396045
    endloop
  endfacet
  facet normal -0.166196 0.373281 -0.91271
    outer loop
      vertex -5.08424 7.23747 0.0244722
      vertex -4.4115 7.64095 0.066988
      vertex -4.36376 7.55825 0.0244722
    endloop
  endfacet
  facet normal -0.16619 0.373272 -0.912715
    outer loop
      vertex -4.4115 7.64095 0.066988
      vertex -5.08424 7.23747 0.0244722
      vertex -5.11375 7.32829 0.066988
    endloop
  endfacet
  facet normal -0.0850073 0.190929 -0.977916
    outer loop
      vertex -5.05264 7.14023 0.00273991
      vertex -4.36376 7.55825 0.0244722
      vertex -4.31264 7.4697 0.00273991
    endloop
  endfacet
  facet normal -0.0850082 0.190931 -0.977916
    outer loop
      vertex -4.36376 7.55825 0.0244722
      vertex -5.05264 7.14023 0.00273991
      vertex -5.08424 7.23747 0.0244722
    endloop
  endfacet
  facet normal 0.352741 0.792256 -0.4979
    outer loop
      vertex 5.16149 7.47524 0.206108
      vertex 4.51489 7.82002 0.296632
      vertex 5.17764 7.52494 0.296632
    endloop
  endfacet
  facet normal 0.352732 0.792246 -0.497922
    outer loop
      vertex 4.51489 7.82002 0.296632
      vertex 5.16149 7.47524 0.206108
      vertex 4.48876 7.77476 0.206108
    endloop
  endfacet
  facet normal 0.404542 0.908591 -0.103964
    outer loop
      vertex 5.18762 7.55566 0.396045
      vertex 4.5365 7.85746 0.5
      vertex 5.191 7.56605 0.5
    endloop
  endfacet
  facet normal 0.404532 0.908589 -0.104017
    outer loop
      vertex 4.5365 7.85746 0.5
      vertex 5.18762 7.55566 0.396045
      vertex 4.53104 7.84799 0.396045
    endloop
  endfacet
  facet normal 0.16619 0.373272 -0.912715
    outer loop
      vertex 5.08424 7.23747 0.0244722
      vertex 4.4115 7.64095 0.066988
      vertex 5.11375 7.32829 0.066988
    endloop
  endfacet
  facet normal 0.166196 0.373281 -0.91271
    outer loop
      vertex 4.4115 7.64095 0.066988
      vertex 5.08424 7.23747 0.0244722
      vertex 4.36376 7.55825 0.0244722
    endloop
  endfacet
  facet normal 0.303045 0.680648 0.666995
    outer loop
      vertex 4.48876 7.77476 15.7939
      vertex 5.13988 7.40872 15.8716
      vertex 5.16149 7.47524 15.7939
    endloop
  endfacet
  facet normal 0.303024 0.680618 0.667035
    outer loop
      vertex 5.13988 7.40872 15.8716
      vertex 4.48876 7.77476 15.7939
      vertex 4.45379 7.71418 15.8716
    endloop
  endfacet
  facet normal -0.352709 0.792194 0.498022
    outer loop
      vertex -4.51489 7.82002 15.7034
      vertex -5.16149 7.47524 15.7939
      vertex -4.48876 7.77476 15.7939
    endloop
  endfacet
  facet normal -0.352718 0.792204 0.497999
    outer loop
      vertex -5.16149 7.47524 15.7939
      vertex -4.51489 7.82002 15.7034
      vertex -5.17764 7.52494 15.7034
    endloop
  endfacet
  facet normal -0.387036 0.869283 0.30749
    outer loop
      vertex -4.53104 7.84799 15.604
      vertex -5.17764 7.52494 15.7034
      vertex -4.51489 7.82002 15.7034
    endloop
  endfacet
  facet normal -0.38703 0.869278 0.307513
    outer loop
      vertex -5.17764 7.52494 15.7034
      vertex -4.53104 7.84799 15.604
      vertex -5.18762 7.55566 15.604
    endloop
  endfacet
  facet normal 0.239923 0.538889 -0.807487
    outer loop
      vertex 5.11375 7.32829 0.066988
      vertex 4.45379 7.71418 0.128428
      vertex 5.13988 7.40872 0.128428
    endloop
  endfacet
  facet normal 0.239936 0.538907 -0.807471
    outer loop
      vertex 4.45379 7.71418 0.128428
      vertex 5.11375 7.32829 0.066988
      vertex 4.4115 7.64095 0.066988
    endloop
  endfacet
  facet normal -0.197831 0.930751 0.307515
    outer loop
      vertex -5.18762 7.55566 15.604
      vertex -5.88726 7.37411 15.7034
      vertex -5.17764 7.52494 15.7034
    endloop
  endfacet
  facet normal -0.197837 0.930758 0.307491
    outer loop
      vertex -5.88726 7.37411 15.7034
      vertex -5.18762 7.55566 15.604
      vertex -5.89064 7.40623 15.604
    endloop
  endfacet
  facet normal 0.197839 0.930769 -0.307455
    outer loop
      vertex 5.88726 7.37411 0.296632
      vertex 5.18762 7.55566 0.396045
      vertex 5.89064 7.40623 0.396045
    endloop
  endfacet
  facet normal 0.197834 0.930762 -0.307479
    outer loop
      vertex 5.18762 7.55566 0.396045
      vertex 5.88726 7.37411 0.296632
      vertex 5.17764 7.52494 0.296632
    endloop
  endfacet
  facet normal -0.197834 0.930762 -0.307479
    outer loop
      vertex -5.88726 7.37411 0.296632
      vertex -5.18762 7.55566 0.396045
      vertex -5.17764 7.52494 0.296632
    endloop
  endfacet
  facet normal -0.197839 0.930769 -0.307455
    outer loop
      vertex -5.18762 7.55566 0.396045
      vertex -5.88726 7.37411 0.296632
      vertex -5.89064 7.40623 0.396045
    endloop
  endfacet
  facet normal 0.180285 0.848199 0.498052
    outer loop
      vertex 5.17764 7.52494 15.7034
      vertex 5.8818 7.32213 15.7939
      vertex 5.88726 7.37411 15.7034
    endloop
  endfacet
  facet normal 0.1803 0.848228 0.497997
    outer loop
      vertex 5.8818 7.32213 15.7939
      vertex 5.17764 7.52494 15.7034
      vertex 5.16149 7.47524 15.7939
    endloop
  endfacet
  facet normal 0.206777 0.972846 -0.103993
    outer loop
      vertex 5.89064 7.40623 0.396045
      vertex 5.191 7.56605 0.5
      vertex 5.89178 7.4171 0.5
    endloop
  endfacet
  facet normal 0.206783 0.972848 -0.103957
    outer loop
      vertex 5.191 7.56605 0.5
      vertex 5.89064 7.40623 0.396045
      vertex 5.18762 7.55566 0.396045
    endloop
  endfacet
  facet normal 0.206778 0.97285 0.103948
    outer loop
      vertex 5.191 7.56605 15.5
      vertex 5.89064 7.40623 15.604
      vertex 5.89178 7.4171 15.5
    endloop
  endfacet
  facet normal 0.206784 0.972853 0.103912
    outer loop
      vertex 5.89064 7.40623 15.604
      vertex 5.191 7.56605 15.5
      vertex 5.18762 7.55566 15.604
    endloop
  endfacet
  facet normal -0.207904 0.978149 0
    outer loop
      vertex -5.191 7.56605 0.5
      vertex -5.89178 7.4171 15.5
      vertex -5.191 7.56605 15.5
    endloop
  endfacet
  facet normal -0.207904 0.978149 0
    outer loop
      vertex -5.89178 7.4171 15.5
      vertex -5.191 7.56605 0.5
      vertex -5.89178 7.4171 0.5
    endloop
  endfacet
  facet normal -0.122643 0.576992 -0.807489
    outer loop
      vertex -5.86565 7.16847 0.066988
      vertex -5.13988 7.40872 0.128428
      vertex -5.11375 7.32829 0.066988
    endloop
  endfacet
  facet normal -0.122651 0.577014 -0.807472
    outer loop
      vertex -5.13988 7.40872 0.128428
      vertex -5.86565 7.16847 0.066988
      vertex -5.87449 7.25257 0.128428
    endloop
  endfacet
  facet normal -0.206784 0.972853 0.103912
    outer loop
      vertex -5.191 7.56605 15.5
      vertex -5.89064 7.40623 15.604
      vertex -5.18762 7.55566 15.604
    endloop
  endfacet
  facet normal -0.206778 0.97285 0.103948
    outer loop
      vertex -5.89064 7.40623 15.604
      vertex -5.191 7.56605 15.5
      vertex -5.89178 7.4171 15.5
    endloop
  endfacet
  facet normal -0.206783 0.972848 -0.103957
    outer loop
      vertex -5.89064 7.40623 0.396045
      vertex -5.191 7.56605 0.5
      vertex -5.18762 7.55566 0.396045
    endloop
  endfacet
  facet normal -0.206777 0.972846 -0.103993
    outer loop
      vertex -5.191 7.56605 0.5
      vertex -5.89064 7.40623 0.396045
      vertex -5.89178 7.4171 0.5
    endloop
  endfacet
  facet normal -0.180312 0.848284 -0.497898
    outer loop
      vertex -5.8818 7.32213 0.206108
      vertex -5.17764 7.52494 0.296632
      vertex -5.16149 7.47524 0.206108
    endloop
  endfacet
  facet normal -0.180297 0.848255 -0.497953
    outer loop
      vertex -5.17764 7.52494 0.296632
      vertex -5.8818 7.32213 0.206108
      vertex -5.88726 7.37411 0.296632
    endloop
  endfacet
  facet normal -0.0434522 0.204435 -0.977915
    outer loop
      vertex -5.84498 6.97182 0.00273991
      vertex -5.08424 7.23747 0.0244722
      vertex -5.05264 7.14023 0.00273991
    endloop
  endfacet
  facet normal -0.043455 0.204443 -0.977913
    outer loop
      vertex -5.08424 7.23747 0.0244722
      vertex -5.84498 6.97182 0.00273991
      vertex -5.85567 7.0735 0.0244722
    endloop
  endfacet
  facet normal 0.154909 0.728775 0.667001
    outer loop
      vertex 5.16149 7.47524 15.7939
      vertex 5.87449 7.25257 15.8716
      vertex 5.8818 7.32213 15.7939
    endloop
  endfacet
  facet normal 0.15491 0.728777 0.666999
    outer loop
      vertex 5.87449 7.25257 15.8716
      vertex 5.16149 7.47524 15.7939
      vertex 5.13988 7.40872 15.8716
    endloop
  endfacet
  facet normal 0.084926 0.399549 0.91277
    outer loop
      vertex 5.11375 7.32829 15.933
      vertex 5.85567 7.0735 15.9755
      vertex 5.86565 7.16847 15.933
    endloop
  endfacet
  facet normal 0.0849246 0.399545 0.912771
    outer loop
      vertex 5.85567 7.0735 15.9755
      vertex 5.11375 7.32829 15.933
      vertex 5.08424 7.23747 15.9755
    endloop
  endfacet
  facet normal 0.197837 0.930758 0.307491
    outer loop
      vertex 5.18762 7.55566 15.604
      vertex 5.88726 7.37411 15.7034
      vertex 5.89064 7.40623 15.604
    endloop
  endfacet
  facet normal 0.197831 0.930751 0.307515
    outer loop
      vertex 5.88726 7.37411 15.7034
      vertex 5.18762 7.55566 15.604
      vertex 5.17764 7.52494 15.7034
    endloop
  endfacet
  facet normal 0.207904 0.978149 -0
    outer loop
      vertex 5.89178 7.4171 0.5
      vertex 5.191 7.56605 15.5
      vertex 5.89178 7.4171 15.5
    endloop
  endfacet
  facet normal 0.207904 0.978149 0
    outer loop
      vertex 5.191 7.56605 15.5
      vertex 5.89178 7.4171 0.5
      vertex 5.191 7.56605 0.5
    endloop
  endfacet
  facet normal -0.154892 0.728693 -0.667094
    outer loop
      vertex -5.87449 7.25257 0.128428
      vertex -5.16149 7.47524 0.206108
      vertex -5.13988 7.40872 0.128428
    endloop
  endfacet
  facet normal -0.154892 0.728691 -0.667096
    outer loop
      vertex -5.16149 7.47524 0.206108
      vertex -5.87449 7.25257 0.128428
      vertex -5.8818 7.32213 0.206108
    endloop
  endfacet
  facet normal -0.0849509 0.399669 -0.912715
    outer loop
      vertex -5.85567 7.0735 0.0244722
      vertex -5.11375 7.32829 0.066988
      vertex -5.08424 7.23747 0.0244722
    endloop
  endfacet
  facet normal -0.0849523 0.399673 -0.912713
    outer loop
      vertex -5.11375 7.32829 0.066988
      vertex -5.85567 7.0735 0.0244722
      vertex -5.86565 7.16847 0.066988
    endloop
  endfacet
  facet normal 0.122599 0.576769 0.807655
    outer loop
      vertex 5.13988 7.40872 15.8716
      vertex 5.86565 7.16847 15.933
      vertex 5.87449 7.25257 15.8716
    endloop
  endfacet
  facet normal 0.12259 0.576747 0.807672
    outer loop
      vertex 5.86565 7.16847 15.933
      vertex 5.13988 7.40872 15.8716
      vertex 5.11375 7.32829 15.933
    endloop
  endfacet
  facet normal 0.0435845 0.205052 0.97778
    outer loop
      vertex 5.08424 7.23747 15.9755
      vertex 5.84498 6.97182 15.9973
      vertex 5.85567 7.0735 15.9755
    endloop
  endfacet
  facet normal 0.0435816 0.205044 0.977782
    outer loop
      vertex 5.84498 6.97182 15.9973
      vertex 5.08424 7.23747 15.9755
      vertex 5.05264 7.14023 15.9973
    endloop
  endfacet
  facet normal -0.0435816 0.205044 0.977782
    outer loop
      vertex -5.08424 7.23747 15.9755
      vertex -5.84498 6.97182 15.9973
      vertex -5.05264 7.14023 15.9973
    endloop
  endfacet
  facet normal -0.0435845 0.205052 0.97778
    outer loop
      vertex -5.84498 6.97182 15.9973
      vertex -5.08424 7.23747 15.9755
      vertex -5.85567 7.0735 15.9755
    endloop
  endfacet
  facet normal 0.180297 0.848255 -0.497953
    outer loop
      vertex 5.8818 7.32213 0.206108
      vertex 5.17764 7.52494 0.296632
      vertex 5.88726 7.37411 0.296632
    endloop
  endfacet
  facet normal 0.180312 0.848284 -0.497898
    outer loop
      vertex 5.17764 7.52494 0.296632
      vertex 5.8818 7.32213 0.206108
      vertex 5.16149 7.47524 0.206108
    endloop
  endfacet
  facet normal 0.0849523 0.399673 -0.912713
    outer loop
      vertex 5.85567 7.0735 0.0244722
      vertex 5.11375 7.32829 0.066988
      vertex 5.86565 7.16847 0.066988
    endloop
  endfacet
  facet normal 0.0849509 0.399669 -0.912715
    outer loop
      vertex 5.11375 7.32829 0.066988
      vertex 5.85567 7.0735 0.0244722
      vertex 5.08424 7.23747 0.0244722
    endloop
  endfacet
  facet normal 0.122651 0.577014 -0.807472
    outer loop
      vertex 5.86565 7.16847 0.066988
      vertex 5.13988 7.40872 0.128428
      vertex 5.87449 7.25257 0.128428
    endloop
  endfacet
  facet normal 0.122643 0.576992 -0.807489
    outer loop
      vertex 5.13988 7.40872 0.128428
      vertex 5.86565 7.16847 0.066988
      vertex 5.11375 7.32829 0.066988
    endloop
  endfacet
  facet normal 0.154892 0.728691 -0.667096
    outer loop
      vertex 5.87449 7.25257 0.128428
      vertex 5.16149 7.47524 0.206108
      vertex 5.8818 7.32213 0.206108
    endloop
  endfacet
  facet normal 0.154892 0.728693 -0.667094
    outer loop
      vertex 5.16149 7.47524 0.206108
      vertex 5.87449 7.25257 0.128428
      vertex 5.13988 7.40872 0.128428
    endloop
  endfacet
  facet normal 0.043455 0.204443 -0.977913
    outer loop
      vertex 5.84498 6.97182 0.00273991
      vertex 5.08424 7.23747 0.0244722
      vertex 5.85567 7.0735 0.0244722
    endloop
  endfacet
  facet normal 0.0434522 0.204435 -0.977915
    outer loop
      vertex 5.08424 7.23747 0.0244722
      vertex 5.84498 6.97182 0.00273991
      vertex 5.05264 7.14023 0.00273991
    endloop
  endfacet
  facet normal -0.0849246 0.399545 0.912771
    outer loop
      vertex -5.11375 7.32829 15.933
      vertex -5.85567 7.0735 15.9755
      vertex -5.08424 7.23747 15.9755
    endloop
  endfacet
  facet normal -0.084926 0.399549 0.91277
    outer loop
      vertex -5.85567 7.0735 15.9755
      vertex -5.11375 7.32829 15.933
      vertex -5.86565 7.16847 15.933
    endloop
  endfacet
  facet normal -0.1803 0.848228 0.497997
    outer loop
      vertex -5.17764 7.52494 15.7034
      vertex -5.8818 7.32213 15.7939
      vertex -5.16149 7.47524 15.7939
    endloop
  endfacet
  facet normal -0.180285 0.848199 0.498052
    outer loop
      vertex -5.8818 7.32213 15.7939
      vertex -5.17764 7.52494 15.7034
      vertex -5.88726 7.37411 15.7034
    endloop
  endfacet
  facet normal -0.12259 0.576747 0.807672
    outer loop
      vertex -5.13988 7.40872 15.8716
      vertex -5.86565 7.16847 15.933
      vertex -5.11375 7.32829 15.933
    endloop
  endfacet
  facet normal -0.122599 0.576769 0.807655
    outer loop
      vertex -5.86565 7.16847 15.933
      vertex -5.13988 7.40872 15.8716
      vertex -5.87449 7.25257 15.8716
    endloop
  endfacet
  facet normal -0.15491 0.728777 0.666999
    outer loop
      vertex -5.16149 7.47524 15.7939
      vertex -5.87449 7.25257 15.8716
      vertex -5.13988 7.40872 15.8716
    endloop
  endfacet
  facet normal -0.154909 0.728775 0.667001
    outer loop
      vertex -5.87449 7.25257 15.8716
      vertex -5.16149 7.47524 15.7939
      vertex -5.8818 7.32213 15.7939
    endloop
  endfacet
  facet normal 0.743141 0.669135 0
    outer loop
      vertex 3.95689 8.27857 15.5
      vertex 3.4775 8.81098 0.5
      vertex 3.4775 8.81098 15.5
    endloop
  endfacet
  facet normal 0.743141 0.669135 0
    outer loop
      vertex 3.4775 8.81098 0.5
      vertex 3.95689 8.27857 15.5
      vertex 3.95689 8.27857 0.5
    endloop
  endfacet
  facet normal -0.73912 0.665515 -0.103882
    outer loop
      vertex -3.46867 8.80456 0.396045
      vertex -3.95689 8.27857 0.5
      vertex -3.4775 8.81098 0.5
    endloop
  endfacet
  facet normal -0.739121 0.665503 -0.10395
    outer loop
      vertex -3.95689 8.27857 0.5
      vertex -3.46867 8.80456 0.396045
      vertex -3.94959 8.27044 0.396045
    endloop
  endfacet
  facet normal -0.707118 0.636687 0.307593
    outer loop
      vertex -3.94959 8.27044 15.604
      vertex -3.44253 8.78557 15.7034
      vertex -3.46867 8.80456 15.604
    endloop
  endfacet
  facet normal -0.707126 0.636706 0.307535
    outer loop
      vertex -3.44253 8.78557 15.7034
      vertex -3.94959 8.27044 15.604
      vertex -3.92797 8.24644 15.7034
    endloop
  endfacet
  facet normal 0.644466 0.580286 -0.497928
    outer loop
      vertex 3.92797 8.24644 0.296632
      vertex 3.40025 8.75485 0.206108
      vertex 3.44253 8.78557 0.296632
    endloop
  endfacet
  facet normal 0.644464 0.580282 -0.497935
    outer loop
      vertex 3.40025 8.75485 0.206108
      vertex 3.92797 8.24644 0.296632
      vertex 3.893 8.2076 0.206108
    endloop
  endfacet
  facet normal 0.155781 0.140264 0.977782
    outer loop
      vertex 3.198 8.60791 15.9755
      vertex 3.6573 7.94583 15.9973
      vertex 3.72571 8.02182 15.9755
    endloop
  endfacet
  facet normal 0.155778 0.140262 0.977783
    outer loop
      vertex 3.6573 7.94583 15.9973
      vertex 3.198 8.60791 15.9755
      vertex 3.11528 8.54781 15.9973
    endloop
  endfacet
  facet normal -0.743141 0.669135 0
    outer loop
      vertex -3.95689 8.27857 0.5
      vertex -3.4775 8.81098 15.5
      vertex -3.4775 8.81098 0.5
    endloop
  endfacet
  facet normal -0.743141 0.669135 0
    outer loop
      vertex -3.4775 8.81098 15.5
      vertex -3.95689 8.27857 0.5
      vertex -3.95689 8.27857 15.5
    endloop
  endfacet
  facet normal -0.739124 0.665518 0.103837
    outer loop
      vertex -3.95689 8.27857 15.5
      vertex -3.46867 8.80456 15.604
      vertex -3.4775 8.81098 15.5
    endloop
  endfacet
  facet normal -0.739125 0.665506 0.103906
    outer loop
      vertex -3.46867 8.80456 15.604
      vertex -3.95689 8.27857 15.5
      vertex -3.94959 8.27044 15.604
    endloop
  endfacet
  facet normal 0.739124 0.665518 0.103837
    outer loop
      vertex 3.46867 8.80456 15.604
      vertex 3.95689 8.27857 15.5
      vertex 3.4775 8.81098 15.5
    endloop
  endfacet
  facet normal 0.739125 0.665506 0.103906
    outer loop
      vertex 3.95689 8.27857 15.5
      vertex 3.46867 8.80456 15.604
      vertex 3.94959 8.27044 15.604
    endloop
  endfacet
  facet normal -0.438169 0.394532 0.807683
    outer loop
      vertex -3.34367 8.71374 15.8716
      vertex -3.78961 8.09278 15.933
      vertex -3.27525 8.66403 15.933
    endloop
  endfacet
  facet normal -0.438192 0.394547 0.807664
    outer loop
      vertex -3.78961 8.09278 15.933
      vertex -3.34367 8.71374 15.8716
      vertex -3.8462 8.15562 15.8716
    endloop
  endfacet
  facet normal -0.155778 0.140262 0.977783
    outer loop
      vertex -3.198 8.60791 15.9755
      vertex -3.6573 7.94583 15.9973
      vertex -3.11528 8.54781 15.9973
    endloop
  endfacet
  facet normal -0.155781 0.140264 0.977782
    outer loop
      vertex -3.6573 7.94583 15.9973
      vertex -3.198 8.60791 15.9755
      vertex -3.72571 8.02182 15.9755
    endloop
  endfacet
  facet normal -0.55364 0.498496 -0.667072
    outer loop
      vertex -3.8462 8.15562 0.128428
      vertex -3.40025 8.75485 0.206108
      vertex -3.34367 8.71374 0.128428
    endloop
  endfacet
  facet normal -0.553617 0.498483 -0.667101
    outer loop
      vertex -3.40025 8.75485 0.206108
      vertex -3.8462 8.15562 0.128428
      vertex -3.893 8.2076 0.206108
    endloop
  endfacet
  facet normal -0.644466 0.580286 -0.497928
    outer loop
      vertex -3.40025 8.75485 0.206108
      vertex -3.92797 8.24644 0.296632
      vertex -3.44253 8.78557 0.296632
    endloop
  endfacet
  facet normal -0.644464 0.580282 -0.497935
    outer loop
      vertex -3.92797 8.24644 0.296632
      vertex -3.40025 8.75485 0.206108
      vertex -3.893 8.2076 0.206108
    endloop
  endfacet
  facet normal -0.644424 0.580248 0.498027
    outer loop
      vertex -3.92797 8.24644 15.7034
      vertex -3.40025 8.75485 15.7939
      vertex -3.44253 8.78557 15.7034
    endloop
  endfacet
  facet normal -0.644421 0.580244 0.498034
    outer loop
      vertex -3.40025 8.75485 15.7939
      vertex -3.92797 8.24644 15.7034
      vertex -3.893 8.2076 15.7939
    endloop
  endfacet
  facet normal -0.553703 0.498553 0.666976
    outer loop
      vertex -3.40025 8.75485 15.7939
      vertex -3.8462 8.15562 15.8716
      vertex -3.34367 8.71374 15.8716
    endloop
  endfacet
  facet normal -0.55368 0.49854 0.667006
    outer loop
      vertex -3.8462 8.15562 15.8716
      vertex -3.40025 8.75485 15.7939
      vertex -3.893 8.2076 15.7939
    endloop
  endfacet
  facet normal 0.155319 0.139847 -0.977916
    outer loop
      vertex 3.6573 7.94583 0.00273991
      vertex 3.198 8.60791 0.0244722
      vertex 3.72571 8.02182 0.0244722
    endloop
  endfacet
  facet normal 0.155315 0.139845 -0.977916
    outer loop
      vertex 3.198 8.60791 0.0244722
      vertex 3.6573 7.94583 0.00273991
      vertex 3.11528 8.54781 0.00273991
    endloop
  endfacet
  facet normal 0.303652 0.273412 -0.912711
    outer loop
      vertex 3.72571 8.02182 0.0244722
      vertex 3.27525 8.66403 0.066988
      vertex 3.78961 8.09278 0.066988
    endloop
  endfacet
  facet normal 0.303679 0.273429 -0.912697
    outer loop
      vertex 3.27525 8.66403 0.066988
      vertex 3.72571 8.02182 0.0244722
      vertex 3.198 8.60791 0.0244722
    endloop
  endfacet
  facet normal -0.303679 0.273429 -0.912697
    outer loop
      vertex -3.72571 8.02182 0.0244722
      vertex -3.27525 8.66403 0.066988
      vertex -3.198 8.60791 0.0244722
    endloop
  endfacet
  facet normal -0.303652 0.273412 -0.912711
    outer loop
      vertex -3.27525 8.66403 0.066988
      vertex -3.72571 8.02182 0.0244722
      vertex -3.78961 8.09278 0.066988
    endloop
  endfacet
  facet normal 0.707118 0.636687 0.307593
    outer loop
      vertex 3.44253 8.78557 15.7034
      vertex 3.94959 8.27044 15.604
      vertex 3.46867 8.80456 15.604
    endloop
  endfacet
  facet normal 0.707126 0.636706 0.307535
    outer loop
      vertex 3.94959 8.27044 15.604
      vertex 3.44253 8.78557 15.7034
      vertex 3.92797 8.24644 15.7034
    endloop
  endfacet
  facet normal -0.707127 0.636695 -0.307557
    outer loop
      vertex -3.44253 8.78557 0.296632
      vertex -3.94959 8.27044 0.396045
      vertex -3.46867 8.80456 0.396045
    endloop
  endfacet
  facet normal -0.707135 0.636714 -0.307499
    outer loop
      vertex -3.94959 8.27044 0.396045
      vertex -3.44253 8.78557 0.296632
      vertex -3.92797 8.24644 0.296632
    endloop
  endfacet
  facet normal -0.303585 0.273345 0.912754
    outer loop
      vertex -3.27525 8.66403 15.933
      vertex -3.72571 8.02182 15.9755
      vertex -3.198 8.60791 15.9755
    endloop
  endfacet
  facet normal -0.303558 0.273327 0.912768
    outer loop
      vertex -3.72571 8.02182 15.9755
      vertex -3.27525 8.66403 15.933
      vertex -3.78961 8.09278 15.933
    endloop
  endfacet
  facet normal 0.644424 0.580248 0.498027
    outer loop
      vertex 3.40025 8.75485 15.7939
      vertex 3.92797 8.24644 15.7034
      vertex 3.44253 8.78557 15.7034
    endloop
  endfacet
  facet normal 0.644421 0.580244 0.498034
    outer loop
      vertex 3.92797 8.24644 15.7034
      vertex 3.40025 8.75485 15.7939
      vertex 3.893 8.2076 15.7939
    endloop
  endfacet
  facet normal 0.707127 0.636695 -0.307557
    outer loop
      vertex 3.94959 8.27044 0.396045
      vertex 3.44253 8.78557 0.296632
      vertex 3.46867 8.80456 0.396045
    endloop
  endfacet
  facet normal 0.707135 0.636714 -0.307499
    outer loop
      vertex 3.44253 8.78557 0.296632
      vertex 3.94959 8.27044 0.396045
      vertex 3.92797 8.24644 0.296632
    endloop
  endfacet
  facet normal 0.438378 0.394714 -0.807481
    outer loop
      vertex 3.78961 8.09278 0.066988
      vertex 3.34367 8.71374 0.128428
      vertex 3.8462 8.15562 0.128428
    endloop
  endfacet
  facet normal 0.438355 0.3947 -0.8075
    outer loop
      vertex 3.34367 8.71374 0.128428
      vertex 3.78961 8.09278 0.066988
      vertex 3.27525 8.66403 0.066988
    endloop
  endfacet
  facet normal 0.553617 0.498483 -0.667101
    outer loop
      vertex 3.8462 8.15562 0.128428
      vertex 3.40025 8.75485 0.206108
      vertex 3.893 8.2076 0.206108
    endloop
  endfacet
  facet normal 0.55364 0.498496 -0.667072
    outer loop
      vertex 3.40025 8.75485 0.206108
      vertex 3.8462 8.15562 0.128428
      vertex 3.34367 8.71374 0.128428
    endloop
  endfacet
  facet normal -0.155315 0.139845 -0.977916
    outer loop
      vertex -3.6573 7.94583 0.00273991
      vertex -3.198 8.60791 0.0244722
      vertex -3.11528 8.54781 0.00273991
    endloop
  endfacet
  facet normal -0.155319 0.139847 -0.977916
    outer loop
      vertex -3.198 8.60791 0.0244722
      vertex -3.6573 7.94583 0.00273991
      vertex -3.72571 8.02182 0.0244722
    endloop
  endfacet
  facet normal 0.55368 0.49854 0.667006
    outer loop
      vertex 3.40025 8.75485 15.7939
      vertex 3.8462 8.15562 15.8716
      vertex 3.893 8.2076 15.7939
    endloop
  endfacet
  facet normal 0.553703 0.498553 0.666976
    outer loop
      vertex 3.8462 8.15562 15.8716
      vertex 3.40025 8.75485 15.7939
      vertex 3.34367 8.71374 15.8716
    endloop
  endfacet
  facet normal 0.303558 0.273327 0.912768
    outer loop
      vertex 3.27525 8.66403 15.933
      vertex 3.72571 8.02182 15.9755
      vertex 3.78961 8.09278 15.933
    endloop
  endfacet
  facet normal 0.303585 0.273345 0.912754
    outer loop
      vertex 3.72571 8.02182 15.9755
      vertex 3.27525 8.66403 15.933
      vertex 3.198 8.60791 15.9755
    endloop
  endfacet
  facet normal 0.73912 0.665515 -0.103882
    outer loop
      vertex 3.95689 8.27857 0.5
      vertex 3.46867 8.80456 0.396045
      vertex 3.4775 8.81098 0.5
    endloop
  endfacet
  facet normal 0.739121 0.665503 -0.10395
    outer loop
      vertex 3.46867 8.80456 0.396045
      vertex 3.95689 8.27857 0.5
      vertex 3.94959 8.27044 0.396045
    endloop
  endfacet
  facet normal -0.438355 0.3947 -0.8075
    outer loop
      vertex -3.78961 8.09278 0.066988
      vertex -3.34367 8.71374 0.128428
      vertex -3.27525 8.66403 0.066988
    endloop
  endfacet
  facet normal -0.438378 0.394714 -0.807481
    outer loop
      vertex -3.34367 8.71374 0.128428
      vertex -3.78961 8.09278 0.066988
      vertex -3.8462 8.15562 0.128428
    endloop
  endfacet
  facet normal 0.438192 0.394547 0.807664
    outer loop
      vertex 3.34367 8.71374 15.8716
      vertex 3.78961 8.09278 15.933
      vertex 3.8462 8.15562 15.8716
    endloop
  endfacet
  facet normal 0.438169 0.394532 0.807683
    outer loop
      vertex 3.78961 8.09278 15.933
      vertex 3.34367 8.71374 15.8716
      vertex 3.27525 8.66403 15.933
    endloop
  endfacet
  facet normal -0.206807 0.972849 -0.1039
    outer loop
      vertex -7.12413 7.49392 0.396045
      vertex -7.22414 7.47266 0.396045
      vertex -7.12527 7.50478 0.5
    endloop
  endfacet
  facet normal -0.20675 0.972855 -0.103956
    outer loop
      vertex -7.22414 7.47266 0.396045
      vertex -7.22752 7.48305 0.5
      vertex -7.12527 7.50478 0.5
    endloop
  endfacet
  facet normal -0.404496 0.908616 0.10392
    outer loop
      vertex -7.22752 7.48305 15.5
      vertex -7.32301 7.44054 15.5
      vertex -7.22414 7.47266 15.604
    endloop
  endfacet
  facet normal -0.207876 0.978155 0
    outer loop
      vertex -7.12527 7.50478 0.5
      vertex -7.22752 7.48305 15.5
      vertex -7.12527 7.50478 15.5
    endloop
  endfacet
  facet normal -0.207876 0.978155 0
    outer loop
      vertex -7.22752 7.48305 15.5
      vertex -7.12527 7.50478 0.5
      vertex -7.22752 7.48305 0.5
    endloop
  endfacet
  facet normal -0.387074 0.869266 0.307491
    outer loop
      vertex -7.22414 7.47266 15.604
      vertex -7.31754 7.43107 15.604
      vertex -7.30139 7.4031 15.7034
    endloop
  endfacet
  facet normal -0.438337 0.394649 -0.807535
    outer loop
      vertex -7.33729 7.12566 0.0865794
      vertex -7.24029 7.19331 0.066988
      vertex -7.31924 7.10562 0.066988
    endloop
  endfacet
  facet normal -0.438379 0.394727 -0.807474
    outer loop
      vertex -7.24029 7.19331 0.066988
      vertex -7.33729 7.12566 0.0865794
      vertex -7.42263 7.11649 0.128428
    endloop
  endfacet
  facet normal -0.352698 0.792262 -0.497921
    outer loop
      vertex -7.27526 7.35784 0.206108
      vertex -7.30139 7.4031 0.296632
      vertex -7.19801 7.39223 0.206108
    endloop
  endfacet
  facet normal -0.584539 0.804678 -0.103958
    outer loop
      vertex -7.40026 7.37098 0.396045
      vertex -7.40757 7.3791 0.5
      vertex -7.31754 7.43107 0.396045
    endloop
  endfacet
  facet normal 0.197846 0.930768 -0.307455
    outer loop
      vertex -6.61274 7.37411 0.296632
      vertex -6.92188 7.47266 0.396045
      vertex -6.60936 7.40623 0.396045
    endloop
  endfacet
  facet normal 0.19783 0.930758 -0.307495
    outer loop
      vertex -6.92188 7.47266 0.396045
      vertex -6.61274 7.37411 0.296632
      vertex -7.02526 7.46179 0.296632
    endloop
  endfacet
  facet normal -0.50974 0.701598 -0.497921
    outer loop
      vertex -7.27526 7.35784 0.206108
      vertex -7.34368 7.30813 0.206108
      vertex -7.30139 7.4031 0.296632
    endloop
  endfacet
  facet normal 0 1 -0
    outer loop
      vertex -7.02074 7.50478 0.5
      vertex -7.12527 7.50478 15.5
      vertex -7.02074 7.50478 15.5
    endloop
  endfacet
  facet normal 0 1 0
    outer loop
      vertex -7.12527 7.50478 15.5
      vertex -7.02074 7.50478 0.5
      vertex -7.12527 7.50478 0.5
    endloop
  endfacet
  facet normal -0.352741 0.792215 -0.497965
    outer loop
      vertex -7.19801 7.39223 0.206108
      vertex -7.30139 7.4031 0.296632
      vertex -7.21416 7.44194 0.296632
    endloop
  endfacet
  facet normal -0.437891 0.602705 -0.667082
    outer loop
      vertex -7.24029 7.29727 0.128428
      vertex -7.34368 7.30813 0.206108
      vertex -7.27526 7.35784 0.206108
    endloop
  endfacet
  facet normal 0.206778 0.972845 -0.103993
    outer loop
      vertex -6.60936 7.40623 0.396045
      vertex -6.9185 7.48305 0.5
      vertex -6.60822 7.4171 0.5
    endloop
  endfacet
  facet normal 0.206791 0.972847 -0.103957
    outer loop
      vertex -6.9185 7.48305 0.5
      vertex -6.60936 7.40623 0.396045
      vertex -6.92188 7.47266 0.396045
    endloop
  endfacet
  facet normal -0.404494 0.908612 -0.103965
    outer loop
      vertex -7.22414 7.47266 0.396045
      vertex -7.32301 7.44054 0.5
      vertex -7.22752 7.48305 0.5
    endloop
  endfacet
  facet normal 0.207895 0.978151 -0
    outer loop
      vertex -6.9185 7.48305 0.5
      vertex -7.02074 7.50478 15.5
      vertex -6.9185 7.48305 15.5
    endloop
  endfacet
  facet normal 0.207895 0.978151 0
    outer loop
      vertex -7.02074 7.50478 15.5
      vertex -6.9185 7.48305 0.5
      vertex -7.02074 7.50478 0.5
    endloop
  endfacet
  facet normal -0.587808 0.809001 0
    outer loop
      vertex -7.32301 7.44054 0.5
      vertex -7.40757 7.3791 15.5
      vertex -7.32301 7.44054 15.5
    endloop
  endfacet
  facet normal -0.587808 0.809001 0
    outer loop
      vertex -7.40757 7.3791 15.5
      vertex -7.32301 7.44054 0.5
      vertex -7.40757 7.3791 0.5
    endloop
  endfacet
  facet normal -0.437913 0.602663 -0.667105
    outer loop
      vertex -7.29688 7.25615 0.128428
      vertex -7.34368 7.30813 0.206108
      vertex -7.24029 7.29727 0.128428
    endloop
  endfacet
  facet normal -0.437941 0.602774 0.666986
    outer loop
      vertex -7.27526 7.35784 15.7939
      vertex -7.34368 7.30813 15.7939
      vertex -7.24029 7.29727 15.8716
    endloop
  endfacet
  facet normal -0.406698 0.913563 0
    outer loop
      vertex -7.22752 7.48305 0.5
      vertex -7.32301 7.44054 15.5
      vertex -7.22752 7.48305 15.5
    endloop
  endfacet
  facet normal -0.406698 0.913563 0
    outer loop
      vertex -7.32301 7.44054 15.5
      vertex -7.22752 7.48305 0.5
      vertex -7.32301 7.44054 0.5
    endloop
  endfacet
  facet normal -0.04341 0.204429 -0.977918
    outer loop
      vertex -7.07847 7.0595 0.00273991
      vertex -7.08916 7.05723 0.00273991
      vertex -7.08916 7.16119 0.0244722
    endloop
  endfacet
  facet normal -0.74313 0.669147 0
    outer loop
      vertex -7.48653 7.29141 0.5
      vertex -7.40757 7.3791 15.5
      vertex -7.40757 7.3791 0.5
    endloop
  endfacet
  facet normal -0.74313 0.669147 0
    outer loop
      vertex -7.40757 7.3791 15.5
      vertex -7.48653 7.29141 0.5
      vertex -7.48653 7.29141 15.5
    endloop
  endfacet
  facet normal 0.206769 0.972851 -0.103957
    outer loop
      vertex -6.92188 7.47266 0.396045
      vertex -7.02074 7.50478 0.5
      vertex -6.9185 7.48305 0.5
    endloop
  endfacet
  facet normal 0.207906 0.978149 -0
    outer loop
      vertex -6.60822 7.4171 0.5
      vertex -6.9185 7.48305 15.5
      vertex -6.60822 7.4171 15.5
    endloop
  endfacet
  facet normal 0.207906 0.978149 0
    outer loop
      vertex -6.9185 7.48305 15.5
      vertex -6.60822 7.4171 0.5
      vertex -6.9185 7.48305 0.5
    endloop
  endfacet
  facet normal -0.197793 0.930771 -0.307478
    outer loop
      vertex -7.21416 7.44194 0.296632
      vertex -7.22414 7.47266 0.396045
      vertex -7.12075 7.46179 0.296632
    endloop
  endfacet
  facet normal -0.197855 0.930738 -0.307539
    outer loop
      vertex -7.12075 7.46179 0.296632
      vertex -7.22414 7.47266 0.396045
      vertex -7.12413 7.49392 0.396045
    endloop
  endfacet
  facet normal 0.20677 0.972856 0.103912
    outer loop
      vertex -6.9185 7.48305 15.5
      vertex -7.02074 7.50478 15.5
      vertex -6.92188 7.47266 15.604
    endloop
  endfacet
  facet normal -0.0850184 0.190936 -0.977914
    outer loop
      vertex -7.08916 7.05723 0.00273991
      vertex -7.15026 7.14133 0.0244722
      vertex -7.12075 7.15447 0.0244722
    endloop
  endfacet
  facet normal 0 0.74497 -0.667098
    outer loop
      vertex -7.03804 7.34026 0.128428
      vertex -7.11529 7.40982 0.206108
      vertex -7.03073 7.40982 0.206108
    endloop
  endfacet
  facet normal 0 0.74497 -0.667098
    outer loop
      vertex -7.11529 7.40982 0.206108
      vertex -7.03804 7.34026 0.128428
      vertex -7.10798 7.34026 0.128428
    endloop
  endfacet
  facet normal -0.559297 0.769843 -0.307456
    outer loop
      vertex -7.30139 7.4031 0.296632
      vertex -7.37865 7.34697 0.296632
      vertex -7.31754 7.43107 0.396045
    endloop
  endfacet
  facet normal 0.197856 0.930744 -0.307521
    outer loop
      vertex -6.92188 7.47266 0.396045
      vertex -7.02526 7.46179 0.296632
      vertex -7.02189 7.49392 0.396045
    endloop
  endfacet
  facet normal 0.206807 0.972847 -0.103919
    outer loop
      vertex -6.92188 7.47266 0.396045
      vertex -7.02189 7.49392 0.396045
      vertex -7.02074 7.50478 0.5
    endloop
  endfacet
  facet normal -0.122724 0.577015 -0.80746
    outer loop
      vertex -7.15026 7.24529 0.066988
      vertex -7.17639 7.32571 0.128428
      vertex -7.10798 7.34026 0.128428
    endloop
  endfacet
  facet normal -0.387055 0.86928 -0.307476
    outer loop
      vertex -7.21416 7.44194 0.296632
      vertex -7.30139 7.4031 0.296632
      vertex -7.22414 7.47266 0.396045
    endloop
  endfacet
  facet normal -0.180258 0.848255 -0.497966
    outer loop
      vertex -7.19801 7.39223 0.206108
      vertex -7.21416 7.44194 0.296632
      vertex -7.12075 7.46179 0.296632
    endloop
  endfacet
  facet normal 0.180298 0.848196 0.498052
    outer loop
      vertex -6.61274 7.37411 15.7034
      vertex -7.03073 7.40982 15.7939
      vertex -6.6182 7.32213 15.7939
    endloop
  endfacet
  facet normal -0.438369 0.394677 -0.807504
    outer loop
      vertex -7.24029 7.19331 0.066988
      vertex -7.42263 7.11649 0.128428
      vertex -7.34368 7.20418 0.128428
    endloop
  endfacet
  facet normal -0.155314 0.13985 -0.977916
    outer loop
      vertex -7.25535 7.03466 0.0244722
      vertex -7.10798 7.04636 0.00273991
      vertex -7.18693 6.95868 0.00273991
    endloop
  endfacet
  facet normal -0.155315 0.139868 -0.977913
    outer loop
      vertex -7.10798 7.04636 0.00273991
      vertex -7.25535 7.03466 0.0244722
      vertex -7.17639 7.12234 0.0244722
    endloop
  endfacet
  facet normal -0.166203 0.373261 -0.912717
    outer loop
      vertex -7.15026 7.14133 0.0244722
      vertex -7.19801 7.22403 0.066988
      vertex -7.12075 7.15447 0.0244722
    endloop
  endfacet
  facet normal -0.0851081 0.190872 -0.977919
    outer loop
      vertex -7.09914 7.05278 0.00273991
      vertex -7.15026 7.14133 0.0244722
      vertex -7.08916 7.05723 0.00273991
    endloop
  endfacet
  facet normal -0.154977 0.728661 -0.66711
    outer loop
      vertex -7.17639 7.32571 0.128428
      vertex -7.19801 7.39223 0.206108
      vertex -7.10798 7.34026 0.128428
    endloop
  endfacet
  facet normal -0.438349 0.394742 -0.807483
    outer loop
      vertex -7.24029 7.19331 0.066988
      vertex -7.34368 7.20418 0.128428
      vertex -7.29688 7.25615 0.128428
    endloop
  endfacet
  facet normal -0.553642 0.498461 -0.667096
    outer loop
      vertex -7.42263 7.22045 0.206108
      vertex -7.34368 7.20418 0.128428
      vertex -7.42263 7.11649 0.128428
    endloop
  endfacet
  facet normal -0.553622 0.4985 -0.667084
    outer loop
      vertex -7.34368 7.20418 0.128428
      vertex -7.42263 7.22045 0.206108
      vertex -7.34368 7.30813 0.206108
    endloop
  endfacet
  facet normal -0.180383 0.84828 -0.497879
    outer loop
      vertex -7.11529 7.40982 0.206108
      vertex -7.19801 7.39223 0.206108
      vertex -7.12075 7.46179 0.296632
    endloop
  endfacet
  facet normal -0.302984 0.680591 -0.66708
    outer loop
      vertex -7.24029 7.29727 0.128428
      vertex -7.27526 7.35784 0.206108
      vertex -7.19801 7.39223 0.206108
    endloop
  endfacet
  facet normal -0.739101 0.665519 -0.103991
    outer loop
      vertex -7.46868 7.29499 0.396045
      vertex -7.48653 7.29141 0.5
      vertex -7.40757 7.3791 0.5
    endloop
  endfacet
  facet normal -0.739105 0.665515 -0.103992
    outer loop
      vertex -7.48653 7.29141 0.5
      vertex -7.46868 7.29499 0.396045
      vertex -7.54763 7.20731 0.396045
    endloop
  endfacet
  facet normal 0 0.994587 -0.103903
    outer loop
      vertex -7.02189 7.49392 0.396045
      vertex -7.12527 7.50478 0.5
      vertex -7.02074 7.50478 0.5
    endloop
  endfacet
  facet normal 0 0.994587 -0.103903
    outer loop
      vertex -7.12527 7.50478 0.5
      vertex -7.02189 7.49392 0.396045
      vertex -7.12413 7.49392 0.396045
    endloop
  endfacet
  facet normal 0 0.58986 -0.807505
    outer loop
      vertex -7.09914 7.25615 0.066988
      vertex -7.03804 7.34026 0.128428
      vertex -7.04688 7.25615 0.066988
    endloop
  endfacet
  facet normal 0 0.58986 -0.807505
    outer loop
      vertex -7.03804 7.34026 0.128428
      vertex -7.09914 7.25615 0.066988
      vertex -7.10798 7.34026 0.128428
    endloop
  endfacet
  facet normal 0.154895 0.728691 -0.667096
    outer loop
      vertex -6.62551 7.25257 0.128428
      vertex -7.03073 7.40982 0.206108
      vertex -6.6182 7.32213 0.206108
    endloop
  endfacet
  facet normal -0.707148 0.636703 -0.307492
    outer loop
      vertex -7.37865 7.34697 0.296632
      vertex -7.46868 7.29499 0.396045
      vertex -7.40026 7.37098 0.396045
    endloop
  endfacet
  facet normal -0.387079 0.869276 -0.307455
    outer loop
      vertex -7.30139 7.4031 0.296632
      vertex -7.31754 7.43107 0.396045
      vertex -7.22414 7.47266 0.396045
    endloop
  endfacet
  facet normal 0 0.208992 -0.977917
    outer loop
      vertex -7.07847 7.0595 0.00273991
      vertex -7.05686 7.16119 0.0244722
      vertex -7.06754 7.0595 0.00273991
    endloop
  endfacet
  facet normal 0 0.208992 -0.977917
    outer loop
      vertex -7.05686 7.16119 0.0244722
      vertex -7.07847 7.0595 0.00273991
      vertex -7.08916 7.16119 0.0244722
    endloop
  endfacet
  facet normal -0.346747 0.477228 -0.807478
    outer loop
      vertex -7.24029 7.19331 0.066988
      vertex -7.29688 7.25615 0.128428
      vertex -7.19801 7.22403 0.066988
    endloop
  endfacet
  facet normal -0.240166 0.330541 -0.912723
    outer loop
      vertex -7.17639 7.12234 0.0244722
      vertex -7.24029 7.19331 0.066988
      vertex -7.19801 7.22403 0.066988
    endloop
  endfacet
  facet normal -0.559247 0.769861 -0.307502
    outer loop
      vertex -7.37865 7.34697 0.296632
      vertex -7.40026 7.37098 0.396045
      vertex -7.31754 7.43107 0.396045
    endloop
  endfacet
  facet normal -0.50972 0.701602 -0.497936
    outer loop
      vertex -7.34368 7.30813 0.206108
      vertex -7.37865 7.34697 0.296632
      vertex -7.30139 7.4031 0.296632
    endloop
  endfacet
  facet normal -0.553585 0.498514 -0.667103
    outer loop
      vertex -7.29688 7.25615 0.128428
      vertex -7.34368 7.20418 0.128428
      vertex -7.34368 7.30813 0.206108
    endloop
  endfacet
  facet normal 0 0.867243 -0.497886
    outer loop
      vertex -7.03073 7.40982 0.206108
      vertex -7.12075 7.46179 0.296632
      vertex -7.02526 7.46179 0.296632
    endloop
  endfacet
  facet normal 0 0.867243 -0.497886
    outer loop
      vertex -7.12075 7.46179 0.296632
      vertex -7.03073 7.40982 0.206108
      vertex -7.11529 7.40982 0.206108
    endloop
  endfacet
  facet normal 0.122651 0.577014 -0.807472
    outer loop
      vertex -6.99575 7.24529 0.066988
      vertex -6.62551 7.25257 0.128428
      vertex -6.63435 7.16847 0.066988
    endloop
  endfacet
  facet normal 0.122652 0.577007 -0.807477
    outer loop
      vertex -6.62551 7.25257 0.128428
      vertex -6.99575 7.24529 0.066988
      vertex -7.03804 7.34026 0.128428
    endloop
  endfacet
  facet normal 0 0.951537 -0.307534
    outer loop
      vertex -7.02526 7.46179 0.296632
      vertex -7.12413 7.49392 0.396045
      vertex -7.02189 7.49392 0.396045
    endloop
  endfacet
  facet normal 0 0.951537 -0.307534
    outer loop
      vertex -7.12413 7.49392 0.396045
      vertex -7.02526 7.46179 0.296632
      vertex -7.12075 7.46179 0.296632
    endloop
  endfacet
  facet normal 0.0434506 0.204428 -0.977917
    outer loop
      vertex -7.05686 7.05723 0.00273991
      vertex -7.06754 7.0595 0.00273991
      vertex -7.05686 7.16119 0.0244722
    endloop
  endfacet
  facet normal -0.584616 0.804609 -0.104059
    outer loop
      vertex -7.31754 7.43107 0.396045
      vertex -7.40757 7.3791 0.5
      vertex -7.32301 7.44054 0.5
    endloop
  endfacet
  facet normal -0.404574 0.908566 -0.104056
    outer loop
      vertex -7.31754 7.43107 0.396045
      vertex -7.32301 7.44054 0.5
      vertex -7.22414 7.47266 0.396045
    endloop
  endfacet
  facet normal -0.303685 0.273417 -0.912698
    outer loop
      vertex -7.25535 7.03466 0.0244722
      vertex -7.31924 7.10562 0.066988
      vertex -7.24029 7.19331 0.066988
    endloop
  endfacet
  facet normal -0.346756 0.477211 -0.807484
    outer loop
      vertex -7.19801 7.22403 0.066988
      vertex -7.29688 7.25615 0.128428
      vertex -7.24029 7.29727 0.128428
    endloop
  endfacet
  facet normal 0.122551 0.576983 -0.80751
    outer loop
      vertex -6.99575 7.24529 0.066988
      vertex -7.04688 7.25615 0.066988
      vertex -7.03804 7.34026 0.128428
    endloop
  endfacet
  facet normal -0.122812 0.169105 -0.977917
    outer loop
      vertex -7.10798 7.04636 0.00273991
      vertex -7.15026 7.14133 0.0244722
      vertex -7.09914 7.05278 0.00273991
    endloop
  endfacet
  facet normal -0.122876 0.169076 -0.977914
    outer loop
      vertex -7.10798 7.04636 0.00273991
      vertex -7.17639 7.12234 0.0244722
      vertex -7.15026 7.14133 0.0244722
    endloop
  endfacet
  facet normal -0.240212 0.330528 -0.912715
    outer loop
      vertex -7.17639 7.12234 0.0244722
      vertex -7.19801 7.22403 0.066988
      vertex -7.15026 7.14133 0.0244722
    endloop
  endfacet
  facet normal -0.0434871 0.204428 -0.977915
    outer loop
      vertex -7.08916 7.05723 0.00273991
      vertex -7.12075 7.15447 0.0244722
      vertex -7.08916 7.16119 0.0244722
    endloop
  endfacet
  facet normal -0.303612 0.273417 -0.912723
    outer loop
      vertex -7.17639 7.12234 0.0244722
      vertex -7.25535 7.03466 0.0244722
      vertex -7.24029 7.19331 0.066988
    endloop
  endfacet
  facet normal -0.739127 0.665496 -0.103957
    outer loop
      vertex -7.40026 7.37098 0.396045
      vertex -7.46868 7.29499 0.396045
      vertex -7.40757 7.3791 0.5
    endloop
  endfacet
  facet normal -0.707136 0.636728 -0.307468
    outer loop
      vertex -7.4576 7.25929 0.296632
      vertex -7.46868 7.29499 0.396045
      vertex -7.37865 7.34697 0.296632
    endloop
  endfacet
  facet normal -0.707136 0.636728 -0.307468
    outer loop
      vertex -7.46868 7.29499 0.396045
      vertex -7.4576 7.25929 0.296632
      vertex -7.54763 7.20731 0.396045
    endloop
  endfacet
  facet normal -0.122574 0.57698 -0.807508
    outer loop
      vertex -7.09914 7.25615 0.066988
      vertex -7.15026 7.24529 0.066988
      vertex -7.10798 7.34026 0.128428
    endloop
  endfacet
  facet normal -0.239948 0.538924 -0.807456
    outer loop
      vertex -7.15026 7.24529 0.066988
      vertex -7.19801 7.22403 0.066988
      vertex -7.17639 7.32571 0.128428
    endloop
  endfacet
  facet normal 0.18031 0.848252 -0.497952
    outer loop
      vertex -6.6182 7.32213 0.206108
      vertex -7.03073 7.40982 0.206108
      vertex -6.61274 7.37411 0.296632
    endloop
  endfacet
  facet normal 0.180301 0.848286 -0.497898
    outer loop
      vertex -6.61274 7.37411 0.296632
      vertex -7.03073 7.40982 0.206108
      vertex -7.02526 7.46179 0.296632
    endloop
  endfacet
  facet normal 0.0848992 0.399714 -0.9127
    outer loop
      vertex -6.99575 7.24529 0.066988
      vertex -7.05686 7.16119 0.0244722
      vertex -7.04688 7.25615 0.066988
    endloop
  endfacet
  facet normal 0.0434538 0.204443 -0.977913
    outer loop
      vertex -7.05686 7.05723 0.00273991
      vertex -6.64433 7.0735 0.0244722
      vertex -6.65502 6.97182 0.00273991
    endloop
  endfacet
  facet normal 0.0434546 0.204428 -0.977917
    outer loop
      vertex -6.64433 7.0735 0.0244722
      vertex -7.05686 7.05723 0.00273991
      vertex -7.05686 7.16119 0.0244722
    endloop
  endfacet
  facet normal 0 0.994592 0.103858
    outer loop
      vertex -7.02074 7.50478 15.5
      vertex -7.12413 7.49392 15.604
      vertex -7.02189 7.49392 15.604
    endloop
  endfacet
  facet normal 0 0.994592 0.103858
    outer loop
      vertex -7.12413 7.49392 15.604
      vertex -7.02074 7.50478 15.5
      vertex -7.12527 7.50478 15.5
    endloop
  endfacet
  facet normal -0.584542 0.804682 0.103914
    outer loop
      vertex -7.31754 7.43107 15.604
      vertex -7.40757 7.3791 15.5
      vertex -7.40026 7.37098 15.604
    endloop
  endfacet
  facet normal -0.0850155 0.399649 -0.912717
    outer loop
      vertex -7.12075 7.15447 0.0244722
      vertex -7.15026 7.24529 0.066988
      vertex -7.08916 7.16119 0.0244722
    endloop
  endfacet
  facet normal -0.166193 0.373271 -0.912715
    outer loop
      vertex -7.12075 7.15447 0.0244722
      vertex -7.19801 7.22403 0.066988
      vertex -7.15026 7.24529 0.066988
    endloop
  endfacet
  facet normal -0.644456 0.58029 -0.497935
    outer loop
      vertex -7.34368 7.30813 0.206108
      vertex -7.4576 7.25929 0.296632
      vertex -7.37865 7.34697 0.296632
    endloop
  endfacet
  facet normal -0.644456 0.58029 -0.497935
    outer loop
      vertex -7.4576 7.25929 0.296632
      vertex -7.34368 7.30813 0.206108
      vertex -7.42263 7.22045 0.206108
    endloop
  endfacet
  facet normal -0.154951 0.728682 -0.667093
    outer loop
      vertex -7.10798 7.34026 0.128428
      vertex -7.19801 7.39223 0.206108
      vertex -7.11529 7.40982 0.206108
    endloop
  endfacet
  facet normal 0.154895 0.728691 -0.667096
    outer loop
      vertex -6.62551 7.25257 0.128428
      vertex -7.03804 7.34026 0.128428
      vertex -7.03073 7.40982 0.206108
    endloop
  endfacet
  facet normal 0.0849552 0.399672 -0.912713
    outer loop
      vertex -6.64433 7.0735 0.0244722
      vertex -6.99575 7.24529 0.066988
      vertex -6.63435 7.16847 0.066988
    endloop
  endfacet
  facet normal 0.0849579 0.399677 -0.91271
    outer loop
      vertex -6.99575 7.24529 0.066988
      vertex -6.64433 7.0735 0.0244722
      vertex -7.05686 7.16119 0.0244722
    endloop
  endfacet
  facet normal -0.55929 0.769833 0.307493
    outer loop
      vertex -7.31754 7.43107 15.604
      vertex -7.37865 7.34697 15.7034
      vertex -7.30139 7.4031 15.7034
    endloop
  endfacet
  facet normal -0.239858 0.538922 -0.807484
    outer loop
      vertex -7.19801 7.22403 0.066988
      vertex -7.24029 7.29727 0.128428
      vertex -7.17639 7.32571 0.128428
    endloop
  endfacet
  facet normal -0.30291 0.680588 -0.667117
    outer loop
      vertex -7.17639 7.32571 0.128428
      vertex -7.24029 7.29727 0.128428
      vertex -7.19801 7.39223 0.206108
    endloop
  endfacet
  facet normal -0.0849154 0.399712 -0.912699
    outer loop
      vertex -7.08916 7.16119 0.0244722
      vertex -7.15026 7.24529 0.066988
      vertex -7.09914 7.25615 0.066988
    endloop
  endfacet
  facet normal 0 0.408636 -0.912697
    outer loop
      vertex -7.08916 7.16119 0.0244722
      vertex -7.04688 7.25615 0.066988
      vertex -7.05686 7.16119 0.0244722
    endloop
  endfacet
  facet normal 0 0.408636 -0.912697
    outer loop
      vertex -7.04688 7.25615 0.066988
      vertex -7.08916 7.16119 0.0244722
      vertex -7.09914 7.25615 0.066988
    endloop
  endfacet
  facet normal 0 0.408509 0.912754
    outer loop
      vertex -7.04688 7.25615 15.933
      vertex -7.08916 7.16119 15.9755
      vertex -7.05686 7.16119 15.9755
    endloop
  endfacet
  facet normal 0 0.408509 0.912754
    outer loop
      vertex -7.08916 7.16119 15.9755
      vertex -7.04688 7.25615 15.933
      vertex -7.09914 7.25615 15.933
    endloop
  endfacet
  facet normal -0.206808 0.972854 0.103855
    outer loop
      vertex -7.12527 7.50478 15.5
      vertex -7.22414 7.47266 15.604
      vertex -7.12413 7.49392 15.604
    endloop
  endfacet
  facet normal -0.206751 0.97286 0.103912
    outer loop
      vertex -7.12527 7.50478 15.5
      vertex -7.22752 7.48305 15.5
      vertex -7.22414 7.47266 15.604
    endloop
  endfacet
  facet normal -0.154968 0.728765 0.666998
    outer loop
      vertex -7.11529 7.40982 15.7939
      vertex -7.19801 7.39223 15.7939
      vertex -7.10798 7.34026 15.8716
    endloop
  endfacet
  facet normal 0.206779 0.97285 0.103948
    outer loop
      vertex -6.9185 7.48305 15.5
      vertex -6.60936 7.40623 15.604
      vertex -6.60822 7.4171 15.5
    endloop
  endfacet
  facet normal 0.206792 0.972851 0.103912
    outer loop
      vertex -6.60936 7.40623 15.604
      vertex -6.9185 7.48305 15.5
      vertex -6.92188 7.47266 15.604
    endloop
  endfacet
  facet normal -0.303019 0.680669 0.666985
    outer loop
      vertex -7.19801 7.39223 15.7939
      vertex -7.27526 7.35784 15.7939
      vertex -7.24029 7.29727 15.8716
    endloop
  endfacet
  facet normal -0.404576 0.90857 0.104011
    outer loop
      vertex -7.22414 7.47266 15.604
      vertex -7.32301 7.44054 15.5
      vertex -7.31754 7.43107 15.604
    endloop
  endfacet
  facet normal -0.584619 0.804613 0.104015
    outer loop
      vertex -7.32301 7.44054 15.5
      vertex -7.40757 7.3791 15.5
      vertex -7.31754 7.43107 15.604
    endloop
  endfacet
  facet normal -0.154995 0.728744 0.667015
    outer loop
      vertex -7.10798 7.34026 15.8716
      vertex -7.19801 7.39223 15.7939
      vertex -7.17639 7.32571 15.8716
    endloop
  endfacet
  facet normal -0.352718 0.792163 0.498064
    outer loop
      vertex -7.21416 7.44194 15.7034
      vertex -7.30139 7.4031 15.7034
      vertex -7.19801 7.39223 15.7939
    endloop
  endfacet
  facet normal -0.180246 0.848199 0.498066
    outer loop
      vertex -7.12075 7.46179 15.7034
      vertex -7.21416 7.44194 15.7034
      vertex -7.19801 7.39223 15.7939
    endloop
  endfacet
  facet normal -0.19779 0.93076 0.307514
    outer loop
      vertex -7.12075 7.46179 15.7034
      vertex -7.22414 7.47266 15.604
      vertex -7.21416 7.44194 15.7034
    endloop
  endfacet
  facet normal -0.197853 0.930726 0.307575
    outer loop
      vertex -7.12413 7.49392 15.604
      vertex -7.22414 7.47266 15.604
      vertex -7.12075 7.46179 15.7034
    endloop
  endfacet
  facet normal -0.739104 0.665522 0.103947
    outer loop
      vertex -7.48653 7.29141 15.5
      vertex -7.46868 7.29499 15.604
      vertex -7.40757 7.3791 15.5
    endloop
  endfacet
  facet normal -0.739108 0.665518 0.103947
    outer loop
      vertex -7.46868 7.29499 15.604
      vertex -7.48653 7.29141 15.5
      vertex -7.54763 7.20731 15.604
    endloop
  endfacet
  facet normal -0.122522 0.576735 0.807691
    outer loop
      vertex -7.10798 7.34026 15.8716
      vertex -7.15026 7.24529 15.933
      vertex -7.09914 7.25615 15.933
    endloop
  endfacet
  facet normal 0.197854 0.930732 0.307557
    outer loop
      vertex -7.02189 7.49392 15.604
      vertex -7.02526 7.46179 15.7034
      vertex -6.92188 7.47266 15.604
    endloop
  endfacet
  facet normal 0.206808 0.972852 0.103875
    outer loop
      vertex -7.02074 7.50478 15.5
      vertex -7.02189 7.49392 15.604
      vertex -6.92188 7.47266 15.604
    endloop
  endfacet
  facet normal -0.38705 0.869269 0.307512
    outer loop
      vertex -7.22414 7.47266 15.604
      vertex -7.30139 7.4031 15.7034
      vertex -7.21416 7.44194 15.7034
    endloop
  endfacet
  facet normal -0.509686 0.701556 0.498035
    outer loop
      vertex -7.30139 7.4031 15.7034
      vertex -7.37865 7.34697 15.7034
      vertex -7.34368 7.30813 15.7939
    endloop
  endfacet
  facet normal -0.55924 0.769851 0.307538
    outer loop
      vertex -7.31754 7.43107 15.604
      vertex -7.40026 7.37098 15.604
      vertex -7.37865 7.34697 15.7034
    endloop
  endfacet
  facet normal -0.73913 0.665499 0.103912
    outer loop
      vertex -7.40757 7.3791 15.5
      vertex -7.46868 7.29499 15.604
      vertex -7.40026 7.37098 15.604
    endloop
  endfacet
  facet normal 0 0.745056 0.667002
    outer loop
      vertex -7.03073 7.40982 15.7939
      vertex -7.10798 7.34026 15.8716
      vertex -7.03804 7.34026 15.8716
    endloop
  endfacet
  facet normal 0 0.745056 0.667002
    outer loop
      vertex -7.10798 7.34026 15.8716
      vertex -7.03073 7.40982 15.7939
      vertex -7.11529 7.40982 15.7939
    endloop
  endfacet
  facet normal -0.303591 0.273332 0.912755
    outer loop
      vertex -7.24029 7.19331 15.933
      vertex -7.31924 7.10562 15.933
      vertex -7.25535 7.03466 15.9755
    endloop
  endfacet
  facet normal 0 0.951525 0.307571
    outer loop
      vertex -7.02189 7.49392 15.604
      vertex -7.12075 7.46179 15.7034
      vertex -7.02526 7.46179 15.7034
    endloop
  endfacet
  facet normal 0 0.951525 0.307571
    outer loop
      vertex -7.12075 7.46179 15.7034
      vertex -7.02189 7.49392 15.604
      vertex -7.12413 7.49392 15.604
    endloop
  endfacet
  facet normal -0.240092 0.330439 0.912779
    outer loop
      vertex -7.19801 7.22403 15.933
      vertex -7.24029 7.19331 15.933
      vertex -7.17639 7.12234 15.9755
    endloop
  endfacet
  facet normal 0.04358 0.205037 0.977783
    outer loop
      vertex -7.05686 7.16119 15.9755
      vertex -7.06754 7.0595 15.9973
      vertex -7.05686 7.05723 15.9973
    endloop
  endfacet
  facet normal -0.553685 0.498557 0.666988
    outer loop
      vertex -7.42263 7.22045 15.7939
      vertex -7.34368 7.20418 15.8716
      vertex -7.34368 7.30813 15.7939
    endloop
  endfacet
  facet normal -0.553706 0.498518 0.667001
    outer loop
      vertex -7.34368 7.20418 15.8716
      vertex -7.42263 7.22045 15.7939
      vertex -7.42263 7.11649 15.8716
    endloop
  endfacet
  facet normal -0.707139 0.636695 0.307528
    outer loop
      vertex -7.40026 7.37098 15.604
      vertex -7.46868 7.29499 15.604
      vertex -7.37865 7.34697 15.7034
    endloop
  endfacet
  facet normal 0.197844 0.930756 0.307491
    outer loop
      vertex -6.92188 7.47266 15.604
      vertex -6.61274 7.37411 15.7034
      vertex -6.60936 7.40623 15.604
    endloop
  endfacet
  facet normal 0.197828 0.930746 0.307531
    outer loop
      vertex -6.61274 7.37411 15.7034
      vertex -6.92188 7.47266 15.604
      vertex -7.02526 7.46179 15.7034
    endloop
  endfacet
  facet normal 0.180289 0.84823 0.497997
    outer loop
      vertex -7.02526 7.46179 15.7034
      vertex -7.03073 7.40982 15.7939
      vertex -6.61274 7.37411 15.7034
    endloop
  endfacet
  facet normal -0.438463 0.394761 0.807412
    outer loop
      vertex -7.24029 7.19331 15.933
      vertex -7.33729 7.12566 15.9134
      vertex -7.31924 7.10562 15.933
    endloop
  endfacet
  facet normal -0.438085 0.394062 0.807958
    outer loop
      vertex -7.33729 7.12566 15.9134
      vertex -7.24029 7.19331 15.933
      vertex -7.42263 7.11649 15.8716
    endloop
  endfacet
  facet normal -0.239846 0.538695 0.807639
    outer loop
      vertex -7.17639 7.32571 15.8716
      vertex -7.19801 7.22403 15.933
      vertex -7.15026 7.24529 15.933
    endloop
  endfacet
  facet normal 0.154913 0.728774 0.667001
    outer loop
      vertex -7.03073 7.40982 15.7939
      vertex -7.03804 7.34026 15.8716
      vertex -6.62551 7.25257 15.8716
    endloop
  endfacet
  facet normal -0.180371 0.848224 0.497978
    outer loop
      vertex -7.12075 7.46179 15.7034
      vertex -7.19801 7.39223 15.7939
      vertex -7.11529 7.40982 15.7939
    endloop
  endfacet
  facet normal 0 0.867186 0.497985
    outer loop
      vertex -7.02526 7.46179 15.7034
      vertex -7.11529 7.40982 15.7939
      vertex -7.03073 7.40982 15.7939
    endloop
  endfacet
  facet normal 0 0.867186 0.497985
    outer loop
      vertex -7.11529 7.40982 15.7939
      vertex -7.02526 7.46179 15.7034
      vertex -7.12075 7.46179 15.7034
    endloop
  endfacet
  facet normal -0.707127 0.636721 0.307504
    outer loop
      vertex -7.46868 7.29499 15.604
      vertex -7.4576 7.25929 15.7034
      vertex -7.37865 7.34697 15.7034
    endloop
  endfacet
  facet normal -0.707127 0.636721 0.307504
    outer loop
      vertex -7.4576 7.25929 15.7034
      vertex -7.46868 7.29499 15.604
      vertex -7.54763 7.20731 15.604
    endloop
  endfacet
  facet normal -0.155778 0.140285 0.97778
    outer loop
      vertex -7.25535 7.03466 15.9755
      vertex -7.10798 7.04636 15.9973
      vertex -7.17639 7.12234 15.9755
    endloop
  endfacet
  facet normal -0.155776 0.140266 0.977783
    outer loop
      vertex -7.10798 7.04636 15.9973
      vertex -7.25535 7.03466 15.9755
      vertex -7.18693 6.95868 15.9973
    endloop
  endfacet
  facet normal -0.0435393 0.205038 0.977785
    outer loop
      vertex -7.08916 7.16119 15.9755
      vertex -7.08916 7.05723 15.9973
      vertex -7.07847 7.0595 15.9973
    endloop
  endfacet
  facet normal -0.302944 0.680666 0.667022
    outer loop
      vertex -7.19801 7.39223 15.7939
      vertex -7.24029 7.29727 15.8716
      vertex -7.17639 7.32571 15.8716
    endloop
  endfacet
  facet normal -0.122672 0.57677 0.807643
    outer loop
      vertex -7.10798 7.34026 15.8716
      vertex -7.17639 7.32571 15.8716
      vertex -7.15026 7.24529 15.933
    endloop
  endfacet
  facet normal -0.352674 0.79221 0.49802
    outer loop
      vertex -7.19801 7.39223 15.7939
      vertex -7.30139 7.4031 15.7034
      vertex -7.27526 7.35784 15.7939
    endloop
  endfacet
  facet normal -0.509707 0.701552 0.498021
    outer loop
      vertex -7.30139 7.4031 15.7034
      vertex -7.34368 7.30813 15.7939
      vertex -7.27526 7.35784 15.7939
    endloop
  endfacet
  facet normal 0.154913 0.728774 0.667001
    outer loop
      vertex -6.6182 7.32213 15.7939
      vertex -7.03073 7.40982 15.7939
      vertex -6.62551 7.25257 15.8716
    endloop
  endfacet
  facet normal 0.0848729 0.39959 0.912756
    outer loop
      vertex -7.04688 7.25615 15.933
      vertex -7.05686 7.16119 15.9755
      vertex -6.99575 7.24529 15.933
    endloop
  endfacet
  facet normal -0.239756 0.538693 0.807667
    outer loop
      vertex -7.17639 7.32571 15.8716
      vertex -7.24029 7.29727 15.8716
      vertex -7.19801 7.22403 15.933
    endloop
  endfacet
  facet normal -0.437963 0.602732 0.66701
    outer loop
      vertex -7.24029 7.29727 15.8716
      vertex -7.34368 7.30813 15.7939
      vertex -7.29688 7.25615 15.8716
    endloop
  endfacet
  facet normal -0.644414 0.580252 0.498035
    outer loop
      vertex -7.4576 7.25929 15.7034
      vertex -7.34368 7.30813 15.7939
      vertex -7.37865 7.34697 15.7034
    endloop
  endfacet
  facet normal -0.644414 0.580252 0.498035
    outer loop
      vertex -7.34368 7.30813 15.7939
      vertex -7.4576 7.25929 15.7034
      vertex -7.42263 7.22045 15.7939
    endloop
  endfacet
  facet normal 0 0.209614 0.977784
    outer loop
      vertex -7.05686 7.16119 15.9755
      vertex -7.07847 7.0595 15.9973
      vertex -7.06754 7.0595 15.9973
    endloop
  endfacet
  facet normal 0 0.209614 0.977784
    outer loop
      vertex -7.07847 7.0595 15.9973
      vertex -7.05686 7.16119 15.9755
      vertex -7.08916 7.16119 15.9755
    endloop
  endfacet
  facet normal 0.043584 0.205037 0.977783
    outer loop
      vertex -7.05686 7.05723 15.9973
      vertex -6.64433 7.0735 15.9755
      vertex -7.05686 7.16119 15.9755
    endloop
  endfacet
  facet normal 0.0435833 0.205052 0.97778
    outer loop
      vertex -6.64433 7.0735 15.9755
      vertex -7.05686 7.05723 15.9973
      vertex -6.65502 6.97182 15.9973
    endloop
  endfacet
  facet normal -0.123242 0.169579 0.97778
    outer loop
      vertex -7.15026 7.14133 15.9755
      vertex -7.17639 7.12234 15.9755
      vertex -7.10798 7.04636 15.9973
    endloop
  endfacet
  facet normal -0.346609 0.477009 0.807667
    outer loop
      vertex -7.24029 7.29727 15.8716
      vertex -7.29688 7.25615 15.8716
      vertex -7.19801 7.22403 15.933
    endloop
  endfacet
  facet normal -0.438182 0.394509 0.807687
    outer loop
      vertex -7.34368 7.20418 15.8716
      vertex -7.42263 7.11649 15.8716
      vertex -7.24029 7.19331 15.933
    endloop
  endfacet
  facet normal -0.123177 0.169609 0.977783
    outer loop
      vertex -7.09914 7.05278 15.9973
      vertex -7.15026 7.14133 15.9755
      vertex -7.10798 7.04636 15.9973
    endloop
  endfacet
  facet normal -0.166142 0.373155 0.912772
    outer loop
      vertex -7.15026 7.24529 15.933
      vertex -7.19801 7.22403 15.933
      vertex -7.12075 7.15447 15.9755
    endloop
  endfacet
  facet normal -0.0848891 0.399588 0.912756
    outer loop
      vertex -7.09914 7.25615 15.933
      vertex -7.15026 7.24529 15.933
      vertex -7.08916 7.16119 15.9755
    endloop
  endfacet
  facet normal 0 0.58961 0.807688
    outer loop
      vertex -7.03804 7.34026 15.8716
      vertex -7.09914 7.25615 15.933
      vertex -7.04688 7.25615 15.933
    endloop
  endfacet
  facet normal 0 0.58961 0.807688
    outer loop
      vertex -7.09914 7.25615 15.933
      vertex -7.03804 7.34026 15.8716
      vertex -7.10798 7.34026 15.8716
    endloop
  endfacet
  facet normal -0.553649 0.498572 0.667008
    outer loop
      vertex -7.34368 7.30813 15.7939
      vertex -7.34368 7.20418 15.8716
      vertex -7.29688 7.25615 15.8716
    endloop
  endfacet
  facet normal -0.303518 0.273332 0.91278
    outer loop
      vertex -7.24029 7.19331 15.933
      vertex -7.25535 7.03466 15.9755
      vertex -7.17639 7.12234 15.9755
    endloop
  endfacet
  facet normal -0.240137 0.330426 0.912772
    outer loop
      vertex -7.15026 7.14133 15.9755
      vertex -7.19801 7.22403 15.933
      vertex -7.17639 7.12234 15.9755
    endloop
  endfacet
  facet normal -0.166152 0.373146 0.912774
    outer loop
      vertex -7.12075 7.15447 15.9755
      vertex -7.19801 7.22403 15.933
      vertex -7.15026 7.14133 15.9755
    endloop
  endfacet
  facet normal -0.0849892 0.399525 0.912774
    outer loop
      vertex -7.08916 7.16119 15.9755
      vertex -7.15026 7.24529 15.933
      vertex -7.12075 7.15447 15.9755
    endloop
  endfacet
  facet normal 0.122599 0.576769 0.807655
    outer loop
      vertex -6.62551 7.25257 15.8716
      vertex -6.99575 7.24529 15.933
      vertex -6.63435 7.16847 15.933
    endloop
  endfacet
  facet normal 0.1226 0.576762 0.80766
    outer loop
      vertex -6.99575 7.24529 15.933
      vertex -6.62551 7.25257 15.8716
      vertex -7.03804 7.34026 15.8716
    endloop
  endfacet
  facet normal 0.122499 0.576738 0.807693
    outer loop
      vertex -7.03804 7.34026 15.8716
      vertex -7.04688 7.25615 15.933
      vertex -6.99575 7.24529 15.933
    endloop
  endfacet
  facet normal 0.0849289 0.399548 0.912769
    outer loop
      vertex -6.99575 7.24529 15.933
      vertex -6.64433 7.0735 15.9755
      vertex -6.63435 7.16847 15.933
    endloop
  endfacet
  facet normal 0.0849316 0.399553 0.912767
    outer loop
      vertex -6.64433 7.0735 15.9755
      vertex -6.99575 7.24529 15.933
      vertex -7.05686 7.16119 15.9755
    endloop
  endfacet
  facet normal -0.0852717 0.191504 0.977781
    outer loop
      vertex -7.12075 7.15447 15.9755
      vertex -7.15026 7.14133 15.9755
      vertex -7.08916 7.05723 15.9973
    endloop
  endfacet
  facet normal -0.0436166 0.205037 0.977782
    outer loop
      vertex -7.08916 7.16119 15.9755
      vertex -7.12075 7.15447 15.9755
      vertex -7.08916 7.05723 15.9973
    endloop
  endfacet
  facet normal -0.346599 0.477026 0.80766
    outer loop
      vertex -7.19801 7.22403 15.933
      vertex -7.29688 7.25615 15.8716
      vertex -7.24029 7.19331 15.933
    endloop
  endfacet
  facet normal -0.438163 0.394574 0.807666
    outer loop
      vertex -7.29688 7.25615 15.8716
      vertex -7.34368 7.20418 15.8716
      vertex -7.24029 7.19331 15.933
    endloop
  endfacet
  facet normal -0.0853616 0.19144 0.977785
    outer loop
      vertex -7.08916 7.05723 15.9973
      vertex -7.15026 7.14133 15.9755
      vertex -7.09914 7.05278 15.9973
    endloop
  endfacet
  facet normal -0.180301 -0.848286 -0.497898
    outer loop
      vertex 7.02526 -7.46179 0.296632
      vertex 6.61274 -7.37411 0.296632
      vertex 7.03073 -7.40982 0.206108
    endloop
  endfacet
  facet normal 0.197853 -0.930726 0.307575
    outer loop
      vertex 7.22414 -7.47266 15.604
      vertex 7.12075 -7.46179 15.7034
      vertex 7.12413 -7.49392 15.604
    endloop
  endfacet
  facet normal -0.154913 -0.728774 0.667001
    outer loop
      vertex 6.62551 -7.25257 15.8716
      vertex 6.6182 -7.32213 15.7939
      vertex 7.03073 -7.40982 15.7939
    endloop
  endfacet
  facet normal 0.74313 -0.669147 0
    outer loop
      vertex 7.40757 -7.3791 15.5
      vertex 7.48653 -7.29141 0.5
      vertex 7.48653 -7.29141 15.5
    endloop
  endfacet
  facet normal 0.74313 -0.669147 0
    outer loop
      vertex 7.48653 -7.29141 0.5
      vertex 7.40757 -7.3791 15.5
      vertex 7.40757 -7.3791 0.5
    endloop
  endfacet
  facet normal 0.406698 -0.913563 0
    outer loop
      vertex 7.22752 -7.48305 0.5
      vertex 7.32301 -7.44054 15.5
      vertex 7.22752 -7.48305 15.5
    endloop
  endfacet
  facet normal 0.406698 -0.913563 0
    outer loop
      vertex 7.32301 -7.44054 15.5
      vertex 7.22752 -7.48305 0.5
      vertex 7.32301 -7.44054 0.5
    endloop
  endfacet
  facet normal 0.206808 -0.972854 0.103855
    outer loop
      vertex 7.22414 -7.47266 15.604
      vertex 7.12413 -7.49392 15.604
      vertex 7.12527 -7.50478 15.5
    endloop
  endfacet
  facet normal -0.197844 -0.930756 0.307491
    outer loop
      vertex 6.92188 -7.47266 15.604
      vertex 6.61274 -7.37411 15.7034
      vertex 6.60936 -7.40623 15.604
    endloop
  endfacet
  facet normal -0.197828 -0.930746 0.307531
    outer loop
      vertex 6.61274 -7.37411 15.7034
      vertex 6.92188 -7.47266 15.604
      vertex 7.02526 -7.46179 15.7034
    endloop
  endfacet
  facet normal -0.206779 -0.97285 0.103948
    outer loop
      vertex 6.9185 -7.48305 15.5
      vertex 6.60936 -7.40623 15.604
      vertex 6.60822 -7.4171 15.5
    endloop
  endfacet
  facet normal -0.206792 -0.972851 0.103912
    outer loop
      vertex 6.60936 -7.40623 15.604
      vertex 6.9185 -7.48305 15.5
      vertex 6.92188 -7.47266 15.604
    endloop
  endfacet
  facet normal 0.509707 -0.701552 0.498021
    outer loop
      vertex 7.34368 -7.30813 15.7939
      vertex 7.27526 -7.35784 15.7939
      vertex 7.30139 -7.4031 15.7034
    endloop
  endfacet
  facet normal -0.206769 -0.972851 -0.103957
    outer loop
      vertex 7.02074 -7.50478 0.5
      vertex 6.9185 -7.48305 0.5
      vertex 6.92188 -7.47266 0.396045
    endloop
  endfacet
  facet normal 0.352718 -0.792163 0.498064
    outer loop
      vertex 7.30139 -7.4031 15.7034
      vertex 7.19801 -7.39223 15.7939
      vertex 7.21416 -7.44194 15.7034
    endloop
  endfacet
  facet normal 0.206751 -0.97286 0.103912
    outer loop
      vertex 7.22414 -7.47266 15.604
      vertex 7.12527 -7.50478 15.5
      vertex 7.22752 -7.48305 15.5
    endloop
  endfacet
  facet normal 0.387079 -0.869276 -0.307455
    outer loop
      vertex 7.31754 -7.43107 0.396045
      vertex 7.22414 -7.47266 0.396045
      vertex 7.30139 -7.4031 0.296632
    endloop
  endfacet
  facet normal 0.50974 -0.701598 -0.497921
    outer loop
      vertex 7.30139 -7.4031 0.296632
      vertex 7.27526 -7.35784 0.206108
      vertex 7.34368 -7.30813 0.206108
    endloop
  endfacet
  facet normal -0.207906 -0.978149 0
    outer loop
      vertex 6.60822 -7.4171 0.5
      vertex 6.9185 -7.48305 15.5
      vertex 6.60822 -7.4171 15.5
    endloop
  endfacet
  facet normal -0.207906 -0.978149 -0
    outer loop
      vertex 6.9185 -7.48305 15.5
      vertex 6.60822 -7.4171 0.5
      vertex 6.9185 -7.48305 0.5
    endloop
  endfacet
  facet normal 0.122672 -0.57677 0.807643
    outer loop
      vertex 7.15026 -7.24529 15.933
      vertex 7.10798 -7.34026 15.8716
      vertex 7.17639 -7.32571 15.8716
    endloop
  endfacet
  facet normal -0.154913 -0.728774 0.667001
    outer loop
      vertex 7.03804 -7.34026 15.8716
      vertex 6.62551 -7.25257 15.8716
      vertex 7.03073 -7.40982 15.7939
    endloop
  endfacet
  facet normal 0.404496 -0.908616 0.10392
    outer loop
      vertex 7.32301 -7.44054 15.5
      vertex 7.22414 -7.47266 15.604
      vertex 7.22752 -7.48305 15.5
    endloop
  endfacet
  facet normal 0 -1 0
    outer loop
      vertex 7.02074 -7.50478 0.5
      vertex 7.12527 -7.50478 15.5
      vertex 7.02074 -7.50478 15.5
    endloop
  endfacet
  facet normal 0 -1 -0
    outer loop
      vertex 7.12527 -7.50478 15.5
      vertex 7.02074 -7.50478 0.5
      vertex 7.12527 -7.50478 0.5
    endloop
  endfacet
  facet normal 0.180371 -0.848224 0.497978
    outer loop
      vertex 7.19801 -7.39223 15.7939
      vertex 7.11529 -7.40982 15.7939
      vertex 7.12075 -7.46179 15.7034
    endloop
  endfacet
  facet normal 0 -0.951525 0.307571
    outer loop
      vertex 7.02189 -7.49392 15.604
      vertex 7.12075 -7.46179 15.7034
      vertex 7.02526 -7.46179 15.7034
    endloop
  endfacet
  facet normal 0 -0.951525 0.307571
    outer loop
      vertex 7.12075 -7.46179 15.7034
      vertex 7.02189 -7.49392 15.604
      vertex 7.12413 -7.49392 15.604
    endloop
  endfacet
  facet normal 0.19779 -0.93076 0.307514
    outer loop
      vertex 7.21416 -7.44194 15.7034
      vertex 7.12075 -7.46179 15.7034
      vertex 7.22414 -7.47266 15.604
    endloop
  endfacet
  facet normal -0.20677 -0.972856 0.103912
    outer loop
      vertex 6.92188 -7.47266 15.604
      vertex 6.9185 -7.48305 15.5
      vertex 7.02074 -7.50478 15.5
    endloop
  endfacet
  facet normal -0.206778 -0.972845 -0.103993
    outer loop
      vertex 6.60936 -7.40623 0.396045
      vertex 6.9185 -7.48305 0.5
      vertex 6.60822 -7.4171 0.5
    endloop
  endfacet
  facet normal -0.206791 -0.972847 -0.103957
    outer loop
      vertex 6.9185 -7.48305 0.5
      vertex 6.60936 -7.40623 0.396045
      vertex 6.92188 -7.47266 0.396045
    endloop
  endfacet
  facet normal 0.587808 -0.809001 0
    outer loop
      vertex 7.32301 -7.44054 0.5
      vertex 7.40757 -7.3791 15.5
      vertex 7.32301 -7.44054 15.5
    endloop
  endfacet
  facet normal 0.587808 -0.809001 0
    outer loop
      vertex 7.40757 -7.3791 15.5
      vertex 7.32301 -7.44054 0.5
      vertex 7.40757 -7.3791 0.5
    endloop
  endfacet
  facet normal 0.155776 -0.140266 0.977783
    outer loop
      vertex 7.10798 -7.04636 15.9973
      vertex 7.25535 -7.03466 15.9755
      vertex 7.18693 -6.95868 15.9973
    endloop
  endfacet
  facet normal 0.155778 -0.140285 0.97778
    outer loop
      vertex 7.25535 -7.03466 15.9755
      vertex 7.10798 -7.04636 15.9973
      vertex 7.17639 -7.12234 15.9755
    endloop
  endfacet
  facet normal -0.122599 -0.576769 0.807655
    outer loop
      vertex 6.62551 -7.25257 15.8716
      vertex 6.99575 -7.24529 15.933
      vertex 6.63435 -7.16847 15.933
    endloop
  endfacet
  facet normal -0.1226 -0.576762 0.80766
    outer loop
      vertex 6.99575 -7.24529 15.933
      vertex 6.62551 -7.25257 15.8716
      vertex 7.03804 -7.34026 15.8716
    endloop
  endfacet
  facet normal -0.197846 -0.930768 -0.307455
    outer loop
      vertex 6.61274 -7.37411 0.296632
      vertex 6.92188 -7.47266 0.396045
      vertex 6.60936 -7.40623 0.396045
    endloop
  endfacet
  facet normal -0.19783 -0.930758 -0.307495
    outer loop
      vertex 6.92188 -7.47266 0.396045
      vertex 6.61274 -7.37411 0.296632
      vertex 7.02526 -7.46179 0.296632
    endloop
  endfacet
  facet normal 0.387055 -0.86928 -0.307476
    outer loop
      vertex 7.22414 -7.47266 0.396045
      vertex 7.21416 -7.44194 0.296632
      vertex 7.30139 -7.4031 0.296632
    endloop
  endfacet
  facet normal 0.207876 -0.978155 0
    outer loop
      vertex 7.12527 -7.50478 0.5
      vertex 7.22752 -7.48305 15.5
      vertex 7.12527 -7.50478 15.5
    endloop
  endfacet
  facet normal 0.207876 -0.978155 0
    outer loop
      vertex 7.22752 -7.48305 15.5
      vertex 7.12527 -7.50478 0.5
      vertex 7.22752 -7.48305 0.5
    endloop
  endfacet
  facet normal 0.197793 -0.930771 -0.307478
    outer loop
      vertex 7.22414 -7.47266 0.396045
      vertex 7.12075 -7.46179 0.296632
      vertex 7.21416 -7.44194 0.296632
    endloop
  endfacet
  facet normal 0.0849154 -0.399712 -0.912699
    outer loop
      vertex 7.09914 -7.25615 0.066988
      vertex 7.08916 -7.16119 0.0244722
      vertex 7.15026 -7.24529 0.066988
    endloop
  endfacet
  facet normal 0.739108 -0.665518 0.103947
    outer loop
      vertex 7.46868 -7.29499 15.604
      vertex 7.48653 -7.29141 15.5
      vertex 7.54763 -7.20731 15.604
    endloop
  endfacet
  facet normal 0.739104 -0.665522 0.103947
    outer loop
      vertex 7.48653 -7.29141 15.5
      vertex 7.46868 -7.29499 15.604
      vertex 7.40757 -7.3791 15.5
    endloop
  endfacet
  facet normal -0.122499 -0.576738 0.807693
    outer loop
      vertex 7.04688 -7.25615 15.933
      vertex 6.99575 -7.24529 15.933
      vertex 7.03804 -7.34026 15.8716
    endloop
  endfacet
  facet normal 0 -0.745056 0.667002
    outer loop
      vertex 7.03073 -7.40982 15.7939
      vertex 7.10798 -7.34026 15.8716
      vertex 7.03804 -7.34026 15.8716
    endloop
  endfacet
  facet normal 0 -0.745056 0.667002
    outer loop
      vertex 7.10798 -7.34026 15.8716
      vertex 7.03073 -7.40982 15.7939
      vertex 7.11529 -7.40982 15.7939
    endloop
  endfacet
  facet normal 0.180246 -0.848199 0.498066
    outer loop
      vertex 7.19801 -7.39223 15.7939
      vertex 7.12075 -7.46179 15.7034
      vertex 7.21416 -7.44194 15.7034
    endloop
  endfacet
  facet normal 0 -0.867186 0.497985
    outer loop
      vertex 7.02526 -7.46179 15.7034
      vertex 7.11529 -7.40982 15.7939
      vertex 7.03073 -7.40982 15.7939
    endloop
  endfacet
  facet normal 0 -0.867186 0.497985
    outer loop
      vertex 7.11529 -7.40982 15.7939
      vertex 7.02526 -7.46179 15.7034
      vertex 7.12075 -7.46179 15.7034
    endloop
  endfacet
  facet normal -0.197854 -0.930732 0.307557
    outer loop
      vertex 7.02526 -7.46179 15.7034
      vertex 6.92188 -7.47266 15.604
      vertex 7.02189 -7.49392 15.604
    endloop
  endfacet
  facet normal -0.206808 -0.972852 0.103875
    outer loop
      vertex 7.02189 -7.49392 15.604
      vertex 6.92188 -7.47266 15.604
      vertex 7.02074 -7.50478 15.5
    endloop
  endfacet
  facet normal -0.207895 -0.978151 0
    outer loop
      vertex 6.9185 -7.48305 0.5
      vertex 7.02074 -7.50478 15.5
      vertex 6.9185 -7.48305 15.5
    endloop
  endfacet
  facet normal -0.207895 -0.978151 -0
    outer loop
      vertex 7.02074 -7.50478 15.5
      vertex 6.9185 -7.48305 0.5
      vertex 7.02074 -7.50478 0.5
    endloop
  endfacet
  facet normal 0.30291 -0.680588 -0.667117
    outer loop
      vertex 7.19801 -7.39223 0.206108
      vertex 7.17639 -7.32571 0.128428
      vertex 7.24029 -7.29727 0.128428
    endloop
  endfacet
  facet normal 0.559297 -0.769843 -0.307456
    outer loop
      vertex 7.31754 -7.43107 0.396045
      vertex 7.30139 -7.4031 0.296632
      vertex 7.37865 -7.34697 0.296632
    endloop
  endfacet
  facet normal 0.739105 -0.665515 -0.103992
    outer loop
      vertex 7.48653 -7.29141 0.5
      vertex 7.46868 -7.29499 0.396045
      vertex 7.54763 -7.20731 0.396045
    endloop
  endfacet
  facet normal 0.739101 -0.665519 -0.103991
    outer loop
      vertex 7.46868 -7.29499 0.396045
      vertex 7.48653 -7.29141 0.5
      vertex 7.40757 -7.3791 0.5
    endloop
  endfacet
  facet normal -0.197856 -0.930744 -0.307521
    outer loop
      vertex 7.02189 -7.49392 0.396045
      vertex 6.92188 -7.47266 0.396045
      vertex 7.02526 -7.46179 0.296632
    endloop
  endfacet
  facet normal -0.206807 -0.972847 -0.103919
    outer loop
      vertex 7.02074 -7.50478 0.5
      vertex 6.92188 -7.47266 0.396045
      vertex 7.02189 -7.49392 0.396045
    endloop
  endfacet
  facet normal 0 -0.994592 0.103858
    outer loop
      vertex 7.02074 -7.50478 15.5
      vertex 7.12413 -7.49392 15.604
      vertex 7.02189 -7.49392 15.604
    endloop
  endfacet
  facet normal 0 -0.994592 0.103858
    outer loop
      vertex 7.12413 -7.49392 15.604
      vertex 7.02074 -7.50478 15.5
      vertex 7.12527 -7.50478 15.5
    endloop
  endfacet
  facet normal 0.122522 -0.576735 0.807691
    outer loop
      vertex 7.15026 -7.24529 15.933
      vertex 7.09914 -7.25615 15.933
      vertex 7.10798 -7.34026 15.8716
    endloop
  endfacet
  facet normal 0 -0.408509 0.912754
    outer loop
      vertex 7.05686 -7.16119 15.9755
      vertex 7.09914 -7.25615 15.933
      vertex 7.08916 -7.16119 15.9755
    endloop
  endfacet
  facet normal 0 -0.408509 0.912754
    outer loop
      vertex 7.09914 -7.25615 15.933
      vertex 7.05686 -7.16119 15.9755
      vertex 7.04688 -7.25615 15.933
    endloop
  endfacet
  facet normal 0.404576 -0.90857 0.104011
    outer loop
      vertex 7.31754 -7.43107 15.604
      vertex 7.22414 -7.47266 15.604
      vertex 7.32301 -7.44054 15.5
    endloop
  endfacet
  facet normal 0.584619 -0.804613 0.104015
    outer loop
      vertex 7.40757 -7.3791 15.5
      vertex 7.31754 -7.43107 15.604
      vertex 7.32301 -7.44054 15.5
    endloop
  endfacet
  facet normal 0.352674 -0.79221 0.49802
    outer loop
      vertex 7.27526 -7.35784 15.7939
      vertex 7.19801 -7.39223 15.7939
      vertex 7.30139 -7.4031 15.7034
    endloop
  endfacet
  facet normal 0.154968 -0.728765 0.666998
    outer loop
      vertex 7.19801 -7.39223 15.7939
      vertex 7.10798 -7.34026 15.8716
      vertex 7.11529 -7.40982 15.7939
    endloop
  endfacet
  facet normal 0.404494 -0.908612 -0.103965
    outer loop
      vertex 7.22752 -7.48305 0.5
      vertex 7.22414 -7.47266 0.396045
      vertex 7.32301 -7.44054 0.5
    endloop
  endfacet
  facet normal 0 -0.994587 -0.103903
    outer loop
      vertex 7.02189 -7.49392 0.396045
      vertex 7.12527 -7.50478 0.5
      vertex 7.02074 -7.50478 0.5
    endloop
  endfacet
  facet normal 0 -0.994587 -0.103903
    outer loop
      vertex 7.12527 -7.50478 0.5
      vertex 7.02189 -7.49392 0.396045
      vertex 7.12413 -7.49392 0.396045
    endloop
  endfacet
  facet normal -0.0434546 -0.204428 -0.977917
    outer loop
      vertex 6.64433 -7.0735 0.0244722
      vertex 7.05686 -7.05723 0.00273991
      vertex 7.05686 -7.16119 0.0244722
    endloop
  endfacet
  facet normal -0.0434538 -0.204443 -0.977913
    outer loop
      vertex 7.05686 -7.05723 0.00273991
      vertex 6.64433 -7.0735 0.0244722
      vertex 6.65502 -6.97182 0.00273991
    endloop
  endfacet
  facet normal -0.154895 -0.728691 -0.667096
    outer loop
      vertex 7.03073 -7.40982 0.206108
      vertex 6.6182 -7.32213 0.206108
      vertex 6.62551 -7.25257 0.128428
    endloop
  endfacet
  facet normal 0.166203 -0.373261 -0.912717
    outer loop
      vertex 7.19801 -7.22403 0.066988
      vertex 7.12075 -7.15447 0.0244722
      vertex 7.15026 -7.14133 0.0244722
    endloop
  endfacet
  facet normal 0.303518 -0.273332 0.91278
    outer loop
      vertex 7.25535 -7.03466 15.9755
      vertex 7.17639 -7.12234 15.9755
      vertex 7.24029 -7.19331 15.933
    endloop
  endfacet
  facet normal -0.0849316 -0.399553 0.912767
    outer loop
      vertex 6.64433 -7.0735 15.9755
      vertex 6.99575 -7.24529 15.933
      vertex 7.05686 -7.16119 15.9755
    endloop
  endfacet
  facet normal -0.0849289 -0.399548 0.912769
    outer loop
      vertex 6.99575 -7.24529 15.933
      vertex 6.64433 -7.0735 15.9755
      vertex 6.63435 -7.16847 15.933
    endloop
  endfacet
  facet normal -0.0434506 -0.204428 -0.977917
    outer loop
      vertex 7.06754 -7.0595 0.00273991
      vertex 7.05686 -7.16119 0.0244722
      vertex 7.05686 -7.05723 0.00273991
    endloop
  endfacet
  facet normal 0.707127 -0.636721 0.307504
    outer loop
      vertex 7.4576 -7.25929 15.7034
      vertex 7.46868 -7.29499 15.604
      vertex 7.54763 -7.20731 15.604
    endloop
  endfacet
  facet normal 0.707127 -0.636721 0.307504
    outer loop
      vertex 7.46868 -7.29499 15.604
      vertex 7.4576 -7.25929 15.7034
      vertex 7.37865 -7.34697 15.7034
    endloop
  endfacet
  facet normal 0.584542 -0.804682 0.103914
    outer loop
      vertex 7.40026 -7.37098 15.604
      vertex 7.31754 -7.43107 15.604
      vertex 7.40757 -7.3791 15.5
    endloop
  endfacet
  facet normal 0.38705 -0.869269 0.307512
    outer loop
      vertex 7.30139 -7.4031 15.7034
      vertex 7.21416 -7.44194 15.7034
      vertex 7.22414 -7.47266 15.604
    endloop
  endfacet
  facet normal 0.437941 -0.602774 0.666986
    outer loop
      vertex 7.34368 -7.30813 15.7939
      vertex 7.24029 -7.29727 15.8716
      vertex 7.27526 -7.35784 15.7939
    endloop
  endfacet
  facet normal 0.154995 -0.728744 0.667015
    outer loop
      vertex 7.17639 -7.32571 15.8716
      vertex 7.10798 -7.34026 15.8716
      vertex 7.19801 -7.39223 15.7939
    endloop
  endfacet
  facet normal 0.55929 -0.769833 0.307493
    outer loop
      vertex 7.37865 -7.34697 15.7034
      vertex 7.30139 -7.4031 15.7034
      vertex 7.31754 -7.43107 15.604
    endloop
  endfacet
  facet normal -0.180289 -0.84823 0.497997
    outer loop
      vertex 7.03073 -7.40982 15.7939
      vertex 6.61274 -7.37411 15.7034
      vertex 7.02526 -7.46179 15.7034
    endloop
  endfacet
  facet normal -0.180298 -0.848196 0.498052
    outer loop
      vertex 6.6182 -7.32213 15.7939
      vertex 6.61274 -7.37411 15.7034
      vertex 7.03073 -7.40982 15.7939
    endloop
  endfacet
  facet normal 0.20675 -0.972855 -0.103956
    outer loop
      vertex 7.22752 -7.48305 0.5
      vertex 7.12527 -7.50478 0.5
      vertex 7.22414 -7.47266 0.396045
    endloop
  endfacet
  facet normal 0 -0.951537 -0.307534
    outer loop
      vertex 7.02526 -7.46179 0.296632
      vertex 7.12413 -7.49392 0.396045
      vertex 7.02189 -7.49392 0.396045
    endloop
  endfacet
  facet normal 0 -0.951537 -0.307534
    outer loop
      vertex 7.12413 -7.49392 0.396045
      vertex 7.02526 -7.46179 0.296632
      vertex 7.12075 -7.46179 0.296632
    endloop
  endfacet
  facet normal 0.302984 -0.680591 -0.66708
    outer loop
      vertex 7.27526 -7.35784 0.206108
      vertex 7.19801 -7.39223 0.206108
      vertex 7.24029 -7.29727 0.128428
    endloop
  endfacet
  facet normal 0.122724 -0.577015 -0.80746
    outer loop
      vertex 7.17639 -7.32571 0.128428
      vertex 7.10798 -7.34026 0.128428
      vertex 7.15026 -7.24529 0.066988
    endloop
  endfacet
  facet normal -0.18031 -0.848252 -0.497952
    outer loop
      vertex 7.03073 -7.40982 0.206108
      vertex 6.61274 -7.37411 0.296632
      vertex 6.6182 -7.32213 0.206108
    endloop
  endfacet
  facet normal 0 -0.74497 -0.667098
    outer loop
      vertex 7.03804 -7.34026 0.128428
      vertex 7.11529 -7.40982 0.206108
      vertex 7.03073 -7.40982 0.206108
    endloop
  endfacet
  facet normal 0 -0.74497 -0.667098
    outer loop
      vertex 7.11529 -7.40982 0.206108
      vertex 7.03804 -7.34026 0.128428
      vertex 7.10798 -7.34026 0.128428
    endloop
  endfacet
  facet normal 0.154977 -0.728661 -0.66711
    outer loop
      vertex 7.19801 -7.39223 0.206108
      vertex 7.10798 -7.34026 0.128428
      vertex 7.17639 -7.32571 0.128428
    endloop
  endfacet
  facet normal 0.206807 -0.972849 -0.1039
    outer loop
      vertex 7.12527 -7.50478 0.5
      vertex 7.12413 -7.49392 0.396045
      vertex 7.22414 -7.47266 0.396045
    endloop
  endfacet
  facet normal 0.197855 -0.930738 -0.307539
    outer loop
      vertex 7.12413 -7.49392 0.396045
      vertex 7.12075 -7.46179 0.296632
      vertex 7.22414 -7.47266 0.396045
    endloop
  endfacet
  facet normal 0.707148 -0.636703 -0.307492
    outer loop
      vertex 7.40026 -7.37098 0.396045
      vertex 7.37865 -7.34697 0.296632
      vertex 7.46868 -7.29499 0.396045
    endloop
  endfacet
  facet normal 0.50972 -0.701602 -0.497936
    outer loop
      vertex 7.37865 -7.34697 0.296632
      vertex 7.30139 -7.4031 0.296632
      vertex 7.34368 -7.30813 0.206108
    endloop
  endfacet
  facet normal 0 -0.58961 0.807688
    outer loop
      vertex 7.04688 -7.25615 15.933
      vertex 7.10798 -7.34026 15.8716
      vertex 7.09914 -7.25615 15.933
    endloop
  endfacet
  facet normal 0 -0.58961 0.807688
    outer loop
      vertex 7.10798 -7.34026 15.8716
      vertex 7.04688 -7.25615 15.933
      vertex 7.03804 -7.34026 15.8716
    endloop
  endfacet
  facet normal 0.166152 -0.373146 0.912774
    outer loop
      vertex 7.15026 -7.14133 15.9755
      vertex 7.12075 -7.15447 15.9755
      vertex 7.19801 -7.22403 15.933
    endloop
  endfacet
  facet normal 0.0849892 -0.399525 0.912774
    outer loop
      vertex 7.12075 -7.15447 15.9755
      vertex 7.08916 -7.16119 15.9755
      vertex 7.15026 -7.24529 15.933
    endloop
  endfacet
  facet normal 0.240092 -0.330439 0.912779
    outer loop
      vertex 7.24029 -7.19331 15.933
      vertex 7.17639 -7.12234 15.9755
      vertex 7.19801 -7.22403 15.933
    endloop
  endfacet
  facet normal 0 -0.209614 0.977784
    outer loop
      vertex 7.06754 -7.0595 15.9973
      vertex 7.08916 -7.16119 15.9755
      vertex 7.07847 -7.0595 15.9973
    endloop
  endfacet
  facet normal 0 -0.209614 0.977784
    outer loop
      vertex 7.08916 -7.16119 15.9755
      vertex 7.06754 -7.0595 15.9973
      vertex 7.05686 -7.16119 15.9755
    endloop
  endfacet
  facet normal 0.0848891 -0.399588 0.912756
    outer loop
      vertex 7.15026 -7.24529 15.933
      vertex 7.08916 -7.16119 15.9755
      vertex 7.09914 -7.25615 15.933
    endloop
  endfacet
  facet normal 0.438163 -0.394574 0.807666
    outer loop
      vertex 7.34368 -7.20418 15.8716
      vertex 7.24029 -7.19331 15.933
      vertex 7.29688 -7.25615 15.8716
    endloop
  endfacet
  facet normal 0.438337 -0.394649 -0.807535
    outer loop
      vertex 7.33729 -7.12566 0.0865794
      vertex 7.24029 -7.19331 0.066988
      vertex 7.31924 -7.10562 0.066988
    endloop
  endfacet
  facet normal 0.438379 -0.394727 -0.807474
    outer loop
      vertex 7.24029 -7.19331 0.066988
      vertex 7.33729 -7.12566 0.0865794
      vertex 7.42263 -7.11649 0.128428
    endloop
  endfacet
  facet normal 0.437913 -0.602663 -0.667105
    outer loop
      vertex 7.34368 -7.30813 0.206108
      vertex 7.24029 -7.29727 0.128428
      vertex 7.29688 -7.25615 0.128428
    endloop
  endfacet
  facet normal -0.0848729 -0.39959 0.912756
    outer loop
      vertex 7.05686 -7.16119 15.9755
      vertex 6.99575 -7.24529 15.933
      vertex 7.04688 -7.25615 15.933
    endloop
  endfacet
  facet normal 0.644414 -0.580252 0.498035
    outer loop
      vertex 7.34368 -7.30813 15.7939
      vertex 7.4576 -7.25929 15.7034
      vertex 7.42263 -7.22045 15.7939
    endloop
  endfacet
  facet normal 0.644414 -0.580252 0.498035
    outer loop
      vertex 7.4576 -7.25929 15.7034
      vertex 7.34368 -7.30813 15.7939
      vertex 7.37865 -7.34697 15.7034
    endloop
  endfacet
  facet normal 0.553649 -0.498572 0.667008
    outer loop
      vertex 7.34368 -7.20418 15.8716
      vertex 7.29688 -7.25615 15.8716
      vertex 7.34368 -7.30813 15.7939
    endloop
  endfacet
  facet normal 0.509686 -0.701556 0.498035
    outer loop
      vertex 7.34368 -7.30813 15.7939
      vertex 7.30139 -7.4031 15.7034
      vertex 7.37865 -7.34697 15.7034
    endloop
  endfacet
  facet normal 0.73913 -0.665499 0.103912
    outer loop
      vertex 7.46868 -7.29499 15.604
      vertex 7.40026 -7.37098 15.604
      vertex 7.40757 -7.3791 15.5
    endloop
  endfacet
  facet normal 0.387074 -0.869266 0.307491
    outer loop
      vertex 7.30139 -7.4031 15.7034
      vertex 7.22414 -7.47266 15.604
      vertex 7.31754 -7.43107 15.604
    endloop
  endfacet
  facet normal 0.707139 -0.636695 0.307528
    outer loop
      vertex 7.46868 -7.29499 15.604
      vertex 7.37865 -7.34697 15.7034
      vertex 7.40026 -7.37098 15.604
    endloop
  endfacet
  facet normal 0.303591 -0.273332 0.912755
    outer loop
      vertex 7.25535 -7.03466 15.9755
      vertex 7.24029 -7.19331 15.933
      vertex 7.31924 -7.10562 15.933
    endloop
  endfacet
  facet normal 0.739127 -0.665496 -0.103957
    outer loop
      vertex 7.40757 -7.3791 0.5
      vertex 7.40026 -7.37098 0.396045
      vertex 7.46868 -7.29499 0.396045
    endloop
  endfacet
  facet normal 0.180258 -0.848255 -0.497966
    outer loop
      vertex 7.21416 -7.44194 0.296632
      vertex 7.12075 -7.46179 0.296632
      vertex 7.19801 -7.39223 0.206108
    endloop
  endfacet
  facet normal 0.437891 -0.602705 -0.667082
    outer loop
      vertex 7.27526 -7.35784 0.206108
      vertex 7.24029 -7.29727 0.128428
      vertex 7.34368 -7.30813 0.206108
    endloop
  endfacet
  facet normal -0.122551 -0.576983 -0.80751
    outer loop
      vertex 7.03804 -7.34026 0.128428
      vertex 6.99575 -7.24529 0.066988
      vertex 7.04688 -7.25615 0.066988
    endloop
  endfacet
  facet normal 0.04341 -0.204429 -0.977918
    outer loop
      vertex 7.08916 -7.16119 0.0244722
      vertex 7.07847 -7.0595 0.00273991
      vertex 7.08916 -7.05723 0.00273991
    endloop
  endfacet
  facet normal 0 -0.58986 -0.807505
    outer loop
      vertex 7.10798 -7.34026 0.128428
      vertex 7.04688 -7.25615 0.066988
      vertex 7.09914 -7.25615 0.066988
    endloop
  endfacet
  facet normal 0 -0.58986 -0.807505
    outer loop
      vertex 7.04688 -7.25615 0.066988
      vertex 7.10798 -7.34026 0.128428
      vertex 7.03804 -7.34026 0.128428
    endloop
  endfacet
  facet normal 0.352741 -0.792215 -0.497965
    outer loop
      vertex 7.21416 -7.44194 0.296632
      vertex 7.19801 -7.39223 0.206108
      vertex 7.30139 -7.4031 0.296632
    endloop
  endfacet
  facet normal 0.352698 -0.792262 -0.497921
    outer loop
      vertex 7.30139 -7.4031 0.296632
      vertex 7.19801 -7.39223 0.206108
      vertex 7.27526 -7.35784 0.206108
    endloop
  endfacet
  facet normal 0.707136 -0.636728 -0.307468
    outer loop
      vertex 7.46868 -7.29499 0.396045
      vertex 7.4576 -7.25929 0.296632
      vertex 7.54763 -7.20731 0.396045
    endloop
  endfacet
  facet normal 0.707136 -0.636728 -0.307468
    outer loop
      vertex 7.4576 -7.25929 0.296632
      vertex 7.46868 -7.29499 0.396045
      vertex 7.37865 -7.34697 0.296632
    endloop
  endfacet
  facet normal 0.584539 -0.804678 -0.103958
    outer loop
      vertex 7.40757 -7.3791 0.5
      vertex 7.31754 -7.43107 0.396045
      vertex 7.40026 -7.37098 0.396045
    endloop
  endfacet
  facet normal 0.559247 -0.769861 -0.307502
    outer loop
      vertex 7.40026 -7.37098 0.396045
      vertex 7.31754 -7.43107 0.396045
      vertex 7.37865 -7.34697 0.296632
    endloop
  endfacet
  facet normal -0.04358 -0.205037 0.977783
    outer loop
      vertex 7.05686 -7.05723 15.9973
      vertex 7.05686 -7.16119 15.9755
      vertex 7.06754 -7.0595 15.9973
    endloop
  endfacet
  facet normal 0.123177 -0.169609 0.977783
    outer loop
      vertex 7.10798 -7.04636 15.9973
      vertex 7.09914 -7.05278 15.9973
      vertex 7.15026 -7.14133 15.9755
    endloop
  endfacet
  facet normal 0.239846 -0.538695 0.807639
    outer loop
      vertex 7.19801 -7.22403 15.933
      vertex 7.15026 -7.24529 15.933
      vertex 7.17639 -7.32571 15.8716
    endloop
  endfacet
  facet normal 0.55924 -0.769851 0.307538
    outer loop
      vertex 7.37865 -7.34697 15.7034
      vertex 7.31754 -7.43107 15.604
      vertex 7.40026 -7.37098 15.604
    endloop
  endfacet
  facet normal -0.154895 -0.728691 -0.667096
    outer loop
      vertex 7.03073 -7.40982 0.206108
      vertex 6.62551 -7.25257 0.128428
      vertex 7.03804 -7.34026 0.128428
    endloop
  endfacet
  facet normal 0.303685 -0.273417 -0.912698
    outer loop
      vertex 7.31924 -7.10562 0.066988
      vertex 7.24029 -7.19331 0.066988
      vertex 7.25535 -7.03466 0.0244722
    endloop
  endfacet
  facet normal 0.553706 -0.498518 0.667001
    outer loop
      vertex 7.34368 -7.20418 15.8716
      vertex 7.42263 -7.22045 15.7939
      vertex 7.42263 -7.11649 15.8716
    endloop
  endfacet
  facet normal 0.553685 -0.498557 0.666988
    outer loop
      vertex 7.42263 -7.22045 15.7939
      vertex 7.34368 -7.20418 15.8716
      vertex 7.34368 -7.30813 15.7939
    endloop
  endfacet
  facet normal 0.346609 -0.477009 0.807667
    outer loop
      vertex 7.29688 -7.25615 15.8716
      vertex 7.19801 -7.22403 15.933
      vertex 7.24029 -7.29727 15.8716
    endloop
  endfacet
  facet normal 0.437963 -0.602732 0.66701
    outer loop
      vertex 7.29688 -7.25615 15.8716
      vertex 7.24029 -7.29727 15.8716
      vertex 7.34368 -7.30813 15.7939
    endloop
  endfacet
  facet normal 0.584616 -0.804609 -0.104059
    outer loop
      vertex 7.32301 -7.44054 0.5
      vertex 7.31754 -7.43107 0.396045
      vertex 7.40757 -7.3791 0.5
    endloop
  endfacet
  facet normal 0.404574 -0.908566 -0.104056
    outer loop
      vertex 7.32301 -7.44054 0.5
      vertex 7.22414 -7.47266 0.396045
      vertex 7.31754 -7.43107 0.396045
    endloop
  endfacet
  facet normal -0.0435833 -0.205052 0.97778
    outer loop
      vertex 6.64433 -7.0735 15.9755
      vertex 7.05686 -7.05723 15.9973
      vertex 6.65502 -6.97182 15.9973
    endloop
  endfacet
  facet normal -0.043584 -0.205037 0.977783
    outer loop
      vertex 7.05686 -7.05723 15.9973
      vertex 6.64433 -7.0735 15.9755
      vertex 7.05686 -7.16119 15.9755
    endloop
  endfacet
  facet normal 0.0853616 -0.19144 0.977785
    outer loop
      vertex 7.09914 -7.05278 15.9973
      vertex 7.08916 -7.05723 15.9973
      vertex 7.15026 -7.14133 15.9755
    endloop
  endfacet
  facet normal 0.239756 -0.538693 0.807667
    outer loop
      vertex 7.19801 -7.22403 15.933
      vertex 7.17639 -7.32571 15.8716
      vertex 7.24029 -7.29727 15.8716
    endloop
  endfacet
  facet normal 0.346599 -0.477026 0.80766
    outer loop
      vertex 7.24029 -7.19331 15.933
      vertex 7.19801 -7.22403 15.933
      vertex 7.29688 -7.25615 15.8716
    endloop
  endfacet
  facet normal 0.166142 -0.373155 0.912772
    outer loop
      vertex 7.19801 -7.22403 15.933
      vertex 7.12075 -7.15447 15.9755
      vertex 7.15026 -7.24529 15.933
    endloop
  endfacet
  facet normal 0.438085 -0.394062 0.807958
    outer loop
      vertex 7.33729 -7.12566 15.9134
      vertex 7.24029 -7.19331 15.933
      vertex 7.42263 -7.11649 15.8716
    endloop
  endfacet
  facet normal 0.438463 -0.394761 0.807412
    outer loop
      vertex 7.24029 -7.19331 15.933
      vertex 7.33729 -7.12566 15.9134
      vertex 7.31924 -7.10562 15.933
    endloop
  endfacet
  facet normal 0.0850184 -0.190936 -0.977914
    outer loop
      vertex 7.12075 -7.15447 0.0244722
      vertex 7.08916 -7.05723 0.00273991
      vertex 7.15026 -7.14133 0.0244722
    endloop
  endfacet
  facet normal 0.346756 -0.477211 -0.807484
    outer loop
      vertex 7.24029 -7.29727 0.128428
      vertex 7.19801 -7.22403 0.066988
      vertex 7.29688 -7.25615 0.128428
    endloop
  endfacet
  facet normal 0.346747 -0.477228 -0.807478
    outer loop
      vertex 7.29688 -7.25615 0.128428
      vertex 7.19801 -7.22403 0.066988
      vertex 7.24029 -7.19331 0.066988
    endloop
  endfacet
  facet normal 0.553622 -0.4985 -0.667084
    outer loop
      vertex 7.34368 -7.20418 0.128428
      vertex 7.42263 -7.22045 0.206108
      vertex 7.34368 -7.30813 0.206108
    endloop
  endfacet
  facet normal 0.553642 -0.498461 -0.667096
    outer loop
      vertex 7.42263 -7.22045 0.206108
      vertex 7.34368 -7.20418 0.128428
      vertex 7.42263 -7.11649 0.128428
    endloop
  endfacet
  facet normal 0.239858 -0.538922 -0.807484
    outer loop
      vertex 7.24029 -7.29727 0.128428
      vertex 7.17639 -7.32571 0.128428
      vertex 7.19801 -7.22403 0.066988
    endloop
  endfacet
  facet normal 0.239948 -0.538924 -0.807456
    outer loop
      vertex 7.17639 -7.32571 0.128428
      vertex 7.15026 -7.24529 0.066988
      vertex 7.19801 -7.22403 0.066988
    endloop
  endfacet
  facet normal 0.302944 -0.680666 0.667022
    outer loop
      vertex 7.24029 -7.29727 15.8716
      vertex 7.17639 -7.32571 15.8716
      vertex 7.19801 -7.39223 15.7939
    endloop
  endfacet
  facet normal 0.303019 -0.680669 0.666985
    outer loop
      vertex 7.24029 -7.29727 15.8716
      vertex 7.19801 -7.39223 15.7939
      vertex 7.27526 -7.35784 15.7939
    endloop
  endfacet
  facet normal 0 -0.867243 -0.497886
    outer loop
      vertex 7.03073 -7.40982 0.206108
      vertex 7.12075 -7.46179 0.296632
      vertex 7.02526 -7.46179 0.296632
    endloop
  endfacet
  facet normal 0 -0.867243 -0.497886
    outer loop
      vertex 7.12075 -7.46179 0.296632
      vertex 7.03073 -7.40982 0.206108
      vertex 7.11529 -7.40982 0.206108
    endloop
  endfacet
  facet normal -0.0848992 -0.399714 -0.9127
    outer loop
      vertex 7.04688 -7.25615 0.066988
      vertex 6.99575 -7.24529 0.066988
      vertex 7.05686 -7.16119 0.0244722
    endloop
  endfacet
  facet normal 0.0852717 -0.191504 0.977781
    outer loop
      vertex 7.15026 -7.14133 15.9755
      vertex 7.08916 -7.05723 15.9973
      vertex 7.12075 -7.15447 15.9755
    endloop
  endfacet
  facet normal 0.438182 -0.394509 0.807687
    outer loop
      vertex 7.42263 -7.11649 15.8716
      vertex 7.24029 -7.19331 15.933
      vertex 7.34368 -7.20418 15.8716
    endloop
  endfacet
  facet normal 0.0434871 -0.204428 -0.977915
    outer loop
      vertex 7.12075 -7.15447 0.0244722
      vertex 7.08916 -7.16119 0.0244722
      vertex 7.08916 -7.05723 0.00273991
    endloop
  endfacet
  facet normal 0.644456 -0.58029 -0.497935
    outer loop
      vertex 7.4576 -7.25929 0.296632
      vertex 7.34368 -7.30813 0.206108
      vertex 7.42263 -7.22045 0.206108
    endloop
  endfacet
  facet normal 0.644456 -0.58029 -0.497935
    outer loop
      vertex 7.34368 -7.30813 0.206108
      vertex 7.4576 -7.25929 0.296632
      vertex 7.37865 -7.34697 0.296632
    endloop
  endfacet
  facet normal 0.553585 -0.498514 -0.667103
    outer loop
      vertex 7.34368 -7.30813 0.206108
      vertex 7.29688 -7.25615 0.128428
      vertex 7.34368 -7.20418 0.128428
    endloop
  endfacet
  facet normal 0.438349 -0.394742 -0.807483
    outer loop
      vertex 7.29688 -7.25615 0.128428
      vertex 7.24029 -7.19331 0.066988
      vertex 7.34368 -7.20418 0.128428
    endloop
  endfacet
  facet normal 0.438369 -0.394677 -0.807504
    outer loop
      vertex 7.34368 -7.20418 0.128428
      vertex 7.24029 -7.19331 0.066988
      vertex 7.42263 -7.11649 0.128428
    endloop
  endfacet
  facet normal 0.122574 -0.57698 -0.807508
    outer loop
      vertex 7.10798 -7.34026 0.128428
      vertex 7.09914 -7.25615 0.066988
      vertex 7.15026 -7.24529 0.066988
    endloop
  endfacet
  facet normal 0.155315 -0.139868 -0.977913
    outer loop
      vertex 7.10798 -7.04636 0.00273991
      vertex 7.25535 -7.03466 0.0244722
      vertex 7.17639 -7.12234 0.0244722
    endloop
  endfacet
  facet normal 0.155314 -0.13985 -0.977916
    outer loop
      vertex 7.25535 -7.03466 0.0244722
      vertex 7.10798 -7.04636 0.00273991
      vertex 7.18693 -6.95868 0.00273991
    endloop
  endfacet
  facet normal 0.166193 -0.373271 -0.912715
    outer loop
      vertex 7.15026 -7.24529 0.066988
      vertex 7.12075 -7.15447 0.0244722
      vertex 7.19801 -7.22403 0.066988
    endloop
  endfacet
  facet normal 0.0435393 -0.205038 0.977785
    outer loop
      vertex 7.08916 -7.05723 15.9973
      vertex 7.07847 -7.0595 15.9973
      vertex 7.08916 -7.16119 15.9755
    endloop
  endfacet
  facet normal 0.0436166 -0.205037 0.977782
    outer loop
      vertex 7.08916 -7.05723 15.9973
      vertex 7.08916 -7.16119 15.9755
      vertex 7.12075 -7.15447 15.9755
    endloop
  endfacet
  facet normal 0.240137 -0.330426 0.912772
    outer loop
      vertex 7.17639 -7.12234 15.9755
      vertex 7.15026 -7.14133 15.9755
      vertex 7.19801 -7.22403 15.933
    endloop
  endfacet
  facet normal 0.123242 -0.169579 0.97778
    outer loop
      vertex 7.17639 -7.12234 15.9755
      vertex 7.10798 -7.04636 15.9973
      vertex 7.15026 -7.14133 15.9755
    endloop
  endfacet
  facet normal 0.154951 -0.728682 -0.667093
    outer loop
      vertex 7.11529 -7.40982 0.206108
      vertex 7.10798 -7.34026 0.128428
      vertex 7.19801 -7.39223 0.206108
    endloop
  endfacet
  facet normal 0.180383 -0.84828 -0.497879
    outer loop
      vertex 7.12075 -7.46179 0.296632
      vertex 7.11529 -7.40982 0.206108
      vertex 7.19801 -7.39223 0.206108
    endloop
  endfacet
  facet normal -0.122652 -0.577007 -0.807477
    outer loop
      vertex 6.62551 -7.25257 0.128428
      vertex 6.99575 -7.24529 0.066988
      vertex 7.03804 -7.34026 0.128428
    endloop
  endfacet
  facet normal -0.122651 -0.577014 -0.807472
    outer loop
      vertex 6.99575 -7.24529 0.066988
      vertex 6.62551 -7.25257 0.128428
      vertex 6.63435 -7.16847 0.066988
    endloop
  endfacet
  facet normal 0 -0.408636 -0.912697
    outer loop
      vertex 7.09914 -7.25615 0.066988
      vertex 7.05686 -7.16119 0.0244722
      vertex 7.08916 -7.16119 0.0244722
    endloop
  endfacet
  facet normal 0 -0.408636 -0.912697
    outer loop
      vertex 7.05686 -7.16119 0.0244722
      vertex 7.09914 -7.25615 0.066988
      vertex 7.04688 -7.25615 0.066988
    endloop
  endfacet
  facet normal 0.0850155 -0.399649 -0.912717
    outer loop
      vertex 7.15026 -7.24529 0.066988
      vertex 7.08916 -7.16119 0.0244722
      vertex 7.12075 -7.15447 0.0244722
    endloop
  endfacet
  facet normal 0.0851081 -0.190872 -0.977919
    outer loop
      vertex 7.15026 -7.14133 0.0244722
      vertex 7.08916 -7.05723 0.00273991
      vertex 7.09914 -7.05278 0.00273991
    endloop
  endfacet
  facet normal 0.303612 -0.273417 -0.912723
    outer loop
      vertex 7.24029 -7.19331 0.066988
      vertex 7.17639 -7.12234 0.0244722
      vertex 7.25535 -7.03466 0.0244722
    endloop
  endfacet
  facet normal 0.240166 -0.330541 -0.912723
    outer loop
      vertex 7.19801 -7.22403 0.066988
      vertex 7.17639 -7.12234 0.0244722
      vertex 7.24029 -7.19331 0.066988
    endloop
  endfacet
  facet normal 0.122812 -0.169105 -0.977917
    outer loop
      vertex 7.15026 -7.14133 0.0244722
      vertex 7.09914 -7.05278 0.00273991
      vertex 7.10798 -7.04636 0.00273991
    endloop
  endfacet
  facet normal 0 -0.208992 -0.977917
    outer loop
      vertex 7.08916 -7.16119 0.0244722
      vertex 7.06754 -7.0595 0.00273991
      vertex 7.07847 -7.0595 0.00273991
    endloop
  endfacet
  facet normal 0 -0.208992 -0.977917
    outer loop
      vertex 7.06754 -7.0595 0.00273991
      vertex 7.08916 -7.16119 0.0244722
      vertex 7.05686 -7.16119 0.0244722
    endloop
  endfacet
  facet normal -0.0849579 -0.399677 -0.91271
    outer loop
      vertex 6.99575 -7.24529 0.066988
      vertex 6.64433 -7.0735 0.0244722
      vertex 7.05686 -7.16119 0.0244722
    endloop
  endfacet
  facet normal -0.0849552 -0.399672 -0.912713
    outer loop
      vertex 6.64433 -7.0735 0.0244722
      vertex 6.99575 -7.24529 0.066988
      vertex 6.63435 -7.16847 0.066988
    endloop
  endfacet
  facet normal 0.122876 -0.169076 -0.977914
    outer loop
      vertex 7.15026 -7.14133 0.0244722
      vertex 7.10798 -7.04636 0.00273991
      vertex 7.17639 -7.12234 0.0244722
    endloop
  endfacet
  facet normal 0.240212 -0.330528 -0.912715
    outer loop
      vertex 7.19801 -7.22403 0.066988
      vertex 7.15026 -7.14133 0.0244722
      vertex 7.17639 -7.12234 0.0244722
    endloop
  endfacet
  facet normal 0.04341 0.204429 -0.977918
    outer loop
      vertex 7.08916 7.05723 0.00273991
      vertex 7.07847 7.0595 0.00273991
      vertex 7.08916 7.16119 0.0244722
    endloop
  endfacet
  facet normal -0.180301 0.848286 -0.497898
    outer loop
      vertex 7.03073 7.40982 0.206108
      vertex 6.61274 7.37411 0.296632
      vertex 7.02526 7.46179 0.296632
    endloop
  endfacet
  facet normal 0.0849154 0.399712 -0.912699
    outer loop
      vertex 7.15026 7.24529 0.066988
      vertex 7.08916 7.16119 0.0244722
      vertex 7.09914 7.25615 0.066988
    endloop
  endfacet
  facet normal 0 1 -0
    outer loop
      vertex 7.12527 7.50478 0.5
      vertex 7.02074 7.50478 15.5
      vertex 7.12527 7.50478 15.5
    endloop
  endfacet
  facet normal 0 1 0
    outer loop
      vertex 7.02074 7.50478 15.5
      vertex 7.12527 7.50478 0.5
      vertex 7.02074 7.50478 0.5
    endloop
  endfacet
  facet normal 0.207876 0.978155 -0
    outer loop
      vertex 7.22752 7.48305 0.5
      vertex 7.12527 7.50478 15.5
      vertex 7.22752 7.48305 15.5
    endloop
  endfacet
  facet normal 0.207876 0.978155 0
    outer loop
      vertex 7.12527 7.50478 15.5
      vertex 7.22752 7.48305 0.5
      vertex 7.12527 7.50478 0.5
    endloop
  endfacet
  facet normal 0.239948 0.538924 -0.807456
    outer loop
      vertex 7.19801 7.22403 0.066988
      vertex 7.15026 7.24529 0.066988
      vertex 7.17639 7.32571 0.128428
    endloop
  endfacet
  facet normal -0.154895 0.728691 -0.667096
    outer loop
      vertex 6.62551 7.25257 0.128428
      vertex 6.6182 7.32213 0.206108
      vertex 7.03073 7.40982 0.206108
    endloop
  endfacet
  facet normal 0.584619 0.804613 0.104015
    outer loop
      vertex 7.32301 7.44054 15.5
      vertex 7.31754 7.43107 15.604
      vertex 7.40757 7.3791 15.5
    endloop
  endfacet
  facet normal 0.406698 0.913563 -0
    outer loop
      vertex 7.32301 7.44054 0.5
      vertex 7.22752 7.48305 15.5
      vertex 7.32301 7.44054 15.5
    endloop
  endfacet
  facet normal 0.406698 0.913563 0
    outer loop
      vertex 7.22752 7.48305 15.5
      vertex 7.32301 7.44054 0.5
      vertex 7.22752 7.48305 0.5
    endloop
  endfacet
  facet normal -0.207906 0.978149 0
    outer loop
      vertex 6.9185 7.48305 0.5
      vertex 6.60822 7.4171 15.5
      vertex 6.9185 7.48305 15.5
    endloop
  endfacet
  facet normal -0.207906 0.978149 0
    outer loop
      vertex 6.60822 7.4171 15.5
      vertex 6.9185 7.48305 0.5
      vertex 6.60822 7.4171 0.5
    endloop
  endfacet
  facet normal -0.206791 0.972847 -0.103957
    outer loop
      vertex 6.60936 7.40623 0.396045
      vertex 6.9185 7.48305 0.5
      vertex 6.92188 7.47266 0.396045
    endloop
  endfacet
  facet normal -0.206778 0.972845 -0.103993
    outer loop
      vertex 6.9185 7.48305 0.5
      vertex 6.60936 7.40623 0.396045
      vertex 6.60822 7.4171 0.5
    endloop
  endfacet
  facet normal 0.20675 0.972855 -0.103956
    outer loop
      vertex 7.22414 7.47266 0.396045
      vertex 7.12527 7.50478 0.5
      vertex 7.22752 7.48305 0.5
    endloop
  endfacet
  facet normal 0 0.951537 -0.307534
    outer loop
      vertex 7.12075 7.46179 0.296632
      vertex 7.02189 7.49392 0.396045
      vertex 7.12413 7.49392 0.396045
    endloop
  endfacet
  facet normal 0 0.951537 -0.307534
    outer loop
      vertex 7.02189 7.49392 0.396045
      vertex 7.12075 7.46179 0.296632
      vertex 7.02526 7.46179 0.296632
    endloop
  endfacet
  facet normal 0.559297 0.769843 -0.307456
    outer loop
      vertex 7.37865 7.34697 0.296632
      vertex 7.30139 7.4031 0.296632
      vertex 7.31754 7.43107 0.396045
    endloop
  endfacet
  facet normal 0.438379 0.394727 -0.807474
    outer loop
      vertex 7.33729 7.12566 0.0865794
      vertex 7.24029 7.19331 0.066988
      vertex 7.42263 7.11649 0.128428
    endloop
  endfacet
  facet normal 0.438337 0.394649 -0.807535
    outer loop
      vertex 7.24029 7.19331 0.066988
      vertex 7.33729 7.12566 0.0865794
      vertex 7.31924 7.10562 0.066988
    endloop
  endfacet
  facet normal 0.197855 0.930738 -0.307539
    outer loop
      vertex 7.22414 7.47266 0.396045
      vertex 7.12075 7.46179 0.296632
      vertex 7.12413 7.49392 0.396045
    endloop
  endfacet
  facet normal 0.387055 0.86928 -0.307476
    outer loop
      vertex 7.30139 7.4031 0.296632
      vertex 7.21416 7.44194 0.296632
      vertex 7.22414 7.47266 0.396045
    endloop
  endfacet
  facet normal -0.18031 0.848252 -0.497952
    outer loop
      vertex 6.6182 7.32213 0.206108
      vertex 6.61274 7.37411 0.296632
      vertex 7.03073 7.40982 0.206108
    endloop
  endfacet
  facet normal 0.166203 0.373261 -0.912717
    outer loop
      vertex 7.15026 7.14133 0.0244722
      vertex 7.12075 7.15447 0.0244722
      vertex 7.19801 7.22403 0.066988
    endloop
  endfacet
  facet normal 0.302984 0.680591 -0.66708
    outer loop
      vertex 7.24029 7.29727 0.128428
      vertex 7.19801 7.39223 0.206108
      vertex 7.27526 7.35784 0.206108
    endloop
  endfacet
  facet normal -0.206807 0.972847 -0.103919
    outer loop
      vertex 7.02189 7.49392 0.396045
      vertex 6.92188 7.47266 0.396045
      vertex 7.02074 7.50478 0.5
    endloop
  endfacet
  facet normal 0 0.58986 -0.807505
    outer loop
      vertex 7.04688 7.25615 0.066988
      vertex 7.10798 7.34026 0.128428
      vertex 7.09914 7.25615 0.066988
    endloop
  endfacet
  facet normal 0 0.58986 -0.807505
    outer loop
      vertex 7.10798 7.34026 0.128428
      vertex 7.04688 7.25615 0.066988
      vertex 7.03804 7.34026 0.128428
    endloop
  endfacet
  facet normal 0.303685 0.273417 -0.912698
    outer loop
      vertex 7.25535 7.03466 0.0244722
      vertex 7.24029 7.19331 0.066988
      vertex 7.31924 7.10562 0.066988
    endloop
  endfacet
  facet normal -0.0849579 0.399677 -0.91271
    outer loop
      vertex 6.64433 7.0735 0.0244722
      vertex 6.99575 7.24529 0.066988
      vertex 7.05686 7.16119 0.0244722
    endloop
  endfacet
  facet normal -0.0849552 0.399672 -0.912713
    outer loop
      vertex 6.99575 7.24529 0.066988
      vertex 6.64433 7.0735 0.0244722
      vertex 6.63435 7.16847 0.066988
    endloop
  endfacet
  facet normal 0.154951 0.728682 -0.667093
    outer loop
      vertex 7.19801 7.39223 0.206108
      vertex 7.10798 7.34026 0.128428
      vertex 7.11529 7.40982 0.206108
    endloop
  endfacet
  facet normal 0.553642 0.498461 -0.667096
    outer loop
      vertex 7.34368 7.20418 0.128428
      vertex 7.42263 7.22045 0.206108
      vertex 7.42263 7.11649 0.128428
    endloop
  endfacet
  facet normal 0.553622 0.4985 -0.667084
    outer loop
      vertex 7.42263 7.22045 0.206108
      vertex 7.34368 7.20418 0.128428
      vertex 7.34368 7.30813 0.206108
    endloop
  endfacet
  facet normal 0.584539 0.804678 -0.103958
    outer loop
      vertex 7.40026 7.37098 0.396045
      vertex 7.31754 7.43107 0.396045
      vertex 7.40757 7.3791 0.5
    endloop
  endfacet
  facet normal 0.437891 0.602705 -0.667082
    outer loop
      vertex 7.34368 7.30813 0.206108
      vertex 7.24029 7.29727 0.128428
      vertex 7.27526 7.35784 0.206108
    endloop
  endfacet
  facet normal 0.437913 0.602663 -0.667105
    outer loop
      vertex 7.29688 7.25615 0.128428
      vertex 7.24029 7.29727 0.128428
      vertex 7.34368 7.30813 0.206108
    endloop
  endfacet
  facet normal 0.180258 0.848255 -0.497966
    outer loop
      vertex 7.19801 7.39223 0.206108
      vertex 7.12075 7.46179 0.296632
      vertex 7.21416 7.44194 0.296632
    endloop
  endfacet
  facet normal -0.0849316 0.399553 0.912767
    outer loop
      vertex 6.99575 7.24529 15.933
      vertex 6.64433 7.0735 15.9755
      vertex 7.05686 7.16119 15.9755
    endloop
  endfacet
  facet normal -0.0849289 0.399548 0.912769
    outer loop
      vertex 6.64433 7.0735 15.9755
      vertex 6.99575 7.24529 15.933
      vertex 6.63435 7.16847 15.933
    endloop
  endfacet
  facet normal -0.197856 0.930744 -0.307521
    outer loop
      vertex 7.02526 7.46179 0.296632
      vertex 6.92188 7.47266 0.396045
      vertex 7.02189 7.49392 0.396045
    endloop
  endfacet
  facet normal -0.20677 0.972856 0.103912
    outer loop
      vertex 7.02074 7.50478 15.5
      vertex 6.9185 7.48305 15.5
      vertex 6.92188 7.47266 15.604
    endloop
  endfacet
  facet normal -0.0434506 0.204428 -0.977917
    outer loop
      vertex 7.06754 7.0595 0.00273991
      vertex 7.05686 7.05723 0.00273991
      vertex 7.05686 7.16119 0.0244722
    endloop
  endfacet
  facet normal -0.154895 0.728691 -0.667096
    outer loop
      vertex 7.03804 7.34026 0.128428
      vertex 6.62551 7.25257 0.128428
      vertex 7.03073 7.40982 0.206108
    endloop
  endfacet
  facet normal 0.346747 0.477228 -0.807478
    outer loop
      vertex 7.24029 7.19331 0.066988
      vertex 7.19801 7.22403 0.066988
      vertex 7.29688 7.25615 0.128428
    endloop
  endfacet
  facet normal 0.0850184 0.190936 -0.977914
    outer loop
      vertex 7.15026 7.14133 0.0244722
      vertex 7.08916 7.05723 0.00273991
      vertex 7.12075 7.15447 0.0244722
    endloop
  endfacet
  facet normal 0.553585 0.498514 -0.667103
    outer loop
      vertex 7.34368 7.20418 0.128428
      vertex 7.29688 7.25615 0.128428
      vertex 7.34368 7.30813 0.206108
    endloop
  endfacet
  facet normal 0.346756 0.477211 -0.807484
    outer loop
      vertex 7.29688 7.25615 0.128428
      vertex 7.19801 7.22403 0.066988
      vertex 7.24029 7.29727 0.128428
    endloop
  endfacet
  facet normal 0.587808 0.809001 -0
    outer loop
      vertex 7.40757 7.3791 0.5
      vertex 7.32301 7.44054 15.5
      vertex 7.40757 7.3791 15.5
    endloop
  endfacet
  facet normal 0.587808 0.809001 0
    outer loop
      vertex 7.32301 7.44054 15.5
      vertex 7.40757 7.3791 0.5
      vertex 7.32301 7.44054 0.5
    endloop
  endfacet
  facet normal 0.584616 0.804609 -0.104059
    outer loop
      vertex 7.40757 7.3791 0.5
      vertex 7.31754 7.43107 0.396045
      vertex 7.32301 7.44054 0.5
    endloop
  endfacet
  facet normal 0.387079 0.869276 -0.307455
    outer loop
      vertex 7.30139 7.4031 0.296632
      vertex 7.22414 7.47266 0.396045
      vertex 7.31754 7.43107 0.396045
    endloop
  endfacet
  facet normal -0.206769 0.972851 -0.103957
    outer loop
      vertex 6.92188 7.47266 0.396045
      vertex 6.9185 7.48305 0.5
      vertex 7.02074 7.50478 0.5
    endloop
  endfacet
  facet normal -0.0434538 0.204443 -0.977913
    outer loop
      vertex 6.64433 7.0735 0.0244722
      vertex 7.05686 7.05723 0.00273991
      vertex 6.65502 6.97182 0.00273991
    endloop
  endfacet
  facet normal -0.0434546 0.204428 -0.977917
    outer loop
      vertex 7.05686 7.05723 0.00273991
      vertex 6.64433 7.0735 0.0244722
      vertex 7.05686 7.16119 0.0244722
    endloop
  endfacet
  facet normal 0.240212 0.330528 -0.912715
    outer loop
      vertex 7.17639 7.12234 0.0244722
      vertex 7.15026 7.14133 0.0244722
      vertex 7.19801 7.22403 0.066988
    endloop
  endfacet
  facet normal 0.303612 0.273417 -0.912723
    outer loop
      vertex 7.25535 7.03466 0.0244722
      vertex 7.17639 7.12234 0.0244722
      vertex 7.24029 7.19331 0.066988
    endloop
  endfacet
  facet normal -0.122551 0.576983 -0.80751
    outer loop
      vertex 7.04688 7.25615 0.066988
      vertex 6.99575 7.24529 0.066988
      vertex 7.03804 7.34026 0.128428
    endloop
  endfacet
  facet normal -0.0848992 0.399714 -0.9127
    outer loop
      vertex 7.05686 7.16119 0.0244722
      vertex 6.99575 7.24529 0.066988
      vertex 7.04688 7.25615 0.066988
    endloop
  endfacet
  facet normal 0 0.408636 -0.912697
    outer loop
      vertex 7.05686 7.16119 0.0244722
      vertex 7.09914 7.25615 0.066988
      vertex 7.08916 7.16119 0.0244722
    endloop
  endfacet
  facet normal 0 0.408636 -0.912697
    outer loop
      vertex 7.09914 7.25615 0.066988
      vertex 7.05686 7.16119 0.0244722
      vertex 7.04688 7.25615 0.066988
    endloop
  endfacet
  facet normal 0.122574 0.57698 -0.807508
    outer loop
      vertex 7.15026 7.24529 0.066988
      vertex 7.09914 7.25615 0.066988
      vertex 7.10798 7.34026 0.128428
    endloop
  endfacet
  facet normal 0.30291 0.680588 -0.667117
    outer loop
      vertex 7.24029 7.29727 0.128428
      vertex 7.17639 7.32571 0.128428
      vertex 7.19801 7.39223 0.206108
    endloop
  endfacet
  facet normal 0.50972 0.701602 -0.497936
    outer loop
      vertex 7.34368 7.30813 0.206108
      vertex 7.30139 7.4031 0.296632
      vertex 7.37865 7.34697 0.296632
    endloop
  endfacet
  facet normal 0.50974 0.701598 -0.497921
    outer loop
      vertex 7.34368 7.30813 0.206108
      vertex 7.27526 7.35784 0.206108
      vertex 7.30139 7.4031 0.296632
    endloop
  endfacet
  facet normal 0.438369 0.394677 -0.807504
    outer loop
      vertex 7.42263 7.11649 0.128428
      vertex 7.24029 7.19331 0.066988
      vertex 7.34368 7.20418 0.128428
    endloop
  endfacet
  facet normal 0.438349 0.394742 -0.807483
    outer loop
      vertex 7.34368 7.20418 0.128428
      vertex 7.24029 7.19331 0.066988
      vertex 7.29688 7.25615 0.128428
    endloop
  endfacet
  facet normal 0.74313 0.669147 0
    outer loop
      vertex 7.48653 7.29141 15.5
      vertex 7.40757 7.3791 0.5
      vertex 7.40757 7.3791 15.5
    endloop
  endfacet
  facet normal 0.74313 0.669147 0
    outer loop
      vertex 7.40757 7.3791 0.5
      vertex 7.48653 7.29141 15.5
      vertex 7.48653 7.29141 0.5
    endloop
  endfacet
  facet normal 0.197793 0.930771 -0.307478
    outer loop
      vertex 7.21416 7.44194 0.296632
      vertex 7.12075 7.46179 0.296632
      vertex 7.22414 7.47266 0.396045
    endloop
  endfacet
  facet normal 0.352741 0.792215 -0.497965
    outer loop
      vertex 7.30139 7.4031 0.296632
      vertex 7.19801 7.39223 0.206108
      vertex 7.21416 7.44194 0.296632
    endloop
  endfacet
  facet normal 0.352698 0.792262 -0.497921
    outer loop
      vertex 7.27526 7.35784 0.206108
      vertex 7.19801 7.39223 0.206108
      vertex 7.30139 7.4031 0.296632
    endloop
  endfacet
  facet normal 0.180383 0.84828 -0.497879
    outer loop
      vertex 7.19801 7.39223 0.206108
      vertex 7.11529 7.40982 0.206108
      vertex 7.12075 7.46179 0.296632
    endloop
  endfacet
  facet normal 0 0.994587 -0.103903
    outer loop
      vertex 7.12413 7.49392 0.396045
      vertex 7.02074 7.50478 0.5
      vertex 7.12527 7.50478 0.5
    endloop
  endfacet
  facet normal 0 0.994587 -0.103903
    outer loop
      vertex 7.02074 7.50478 0.5
      vertex 7.12413 7.49392 0.396045
      vertex 7.02189 7.49392 0.396045
    endloop
  endfacet
  facet normal -0.207895 0.978151 0
    outer loop
      vertex 7.02074 7.50478 0.5
      vertex 6.9185 7.48305 15.5
      vertex 7.02074 7.50478 15.5
    endloop
  endfacet
  facet normal -0.207895 0.978151 0
    outer loop
      vertex 6.9185 7.48305 15.5
      vertex 7.02074 7.50478 0.5
      vertex 6.9185 7.48305 0.5
    endloop
  endfacet
  facet normal -0.122651 0.577014 -0.807472
    outer loop
      vertex 6.62551 7.25257 0.128428
      vertex 6.99575 7.24529 0.066988
      vertex 6.63435 7.16847 0.066988
    endloop
  endfacet
  facet normal -0.122652 0.577007 -0.807477
    outer loop
      vertex 6.99575 7.24529 0.066988
      vertex 6.62551 7.25257 0.128428
      vertex 7.03804 7.34026 0.128428
    endloop
  endfacet
  facet normal -0.19783 0.930758 -0.307495
    outer loop
      vertex 6.61274 7.37411 0.296632
      vertex 6.92188 7.47266 0.396045
      vertex 7.02526 7.46179 0.296632
    endloop
  endfacet
  facet normal -0.197846 0.930768 -0.307455
    outer loop
      vertex 6.92188 7.47266 0.396045
      vertex 6.61274 7.37411 0.296632
      vertex 6.60936 7.40623 0.396045
    endloop
  endfacet
  facet normal 0.122812 0.169105 -0.977917
    outer loop
      vertex 7.10798 7.04636 0.00273991
      vertex 7.09914 7.05278 0.00273991
      vertex 7.15026 7.14133 0.0244722
    endloop
  endfacet
  facet normal 0.55924 0.769851 0.307538
    outer loop
      vertex 7.40026 7.37098 15.604
      vertex 7.31754 7.43107 15.604
      vertex 7.37865 7.34697 15.7034
    endloop
  endfacet
  facet normal 0.55929 0.769833 0.307493
    outer loop
      vertex 7.31754 7.43107 15.604
      vertex 7.30139 7.4031 15.7034
      vertex 7.37865 7.34697 15.7034
    endloop
  endfacet
  facet normal 0.239858 0.538922 -0.807484
    outer loop
      vertex 7.19801 7.22403 0.066988
      vertex 7.17639 7.32571 0.128428
      vertex 7.24029 7.29727 0.128428
    endloop
  endfacet
  facet normal 0.240166 0.330541 -0.912723
    outer loop
      vertex 7.24029 7.19331 0.066988
      vertex 7.17639 7.12234 0.0244722
      vertex 7.19801 7.22403 0.066988
    endloop
  endfacet
  facet normal 0.0851081 0.190872 -0.977919
    outer loop
      vertex 7.09914 7.05278 0.00273991
      vertex 7.08916 7.05723 0.00273991
      vertex 7.15026 7.14133 0.0244722
    endloop
  endfacet
  facet normal 0.166193 0.373271 -0.912715
    outer loop
      vertex 7.19801 7.22403 0.066988
      vertex 7.12075 7.15447 0.0244722
      vertex 7.15026 7.24529 0.066988
    endloop
  endfacet
  facet normal 0.707136 0.636728 -0.307468
    outer loop
      vertex 7.46868 7.29499 0.396045
      vertex 7.4576 7.25929 0.296632
      vertex 7.37865 7.34697 0.296632
    endloop
  endfacet
  facet normal 0.707136 0.636728 -0.307468
    outer loop
      vertex 7.4576 7.25929 0.296632
      vertex 7.46868 7.29499 0.396045
      vertex 7.54763 7.20731 0.396045
    endloop
  endfacet
  facet normal 0 0.74497 -0.667098
    outer loop
      vertex 7.10798 7.34026 0.128428
      vertex 7.03073 7.40982 0.206108
      vertex 7.11529 7.40982 0.206108
    endloop
  endfacet
  facet normal 0 0.74497 -0.667098
    outer loop
      vertex 7.03073 7.40982 0.206108
      vertex 7.10798 7.34026 0.128428
      vertex 7.03804 7.34026 0.128428
    endloop
  endfacet
  facet normal 0.206807 0.972849 -0.1039
    outer loop
      vertex 7.22414 7.47266 0.396045
      vertex 7.12413 7.49392 0.396045
      vertex 7.12527 7.50478 0.5
    endloop
  endfacet
  facet normal 0.509707 0.701552 0.498021
    outer loop
      vertex 7.30139 7.4031 15.7034
      vertex 7.27526 7.35784 15.7939
      vertex 7.34368 7.30813 15.7939
    endloop
  endfacet
  facet normal 0.38705 0.869269 0.307512
    outer loop
      vertex 7.22414 7.47266 15.604
      vertex 7.21416 7.44194 15.7034
      vertex 7.30139 7.4031 15.7034
    endloop
  endfacet
  facet normal -0.154913 0.728774 0.667001
    outer loop
      vertex 7.03073 7.40982 15.7939
      vertex 6.6182 7.32213 15.7939
      vertex 6.62551 7.25257 15.8716
    endloop
  endfacet
  facet normal -0.206792 0.972851 0.103912
    outer loop
      vertex 6.9185 7.48305 15.5
      vertex 6.60936 7.40623 15.604
      vertex 6.92188 7.47266 15.604
    endloop
  endfacet
  facet normal -0.206779 0.97285 0.103948
    outer loop
      vertex 6.60936 7.40623 15.604
      vertex 6.9185 7.48305 15.5
      vertex 6.60822 7.4171 15.5
    endloop
  endfacet
  facet normal 0 0.208992 -0.977917
    outer loop
      vertex 7.06754 7.0595 0.00273991
      vertex 7.08916 7.16119 0.0244722
      vertex 7.07847 7.0595 0.00273991
    endloop
  endfacet
  facet normal 0 0.208992 -0.977917
    outer loop
      vertex 7.08916 7.16119 0.0244722
      vertex 7.06754 7.0595 0.00273991
      vertex 7.05686 7.16119 0.0244722
    endloop
  endfacet
  facet normal 0.122724 0.577015 -0.80746
    outer loop
      vertex 7.15026 7.24529 0.066988
      vertex 7.10798 7.34026 0.128428
      vertex 7.17639 7.32571 0.128428
    endloop
  endfacet
  facet normal 0.154977 0.728661 -0.66711
    outer loop
      vertex 7.17639 7.32571 0.128428
      vertex 7.10798 7.34026 0.128428
      vertex 7.19801 7.39223 0.206108
    endloop
  endfacet
  facet normal 0.155314 0.13985 -0.977916
    outer loop
      vertex 7.10798 7.04636 0.00273991
      vertex 7.25535 7.03466 0.0244722
      vertex 7.18693 6.95868 0.00273991
    endloop
  endfacet
  facet normal 0.155315 0.139868 -0.977913
    outer loop
      vertex 7.25535 7.03466 0.0244722
      vertex 7.10798 7.04636 0.00273991
      vertex 7.17639 7.12234 0.0244722
    endloop
  endfacet
  facet normal 0.122876 0.169076 -0.977914
    outer loop
      vertex 7.17639 7.12234 0.0244722
      vertex 7.10798 7.04636 0.00273991
      vertex 7.15026 7.14133 0.0244722
    endloop
  endfacet
  facet normal 0.644456 0.58029 -0.497935
    outer loop
      vertex 7.4576 7.25929 0.296632
      vertex 7.34368 7.30813 0.206108
      vertex 7.37865 7.34697 0.296632
    endloop
  endfacet
  facet normal 0.644456 0.58029 -0.497935
    outer loop
      vertex 7.34368 7.30813 0.206108
      vertex 7.4576 7.25929 0.296632
      vertex 7.42263 7.22045 0.206108
    endloop
  endfacet
  facet normal 0.559247 0.769861 -0.307502
    outer loop
      vertex 7.37865 7.34697 0.296632
      vertex 7.31754 7.43107 0.396045
      vertex 7.40026 7.37098 0.396045
    endloop
  endfacet
  facet normal 0 0.867243 -0.497886
    outer loop
      vertex 7.11529 7.40982 0.206108
      vertex 7.02526 7.46179 0.296632
      vertex 7.12075 7.46179 0.296632
    endloop
  endfacet
  facet normal 0 0.867243 -0.497886
    outer loop
      vertex 7.02526 7.46179 0.296632
      vertex 7.11529 7.40982 0.206108
      vertex 7.03073 7.40982 0.206108
    endloop
  endfacet
  facet normal 0.404494 0.908612 -0.103965
    outer loop
      vertex 7.32301 7.44054 0.5
      vertex 7.22414 7.47266 0.396045
      vertex 7.22752 7.48305 0.5
    endloop
  endfacet
  facet normal 0.404574 0.908566 -0.104056
    outer loop
      vertex 7.31754 7.43107 0.396045
      vertex 7.22414 7.47266 0.396045
      vertex 7.32301 7.44054 0.5
    endloop
  endfacet
  facet normal 0.19779 0.93076 0.307514
    outer loop
      vertex 7.22414 7.47266 15.604
      vertex 7.12075 7.46179 15.7034
      vertex 7.21416 7.44194 15.7034
    endloop
  endfacet
  facet normal 0.404496 0.908616 0.10392
    outer loop
      vertex 7.22752 7.48305 15.5
      vertex 7.22414 7.47266 15.604
      vertex 7.32301 7.44054 15.5
    endloop
  endfacet
  facet normal 0.206751 0.97286 0.103912
    outer loop
      vertex 7.22752 7.48305 15.5
      vertex 7.12527 7.50478 15.5
      vertex 7.22414 7.47266 15.604
    endloop
  endfacet
  facet normal 0.387074 0.869266 0.307491
    outer loop
      vertex 7.31754 7.43107 15.604
      vertex 7.22414 7.47266 15.604
      vertex 7.30139 7.4031 15.7034
    endloop
  endfacet
  facet normal 0.155778 0.140285 0.97778
    outer loop
      vertex 7.10798 7.04636 15.9973
      vertex 7.25535 7.03466 15.9755
      vertex 7.17639 7.12234 15.9755
    endloop
  endfacet
  facet normal 0.155776 0.140266 0.977783
    outer loop
      vertex 7.25535 7.03466 15.9755
      vertex 7.10798 7.04636 15.9973
      vertex 7.18693 6.95868 15.9973
    endloop
  endfacet
  facet normal 0.0434871 0.204428 -0.977915
    outer loop
      vertex 7.12075 7.15447 0.0244722
      vertex 7.08916 7.05723 0.00273991
      vertex 7.08916 7.16119 0.0244722
    endloop
  endfacet
  facet normal 0.0850155 0.399649 -0.912717
    outer loop
      vertex 7.12075 7.15447 0.0244722
      vertex 7.08916 7.16119 0.0244722
      vertex 7.15026 7.24529 0.066988
    endloop
  endfacet
  facet normal 0.707148 0.636703 -0.307492
    outer loop
      vertex 7.46868 7.29499 0.396045
      vertex 7.37865 7.34697 0.296632
      vertex 7.40026 7.37098 0.396045
    endloop
  endfacet
  facet normal 0.739127 0.665496 -0.103957
    outer loop
      vertex 7.46868 7.29499 0.396045
      vertex 7.40026 7.37098 0.396045
      vertex 7.40757 7.3791 0.5
    endloop
  endfacet
  facet normal 0.739101 0.665519 -0.103991
    outer loop
      vertex 7.48653 7.29141 0.5
      vertex 7.46868 7.29499 0.396045
      vertex 7.40757 7.3791 0.5
    endloop
  endfacet
  facet normal 0.739105 0.665515 -0.103992
    outer loop
      vertex 7.46868 7.29499 0.396045
      vertex 7.48653 7.29141 0.5
      vertex 7.54763 7.20731 0.396045
    endloop
  endfacet
  facet normal 0.707127 0.636721 0.307504
    outer loop
      vertex 7.4576 7.25929 15.7034
      vertex 7.46868 7.29499 15.604
      vertex 7.37865 7.34697 15.7034
    endloop
  endfacet
  facet normal 0.707127 0.636721 0.307504
    outer loop
      vertex 7.46868 7.29499 15.604
      vertex 7.4576 7.25929 15.7034
      vertex 7.54763 7.20731 15.604
    endloop
  endfacet
  facet normal -0.206808 0.972852 0.103875
    outer loop
      vertex 7.02074 7.50478 15.5
      vertex 6.92188 7.47266 15.604
      vertex 7.02189 7.49392 15.604
    endloop
  endfacet
  facet normal 0.0848891 0.399588 0.912756
    outer loop
      vertex 7.09914 7.25615 15.933
      vertex 7.08916 7.16119 15.9755
      vertex 7.15026 7.24529 15.933
    endloop
  endfacet
  facet normal -0.180289 0.84823 0.497997
    outer loop
      vertex 7.02526 7.46179 15.7034
      vertex 6.61274 7.37411 15.7034
      vertex 7.03073 7.40982 15.7939
    endloop
  endfacet
  facet normal 0.303518 0.273332 0.91278
    outer loop
      vertex 7.24029 7.19331 15.933
      vertex 7.17639 7.12234 15.9755
      vertex 7.25535 7.03466 15.9755
    endloop
  endfacet
  facet normal 0.509686 0.701556 0.498035
    outer loop
      vertex 7.37865 7.34697 15.7034
      vertex 7.30139 7.4031 15.7034
      vertex 7.34368 7.30813 15.7939
    endloop
  endfacet
  facet normal 0.707139 0.636695 0.307528
    outer loop
      vertex 7.40026 7.37098 15.604
      vertex 7.37865 7.34697 15.7034
      vertex 7.46868 7.29499 15.604
    endloop
  endfacet
  facet normal 0.123177 0.169609 0.977783
    outer loop
      vertex 7.15026 7.14133 15.9755
      vertex 7.09914 7.05278 15.9973
      vertex 7.10798 7.04636 15.9973
    endloop
  endfacet
  facet normal -0.043584 0.205037 0.977783
    outer loop
      vertex 6.64433 7.0735 15.9755
      vertex 7.05686 7.05723 15.9973
      vertex 7.05686 7.16119 15.9755
    endloop
  endfacet
  facet normal -0.0435833 0.205052 0.97778
    outer loop
      vertex 7.05686 7.05723 15.9973
      vertex 6.64433 7.0735 15.9755
      vertex 6.65502 6.97182 15.9973
    endloop
  endfacet
  facet normal -0.197854 0.930732 0.307557
    outer loop
      vertex 7.02189 7.49392 15.604
      vertex 6.92188 7.47266 15.604
      vertex 7.02526 7.46179 15.7034
    endloop
  endfacet
  facet normal 0.584542 0.804682 0.103914
    outer loop
      vertex 7.40757 7.3791 15.5
      vertex 7.31754 7.43107 15.604
      vertex 7.40026 7.37098 15.604
    endloop
  endfacet
  facet normal 0.73913 0.665499 0.103912
    outer loop
      vertex 7.40757 7.3791 15.5
      vertex 7.40026 7.37098 15.604
      vertex 7.46868 7.29499 15.604
    endloop
  endfacet
  facet normal 0.154995 0.728744 0.667015
    outer loop
      vertex 7.19801 7.39223 15.7939
      vertex 7.10798 7.34026 15.8716
      vertex 7.17639 7.32571 15.8716
    endloop
  endfacet
  facet normal 0 0.745056 0.667002
    outer loop
      vertex 7.11529 7.40982 15.7939
      vertex 7.03804 7.34026 15.8716
      vertex 7.10798 7.34026 15.8716
    endloop
  endfacet
  facet normal 0 0.745056 0.667002
    outer loop
      vertex 7.03804 7.34026 15.8716
      vertex 7.11529 7.40982 15.7939
      vertex 7.03073 7.40982 15.7939
    endloop
  endfacet
  facet normal 0.404576 0.90857 0.104011
    outer loop
      vertex 7.32301 7.44054 15.5
      vertex 7.22414 7.47266 15.604
      vertex 7.31754 7.43107 15.604
    endloop
  endfacet
  facet normal 0.197853 0.930726 0.307575
    outer loop
      vertex 7.12413 7.49392 15.604
      vertex 7.12075 7.46179 15.7034
      vertex 7.22414 7.47266 15.604
    endloop
  endfacet
  facet normal 0.240137 0.330426 0.912772
    outer loop
      vertex 7.19801 7.22403 15.933
      vertex 7.15026 7.14133 15.9755
      vertex 7.17639 7.12234 15.9755
    endloop
  endfacet
  facet normal 0.240092 0.330439 0.912779
    outer loop
      vertex 7.19801 7.22403 15.933
      vertex 7.17639 7.12234 15.9755
      vertex 7.24029 7.19331 15.933
    endloop
  endfacet
  facet normal 0 0.58961 0.807688
    outer loop
      vertex 7.10798 7.34026 15.8716
      vertex 7.04688 7.25615 15.933
      vertex 7.09914 7.25615 15.933
    endloop
  endfacet
  facet normal 0 0.58961 0.807688
    outer loop
      vertex 7.04688 7.25615 15.933
      vertex 7.10798 7.34026 15.8716
      vertex 7.03804 7.34026 15.8716
    endloop
  endfacet
  facet normal -0.1226 0.576762 0.80766
    outer loop
      vertex 6.62551 7.25257 15.8716
      vertex 6.99575 7.24529 15.933
      vertex 7.03804 7.34026 15.8716
    endloop
  endfacet
  facet normal -0.122599 0.576769 0.807655
    outer loop
      vertex 6.99575 7.24529 15.933
      vertex 6.62551 7.25257 15.8716
      vertex 6.63435 7.16847 15.933
    endloop
  endfacet
  facet normal 0.206808 0.972854 0.103855
    outer loop
      vertex 7.12527 7.50478 15.5
      vertex 7.12413 7.49392 15.604
      vertex 7.22414 7.47266 15.604
    endloop
  endfacet
  facet normal 0.438182 0.394509 0.807687
    outer loop
      vertex 7.34368 7.20418 15.8716
      vertex 7.24029 7.19331 15.933
      vertex 7.42263 7.11649 15.8716
    endloop
  endfacet
  facet normal 0.739104 0.665522 0.103947
    outer loop
      vertex 7.46868 7.29499 15.604
      vertex 7.48653 7.29141 15.5
      vertex 7.40757 7.3791 15.5
    endloop
  endfacet
  facet normal 0.739108 0.665518 0.103947
    outer loop
      vertex 7.48653 7.29141 15.5
      vertex 7.46868 7.29499 15.604
      vertex 7.54763 7.20731 15.604
    endloop
  endfacet
  facet normal -0.197828 0.930746 0.307531
    outer loop
      vertex 6.92188 7.47266 15.604
      vertex 6.61274 7.37411 15.7034
      vertex 7.02526 7.46179 15.7034
    endloop
  endfacet
  facet normal -0.197844 0.930756 0.307491
    outer loop
      vertex 6.61274 7.37411 15.7034
      vertex 6.92188 7.47266 15.604
      vertex 6.60936 7.40623 15.604
    endloop
  endfacet
  facet normal -0.180298 0.848196 0.498052
    outer loop
      vertex 7.03073 7.40982 15.7939
      vertex 6.61274 7.37411 15.7034
      vertex 6.6182 7.32213 15.7939
    endloop
  endfacet
  facet normal 0.352674 0.79221 0.49802
    outer loop
      vertex 7.30139 7.4031 15.7034
      vertex 7.19801 7.39223 15.7939
      vertex 7.27526 7.35784 15.7939
    endloop
  endfacet
  facet normal 0.352718 0.792163 0.498064
    outer loop
      vertex 7.21416 7.44194 15.7034
      vertex 7.19801 7.39223 15.7939
      vertex 7.30139 7.4031 15.7034
    endloop
  endfacet
  facet normal 0 0.994592 0.103858
    outer loop
      vertex 7.12527 7.50478 15.5
      vertex 7.02189 7.49392 15.604
      vertex 7.12413 7.49392 15.604
    endloop
  endfacet
  facet normal 0 0.994592 0.103858
    outer loop
      vertex 7.02189 7.49392 15.604
      vertex 7.12527 7.50478 15.5
      vertex 7.02074 7.50478 15.5
    endloop
  endfacet
  facet normal 0.166152 0.373146 0.912774
    outer loop
      vertex 7.19801 7.22403 15.933
      vertex 7.12075 7.15447 15.9755
      vertex 7.15026 7.14133 15.9755
    endloop
  endfacet
  facet normal 0.122522 0.576735 0.807691
    outer loop
      vertex 7.10798 7.34026 15.8716
      vertex 7.09914 7.25615 15.933
      vertex 7.15026 7.24529 15.933
    endloop
  endfacet
  facet normal -0.0848729 0.39959 0.912756
    outer loop
      vertex 7.04688 7.25615 15.933
      vertex 6.99575 7.24529 15.933
      vertex 7.05686 7.16119 15.9755
    endloop
  endfacet
  facet normal 0.346599 0.477026 0.80766
    outer loop
      vertex 7.29688 7.25615 15.8716
      vertex 7.19801 7.22403 15.933
      vertex 7.24029 7.19331 15.933
    endloop
  endfacet
  facet normal 0.438463 0.394761 0.807412
    outer loop
      vertex 7.33729 7.12566 15.9134
      vertex 7.24029 7.19331 15.933
      vertex 7.31924 7.10562 15.933
    endloop
  endfacet
  facet normal 0.438085 0.394062 0.807958
    outer loop
      vertex 7.24029 7.19331 15.933
      vertex 7.33729 7.12566 15.9134
      vertex 7.42263 7.11649 15.8716
    endloop
  endfacet
  facet normal -0.122499 0.576738 0.807693
    outer loop
      vertex 7.03804 7.34026 15.8716
      vertex 6.99575 7.24529 15.933
      vertex 7.04688 7.25615 15.933
    endloop
  endfacet
  facet normal 0 0.867186 0.497985
    outer loop
      vertex 7.12075 7.46179 15.7034
      vertex 7.03073 7.40982 15.7939
      vertex 7.11529 7.40982 15.7939
    endloop
  endfacet
  facet normal 0 0.867186 0.497985
    outer loop
      vertex 7.03073 7.40982 15.7939
      vertex 7.12075 7.46179 15.7034
      vertex 7.02526 7.46179 15.7034
    endloop
  endfacet
  facet normal 0.553685 0.498557 0.666988
    outer loop
      vertex 7.34368 7.20418 15.8716
      vertex 7.42263 7.22045 15.7939
      vertex 7.34368 7.30813 15.7939
    endloop
  endfacet
  facet normal 0.553706 0.498518 0.667001
    outer loop
      vertex 7.42263 7.22045 15.7939
      vertex 7.34368 7.20418 15.8716
      vertex 7.42263 7.11649 15.8716
    endloop
  endfacet
  facet normal 0.644414 0.580252 0.498035
    outer loop
      vertex 7.34368 7.30813 15.7939
      vertex 7.4576 7.25929 15.7034
      vertex 7.37865 7.34697 15.7034
    endloop
  endfacet
  facet normal 0.644414 0.580252 0.498035
    outer loop
      vertex 7.4576 7.25929 15.7034
      vertex 7.34368 7.30813 15.7939
      vertex 7.42263 7.22045 15.7939
    endloop
  endfacet
  facet normal 0.437963 0.602732 0.66701
    outer loop
      vertex 7.34368 7.30813 15.7939
      vertex 7.24029 7.29727 15.8716
      vertex 7.29688 7.25615 15.8716
    endloop
  endfacet
  facet normal 0.346609 0.477009 0.807667
    outer loop
      vertex 7.24029 7.29727 15.8716
      vertex 7.19801 7.22403 15.933
      vertex 7.29688 7.25615 15.8716
    endloop
  endfacet
  facet normal 0.303019 0.680669 0.666985
    outer loop
      vertex 7.27526 7.35784 15.7939
      vertex 7.19801 7.39223 15.7939
      vertex 7.24029 7.29727 15.8716
    endloop
  endfacet
  facet normal 0.437941 0.602774 0.666986
    outer loop
      vertex 7.27526 7.35784 15.7939
      vertex 7.24029 7.29727 15.8716
      vertex 7.34368 7.30813 15.7939
    endloop
  endfacet
  facet normal -0.154913 0.728774 0.667001
    outer loop
      vertex 7.03073 7.40982 15.7939
      vertex 6.62551 7.25257 15.8716
      vertex 7.03804 7.34026 15.8716
    endloop
  endfacet
  facet normal 0 0.951525 0.307571
    outer loop
      vertex 7.12413 7.49392 15.604
      vertex 7.02526 7.46179 15.7034
      vertex 7.12075 7.46179 15.7034
    endloop
  endfacet
  facet normal 0 0.951525 0.307571
    outer loop
      vertex 7.02526 7.46179 15.7034
      vertex 7.12413 7.49392 15.604
      vertex 7.02189 7.49392 15.604
    endloop
  endfacet
  facet normal 0.239846 0.538695 0.807639
    outer loop
      vertex 7.17639 7.32571 15.8716
      vertex 7.15026 7.24529 15.933
      vertex 7.19801 7.22403 15.933
    endloop
  endfacet
  facet normal 0.0849892 0.399525 0.912774
    outer loop
      vertex 7.15026 7.24529 15.933
      vertex 7.08916 7.16119 15.9755
      vertex 7.12075 7.15447 15.9755
    endloop
  endfacet
  facet normal 0.122672 0.57677 0.807643
    outer loop
      vertex 7.17639 7.32571 15.8716
      vertex 7.10798 7.34026 15.8716
      vertex 7.15026 7.24529 15.933
    endloop
  endfacet
  facet normal 0.154968 0.728765 0.666998
    outer loop
      vertex 7.11529 7.40982 15.7939
      vertex 7.10798 7.34026 15.8716
      vertex 7.19801 7.39223 15.7939
    endloop
  endfacet
  facet normal 0.0852717 0.191504 0.977781
    outer loop
      vertex 7.12075 7.15447 15.9755
      vertex 7.08916 7.05723 15.9973
      vertex 7.15026 7.14133 15.9755
    endloop
  endfacet
  facet normal 0.166142 0.373155 0.912772
    outer loop
      vertex 7.15026 7.24529 15.933
      vertex 7.12075 7.15447 15.9755
      vertex 7.19801 7.22403 15.933
    endloop
  endfacet
  facet normal 0 0.209614 0.977784
    outer loop
      vertex 7.08916 7.16119 15.9755
      vertex 7.06754 7.0595 15.9973
      vertex 7.07847 7.0595 15.9973
    endloop
  endfacet
  facet normal 0 0.209614 0.977784
    outer loop
      vertex 7.06754 7.0595 15.9973
      vertex 7.08916 7.16119 15.9755
      vertex 7.05686 7.16119 15.9755
    endloop
  endfacet
  facet normal -0.04358 0.205037 0.977783
    outer loop
      vertex 7.05686 7.16119 15.9755
      vertex 7.05686 7.05723 15.9973
      vertex 7.06754 7.0595 15.9973
    endloop
  endfacet
  facet normal 0.123242 0.169579 0.97778
    outer loop
      vertex 7.15026 7.14133 15.9755
      vertex 7.10798 7.04636 15.9973
      vertex 7.17639 7.12234 15.9755
    endloop
  endfacet
  facet normal 0.303591 0.273332 0.912755
    outer loop
      vertex 7.31924 7.10562 15.933
      vertex 7.24029 7.19331 15.933
      vertex 7.25535 7.03466 15.9755
    endloop
  endfacet
  facet normal 0.553649 0.498572 0.667008
    outer loop
      vertex 7.34368 7.30813 15.7939
      vertex 7.29688 7.25615 15.8716
      vertex 7.34368 7.20418 15.8716
    endloop
  endfacet
  facet normal 0.438163 0.394574 0.807666
    outer loop
      vertex 7.29688 7.25615 15.8716
      vertex 7.24029 7.19331 15.933
      vertex 7.34368 7.20418 15.8716
    endloop
  endfacet
  facet normal 0.180371 0.848224 0.497978
    outer loop
      vertex 7.12075 7.46179 15.7034
      vertex 7.11529 7.40982 15.7939
      vertex 7.19801 7.39223 15.7939
    endloop
  endfacet
  facet normal 0.180246 0.848199 0.498066
    outer loop
      vertex 7.21416 7.44194 15.7034
      vertex 7.12075 7.46179 15.7034
      vertex 7.19801 7.39223 15.7939
    endloop
  endfacet
  facet normal 0 0.408509 0.912754
    outer loop
      vertex 7.09914 7.25615 15.933
      vertex 7.05686 7.16119 15.9755
      vertex 7.08916 7.16119 15.9755
    endloop
  endfacet
  facet normal 0 0.408509 0.912754
    outer loop
      vertex 7.05686 7.16119 15.9755
      vertex 7.09914 7.25615 15.933
      vertex 7.04688 7.25615 15.933
    endloop
  endfacet
  facet normal 0.239756 0.538693 0.807667
    outer loop
      vertex 7.24029 7.29727 15.8716
      vertex 7.17639 7.32571 15.8716
      vertex 7.19801 7.22403 15.933
    endloop
  endfacet
  facet normal 0.302944 0.680666 0.667022
    outer loop
      vertex 7.19801 7.39223 15.7939
      vertex 7.17639 7.32571 15.8716
      vertex 7.24029 7.29727 15.8716
    endloop
  endfacet
  facet normal 0.0436166 0.205037 0.977782
    outer loop
      vertex 7.08916 7.16119 15.9755
      vertex 7.08916 7.05723 15.9973
      vertex 7.12075 7.15447 15.9755
    endloop
  endfacet
  facet normal 0.0435393 0.205038 0.977785
    outer loop
      vertex 7.08916 7.16119 15.9755
      vertex 7.07847 7.0595 15.9973
      vertex 7.08916 7.05723 15.9973
    endloop
  endfacet
  facet normal 0.0853616 0.19144 0.977785
    outer loop
      vertex 7.15026 7.14133 15.9755
      vertex 7.08916 7.05723 15.9973
      vertex 7.09914 7.05278 15.9973
    endloop
  endfacet
  facet normal 0.254933 -0.572599 -0.779192
    outer loop
      vertex 1.31332 -4.04199 -2.5
      vertex 2.4146 -6.9574 0.00273991
      vertex 2.28006 -7.0173 0.00273991
    endloop
  endfacet
  facet normal 0.254935 -0.572598 -0.779191
    outer loop
      vertex 2.4146 -6.9574 0.00273991
      vertex 1.31332 -4.04199 -2.5
      vertex 2.125 -3.68061 -2.5
    endloop
  endfacet
  facet normal 0.596111 -0.193682 -0.779191
    outer loop
      vertex 3.88257 -1.72863 -2.5
      vertex 6.78604 -2.86101 0.00273991
      vertex 6.74053 -3.00108 0.00273991
    endloop
  endfacet
  facet normal 0.596109 -0.193688 -0.779191
    outer loop
      vertex 6.78604 -2.86101 0.00273991
      vertex 3.88257 -1.72863 -2.5
      vertex 4.15713 -0.883624 -2.5
    endloop
  endfacet
  facet normal 0.368414 -0.507083 -0.779191
    outer loop
      vertex 3.68921 -6.3899 0.00273991
      vertex 2.125 -3.68061 -2.5
      vertex 4.81799 -5.5698 0.00273991
    endloop
  endfacet
  facet normal 0.623353 0.0655159 -0.779191
    outer loop
      vertex 7.37842 0 0.00273991
      vertex 4.25 0 -2.5
      vertex 7.23258 1.3876 0.00273991
    endloop
  endfacet
  facet normal 0.623354 0.0655153 -0.779191
    outer loop
      vertex 4.15713 0.883624 -2.5
      vertex 7.23258 1.3876 0.00273991
      vertex 4.25 0 -2.5
    endloop
  endfacet
  facet normal 0.623356 0.0655021 -0.77919
    outer loop
      vertex 7.23258 1.3876 0.00273991
      vertex 4.15713 0.883624 -2.5
      vertex 7.21719 1.53406 0.00273991
    endloop
  endfacet
  facet normal 0.130321 -0.613088 -0.779192
    outer loop
      vertex 2.13601 -7.04792 0.00273991
      vertex 1.31332 -4.04199 -2.5
      vertex 2.28006 -7.0173 0.00273991
    endloop
  endfacet
  facet normal 0.130318 -0.613089 -0.779191
    outer loop
      vertex 1.31332 -4.04199 -2.5
      vertex 2.13601 -7.04792 0.00273991
      vertex 0.444245 -4.22672 -2.5
    endloop
  endfacet
  facet normal -0.542813 0.313394 -0.779191
    outer loop
      vertex -3.43832 2.49809 -2.5
      vertex -6.66689 3.12862 0.00273991
      vertex -5.96927 4.33693 0.00273991
    endloop
  endfacet
  facet normal 0.542805 -0.313409 -0.779191
    outer loop
      vertex 6.66689 -3.12862 0.00273991
      vertex 3.88257 -1.72863 -2.5
      vertex 6.74053 -3.00108 0.00273991
    endloop
  endfacet
  facet normal 0.542812 -0.313394 -0.779191
    outer loop
      vertex 3.88257 -1.72863 -2.5
      vertex 6.66689 -3.12862 0.00273991
      vertex 3.43832 -2.49809 -2.5
    endloop
  endfacet
  facet normal -0.130318 -0.613089 -0.779191
    outer loop
      vertex -2.13601 -7.04792 0.00273991
      vertex -1.31332 -4.04199 -2.5
      vertex -0.444245 -4.22672 -2.5
    endloop
  endfacet
  facet normal -0.130321 -0.613088 -0.779192
    outer loop
      vertex -1.31332 -4.04199 -2.5
      vertex -2.13601 -7.04792 0.00273991
      vertex -2.28006 -7.0173 0.00273991
    endloop
  endfacet
  facet normal -0.542813 -0.313394 -0.779191
    outer loop
      vertex -5.96927 -4.33693 0.00273991
      vertex -6.66689 -3.12862 0.00273991
      vertex -3.43832 -2.49809 -2.5
    endloop
  endfacet
  facet normal 0.623353 -0.0655159 -0.779191
    outer loop
      vertex 7.23258 -1.3876 0.00273991
      vertex 4.25 0 -2.5
      vertex 7.37842 0 0.00273991
    endloop
  endfacet
  facet normal 0.59611 -0.193687 -0.779191
    outer loop
      vertex 6.78604 -2.86101 0.00273991
      vertex 4.15713 -0.883624 -2.5
      vertex 7.21719 -1.53406 0.00273991
    endloop
  endfacet
  facet normal -0.25494 0.572597 -0.779191
    outer loop
      vertex -2.125 3.68061 -2.5
      vertex -3.68921 6.3899 0.00273991
      vertex -2.4146 6.9574 0.00273991
    endloop
  endfacet
  facet normal 0.542813 -0.313394 -0.779191
    outer loop
      vertex 5.96927 -4.33693 0.00273991
      vertex 3.43832 -2.49809 -2.5
      vertex 6.66689 -3.12862 0.00273991
    endloop
  endfacet
  facet normal -0.465792 -0.419404 -0.779191
    outer loop
      vertex -5.03567 -5.37379 0.00273991
      vertex -5.96927 -4.33693 0.00273991
      vertex -3.43832 -2.49809 -2.5
    endloop
  endfacet
  facet normal -0.254933 -0.572599 -0.779192
    outer loop
      vertex -2.4146 -6.9574 0.00273991
      vertex -1.31332 -4.04199 -2.5
      vertex -2.28006 -7.0173 0.00273991
    endloop
  endfacet
  facet normal -0.254935 -0.572598 -0.779191
    outer loop
      vertex -1.31332 -4.04199 -2.5
      vertex -2.4146 -6.9574 0.00273991
      vertex -2.125 -3.68061 -2.5
    endloop
  endfacet
  facet normal 0.465792 -0.419404 -0.779191
    outer loop
      vertex 5.03567 -5.37379 0.00273991
      vertex 3.43832 -2.49809 -2.5
      vertex 5.96927 -4.33693 0.00273991
    endloop
  endfacet
  facet normal 0.130313 -0.613091 -0.779191
    outer loop
      vertex 0.771255 -7.338 0.00273991
      vertex 0.444245 -4.22672 -2.5
      vertex 2.13601 -7.04792 0.00273991
    endloop
  endfacet
  facet normal 0 0.626787 -0.77919
    outer loop
      vertex -0.444245 4.22672 -2.5
      vertex 0.771255 7.338 0.00273991
      vertex 0.444245 4.22672 -2.5
    endloop
  endfacet
  facet normal 0 0.626787 -0.77919
    outer loop
      vertex 0.771255 7.338 0.00273991
      vertex -0.444245 4.22672 -2.5
      vertex -0.771255 7.338 0.00273991
    endloop
  endfacet
  facet normal -0.465814 -0.419381 -0.77919
    outer loop
      vertex -5.03567 -5.37379 0.00273991
      vertex -2.8438 -3.15837 -2.5
      vertex -4.93713 -5.48324 0.00273991
    endloop
  endfacet
  facet normal -0.465793 -0.419403 -0.779191
    outer loop
      vertex -2.8438 -3.15837 -2.5
      vertex -5.03567 -5.37379 0.00273991
      vertex -3.43832 -2.49809 -2.5
    endloop
  endfacet
  facet normal 0.465793 0.419403 -0.779191
    outer loop
      vertex 2.8438 3.15837 -2.5
      vertex 5.03567 5.37379 0.00273991
      vertex 3.43832 2.49809 -2.5
    endloop
  endfacet
  facet normal 0.465814 0.419381 -0.77919
    outer loop
      vertex 5.03567 5.37379 0.00273991
      vertex 2.8438 3.15837 -2.5
      vertex 4.93713 5.48324 0.00273991
    endloop
  endfacet
  facet normal 0 -0.626787 -0.77919
    outer loop
      vertex 0.771255 -7.338 0.00273991
      vertex -0.444245 -4.22672 -2.5
      vertex 0.444245 -4.22672 -2.5
    endloop
  endfacet
  facet normal 0 -0.626787 -0.77919
    outer loop
      vertex -0.444245 -4.22672 -2.5
      vertex 0.771255 -7.338 0.00273991
      vertex -0.771255 -7.338 0.00273991
    endloop
  endfacet
  facet normal -0.368414 -0.507083 -0.779191
    outer loop
      vertex -3.68921 -6.3899 0.00273991
      vertex -4.81799 -5.5698 0.00273991
      vertex -2.125 -3.68061 -2.5
    endloop
  endfacet
  facet normal -0.59611 -0.193687 -0.779191
    outer loop
      vertex -6.78604 -2.86101 0.00273991
      vertex -7.21719 -1.53406 0.00273991
      vertex -4.15713 -0.883624 -2.5
    endloop
  endfacet
  facet normal 0.465814 -0.419381 -0.77919
    outer loop
      vertex 2.8438 -3.15837 -2.5
      vertex 5.03567 -5.37379 0.00273991
      vertex 4.93713 -5.48324 0.00273991
    endloop
  endfacet
  facet normal 0.465793 -0.419403 -0.779191
    outer loop
      vertex 5.03567 -5.37379 0.00273991
      vertex 2.8438 -3.15837 -2.5
      vertex 3.43832 -2.49809 -2.5
    endloop
  endfacet
  facet normal 0.59611 0.193687 -0.779191
    outer loop
      vertex 7.21719 1.53406 0.00273991
      vertex 4.15713 0.883624 -2.5
      vertex 6.78604 2.86101 0.00273991
    endloop
  endfacet
  facet normal 0.368415 -0.507081 -0.779191
    outer loop
      vertex 4.81799 -5.5698 0.00273991
      vertex 2.8438 -3.15837 -2.5
      vertex 4.93713 -5.48324 0.00273991
    endloop
  endfacet
  facet normal 0.368416 -0.50708 -0.779191
    outer loop
      vertex 2.8438 -3.15837 -2.5
      vertex 4.81799 -5.5698 0.00273991
      vertex 2.125 -3.68061 -2.5
    endloop
  endfacet
  facet normal 0.623356 -0.0655021 -0.77919
    outer loop
      vertex 4.15713 -0.883624 -2.5
      vertex 7.23258 -1.3876 0.00273991
      vertex 7.21719 -1.53406 0.00273991
    endloop
  endfacet
  facet normal 0.623354 -0.0655153 -0.779191
    outer loop
      vertex 7.23258 -1.3876 0.00273991
      vertex 4.15713 -0.883624 -2.5
      vertex 4.25 0 -2.5
    endloop
  endfacet
  facet normal -0.542812 -0.313394 -0.779191
    outer loop
      vertex -6.66689 -3.12862 0.00273991
      vertex -3.88257 -1.72863 -2.5
      vertex -3.43832 -2.49809 -2.5
    endloop
  endfacet
  facet normal -0.542805 -0.313409 -0.779191
    outer loop
      vertex -3.88257 -1.72863 -2.5
      vertex -6.66689 -3.12862 0.00273991
      vertex -6.74053 -3.00108 0.00273991
    endloop
  endfacet
  facet normal -0.542812 0.313394 -0.779191
    outer loop
      vertex -3.88257 1.72863 -2.5
      vertex -6.66689 3.12862 0.00273991
      vertex -3.43832 2.49809 -2.5
    endloop
  endfacet
  facet normal -0.542805 0.313409 -0.779191
    outer loop
      vertex -6.66689 3.12862 0.00273991
      vertex -3.88257 1.72863 -2.5
      vertex -6.74053 3.00108 0.00273991
    endloop
  endfacet
  facet normal -0.130313 -0.613091 -0.779191
    outer loop
      vertex -0.771255 -7.338 0.00273991
      vertex -2.13601 -7.04792 0.00273991
      vertex -0.444245 -4.22672 -2.5
    endloop
  endfacet
  facet normal 0.25494 -0.572597 -0.779191
    outer loop
      vertex 2.4146 -6.9574 0.00273991
      vertex 2.125 -3.68061 -2.5
      vertex 3.68921 -6.3899 0.00273991
    endloop
  endfacet
  facet normal 0.542813 0.313394 -0.779191
    outer loop
      vertex 6.66689 3.12862 0.00273991
      vertex 3.43832 2.49809 -2.5
      vertex 5.96927 4.33693 0.00273991
    endloop
  endfacet
  facet normal -0.25494 -0.572597 -0.779191
    outer loop
      vertex -2.4146 -6.9574 0.00273991
      vertex -3.68921 -6.3899 0.00273991
      vertex -2.125 -3.68061 -2.5
    endloop
  endfacet
  facet normal -0.465793 0.419403 -0.779191
    outer loop
      vertex -5.03567 5.37379 0.00273991
      vertex -2.8438 3.15837 -2.5
      vertex -3.43832 2.49809 -2.5
    endloop
  endfacet
  facet normal -0.465814 0.419381 -0.77919
    outer loop
      vertex -2.8438 3.15837 -2.5
      vertex -5.03567 5.37379 0.00273991
      vertex -4.93713 5.48324 0.00273991
    endloop
  endfacet
  facet normal -0.623356 -0.0655021 -0.77919
    outer loop
      vertex -7.23258 -1.3876 0.00273991
      vertex -4.15713 -0.883624 -2.5
      vertex -7.21719 -1.53406 0.00273991
    endloop
  endfacet
  facet normal -0.623354 -0.0655153 -0.779191
    outer loop
      vertex -4.15713 -0.883624 -2.5
      vertex -7.23258 -1.3876 0.00273991
      vertex -4.25 0 -2.5
    endloop
  endfacet
  facet normal 0.254935 0.572598 -0.779191
    outer loop
      vertex 1.31332 4.04199 -2.5
      vertex 2.4146 6.9574 0.00273991
      vertex 2.125 3.68061 -2.5
    endloop
  endfacet
  facet normal 0.254933 0.572599 -0.779192
    outer loop
      vertex 2.4146 6.9574 0.00273991
      vertex 1.31332 4.04199 -2.5
      vertex 2.28006 7.0173 0.00273991
    endloop
  endfacet
  facet normal 0.25494 0.572597 -0.779191
    outer loop
      vertex 3.68921 6.3899 0.00273991
      vertex 2.125 3.68061 -2.5
      vertex 2.4146 6.9574 0.00273991
    endloop
  endfacet
  facet normal 0.542805 0.313409 -0.779191
    outer loop
      vertex 3.88257 1.72863 -2.5
      vertex 6.66689 3.12862 0.00273991
      vertex 6.74053 3.00108 0.00273991
    endloop
  endfacet
  facet normal 0.542812 0.313394 -0.779191
    outer loop
      vertex 6.66689 3.12862 0.00273991
      vertex 3.88257 1.72863 -2.5
      vertex 3.43832 2.49809 -2.5
    endloop
  endfacet
  facet normal -0.368416 -0.50708 -0.779191
    outer loop
      vertex -4.81799 -5.5698 0.00273991
      vertex -2.8438 -3.15837 -2.5
      vertex -2.125 -3.68061 -2.5
    endloop
  endfacet
  facet normal -0.368415 -0.507081 -0.779191
    outer loop
      vertex -2.8438 -3.15837 -2.5
      vertex -4.81799 -5.5698 0.00273991
      vertex -4.93713 -5.48324 0.00273991
    endloop
  endfacet
  facet normal 0.130313 0.613091 -0.779191
    outer loop
      vertex 2.13601 7.04792 0.00273991
      vertex 0.444245 4.22672 -2.5
      vertex 0.771255 7.338 0.00273991
    endloop
  endfacet
  facet normal 0.130321 0.613088 -0.779192
    outer loop
      vertex 1.31332 4.04199 -2.5
      vertex 2.13601 7.04792 0.00273991
      vertex 2.28006 7.0173 0.00273991
    endloop
  endfacet
  facet normal 0.130318 0.613089 -0.779191
    outer loop
      vertex 2.13601 7.04792 0.00273991
      vertex 1.31332 4.04199 -2.5
      vertex 0.444245 4.22672 -2.5
    endloop
  endfacet
  facet normal -0.254935 0.572598 -0.779191
    outer loop
      vertex -2.4146 6.9574 0.00273991
      vertex -1.31332 4.04199 -2.5
      vertex -2.125 3.68061 -2.5
    endloop
  endfacet
  facet normal -0.254933 0.572599 -0.779192
    outer loop
      vertex -1.31332 4.04199 -2.5
      vertex -2.4146 6.9574 0.00273991
      vertex -2.28006 7.0173 0.00273991
    endloop
  endfacet
  facet normal -0.130318 0.613089 -0.779191
    outer loop
      vertex -1.31332 4.04199 -2.5
      vertex -2.13601 7.04792 0.00273991
      vertex -0.444245 4.22672 -2.5
    endloop
  endfacet
  facet normal -0.130321 0.613088 -0.779192
    outer loop
      vertex -2.13601 7.04792 0.00273991
      vertex -1.31332 4.04199 -2.5
      vertex -2.28006 7.0173 0.00273991
    endloop
  endfacet
  facet normal 0.465792 0.419404 -0.779191
    outer loop
      vertex 5.96927 4.33693 0.00273991
      vertex 3.43832 2.49809 -2.5
      vertex 5.03567 5.37379 0.00273991
    endloop
  endfacet
  facet normal -0.368414 0.507083 -0.779191
    outer loop
      vertex -2.125 3.68061 -2.5
      vertex -4.81799 5.5698 0.00273991
      vertex -3.68921 6.3899 0.00273991
    endloop
  endfacet
  facet normal -0.130313 0.613091 -0.779191
    outer loop
      vertex -0.444245 4.22672 -2.5
      vertex -2.13601 7.04792 0.00273991
      vertex -0.771255 7.338 0.00273991
    endloop
  endfacet
  facet normal -0.59611 0.193687 -0.779191
    outer loop
      vertex -4.15713 0.883624 -2.5
      vertex -7.21719 1.53406 0.00273991
      vertex -6.78604 2.86101 0.00273991
    endloop
  endfacet
  facet normal -0.465792 0.419404 -0.779191
    outer loop
      vertex -3.43832 2.49809 -2.5
      vertex -5.96927 4.33693 0.00273991
      vertex -5.03567 5.37379 0.00273991
    endloop
  endfacet
  facet normal 0.368414 0.507083 -0.779191
    outer loop
      vertex 4.81799 5.5698 0.00273991
      vertex 2.125 3.68061 -2.5
      vertex 3.68921 6.3899 0.00273991
    endloop
  endfacet
  facet normal -0.596111 -0.193682 -0.779191
    outer loop
      vertex -6.78604 -2.86101 0.00273991
      vertex -3.88257 -1.72863 -2.5
      vertex -6.74053 -3.00108 0.00273991
    endloop
  endfacet
  facet normal -0.596109 -0.193688 -0.779191
    outer loop
      vertex -3.88257 -1.72863 -2.5
      vertex -6.78604 -2.86101 0.00273991
      vertex -4.15713 -0.883624 -2.5
    endloop
  endfacet
  facet normal -0.623353 -0.0655159 -0.779191
    outer loop
      vertex -7.23258 -1.3876 0.00273991
      vertex -7.37842 0 0.00273991
      vertex -4.25 0 -2.5
    endloop
  endfacet
  facet normal 0.596109 0.193688 -0.779191
    outer loop
      vertex 3.88257 1.72863 -2.5
      vertex 6.78604 2.86101 0.00273991
      vertex 4.15713 0.883624 -2.5
    endloop
  endfacet
  facet normal 0.596111 0.193682 -0.779191
    outer loop
      vertex 6.78604 2.86101 0.00273991
      vertex 3.88257 1.72863 -2.5
      vertex 6.74053 3.00108 0.00273991
    endloop
  endfacet
  facet normal -0.368416 0.50708 -0.779191
    outer loop
      vertex -2.8438 3.15837 -2.5
      vertex -4.81799 5.5698 0.00273991
      vertex -2.125 3.68061 -2.5
    endloop
  endfacet
  facet normal -0.368415 0.507081 -0.779191
    outer loop
      vertex -4.81799 5.5698 0.00273991
      vertex -2.8438 3.15837 -2.5
      vertex -4.93713 5.48324 0.00273991
    endloop
  endfacet
  facet normal -0.596109 0.193688 -0.779191
    outer loop
      vertex -6.78604 2.86101 0.00273991
      vertex -3.88257 1.72863 -2.5
      vertex -4.15713 0.883624 -2.5
    endloop
  endfacet
  facet normal -0.596111 0.193682 -0.779191
    outer loop
      vertex -3.88257 1.72863 -2.5
      vertex -6.78604 2.86101 0.00273991
      vertex -6.74053 3.00108 0.00273991
    endloop
  endfacet
  facet normal 0.368415 0.507081 -0.779191
    outer loop
      vertex 2.8438 3.15837 -2.5
      vertex 4.81799 5.5698 0.00273991
      vertex 4.93713 5.48324 0.00273991
    endloop
  endfacet
  facet normal 0.368416 0.50708 -0.779191
    outer loop
      vertex 4.81799 5.5698 0.00273991
      vertex 2.8438 3.15837 -2.5
      vertex 2.125 3.68061 -2.5
    endloop
  endfacet
  facet normal -0.623353 0.0655159 -0.779191
    outer loop
      vertex -4.25 0 -2.5
      vertex -7.37842 0 0.00273991
      vertex -7.23258 1.3876 0.00273991
    endloop
  endfacet
  facet normal -0.623354 0.0655153 -0.779191
    outer loop
      vertex -7.23258 1.3876 0.00273991
      vertex -4.15713 0.883624 -2.5
      vertex -4.25 0 -2.5
    endloop
  endfacet
  facet normal -0.623356 0.0655021 -0.77919
    outer loop
      vertex -4.15713 0.883624 -2.5
      vertex -7.23258 1.3876 0.00273991
      vertex -7.21719 1.53406 0.00273991
    endloop
  endfacet
  facet normal 0 0 -1
    outer loop
      vertex 2.25 0 -2.5
      vertex 4.25 0 -2.5
      vertex 4.15713 -0.883624 -2.5
    endloop
  endfacet
  facet normal 0 0 -1
    outer loop
      vertex 2.20083 -0.467801 -2.5
      vertex 4.15713 -0.883624 -2.5
      vertex 3.88257 -1.72863 -2.5
    endloop
  endfacet
  facet normal 0 0 -1
    outer loop
      vertex 4.25 0 -2.5
      vertex 2.25 0 -2.5
      vertex 4.15713 0.883624 -2.5
    endloop
  endfacet
  facet normal 0 0 -1
    outer loop
      vertex 2.05548 -0.915157 -2.5
      vertex 3.88257 -1.72863 -2.5
      vertex 3.43832 -2.49809 -2.5
    endloop
  endfacet
  facet normal 0 0 -1
    outer loop
      vertex 2.20083 0.467801 -2.5
      vertex 4.15713 0.883624 -2.5
      vertex 2.25 0 -2.5
    endloop
  endfacet
  facet normal 0 0 -1
    outer loop
      vertex 1.82029 -1.32252 -2.5
      vertex 3.43832 -2.49809 -2.5
      vertex 2.8438 -3.15837 -2.5
    endloop
  endfacet
  facet normal -0 0 -1
    outer loop
      vertex 4.15713 0.883624 -2.5
      vertex 2.20083 0.467801 -2.5
      vertex 3.88257 1.72863 -2.5
    endloop
  endfacet
  facet normal 0 0 -1
    outer loop
      vertex 2.05548 0.915157 -2.5
      vertex 3.88257 1.72863 -2.5
      vertex 2.20083 0.467801 -2.5
    endloop
  endfacet
  facet normal 0 0 -1
    outer loop
      vertex 4.15713 -0.883624 -2.5
      vertex 2.20083 -0.467801 -2.5
      vertex 2.25 0 -2.5
    endloop
  endfacet
  facet normal 0 0 -1
    outer loop
      vertex 1.50554 -1.67208 -2.5
      vertex 2.8438 -3.15837 -2.5
      vertex 2.125 -3.68061 -2.5
    endloop
  endfacet
  facet normal 0 0 -1
    outer loop
      vertex 3.88257 -1.72863 -2.5
      vertex 2.05548 -0.915157 -2.5
      vertex 2.20083 -0.467801 -2.5
    endloop
  endfacet
  facet normal 0 0 -1
    outer loop
      vertex 3.43832 -2.49809 -2.5
      vertex 1.82029 -1.32252 -2.5
      vertex 2.05548 -0.915157 -2.5
    endloop
  endfacet
  facet normal 0 0 -1
    outer loop
      vertex 2.8438 -3.15837 -2.5
      vertex 1.50554 -1.67208 -2.5
      vertex 1.82029 -1.32252 -2.5
    endloop
  endfacet
  facet normal 0 0 -1
    outer loop
      vertex 1.125 -1.94856 -2.5
      vertex 2.125 -3.68061 -2.5
      vertex 1.31332 -4.04199 -2.5
    endloop
  endfacet
  facet normal 0 0 -1
    outer loop
      vertex 2.125 -3.68061 -2.5
      vertex 1.125 -1.94856 -2.5
      vertex 1.50554 -1.67208 -2.5
    endloop
  endfacet
  facet normal 0 0 -1
    outer loop
      vertex 1.31332 -4.04199 -2.5
      vertex 0.695288 -2.13988 -2.5
      vertex 1.125 -1.94856 -2.5
    endloop
  endfacet
  facet normal 0 0 -1
    outer loop
      vertex 0.444245 -4.22672 -2.5
      vertex 0.695288 -2.13988 -2.5
      vertex 1.31332 -4.04199 -2.5
    endloop
  endfacet
  facet normal 0 0 -1
    outer loop
      vertex 0.444245 -4.22672 -2.5
      vertex 0.235188 -2.23767 -2.5
      vertex 0.695288 -2.13988 -2.5
    endloop
  endfacet
  facet normal 0 0 -1
    outer loop
      vertex 0.444245 -4.22672 -2.5
      vertex -0.235188 -2.23767 -2.5
      vertex 0.235188 -2.23767 -2.5
    endloop
  endfacet
  facet normal 0 0 -1
    outer loop
      vertex -0.444245 -4.22672 -2.5
      vertex -0.235188 -2.23767 -2.5
      vertex 0.444245 -4.22672 -2.5
    endloop
  endfacet
  facet normal 0 0 -1
    outer loop
      vertex -0.444245 -4.22672 -2.5
      vertex -0.695288 -2.13988 -2.5
      vertex -0.235188 -2.23767 -2.5
    endloop
  endfacet
  facet normal 0 0 -1
    outer loop
      vertex -1.31332 -4.04199 -2.5
      vertex -0.695288 -2.13988 -2.5
      vertex -0.444245 -4.22672 -2.5
    endloop
  endfacet
  facet normal -0 0 -1
    outer loop
      vertex -0.695288 -2.13988 -2.5
      vertex -1.31332 -4.04199 -2.5
      vertex -1.125 -1.94856 -2.5
    endloop
  endfacet
  facet normal 0 0 -1
    outer loop
      vertex -2.125 -3.68061 -2.5
      vertex -1.125 -1.94856 -2.5
      vertex -1.31332 -4.04199 -2.5
    endloop
  endfacet
  facet normal -0 0 -1
    outer loop
      vertex -1.125 -1.94856 -2.5
      vertex -2.125 -3.68061 -2.5
      vertex -1.50554 -1.67208 -2.5
    endloop
  endfacet
  facet normal 0 0 -1
    outer loop
      vertex -2.8438 -3.15837 -2.5
      vertex -1.50554 -1.67208 -2.5
      vertex -2.125 -3.68061 -2.5
    endloop
  endfacet
  facet normal -0 0 -1
    outer loop
      vertex -1.50554 -1.67208 -2.5
      vertex -2.8438 -3.15837 -2.5
      vertex -1.82029 -1.32252 -2.5
    endloop
  endfacet
  facet normal 0 0 -1
    outer loop
      vertex -3.43832 -2.49809 -2.5
      vertex -1.82029 -1.32252 -2.5
      vertex -2.8438 -3.15837 -2.5
    endloop
  endfacet
  facet normal -0 0 -1
    outer loop
      vertex -1.82029 -1.32252 -2.5
      vertex -3.43832 -2.49809 -2.5
      vertex -2.05548 -0.915157 -2.5
    endloop
  endfacet
  facet normal 0 0 -1
    outer loop
      vertex -3.88257 -1.72863 -2.5
      vertex -2.05548 -0.915157 -2.5
      vertex -3.43832 -2.49809 -2.5
    endloop
  endfacet
  facet normal -0 0 -1
    outer loop
      vertex 3.88257 1.72863 -2.5
      vertex 2.05548 0.915157 -2.5
      vertex 3.43832 2.49809 -2.5
    endloop
  endfacet
  facet normal 0 0 -1
    outer loop
      vertex 1.82029 1.32252 -2.5
      vertex 3.43832 2.49809 -2.5
      vertex 2.05548 0.915157 -2.5
    endloop
  endfacet
  facet normal -0 0 -1
    outer loop
      vertex 3.43832 2.49809 -2.5
      vertex 1.82029 1.32252 -2.5
      vertex 2.8438 3.15837 -2.5
    endloop
  endfacet
  facet normal 0 0 -1
    outer loop
      vertex 1.50554 1.67208 -2.5
      vertex 2.8438 3.15837 -2.5
      vertex 1.82029 1.32252 -2.5
    endloop
  endfacet
  facet normal -0 0 -1
    outer loop
      vertex 2.8438 3.15837 -2.5
      vertex 1.50554 1.67208 -2.5
      vertex 2.125 3.68061 -2.5
    endloop
  endfacet
  facet normal 0 0 -1
    outer loop
      vertex 1.125 1.94856 -2.5
      vertex 2.125 3.68061 -2.5
      vertex 1.50554 1.67208 -2.5
    endloop
  endfacet
  facet normal -0 0 -1
    outer loop
      vertex 2.125 3.68061 -2.5
      vertex 1.125 1.94856 -2.5
      vertex 1.31332 4.04199 -2.5
    endloop
  endfacet
  facet normal 0 0 -1
    outer loop
      vertex 0.695288 2.13988 -2.5
      vertex 1.31332 4.04199 -2.5
      vertex 1.125 1.94856 -2.5
    endloop
  endfacet
  facet normal 0 0 -1
    outer loop
      vertex 0.695288 2.13988 -2.5
      vertex 0.444245 4.22672 -2.5
      vertex 1.31332 4.04199 -2.5
    endloop
  endfacet
  facet normal 0 0 -1
    outer loop
      vertex 0.235188 2.23767 -2.5
      vertex 0.444245 4.22672 -2.5
      vertex 0.695288 2.13988 -2.5
    endloop
  endfacet
  facet normal 0 0 -1
    outer loop
      vertex -0.235188 2.23767 -2.5
      vertex 0.444245 4.22672 -2.5
      vertex 0.235188 2.23767 -2.5
    endloop
  endfacet
  facet normal 0 0 -1
    outer loop
      vertex -0.235188 2.23767 -2.5
      vertex -0.444245 4.22672 -2.5
      vertex 0.444245 4.22672 -2.5
    endloop
  endfacet
  facet normal 0 0 -1
    outer loop
      vertex -0.695288 2.13988 -2.5
      vertex -0.444245 4.22672 -2.5
      vertex -0.235188 2.23767 -2.5
    endloop
  endfacet
  facet normal 0 0 -1
    outer loop
      vertex -1.31332 4.04199 -2.5
      vertex -0.695288 2.13988 -2.5
      vertex -1.125 1.94856 -2.5
    endloop
  endfacet
  facet normal 0 0 -1
    outer loop
      vertex -0.695288 2.13988 -2.5
      vertex -1.31332 4.04199 -2.5
      vertex -0.444245 4.22672 -2.5
    endloop
  endfacet
  facet normal 0 0 -1
    outer loop
      vertex -2.125 3.68061 -2.5
      vertex -1.125 1.94856 -2.5
      vertex -1.50554 1.67208 -2.5
    endloop
  endfacet
  facet normal 0 0 -1
    outer loop
      vertex -2.8438 3.15837 -2.5
      vertex -1.50554 1.67208 -2.5
      vertex -1.82029 1.32252 -2.5
    endloop
  endfacet
  facet normal 0 0 -1
    outer loop
      vertex -3.43832 2.49809 -2.5
      vertex -1.82029 1.32252 -2.5
      vertex -2.05548 0.915157 -2.5
    endloop
  endfacet
  facet normal 0 0 -1
    outer loop
      vertex -1.125 1.94856 -2.5
      vertex -2.125 3.68061 -2.5
      vertex -1.31332 4.04199 -2.5
    endloop
  endfacet
  facet normal 0 0 -1
    outer loop
      vertex -3.88257 1.72863 -2.5
      vertex -2.05548 0.915157 -2.5
      vertex -2.20083 0.467801 -2.5
    endloop
  endfacet
  facet normal 0 0 -1
    outer loop
      vertex -4.15713 0.883624 -2.5
      vertex -2.20083 0.467801 -2.5
      vertex -2.25 0 -2.5
    endloop
  endfacet
  facet normal -0 0 -1
    outer loop
      vertex -2.05548 -0.915157 -2.5
      vertex -3.88257 -1.72863 -2.5
      vertex -2.20083 -0.467801 -2.5
    endloop
  endfacet
  facet normal 0 0 -1
    outer loop
      vertex -1.50554 1.67208 -2.5
      vertex -2.8438 3.15837 -2.5
      vertex -2.125 3.68061 -2.5
    endloop
  endfacet
  facet normal 0 0 -1
    outer loop
      vertex -4.15713 -0.883624 -2.5
      vertex -2.20083 -0.467801 -2.5
      vertex -3.88257 -1.72863 -2.5
    endloop
  endfacet
  facet normal 0 0 -1
    outer loop
      vertex -1.82029 1.32252 -2.5
      vertex -3.43832 2.49809 -2.5
      vertex -2.8438 3.15837 -2.5
    endloop
  endfacet
  facet normal -0 0 -1
    outer loop
      vertex -2.20083 -0.467801 -2.5
      vertex -4.15713 -0.883624 -2.5
      vertex -2.25 0 -2.5
    endloop
  endfacet
  facet normal 0 0 -1
    outer loop
      vertex -2.05548 0.915157 -2.5
      vertex -3.88257 1.72863 -2.5
      vertex -3.43832 2.49809 -2.5
    endloop
  endfacet
  facet normal 0 0 -1
    outer loop
      vertex -4.25 0 -2.5
      vertex -2.25 0 -2.5
      vertex -4.15713 -0.883624 -2.5
    endloop
  endfacet
  facet normal 0 0 -1
    outer loop
      vertex -2.20083 0.467801 -2.5
      vertex -4.15713 0.883624 -2.5
      vertex -3.88257 1.72863 -2.5
    endloop
  endfacet
  facet normal 0 0 -1
    outer loop
      vertex -2.25 0 -2.5
      vertex -4.25 0 -2.5
      vertex -4.15713 0.883624 -2.5
    endloop
  endfacet
  facet normal -0.587787 -0.809015 0
    outer loop
      vertex 1.125 1.94856 -2.5
      vertex 1.50554 1.67208 1
      vertex 1.125 1.94856 1
    endloop
  endfacet
  facet normal -0.587787 -0.809015 -0
    outer loop
      vertex 1.50554 1.67208 1
      vertex 1.125 1.94856 -2.5
      vertex 1.50554 1.67208 -2.5
    endloop
  endfacet
  facet normal -0.207897 -0.978151 0
    outer loop
      vertex 0.235188 2.23767 -2.5
      vertex 0.695288 2.13988 1
      vertex 0.235188 2.23767 1
    endloop
  endfacet
  facet normal -0.207897 -0.978151 -0
    outer loop
      vertex 0.695288 2.13988 1
      vertex 0.235188 2.23767 -2.5
      vertex 0.695288 2.13988 -2.5
    endloop
  endfacet
  facet normal -0.994521 0.104533 0
    outer loop
      vertex 2.20083 -0.467801 -2.5
      vertex 2.25 0 1
      vertex 2.25 0 -2.5
    endloop
  endfacet
  facet normal -0.994521 0.104533 0
    outer loop
      vertex 2.25 0 1
      vertex 2.20083 -0.467801 -2.5
      vertex 2.20083 -0.467801 1
    endloop
  endfacet
  facet normal -0.866026 -0.499998 0
    outer loop
      vertex 2.05548 0.915157 -2.5
      vertex 1.82029 1.32252 1
      vertex 1.82029 1.32252 -2.5
    endloop
  endfacet
  facet normal -0.866026 -0.499998 0
    outer loop
      vertex 1.82029 1.32252 1
      vertex 2.05548 0.915157 -2.5
      vertex 2.05548 0.915157 1
    endloop
  endfacet
  facet normal 0 -1 0
    outer loop
      vertex -0.235188 2.23767 -2.5
      vertex 0.235188 2.23767 1
      vertex -0.235188 2.23767 1
    endloop
  endfacet
  facet normal 0 -1 -0
    outer loop
      vertex 0.235188 2.23767 1
      vertex -0.235188 2.23767 -2.5
      vertex 0.235188 2.23767 -2.5
    endloop
  endfacet
  facet normal -0.866026 0.499998 0
    outer loop
      vertex 1.82029 -1.32252 -2.5
      vertex 2.05548 -0.915157 1
      vertex 2.05548 -0.915157 -2.5
    endloop
  endfacet
  facet normal -0.866026 0.499998 0
    outer loop
      vertex 2.05548 -0.915157 1
      vertex 1.82029 -1.32252 -2.5
      vertex 1.82029 -1.32252 1
    endloop
  endfacet
  facet normal -0.994521 -0.104533 0
    outer loop
      vertex 2.25 0 -2.5
      vertex 2.20083 0.467801 1
      vertex 2.20083 0.467801 -2.5
    endloop
  endfacet
  facet normal -0.994521 -0.104533 0
    outer loop
      vertex 2.20083 0.467801 1
      vertex 2.25 0 -2.5
      vertex 2.25 0 1
    endloop
  endfacet
  facet normal 0.207897 -0.978151 0
    outer loop
      vertex -0.695288 2.13988 -2.5
      vertex -0.235188 2.23767 1
      vertex -0.695288 2.13988 1
    endloop
  endfacet
  facet normal 0.207897 -0.978151 0
    outer loop
      vertex -0.235188 2.23767 1
      vertex -0.695288 2.13988 -2.5
      vertex -0.235188 2.23767 -2.5
    endloop
  endfacet
  facet normal 0.95106 -0.309008 0
    outer loop
      vertex -2.20083 0.467801 1
      vertex -2.05548 0.915157 -2.5
      vertex -2.05548 0.915157 1
    endloop
  endfacet
  facet normal 0.95106 -0.309008 0
    outer loop
      vertex -2.05548 0.915157 -2.5
      vertex -2.20083 0.467801 1
      vertex -2.20083 0.467801 -2.5
    endloop
  endfacet
  facet normal -0.95106 -0.309008 0
    outer loop
      vertex 2.20083 0.467801 -2.5
      vertex 2.05548 0.915157 1
      vertex 2.05548 0.915157 -2.5
    endloop
  endfacet
  facet normal -0.95106 -0.309008 0
    outer loop
      vertex 2.05548 0.915157 1
      vertex 2.20083 0.467801 -2.5
      vertex 2.20083 0.467801 1
    endloop
  endfacet
  facet normal -0.95106 0.309008 0
    outer loop
      vertex 2.05548 -0.915157 -2.5
      vertex 2.20083 -0.467801 1
      vertex 2.20083 -0.467801 -2.5
    endloop
  endfacet
  facet normal -0.95106 0.309008 0
    outer loop
      vertex 2.20083 -0.467801 1
      vertex 2.05548 -0.915157 -2.5
      vertex 2.05548 -0.915157 1
    endloop
  endfacet
  facet normal 0.406736 0.913546 -0
    outer loop
      vertex -0.695288 -2.13988 -2.5
      vertex -1.125 -1.94856 1
      vertex -0.695288 -2.13988 1
    endloop
  endfacet
  facet normal 0.406736 0.913546 0
    outer loop
      vertex -1.125 -1.94856 1
      vertex -0.695288 -2.13988 -2.5
      vertex -1.125 -1.94856 -2.5
    endloop
  endfacet
  facet normal 0.587787 -0.809015 0
    outer loop
      vertex -1.50554 1.67208 -2.5
      vertex -1.125 1.94856 1
      vertex -1.50554 1.67208 1
    endloop
  endfacet
  facet normal 0.587787 -0.809015 0
    outer loop
      vertex -1.125 1.94856 1
      vertex -1.50554 1.67208 -2.5
      vertex -1.125 1.94856 -2.5
    endloop
  endfacet
  facet normal -0.406736 -0.913546 0
    outer loop
      vertex 0.695288 2.13988 -2.5
      vertex 1.125 1.94856 1
      vertex 0.695288 2.13988 1
    endloop
  endfacet
  facet normal -0.406736 -0.913546 -0
    outer loop
      vertex 1.125 1.94856 1
      vertex 0.695288 2.13988 -2.5
      vertex 1.125 1.94856 -2.5
    endloop
  endfacet
  facet normal 0.74314 -0.669136 0
    outer loop
      vertex -1.82029 1.32252 1
      vertex -1.50554 1.67208 -2.5
      vertex -1.50554 1.67208 1
    endloop
  endfacet
  facet normal 0.74314 -0.669136 0
    outer loop
      vertex -1.50554 1.67208 -2.5
      vertex -1.82029 1.32252 1
      vertex -1.82029 1.32252 -2.5
    endloop
  endfacet
  facet normal 0.207897 0.978151 -0
    outer loop
      vertex -0.235188 -2.23767 -2.5
      vertex -0.695288 -2.13988 1
      vertex -0.235188 -2.23767 1
    endloop
  endfacet
  facet normal 0.207897 0.978151 0
    outer loop
      vertex -0.695288 -2.13988 1
      vertex -0.235188 -2.23767 -2.5
      vertex -0.695288 -2.13988 -2.5
    endloop
  endfacet
  facet normal -0.587787 0.809015 0
    outer loop
      vertex 1.50554 -1.67208 -2.5
      vertex 1.125 -1.94856 1
      vertex 1.50554 -1.67208 1
    endloop
  endfacet
  facet normal -0.587787 0.809015 0
    outer loop
      vertex 1.125 -1.94856 1
      vertex 1.50554 -1.67208 -2.5
      vertex 1.125 -1.94856 -2.5
    endloop
  endfacet
  facet normal -0.406736 0.913546 0
    outer loop
      vertex 1.125 -1.94856 -2.5
      vertex 0.695288 -2.13988 1
      vertex 1.125 -1.94856 1
    endloop
  endfacet
  facet normal -0.406736 0.913546 0
    outer loop
      vertex 0.695288 -2.13988 1
      vertex 1.125 -1.94856 -2.5
      vertex 0.695288 -2.13988 -2.5
    endloop
  endfacet
  facet normal 0.994521 -0.104533 0
    outer loop
      vertex -2.25 0 1
      vertex -2.20083 0.467801 -2.5
      vertex -2.20083 0.467801 1
    endloop
  endfacet
  facet normal 0.994521 -0.104533 0
    outer loop
      vertex -2.20083 0.467801 -2.5
      vertex -2.25 0 1
      vertex -2.25 0 -2.5
    endloop
  endfacet
  facet normal -0.74314 -0.669136 0
    outer loop
      vertex 1.82029 1.32252 -2.5
      vertex 1.50554 1.67208 1
      vertex 1.50554 1.67208 -2.5
    endloop
  endfacet
  facet normal -0.74314 -0.669136 0
    outer loop
      vertex 1.50554 1.67208 1
      vertex 1.82029 1.32252 -2.5
      vertex 1.82029 1.32252 1
    endloop
  endfacet
  facet normal 0.95106 0.309008 0
    outer loop
      vertex -2.05548 -0.915157 1
      vertex -2.20083 -0.467801 -2.5
      vertex -2.20083 -0.467801 1
    endloop
  endfacet
  facet normal 0.95106 0.309008 0
    outer loop
      vertex -2.20083 -0.467801 -2.5
      vertex -2.05548 -0.915157 1
      vertex -2.05548 -0.915157 -2.5
    endloop
  endfacet
  facet normal -0.74314 0.669136 0
    outer loop
      vertex 1.50554 -1.67208 -2.5
      vertex 1.82029 -1.32252 1
      vertex 1.82029 -1.32252 -2.5
    endloop
  endfacet
  facet normal -0.74314 0.669136 0
    outer loop
      vertex 1.82029 -1.32252 1
      vertex 1.50554 -1.67208 -2.5
      vertex 1.50554 -1.67208 1
    endloop
  endfacet
  facet normal 0.406736 -0.913546 0
    outer loop
      vertex -1.125 1.94856 -2.5
      vertex -0.695288 2.13988 1
      vertex -1.125 1.94856 1
    endloop
  endfacet
  facet normal 0.406736 -0.913546 0
    outer loop
      vertex -0.695288 2.13988 1
      vertex -1.125 1.94856 -2.5
      vertex -0.695288 2.13988 -2.5
    endloop
  endfacet
  facet normal 0 1 -0
    outer loop
      vertex 0.235188 -2.23767 -2.5
      vertex -0.235188 -2.23767 1
      vertex 0.235188 -2.23767 1
    endloop
  endfacet
  facet normal 0 1 0
    outer loop
      vertex -0.235188 -2.23767 1
      vertex 0.235188 -2.23767 -2.5
      vertex -0.235188 -2.23767 -2.5
    endloop
  endfacet
  facet normal 0.866026 0.499998 0
    outer loop
      vertex -1.82029 -1.32252 1
      vertex -2.05548 -0.915157 -2.5
      vertex -2.05548 -0.915157 1
    endloop
  endfacet
  facet normal 0.866026 0.499998 0
    outer loop
      vertex -2.05548 -0.915157 -2.5
      vertex -1.82029 -1.32252 1
      vertex -1.82029 -1.32252 -2.5
    endloop
  endfacet
  facet normal 0.74314 0.669136 0
    outer loop
      vertex -1.50554 -1.67208 1
      vertex -1.82029 -1.32252 -2.5
      vertex -1.82029 -1.32252 1
    endloop
  endfacet
  facet normal 0.74314 0.669136 0
    outer loop
      vertex -1.82029 -1.32252 -2.5
      vertex -1.50554 -1.67208 1
      vertex -1.50554 -1.67208 -2.5
    endloop
  endfacet
  facet normal -0.207897 0.978151 0
    outer loop
      vertex 0.695288 -2.13988 -2.5
      vertex 0.235188 -2.23767 1
      vertex 0.695288 -2.13988 1
    endloop
  endfacet
  facet normal -0.207897 0.978151 0
    outer loop
      vertex 0.235188 -2.23767 1
      vertex 0.695288 -2.13988 -2.5
      vertex 0.235188 -2.23767 -2.5
    endloop
  endfacet
  facet normal 0.994521 0.104533 0
    outer loop
      vertex -2.20083 -0.467801 1
      vertex -2.25 0 -2.5
      vertex -2.25 0 1
    endloop
  endfacet
  facet normal 0.994521 0.104533 0
    outer loop
      vertex -2.25 0 -2.5
      vertex -2.20083 -0.467801 1
      vertex -2.20083 -0.467801 -2.5
    endloop
  endfacet
  facet normal 0.587787 0.809015 -0
    outer loop
      vertex -1.125 -1.94856 -2.5
      vertex -1.50554 -1.67208 1
      vertex -1.125 -1.94856 1
    endloop
  endfacet
  facet normal 0.587787 0.809015 0
    outer loop
      vertex -1.50554 -1.67208 1
      vertex -1.125 -1.94856 -2.5
      vertex -1.50554 -1.67208 -2.5
    endloop
  endfacet
  facet normal 0.866026 -0.499998 0
    outer loop
      vertex -2.05548 0.915157 1
      vertex -1.82029 1.32252 -2.5
      vertex -1.82029 1.32252 1
    endloop
  endfacet
  facet normal 0.866026 -0.499998 0
    outer loop
      vertex -1.82029 1.32252 -2.5
      vertex -2.05548 0.915157 1
      vertex -2.05548 0.915157 -2.5
    endloop
  endfacet
  facet normal 0 -1 0
    outer loop
      vertex -2.1075 3.6503 1
      vertex 2.1075 3.6503 15.9973
      vertex -2.1075 3.6503 15.9973
    endloop
  endfacet
  facet normal 0 -1 -0
    outer loop
      vertex 2.1075 3.6503 15.9973
      vertex -2.1075 3.6503 1
      vertex 2.1075 3.6503 1
    endloop
  endfacet
  facet normal 0 1 -0
    outer loop
      vertex 2.1075 -3.6503 1
      vertex -2.1075 -3.6503 15.9973
      vertex 2.1075 -3.6503 15.9973
    endloop
  endfacet
  facet normal 0 1 0
    outer loop
      vertex -2.1075 -3.6503 15.9973
      vertex 2.1075 -3.6503 1
      vertex -2.1075 -3.6503 1
    endloop
  endfacet
  facet normal -0.866026 0.5 0
    outer loop
      vertex 2.1075 -3.6503 1
      vertex 4.215 0 15.9973
      vertex 4.215 0 1
    endloop
  endfacet
  facet normal -0.866026 0.5 0
    outer loop
      vertex 4.215 0 15.9973
      vertex 2.1075 -3.6503 1
      vertex 2.1075 -3.6503 15.9973
    endloop
  endfacet
  facet normal 0.866026 0.5 0
    outer loop
      vertex -2.1075 -3.6503 15.9973
      vertex -4.215 0 1
      vertex -4.215 0 15.9973
    endloop
  endfacet
  facet normal 0.866026 0.5 0
    outer loop
      vertex -4.215 0 1
      vertex -2.1075 -3.6503 15.9973
      vertex -2.1075 -3.6503 1
    endloop
  endfacet
  facet normal 0.866026 -0.5 0
    outer loop
      vertex -4.215 0 15.9973
      vertex -2.1075 3.6503 1
      vertex -2.1075 3.6503 15.9973
    endloop
  endfacet
  facet normal 0.866026 -0.5 0
    outer loop
      vertex -2.1075 3.6503 1
      vertex -4.215 0 15.9973
      vertex -4.215 0 1
    endloop
  endfacet
  facet normal 0 0 1
    outer loop
      vertex 4.215 0 1
      vertex 2.20083 0.467801 1
      vertex 2.25 0 1
    endloop
  endfacet
  facet normal -0 0 1
    outer loop
      vertex 2.05548 0.915157 1
      vertex 4.215 0 1
      vertex 2.1075 3.6503 1
    endloop
  endfacet
  facet normal 0 0 1
    outer loop
      vertex 4.215 0 1
      vertex 2.05548 0.915157 1
      vertex 2.20083 0.467801 1
    endloop
  endfacet
  facet normal 0 0 1
    outer loop
      vertex 2.1075 3.6503 1
      vertex 1.82029 1.32252 1
      vertex 2.05548 0.915157 1
    endloop
  endfacet
  facet normal 0 0 1
    outer loop
      vertex 2.1075 3.6503 1
      vertex 1.50554 1.67208 1
      vertex 1.82029 1.32252 1
    endloop
  endfacet
  facet normal 0 0 1
    outer loop
      vertex 2.1075 3.6503 1
      vertex 1.125 1.94856 1
      vertex 1.50554 1.67208 1
    endloop
  endfacet
  facet normal 0 0 1
    outer loop
      vertex 2.1075 3.6503 1
      vertex 0.695288 2.13988 1
      vertex 1.125 1.94856 1
    endloop
  endfacet
  facet normal 0 0 1
    outer loop
      vertex 2.1075 3.6503 1
      vertex 0.235188 2.23767 1
      vertex 0.695288 2.13988 1
    endloop
  endfacet
  facet normal 0 0 1
    outer loop
      vertex 2.1075 3.6503 1
      vertex -0.235188 2.23767 1
      vertex 0.235188 2.23767 1
    endloop
  endfacet
  facet normal -0 0 1
    outer loop
      vertex -2.1075 3.6503 1
      vertex -0.235188 2.23767 1
      vertex 2.1075 3.6503 1
    endloop
  endfacet
  facet normal 0 0 1
    outer loop
      vertex -0.235188 2.23767 1
      vertex -2.1075 3.6503 1
      vertex -0.695288 2.13988 1
    endloop
  endfacet
  facet normal 0 0 1
    outer loop
      vertex -0.695288 2.13988 1
      vertex -2.1075 3.6503 1
      vertex -1.125 1.94856 1
    endloop
  endfacet
  facet normal 0 0 1
    outer loop
      vertex -2.1075 3.6503 1
      vertex -1.50554 1.67208 1
      vertex -1.125 1.94856 1
    endloop
  endfacet
  facet normal 0 0 1
    outer loop
      vertex -2.1075 3.6503 1
      vertex -1.82029 1.32252 1
      vertex -1.50554 1.67208 1
    endloop
  endfacet
  facet normal 0 0 1
    outer loop
      vertex -2.1075 3.6503 1
      vertex -2.05548 0.915157 1
      vertex -1.82029 1.32252 1
    endloop
  endfacet
  facet normal 0 0 1
    outer loop
      vertex -4.215 0 1
      vertex -2.05548 0.915157 1
      vertex -2.1075 3.6503 1
    endloop
  endfacet
  facet normal 0 0 1
    outer loop
      vertex -2.05548 0.915157 1
      vertex -4.215 0 1
      vertex -2.20083 0.467801 1
    endloop
  endfacet
  facet normal 0 0 1
    outer loop
      vertex -2.20083 0.467801 1
      vertex -4.215 0 1
      vertex -2.25 0 1
    endloop
  endfacet
  facet normal 0 0 1
    outer loop
      vertex 2.20083 -0.467801 1
      vertex 4.215 0 1
      vertex 2.25 0 1
    endloop
  endfacet
  facet normal 0 0 1
    outer loop
      vertex 2.05548 -0.915157 1
      vertex 4.215 0 1
      vertex 2.20083 -0.467801 1
    endloop
  endfacet
  facet normal 0 0 1
    outer loop
      vertex 4.215 0 1
      vertex 2.05548 -0.915157 1
      vertex 2.1075 -3.6503 1
    endloop
  endfacet
  facet normal -0 0 1
    outer loop
      vertex 1.82029 -1.32252 1
      vertex 2.1075 -3.6503 1
      vertex 2.05548 -0.915157 1
    endloop
  endfacet
  facet normal -0 0 1
    outer loop
      vertex 1.50554 -1.67208 1
      vertex 2.1075 -3.6503 1
      vertex 1.82029 -1.32252 1
    endloop
  endfacet
  facet normal -0 0 1
    outer loop
      vertex 1.125 -1.94856 1
      vertex 2.1075 -3.6503 1
      vertex 1.50554 -1.67208 1
    endloop
  endfacet
  facet normal -0 0 1
    outer loop
      vertex 0.695288 -2.13988 1
      vertex 2.1075 -3.6503 1
      vertex 1.125 -1.94856 1
    endloop
  endfacet
  facet normal -0 0 1
    outer loop
      vertex 0.235188 -2.23767 1
      vertex 2.1075 -3.6503 1
      vertex 0.695288 -2.13988 1
    endloop
  endfacet
  facet normal -0 0 1
    outer loop
      vertex -0.235188 -2.23767 1
      vertex 2.1075 -3.6503 1
      vertex 0.235188 -2.23767 1
    endloop
  endfacet
  facet normal 0 0 1
    outer loop
      vertex -2.1075 -3.6503 1
      vertex -0.235188 -2.23767 1
      vertex -0.695288 -2.13988 1
    endloop
  endfacet
  facet normal 0 0 1
    outer loop
      vertex -2.1075 -3.6503 1
      vertex -0.695288 -2.13988 1
      vertex -1.125 -1.94856 1
    endloop
  endfacet
  facet normal 0 0 1
    outer loop
      vertex -0.235188 -2.23767 1
      vertex -2.1075 -3.6503 1
      vertex 2.1075 -3.6503 1
    endloop
  endfacet
  facet normal 0 0 1
    outer loop
      vertex -1.50554 -1.67208 1
      vertex -2.1075 -3.6503 1
      vertex -1.125 -1.94856 1
    endloop
  endfacet
  facet normal 0 0 1
    outer loop
      vertex -1.82029 -1.32252 1
      vertex -2.1075 -3.6503 1
      vertex -1.50554 -1.67208 1
    endloop
  endfacet
  facet normal 0 0 1
    outer loop
      vertex -2.05548 -0.915157 1
      vertex -2.1075 -3.6503 1
      vertex -1.82029 -1.32252 1
    endloop
  endfacet
  facet normal 0 0 1
    outer loop
      vertex -4.215 0 1
      vertex -2.05548 -0.915157 1
      vertex -2.20083 -0.467801 1
    endloop
  endfacet
  facet normal -0 0 1
    outer loop
      vertex -4.215 0 1
      vertex -2.20083 -0.467801 1
      vertex -2.25 0 1
    endloop
  endfacet
  facet normal 0 0 1
    outer loop
      vertex -2.05548 -0.915157 1
      vertex -4.215 0 1
      vertex -2.1075 -3.6503 1
    endloop
  endfacet
  facet normal -0.866026 -0.5 0
    outer loop
      vertex 4.215 0 1
      vertex 2.1075 3.6503 15.9973
      vertex 2.1075 3.6503 1
    endloop
  endfacet
  facet normal -0.866026 -0.5 0
    outer loop
      vertex 2.1075 3.6503 15.9973
      vertex 4.215 0 1
      vertex 4.215 0 15.9973
    endloop
  endfacet
endsolid OpenSCAD_Model
