solid OpenSCAD_Model
  facet normal 0.354365 0.203905 -0.912605
    outer loop
      vertex 12.2764 8.87962 0.0244722
      vertex 12.2603 8.9076 0.0244722
      vertex 12.3375 8.96372 0.066988
    endloop
  endfacet
  facet normal 0.18114 0.10423 -0.977918
    outer loop
      vertex 12.2764 8.87962 0.0244722
      vertex 12.183 8.83804 0.00273991
      vertex 12.2603 8.9076 0.0244722
    endloop
  endfacet
  facet normal 0.180507 0.104946 -0.977959
    outer loop
      vertex 12.183 8.83804 0.00273991
      vertex 12.1775 8.8475 0.00273991
      vertex 12.2603 8.9076 0.0244722
    endloop
  endfacet
  facet normal 0.824355 0.268533 -0.498326
    outer loop
      vertex 14.0989 6.18515 0.206108
      vertex 14.0727 6.26558 0.206108
      vertex 14.1205 6.28683 0.296632
    endloop
  endfacet
  facet normal -0.181658 -0.104565 0.977786
    outer loop
      vertex -14.4555 3.91121 20.9973
      vertex -14.5489 3.86962 20.9755
      vertex -14.5328 3.84165 20.9755
    endloop
  endfacet
  facet normal 0 0.994651 0.103291
    outer loop
      vertex 9.93846 10.877 20.5
      vertex 8.8104 10.8662 20.604
      vertex 9.9396 10.8662 20.604
    endloop
  endfacet
  facet normal 0 0.994651 0.103291
    outer loop
      vertex 8.8104 10.8662 20.604
      vertex 9.93846 10.877 20.5
      vertex 8.81154 10.877 20.5
    endloop
  endfacet
  facet normal 0 0.994651 0.103291
    outer loop
      vertex -8.81154 10.877 20.5
      vertex -9.9396 10.8662 20.604
      vertex -8.8104 10.8662 20.604
    endloop
  endfacet
  facet normal 0 0.994651 0.103291
    outer loop
      vertex -9.9396 10.8662 20.604
      vertex -8.81154 10.877 20.5
      vertex -9.93846 10.877 20.5
    endloop
  endfacet
  facet normal 0 0.951329 0.308177
    outer loop
      vertex -8.8104 10.8662 20.604
      vertex -9.94298 10.834 20.7034
      vertex -8.80702 10.834 20.7034
    endloop
  endfacet
  facet normal 0 0.951329 0.308177
    outer loop
      vertex -9.94298 10.834 20.7034
      vertex -8.8104 10.8662 20.604
      vertex -9.9396 10.8662 20.604
    endloop
  endfacet
  facet normal 0 0.951329 0.308177
    outer loop
      vertex 9.9396 10.8662 20.604
      vertex 8.80702 10.834 20.7034
      vertex 9.94298 10.834 20.7034
    endloop
  endfacet
  facet normal 0 0.951329 0.308177
    outer loop
      vertex 8.80702 10.834 20.7034
      vertex 9.9396 10.8662 20.604
      vertex 8.8104 10.8662 20.604
    endloop
  endfacet
  facet normal 0.824804 0.267941 0.497901
    outer loop
      vertex 14.1205 6.28683 20.7034
      vertex 14.0989 6.18515 20.7939
      vertex 14.15 6.19602 20.7034
    endloop
  endfacet
  facet normal 0.354048 0.204168 -0.912669
    outer loop
      vertex 12.3636 8.91846 0.066988
      vertex 12.2764 8.87962 0.0244722
      vertex 12.3375 8.96372 0.066988
    endloop
  endfacet
  facet normal 0.15497 0.140119 -0.977932
    outer loop
      vertex 12.2603 8.9076 0.0244722
      vertex 12.1775 8.8475 0.00273991
      vertex 12.2386 8.9316 0.0244722
    endloop
  endfacet
  facet normal 0 0.408493 -0.912762
    outer loop
      vertex 9.97457 10.5334 0.0244722
      vertex 8.78541 10.6284 0.066988
      vertex 9.96459 10.6284 0.066988
    endloop
  endfacet
  facet normal 0 0.408493 -0.912762
    outer loop
      vertex 8.78541 10.6284 0.066988
      vertex 9.97457 10.5334 0.0244722
      vertex 8.77543 10.5334 0.0244722
    endloop
  endfacet
  facet normal 0 0.408493 -0.912762
    outer loop
      vertex -8.77543 10.5334 0.0244722
      vertex -9.96459 10.6284 0.066988
      vertex -8.78541 10.6284 0.066988
    endloop
  endfacet
  facet normal 0 0.408493 -0.912762
    outer loop
      vertex -9.96459 10.6284 0.066988
      vertex -8.77543 10.5334 0.0244722
      vertex -9.97457 10.5334 0.0244722
    endloop
  endfacet
  facet normal -0 0.209595 0.977788
    outer loop
      vertex 8.77543 10.5334 20.9755
      vertex 9.98526 10.4317 20.9973
      vertex 9.97457 10.5334 20.9755
    endloop
  endfacet
  facet normal 0 0.209595 0.977788
    outer loop
      vertex 9.98526 10.4317 20.9973
      vertex 8.77543 10.5334 20.9755
      vertex 8.76474 10.4317 20.9973
    endloop
  endfacet
  facet normal -0 0.209595 0.977788
    outer loop
      vertex -9.97457 10.5334 20.9755
      vertex -8.76474 10.4317 20.9973
      vertex -8.77543 10.5334 20.9755
    endloop
  endfacet
  facet normal 0 0.209595 0.977788
    outer loop
      vertex -8.76474 10.4317 20.9973
      vertex -9.97457 10.5334 20.9755
      vertex -9.98526 10.4317 20.9973
    endloop
  endfacet
  facet normal -0.511269 -0.29459 -0.807354
    outer loop
      vertex -14.6785 3.73581 0.128428
      vertex -14.7134 3.79638 0.128428
      vertex -14.6362 3.83078 0.066988
    endloop
  endfacet
  facet normal 0 1 -0
    outer loop
      vertex 9.93846 10.877 0.5
      vertex 8.81154 10.877 20.5
      vertex 9.93846 10.877 20.5
    endloop
  endfacet
  facet normal 0 1 0
    outer loop
      vertex 8.81154 10.877 20.5
      vertex 9.93846 10.877 0.5
      vertex 8.81154 10.877 0.5
    endloop
  endfacet
  facet normal 0 1 -0
    outer loop
      vertex -8.81154 10.877 0.5
      vertex -9.93846 10.877 20.5
      vertex -8.81154 10.877 20.5
    endloop
  endfacet
  facet normal 0 1 0
    outer loop
      vertex -9.93846 10.877 20.5
      vertex -8.81154 10.877 0.5
      vertex -9.93846 10.877 0.5
    endloop
  endfacet
  facet normal -0.1554 -0.139801 -0.977909
    outer loop
      vertex -14.5112 3.81764 0.0244722
      vertex -14.5328 3.84165 0.0244722
      vertex -14.4501 3.90174 0.00273991
    endloop
  endfacet
  facet normal -0.82386 0.476185 -0.307414
    outer loop
      vertex -14.1205 6.28683 0.296632
      vertex -14.15 6.29997 0.396045
      vertex -14.0727 6.36953 0.296632
    endloop
  endfacet
  facet normal -0 0.589655 0.807655
    outer loop
      vertex 8.79425 10.7125 20.8716
      vertex 9.96459 10.6284 20.933
      vertex 9.95575 10.7125 20.8716
    endloop
  endfacet
  facet normal 0 0.589655 0.807655
    outer loop
      vertex 9.96459 10.6284 20.933
      vertex 8.79425 10.7125 20.8716
      vertex 8.78541 10.6284 20.933
    endloop
  endfacet
  facet normal -0 0.589655 0.807655
    outer loop
      vertex -9.95575 10.7125 20.8716
      vertex -8.78541 10.6284 20.933
      vertex -8.79425 10.7125 20.8716
    endloop
  endfacet
  facet normal 0 0.589655 0.807655
    outer loop
      vertex -8.78541 10.6284 20.933
      vertex -9.95575 10.7125 20.8716
      vertex -9.96459 10.6284 20.933
    endloop
  endfacet
  facet normal -0.303263 0.274201 -0.912604
    outer loop
      vertex -12.2603 8.9076 0.0244722
      vertex -12.3375 8.96372 0.066988
      vertex -12.2386 8.9316 0.0244722
    endloop
  endfacet
  facet normal -0.741113 0.0775389 -0.666887
    outer loop
      vertex -14.7424 3.93246 0.128428
      vertex -14.8123 3.93246 0.206108
      vertex -14.8035 4.01657 0.206108
    endloop
  endfacet
  facet normal -0.945889 0.307332 -0.10412
    outer loop
      vertex -14.8546 4.13139 0.396045
      vertex -14.1923 6.205 0.5
      vertex -14.15 6.29997 0.396045
    endloop
  endfacet
  facet normal -0.945889 0.307332 -0.10412
    outer loop
      vertex -14.1923 6.205 0.5
      vertex -14.8546 4.13139 0.396045
      vertex -14.8969 4.03642 0.5
    endloop
  endfacet
  facet normal 0.707052 0.636595 -0.307935
    outer loop
      vertex 12.5309 9.10425 0.396045
      vertex 11.0822 10.6652 0.296632
      vertex 11.083 10.6659 0.299916
    endloop
  endfacet
  facet normal 0.707183 0.636757 -0.307299
    outer loop
      vertex 11.0822 10.6652 0.296632
      vertex 12.5309 9.10425 0.396045
      vertex 12.5048 9.08526 0.296632
    endloop
  endfacet
  facet normal -0.198697 -0.0650211 -0.977902
    outer loop
      vertex -14.4555 3.91121 0.00273991
      vertex -14.5589 3.90034 0.0244722
      vertex -14.4589 3.9216 0.00273991
    endloop
  endfacet
  facet normal -0.824846 0.268002 -0.4978
    outer loop
      vertex -14.0989 6.18515 0.206108
      vertex -14.8546 4.02743 0.296632
      vertex -14.15 6.19602 0.296632
    endloop
  endfacet
  facet normal -0.824858 0.268007 -0.497777
    outer loop
      vertex -14.8546 4.02743 0.296632
      vertex -14.0989 6.18515 0.206108
      vertex -14.8035 4.01657 0.206108
    endloop
  endfacet
  facet normal -0.155797 -0.140285 0.977777
    outer loop
      vertex -14.4428 3.89362 20.9973
      vertex -14.1095 3.37152 20.9755
      vertex -14.0268 3.43162 20.9973
    endloop
  endfacet
  facet normal -0.155799 -0.140286 0.977776
    outer loop
      vertex -14.1095 3.37152 20.9755
      vertex -14.4428 3.89362 20.9973
      vertex -14.5112 3.81764 20.9755
    endloop
  endfacet
  facet normal 0.644534 0.580324 -0.497795
    outer loop
      vertex 12.4059 9.11739 0.206108
      vertex 10.9986 10.6804 0.206108
      vertex 11.0789 10.6663 0.293641
    endloop
  endfacet
  facet normal 0.743142 0.669134 0
    outer loop
      vertex 12.4698 9.18835 20.5
      vertex 11.0625 10.7513 0.5
      vertex 11.0625 10.7513 20.5
    endloop
  endfacet
  facet normal 0.743142 0.669134 0
    outer loop
      vertex 11.0625 10.7513 0.5
      vertex 12.4698 9.18835 20.5
      vertex 12.4698 9.18835 0.5
    endloop
  endfacet
  facet normal 0.561465 0.181847 -0.807272
    outer loop
      vertex 14.6523 3.98444 0.066988
      vertex 14.6362 4.03415 0.066988
      vertex 14.7134 4.06854 0.128428
    endloop
  endfacet
  facet normal -0.707185 0.636759 -0.30729
    outer loop
      vertex -11.083 10.6659 0.299916
      vertex -12.5309 9.10425 0.396045
      vertex -11.1236 10.6672 0.396045
    endloop
  endfacet
  facet normal -0.989184 0.103714 -0.103719
    outer loop
      vertex -14.8969 3.93246 0.396045
      vertex -14.9078 3.93246 0.5
      vertex -14.8969 4.03642 0.5
    endloop
  endfacet
  facet normal -0.751628 -0.433079 0.497491
    outer loop
      vertex -14.7773 3.76794 20.7939
      vertex -14.7773 3.66398 20.7034
      vertex -14.7351 3.6947 20.7939
    endloop
  endfacet
  facet normal 0.181119 -0.104255 -0.97792
    outer loop
      vertex 14.5328 3.84165 0.0244722
      vertex 14.4555 3.91121 0.00273991
      vertex 14.5489 3.86962 0.0244722
    endloop
  endfacet
  facet normal 0.586493 0.0620568 -0.807573
    outer loop
      vertex 14.6578 3.93246 0.066988
      vertex 14.6523 3.98444 0.066988
      vertex 14.7424 3.93246 0.128428
    endloop
  endfacet
  facet normal 0.155457 0.139759 -0.977906
    outer loop
      vertex 12.1775 8.8475 0.00273991
      vertex 12.1702 8.85562 0.00273991
      vertex 12.2386 8.9316 0.0244722
    endloop
  endfacet
  facet normal -0.989113 0.104076 0.104036
    outer loop
      vertex -14.8969 4.03642 20.5
      vertex -14.8969 3.93246 20.604
      vertex -14.8862 4.03415 20.604
    endloop
  endfacet
  facet normal -0.510792 0.294919 -0.807536
    outer loop
      vertex -13.9739 6.2977 0.128428
      vertex -12.3636 8.91846 0.066988
      vertex -13.9316 6.20273 0.066988
    endloop
  endfacet
  facet normal -0.510792 0.294919 -0.807536
    outer loop
      vertex -12.3636 8.91846 0.066988
      vertex -13.9739 6.2977 0.128428
      vertex -12.4059 9.01343 0.128428
    endloop
  endfacet
  facet normal -0.824022 0.475523 -0.308003
    outer loop
      vertex -14.0727 6.36953 0.296632
      vertex -14.15 6.29997 0.396045
      vertex -14.0989 6.38852 0.396045
    endloop
  endfacet
  facet normal -0.862531 0.0908214 -0.497787
    outer loop
      vertex -14.8035 4.01657 0.206108
      vertex -14.8646 3.93246 0.296632
      vertex -14.8546 4.02743 0.296632
    endloop
  endfacet
  facet normal -0.708202 0.230103 -0.66746
    outer loop
      vertex -14.7134 4.06854 0.128428
      vertex -14.0989 6.18515 0.206108
      vertex -14.0088 6.23713 0.128428
    endloop
  endfacet
  facet normal -0.708188 0.2301 -0.667475
    outer loop
      vertex -14.0989 6.18515 0.206108
      vertex -14.7134 4.06854 0.128428
      vertex -14.8035 4.01657 0.206108
    endloop
  endfacet
  facet normal -0.861547 0.496827 0.104398
    outer loop
      vertex -12.5398 9.11067 20.5
      vertex -12.592 9.02015 20.5
      vertex -12.5309 9.10425 20.604
    endloop
  endfacet
  facet normal 0.951057 -0.309015 0
    outer loop
      vertex 14.8646 3.7291 20.5
      vertex 14.8969 3.82851 0.5
      vertex 14.8969 3.82851 20.5
    endloop
  endfacet
  facet normal 0.951057 -0.309015 0
    outer loop
      vertex 14.8969 3.82851 0.5
      vertex 14.8646 3.7291 20.5
      vertex 14.8646 3.7291 0.5
    endloop
  endfacet
  facet normal -0.155862 -0.140218 0.977776
    outer loop
      vertex -14.4501 3.90174 20.9973
      vertex -14.5328 3.84165 20.9755
      vertex -14.5112 3.81764 20.9755
    endloop
  endfacet
  facet normal 0.43822 -0.394577 0.807633
    outer loop
      vertex 14.6101 3.78552 20.933
      vertex 14.2552 3.26569 20.8716
      vertex 14.6785 3.73581 20.8716
    endloop
  endfacet
  facet normal 0.43822 -0.394577 0.807633
    outer loop
      vertex 14.2552 3.26569 20.8716
      vertex 14.6101 3.78552 20.933
      vertex 14.1868 3.3154 20.933
    endloop
  endfacet
  facet normal 0.861419 0.497103 -0.104144
    outer loop
      vertex 14.15 6.29997 0.396045
      vertex 14.0989 6.38852 0.396045
      vertex 14.16 6.30442 0.5
    endloop
  endfacet
  facet normal 0.994548 0.104276 0
    outer loop
      vertex 14.9078 3.93246 20.5
      vertex 14.8969 4.03642 0.5
      vertex 14.8969 4.03642 20.5
    endloop
  endfacet
  facet normal 0.994548 0.104276 0
    outer loop
      vertex 14.8969 4.03642 0.5
      vertex 14.9078 3.93246 20.5
      vertex 14.9078 3.93246 0.5
    endloop
  endfacet
  facet normal 0.989112 -0.104086 0.104036
    outer loop
      vertex 14.8969 3.93246 20.604
      vertex 14.8862 3.83078 20.604
      vertex 14.8969 3.82851 20.5
    endloop
  endfacet
  facet normal -0.353938 0.204105 0.912726
    outer loop
      vertex -12.3375 8.96372 20.933
      vertex -12.3636 8.91846 20.933
      vertex -12.2764 8.87962 20.9755
    endloop
  endfacet
  facet normal 0.561259 0.18236 -0.8073
    outer loop
      vertex 13.9316 6.20273 0.066988
      vertex 14.7134 4.06854 0.128428
      vertex 14.6362 4.03415 0.066988
    endloop
  endfacet
  facet normal 0.561245 0.182355 -0.807311
    outer loop
      vertex 14.7134 4.06854 0.128428
      vertex 13.9316 6.20273 0.066988
      vertex 14.0088 6.23713 0.128428
    endloop
  endfacet
  facet normal 0.742876 0.66943 0
    outer loop
      vertex 12.5398 9.11067 20.5
      vertex 12.4698 9.18835 0.5
      vertex 12.4698 9.18835 20.5
    endloop
  endfacet
  facet normal 0.742876 0.66943 0
    outer loop
      vertex 12.4698 9.18835 0.5
      vertex 12.5398 9.11067 20.5
      vertex 12.5398 9.11067 0.5
    endloop
  endfacet
  facet normal 0 0.867475 0.49748
    outer loop
      vertex -8.80702 10.834 20.7034
      vertex -9.94844 10.7821 20.7939
      vertex -8.80156 10.7821 20.7939
    endloop
  endfacet
  facet normal 0 0.867475 0.49748
    outer loop
      vertex -9.94844 10.7821 20.7939
      vertex -8.80702 10.834 20.7034
      vertex -9.94298 10.834 20.7034
    endloop
  endfacet
  facet normal 0 0.867475 0.49748
    outer loop
      vertex 9.94298 10.834 20.7034
      vertex 8.80156 10.7821 20.7939
      vertex 9.94844 10.7821 20.7939
    endloop
  endfacet
  facet normal 0 0.867475 0.49748
    outer loop
      vertex 8.80156 10.7821 20.7939
      vertex 9.94298 10.834 20.7034
      vertex 8.80702 10.834 20.7034
    endloop
  endfacet
  facet normal 0.989113 0.104076 0.104036
    outer loop
      vertex 14.8969 4.03642 20.5
      vertex 14.8862 4.03415 20.604
      vertex 14.8969 3.93246 20.604
    endloop
  endfacet
  facet normal 0.861547 0.496827 0.104398
    outer loop
      vertex 12.5398 9.11067 20.5
      vertex 12.5309 9.10425 20.604
      vertex 12.592 9.02015 20.5
    endloop
  endfacet
  facet normal 0.905019 0.293999 -0.307417
    outer loop
      vertex 14.15 6.19602 0.296632
      vertex 14.1205 6.28683 0.296632
      vertex 14.15 6.29997 0.396045
    endloop
  endfacet
  facet normal 0.739115 -0.665505 -0.103978
    outer loop
      vertex 14.7424 3.56089 0.5
      vertex 14.3802 3.17487 0.396045
      vertex 14.8035 3.64499 0.396045
    endloop
  endfacet
  facet normal 0.739098 -0.665572 -0.10367
    outer loop
      vertex 14.3802 3.17487 0.396045
      vertex 14.7424 3.56089 0.5
      vertex 14.389 3.16845 0.5
    endloop
  endfacet
  facet normal 0.86253 -0.0908309 -0.497787
    outer loop
      vertex 14.8546 3.8375 0.296632
      vertex 14.8035 3.84836 0.206108
      vertex 14.8646 3.93246 0.296632
    endloop
  endfacet
  facet normal 0.904953 0.294082 -0.307533
    outer loop
      vertex 14.8862 4.03415 0.396045
      vertex 14.8546 4.02743 0.296632
      vertex 14.8546 4.13139 0.396045
    endloop
  endfacet
  facet normal 0.824278 -0.268541 0.498449
    outer loop
      vertex 14.8035 3.84836 20.7939
      vertex 14.7773 3.76794 20.7939
      vertex 14.8251 3.74668 20.7034
    endloop
  endfacet
  facet normal -0.824278 -0.268541 0.498449
    outer loop
      vertex -14.8035 3.84836 20.7939
      vertex -14.8251 3.74668 20.7034
      vertex -14.7773 3.76794 20.7939
    endloop
  endfacet
  facet normal -0.945893 -0.307337 0.104072
    outer loop
      vertex -14.8546 3.73354 20.604
      vertex -14.8969 3.82851 20.5
      vertex -14.8646 3.7291 20.5
    endloop
  endfacet
  facet normal -0.824879 -0.267936 -0.497781
    outer loop
      vertex -14.8251 3.74668 0.296632
      vertex -14.8546 3.8375 0.296632
      vertex -14.8035 3.84836 0.206108
    endloop
  endfacet
  facet normal -0.198781 0.0645863 -0.977913
    outer loop
      vertex -14.5489 3.99531 0.0244722
      vertex -13.7509 6.12231 0.00273991
      vertex -14.4555 3.95372 0.00273991
    endloop
  endfacet
  facet normal -0.198787 0.0645884 -0.977912
    outer loop
      vertex -13.7509 6.12231 0.00273991
      vertex -14.5489 3.99531 0.0244722
      vertex -13.8443 6.16389 0.0244722
    endloop
  endfacet
  facet normal -0.707165 0.63674 0.307374
    outer loop
      vertex -11.1236 10.6672 20.604
      vertex -12.5309 9.10425 20.604
      vertex -11.083 10.6659 20.7001
    endloop
  endfacet
  facet normal -0.951058 0.309011 0
    outer loop
      vertex -14.8969 4.03642 0.5
      vertex -14.1923 6.205 20.5
      vertex -14.1923 6.205 0.5
    endloop
  endfacet
  facet normal -0.951058 0.309011 0
    outer loop
      vertex -14.1923 6.205 20.5
      vertex -14.8969 4.03642 0.5
      vertex -14.8969 4.03642 20.5
    endloop
  endfacet
  facet normal -0.743351 -0.668901 0
    outer loop
      vertex -14.7424 3.56089 0.5
      vertex -14.8123 3.63857 20.5
      vertex -14.8123 3.63857 0.5
    endloop
  endfacet
  facet normal -0.743351 -0.668901 0
    outer loop
      vertex -14.8123 3.63857 20.5
      vertex -14.7424 3.56089 0.5
      vertex -14.7424 3.56089 20.5
    endloop
  endfacet
  facet normal -0.38843 -0.125804 0.91285
    outer loop
      vertex -14.5489 3.86962 20.9755
      vertex -14.6523 3.88049 20.933
      vertex -14.6362 3.83078 20.933
    endloop
  endfacet
  facet normal -0.708378 -0.230782 0.667038
    outer loop
      vertex -14.7134 3.79638 20.8716
      vertex -14.8035 3.84836 20.7939
      vertex -14.7773 3.76794 20.7939
    endloop
  endfacet
  facet normal -0.561213 -0.181765 0.807466
    outer loop
      vertex -14.6523 3.88049 20.933
      vertex -14.7134 3.79638 20.8716
      vertex -14.6362 3.83078 20.933
    endloop
  endfacet
  facet normal -0.861427 -0.497108 0.104052
    outer loop
      vertex -14.8546 3.73354 20.604
      vertex -14.8646 3.7291 20.5
      vertex -14.8035 3.64499 20.604
    endloop
  endfacet
  facet normal -0.180507 0.104946 -0.977959
    outer loop
      vertex -12.183 8.83804 0.00273991
      vertex -12.2603 8.9076 0.0244722
      vertex -12.1775 8.8475 0.00273991
    endloop
  endfacet
  facet normal 0.388577 0.12649 -0.912693
    outer loop
      vertex 14.5589 3.96459 0.0244722
      vertex 14.5489 3.99531 0.0244722
      vertex 14.6523 3.98444 0.066988
    endloop
  endfacet
  facet normal -0.198735 0.0646922 -0.977916
    outer loop
      vertex -14.4555 3.95372 0.00273991
      vertex -14.5589 3.96459 0.0244722
      vertex -14.5489 3.99531 0.0244722
    endloop
  endfacet
  facet normal 0.644567 0.580349 -0.497723
    outer loop
      vertex 11.0822 10.6652 0.296632
      vertex 12.4059 9.11739 0.206108
      vertex 11.0789 10.6663 0.293641
    endloop
  endfacet
  facet normal 0.6444 0.580226 -0.498083
    outer loop
      vertex 12.4059 9.11739 0.206108
      vertex 11.0822 10.6652 0.296632
      vertex 12.5048 9.08526 0.296632
    endloop
  endfacet
  facet normal 0.155339 0.139866 -0.97791
    outer loop
      vertex 10.7629 10.4186 0.00273991
      vertex 12.2386 8.9316 0.0244722
      vertex 12.1702 8.85562 0.00273991
    endloop
  endfacet
  facet normal 0.15532 0.139848 -0.977915
    outer loop
      vertex 12.2386 8.9316 0.0244722
      vertex 10.7629 10.4186 0.00273991
      vertex 10.8313 10.4946 0.0244722
    endloop
  endfacet
  facet normal 0 0.208972 -0.977922
    outer loop
      vertex 9.98526 10.4317 0.00273991
      vertex 8.77543 10.5334 0.0244722
      vertex 9.97457 10.5334 0.0244722
    endloop
  endfacet
  facet normal 0 0.208972 -0.977922
    outer loop
      vertex 8.77543 10.5334 0.0244722
      vertex 9.98526 10.4317 0.00273991
      vertex 8.76474 10.4317 0.00273991
    endloop
  endfacet
  facet normal 0 0.208972 -0.977922
    outer loop
      vertex -8.76474 10.4317 0.00273991
      vertex -9.97457 10.5334 0.0244722
      vertex -8.77543 10.5334 0.0244722
    endloop
  endfacet
  facet normal 0 0.208972 -0.977922
    outer loop
      vertex -9.97457 10.5334 0.0244722
      vertex -8.76474 10.4317 0.00273991
      vertex -9.98526 10.4317 0.00273991
    endloop
  endfacet
  facet normal -0.207649 -0.0229447 -0.977934
    outer loop
      vertex -14.4589 3.9216 0.00273991
      vertex -14.5589 3.90034 0.0244722
      vertex -14.4601 3.93246 0.00273991
    endloop
  endfacet
  facet normal -0.38828 0.126157 0.912865
    outer loop
      vertex -14.6362 4.03415 20.933
      vertex -13.8443 6.16389 20.9755
      vertex -13.9316 6.20273 20.933
    endloop
  endfacet
  facet normal -0.38828 0.126157 0.912865
    outer loop
      vertex -13.8443 6.16389 20.9755
      vertex -14.6362 4.03415 20.933
      vertex -14.5489 3.99531 20.9755
    endloop
  endfacet
  facet normal -0.208272 0.0229923 0.977801
    outer loop
      vertex -14.4589 3.94333 20.9973
      vertex -14.5589 3.96459 20.9755
      vertex -14.4601 3.93246 20.9973
    endloop
  endfacet
  facet normal -0.51086 0.294597 0.80761
    outer loop
      vertex -12.3375 8.96372 20.933
      vertex -12.4059 9.01343 20.8716
      vertex -12.3636 8.91846 20.933
    endloop
  endfacet
  facet normal -0.905008 0.293996 0.307453
    outer loop
      vertex -14.15 6.29997 20.604
      vertex -14.15 6.19602 20.7034
      vertex -14.1205 6.28683 20.7034
    endloop
  endfacet
  facet normal -0.553572 -0.498602 0.667049
    outer loop
      vertex -14.6785 3.73581 20.8716
      vertex -14.7351 3.6947 20.7939
      vertex -14.6785 3.63186 20.7939
    endloop
  endfacet
  facet normal 0.824301 0.268515 0.498426
    outer loop
      vertex 14.1205 6.28683 20.7034
      vertex 14.0727 6.26558 20.7939
      vertex 14.0989 6.18515 20.7939
    endloop
  endfacet
  facet normal -0.750623 0.433854 0.498333
    outer loop
      vertex -14.0727 6.36953 20.7034
      vertex -14.1205 6.28683 20.7034
      vertex -14.0727 6.26558 20.7939
    endloop
  endfacet
  facet normal 0.645028 0.372589 -0.66717
    outer loop
      vertex 12.5048 8.98131 0.206108
      vertex 12.4059 9.01343 0.128428
      vertex 12.4625 9.05454 0.206108
    endloop
  endfacet
  facet normal 0.82386 0.476185 -0.307414
    outer loop
      vertex 14.1205 6.28683 0.296632
      vertex 14.0727 6.36953 0.296632
      vertex 14.15 6.29997 0.396045
    endloop
  endfacet
  facet normal 0.739113 0.665507 -0.103981
    outer loop
      vertex 12.4698 9.18835 0.5
      vertex 11.1236 10.6672 0.396045
      vertex 11.0625 10.7513 0.5
    endloop
  endfacet
  facet normal 0.739113 0.665507 -0.103981
    outer loop
      vertex 11.1236 10.6672 0.396045
      vertex 12.4698 9.18835 0.5
      vertex 12.5309 9.10425 0.396045
    endloop
  endfacet
  facet normal 0.738818 0.665774 -0.10437
    outer loop
      vertex 12.5309 9.10425 0.396045
      vertex 12.4698 9.18835 0.5
      vertex 12.5398 9.11067 0.5
    endloop
  endfacet
  facet normal 0.707165 0.63674 0.307374
    outer loop
      vertex 11.1236 10.6672 20.604
      vertex 11.083 10.6659 20.7001
      vertex 12.5309 9.10425 20.604
    endloop
  endfacet
  facet normal 0.738822 0.665777 0.104325
    outer loop
      vertex 12.5398 9.11067 20.5
      vertex 12.4698 9.18835 20.5
      vertex 12.5309 9.10425 20.604
    endloop
  endfacet
  facet normal 0.989108 0.104076 -0.104081
    outer loop
      vertex 14.8969 3.93246 0.396045
      vertex 14.8862 4.03415 0.396045
      vertex 14.8969 4.03642 0.5
    endloop
  endfacet
  facet normal 0.708344 -0.231074 -0.666974
    outer loop
      vertex 14.8035 3.84836 0.206108
      vertex 14.7134 3.79638 0.128428
      vertex 14.7351 3.8629 0.128428
    endloop
  endfacet
  facet normal 0.861326 0.49731 -0.103923
    outer loop
      vertex 12.592 9.02015 0.5
      vertex 14.0989 6.38852 0.396045
      vertex 12.5309 9.10425 0.396045
    endloop
  endfacet
  facet normal 0.861326 0.49731 -0.103923
    outer loop
      vertex 14.0989 6.38852 0.396045
      vertex 12.592 9.02015 0.5
      vertex 14.16 6.30442 0.5
    endloop
  endfacet
  facet normal 0.861229 -0.49754 -0.103632
    outer loop
      vertex 14.8123 3.63857 0.5
      vertex 14.8035 3.64499 0.396045
      vertex 14.8646 3.7291 0.5
    endloop
  endfacet
  facet normal 0.824012 -0.475517 0.30804
    outer loop
      vertex 14.8546 3.73354 20.604
      vertex 14.7773 3.66398 20.7034
      vertex 14.8035 3.64499 20.604
    endloop
  endfacet
  facet normal 0.945899 0.307308 0.104101
    outer loop
      vertex 14.16 6.30442 20.5
      vertex 14.15 6.29997 20.604
      vertex 14.1923 6.205 20.5
    endloop
  endfacet
  facet normal 0.303572 -0.273101 0.912831
    outer loop
      vertex 14.5328 3.84165 20.9755
      vertex 14.5112 3.81764 20.9755
      vertex 14.6101 3.78552 20.933
    endloop
  endfacet
  facet normal -0.181015 0.104507 -0.977912
    outer loop
      vertex -13.7509 6.12231 0.00273991
      vertex -12.2764 8.87962 0.0244722
      vertex -12.183 8.83804 0.00273991
    endloop
  endfacet
  facet normal -0.181015 0.104507 -0.977912
    outer loop
      vertex -12.2764 8.87962 0.0244722
      vertex -13.7509 6.12231 0.00273991
      vertex -13.8443 6.16389 0.0244722
    endloop
  endfacet
  facet normal -0.354048 0.204168 -0.912669
    outer loop
      vertex -12.2764 8.87962 0.0244722
      vertex -12.3636 8.91846 0.066988
      vertex -12.3375 8.96372 0.066988
    endloop
  endfacet
  facet normal -0.743102 -0.669178 0
    outer loop
      vertex -14.389 3.16845 0.5
      vertex -14.7424 3.56089 20.5
      vertex -14.7424 3.56089 0.5
    endloop
  endfacet
  facet normal -0.743102 -0.669178 0
    outer loop
      vertex -14.7424 3.56089 20.5
      vertex -14.389 3.16845 0.5
      vertex -14.389 3.16845 20.5
    endloop
  endfacet
  facet normal -0.946327 0.0996448 -0.307468
    outer loop
      vertex -14.8646 3.93246 0.296632
      vertex -14.8969 3.93246 0.396045
      vertex -14.8546 4.02743 0.296632
    endloop
  endfacet
  facet normal -0.861543 0.496825 -0.104443
    outer loop
      vertex -12.5309 9.10425 0.396045
      vertex -12.592 9.02015 0.5
      vertex -12.5398 9.11067 0.5
    endloop
  endfacet
  facet normal -0.861419 0.497103 -0.104144
    outer loop
      vertex -14.15 6.29997 0.396045
      vertex -14.16 6.30442 0.5
      vertex -14.0989 6.38852 0.396045
    endloop
  endfacet
  facet normal -0.511269 0.29459 -0.807354
    outer loop
      vertex -13.9316 6.20273 0.066988
      vertex -14.0088 6.23713 0.128428
      vertex -13.9739 6.2977 0.128428
    endloop
  endfacet
  facet normal -0.824355 0.268533 -0.498326
    outer loop
      vertex -14.0989 6.18515 0.206108
      vertex -14.1205 6.28683 0.296632
      vertex -14.0727 6.26558 0.206108
    endloop
  endfacet
  facet normal -0.708293 0.230726 -0.667148
    outer loop
      vertex -14.0088 6.23713 0.128428
      vertex -14.0989 6.18515 0.206108
      vertex -14.0727 6.26558 0.206108
    endloop
  endfacet
  facet normal -0.70833 0.23107 -0.66699
    outer loop
      vertex -14.7351 4.00202 0.128428
      vertex -14.8035 4.01657 0.206108
      vertex -14.7134 4.06854 0.128428
    endloop
  endfacet
  facet normal -0.951066 0.308987 0
    outer loop
      vertex -14.1923 6.205 0.5
      vertex -14.16 6.30442 20.5
      vertex -14.16 6.30442 0.5
    endloop
  endfacet
  facet normal -0.951066 0.308987 0
    outer loop
      vertex -14.16 6.30442 20.5
      vertex -14.1923 6.205 0.5
      vertex -14.1923 6.205 20.5
    endloop
  endfacet
  facet normal -0.862345 0.0902228 -0.498218
    outer loop
      vertex -14.8123 3.93246 0.206108
      vertex -14.8646 3.93246 0.296632
      vertex -14.8035 4.01657 0.206108
    endloop
  endfacet
  facet normal -0.181119 -0.104255 -0.97792
    outer loop
      vertex -14.5328 3.84165 0.0244722
      vertex -14.5489 3.86962 0.0244722
      vertex -14.4555 3.91121 0.00273991
    endloop
  endfacet
  facet normal -0.18114 0.10423 -0.977918
    outer loop
      vertex -12.183 8.83804 0.00273991
      vertex -12.2764 8.87962 0.0244722
      vertex -12.2603 8.9076 0.0244722
    endloop
  endfacet
  facet normal -0.945894 0.307333 0.104076
    outer loop
      vertex -14.1923 6.205 20.5
      vertex -14.8546 4.13139 20.604
      vertex -14.15 6.29997 20.604
    endloop
  endfacet
  facet normal -0.945894 0.307333 0.104076
    outer loop
      vertex -14.8546 4.13139 20.604
      vertex -14.1923 6.205 20.5
      vertex -14.8969 4.03642 20.5
    endloop
  endfacet
  facet normal -0.904953 0.294082 -0.307533
    outer loop
      vertex -14.8546 4.02743 0.296632
      vertex -14.8862 4.03415 0.396045
      vertex -14.8546 4.13139 0.396045
    endloop
  endfacet
  facet normal -0.866281 0.499557 0
    outer loop
      vertex -12.592 9.02015 0.5
      vertex -12.5398 9.11067 20.5
      vertex -12.5398 9.11067 0.5
    endloop
  endfacet
  facet normal -0.866281 0.499557 0
    outer loop
      vertex -12.5398 9.11067 20.5
      vertex -12.592 9.02015 0.5
      vertex -12.592 9.02015 20.5
    endloop
  endfacet
  facet normal -0.866015 0.500017 0
    outer loop
      vertex -14.16 6.30442 0.5
      vertex -12.592 9.02015 20.5
      vertex -12.592 9.02015 0.5
    endloop
  endfacet
  facet normal -0.866015 0.500017 0
    outer loop
      vertex -12.592 9.02015 20.5
      vertex -14.16 6.30442 0.5
      vertex -14.16 6.30442 20.5
    endloop
  endfacet
  facet normal -0.946314 -0.099654 0.307504
    outer loop
      vertex -14.8646 3.93246 20.7034
      vertex -14.8969 3.93246 20.604
      vertex -14.8546 3.8375 20.7034
    endloop
  endfacet
  facet normal -0.750605 -0.433844 0.498369
    outer loop
      vertex -14.7773 3.76794 20.7939
      vertex -14.8251 3.74668 20.7034
      vertex -14.7773 3.66398 20.7034
    endloop
  endfacet
  facet normal -0.586054 -0.0615037 0.807934
    outer loop
      vertex -14.6523 3.88049 20.933
      vertex -14.7424 3.93246 20.8716
      vertex -14.7351 3.8629 20.8716
    endloop
  endfacet
  facet normal -0.905018 -0.293966 0.307452
    outer loop
      vertex -14.8546 3.8375 20.7034
      vertex -14.8546 3.73354 20.604
      vertex -14.8251 3.74668 20.7034
    endloop
  endfacet
  facet normal -0.946302 0.0995716 0.307568
    outer loop
      vertex -14.8862 4.03415 20.604
      vertex -14.8969 3.93246 20.604
      vertex -14.8546 4.02743 20.7034
    endloop
  endfacet
  facet normal -0.865891 -0.500233 0
    outer loop
      vertex -14.8123 3.63857 0.5
      vertex -14.8646 3.7291 20.5
      vertex -14.8646 3.7291 0.5
    endloop
  endfacet
  facet normal -0.865891 -0.500233 0
    outer loop
      vertex -14.8646 3.7291 20.5
      vertex -14.8123 3.63857 0.5
      vertex -14.8123 3.63857 20.5
    endloop
  endfacet
  facet normal 0.198735 0.0646922 -0.977916
    outer loop
      vertex 14.5589 3.96459 0.0244722
      vertex 14.4555 3.95372 0.00273991
      vertex 14.5489 3.99531 0.0244722
    endloop
  endfacet
  facet normal 0.181015 0.104507 -0.977912
    outer loop
      vertex 13.7509 6.12231 0.00273991
      vertex 12.2764 8.87962 0.0244722
      vertex 13.8443 6.16389 0.0244722
    endloop
  endfacet
  facet normal 0.181015 0.104507 -0.977912
    outer loop
      vertex 12.2764 8.87962 0.0244722
      vertex 13.7509 6.12231 0.00273991
      vertex 12.183 8.83804 0.00273991
    endloop
  endfacet
  facet normal -0.38855 -0.125843 -0.912794
    outer loop
      vertex -14.6362 3.83078 0.066988
      vertex -14.6523 3.88049 0.066988
      vertex -14.5489 3.86962 0.0244722
    endloop
  endfacet
  facet normal 0.303263 0.274201 -0.912604
    outer loop
      vertex 12.2603 8.9076 0.0244722
      vertex 12.2386 8.9316 0.0244722
      vertex 12.3375 8.96372 0.066988
    endloop
  endfacet
  facet normal 0.303598 0.273358 -0.912745
    outer loop
      vertex 12.2386 8.9316 0.0244722
      vertex 10.9302 10.5267 0.066988
      vertex 12.3375 8.96372 0.066988
    endloop
  endfacet
  facet normal 0.303635 0.273388 -0.912724
    outer loop
      vertex 10.9302 10.5267 0.066988
      vertex 12.2386 8.9316 0.0244722
      vertex 10.8313 10.4946 0.0244722
    endloop
  endfacet
  facet normal 0 0.951341 -0.308141
    outer loop
      vertex 9.94298 10.834 0.296632
      vertex 8.8104 10.8662 0.396045
      vertex 9.9396 10.8662 0.396045
    endloop
  endfacet
  facet normal 0 0.951341 -0.308141
    outer loop
      vertex 8.8104 10.8662 0.396045
      vertex 9.94298 10.834 0.296632
      vertex 8.80702 10.834 0.296632
    endloop
  endfacet
  facet normal 0 0.951341 -0.308141
    outer loop
      vertex -8.80702 10.834 0.296632
      vertex -9.9396 10.8662 0.396045
      vertex -8.8104 10.8662 0.396045
    endloop
  endfacet
  facet normal 0 0.951341 -0.308141
    outer loop
      vertex -9.9396 10.8662 0.396045
      vertex -8.80702 10.834 0.296632
      vertex -9.94298 10.834 0.296632
    endloop
  endfacet
  facet normal -0.645444 0.3719 -0.667153
    outer loop
      vertex -14.0088 6.23713 0.128428
      vertex -14.0727 6.26558 0.206108
      vertex -13.9739 6.2977 0.128428
    endloop
  endfacet
  facet normal -0.751042 0.433607 -0.497917
    outer loop
      vertex -12.5048 8.98131 0.206108
      vertex -14.0727 6.36953 0.296632
      vertex -12.5048 9.08526 0.296632
    endloop
  endfacet
  facet normal -0.751042 0.433607 -0.497917
    outer loop
      vertex -14.0727 6.36953 0.296632
      vertex -12.5048 8.98131 0.206108
      vertex -14.0727 6.26558 0.206108
    endloop
  endfacet
  facet normal -0.824301 0.268515 0.498426
    outer loop
      vertex -14.0727 6.26558 20.7939
      vertex -14.1205 6.28683 20.7034
      vertex -14.0989 6.18515 20.7939
    endloop
  endfacet
  facet normal -0.586059 0.0615042 0.807931
    outer loop
      vertex -14.7351 4.00202 20.8716
      vertex -14.7424 3.93246 20.8716
      vertex -14.6523 3.98444 20.933
    endloop
  endfacet
  facet normal -0.644474 0.58027 0.497936
    outer loop
      vertex -11.0789 10.6663 20.7064
      vertex -12.4059 9.11739 20.7939
      vertex -10.9986 10.6804 20.7939
    endloop
  endfacet
  facet normal -0.353851 0.204292 0.912718
    outer loop
      vertex -12.3636 8.91846 20.933
      vertex -13.8443 6.16389 20.9755
      vertex -12.2764 8.87962 20.9755
    endloop
  endfacet
  facet normal -0.353577 0.204147 0.912856
    outer loop
      vertex -13.8443 6.16389 20.9755
      vertex -12.3636 8.91846 20.933
      vertex -13.9316 6.20273 20.933
    endloop
  endfacet
  facet normal 0.946302 0.0995716 0.307568
    outer loop
      vertex 14.8862 4.03415 20.604
      vertex 14.8546 4.02743 20.7034
      vertex 14.8969 3.93246 20.604
    endloop
  endfacet
  facet normal 0.707329 0.636941 0.306582
    outer loop
      vertex 11.0822 10.6652 20.7034
      vertex 12.5309 9.10425 20.604
      vertex 11.083 10.6659 20.7001
    endloop
  endfacet
  facet normal 0.707174 0.636749 0.307335
    outer loop
      vertex 12.5309 9.10425 20.604
      vertex 11.0822 10.6652 20.7034
      vertex 12.5048 9.08526 20.7034
    endloop
  endfacet
  facet normal 0.406206 -0.0429982 0.912769
    outer loop
      vertex 14.5623 3.93246 20.9755
      vertex 14.5589 3.90034 20.9755
      vertex 14.6578 3.93246 20.933
    endloop
  endfacet
  facet normal -0.739117 0.66551 0.103936
    outer loop
      vertex -12.4698 9.18835 20.5
      vertex -11.1236 10.6672 20.604
      vertex -11.0625 10.7513 20.5
    endloop
  endfacet
  facet normal -0.739117 0.66551 0.103936
    outer loop
      vertex -11.1236 10.6672 20.604
      vertex -12.4698 9.18835 20.5
      vertex -12.5309 9.10425 20.604
    endloop
  endfacet
  facet normal -0.645113 0.372473 0.667153
    outer loop
      vertex -12.5048 8.98131 20.7939
      vertex -13.9739 6.2977 20.8716
      vertex -12.4059 9.01343 20.8716
    endloop
  endfacet
  facet normal -0.645472 0.372657 0.666703
    outer loop
      vertex -13.9739 6.2977 20.8716
      vertex -12.5048 8.98131 20.7939
      vertex -14.0727 6.26558 20.7939
    endloop
  endfacet
  facet normal -0.644333 0.580259 0.498131
    outer loop
      vertex -12.4059 9.11739 20.7939
      vertex -12.5048 9.08526 20.7034
      vertex -12.4625 9.05454 20.7939
    endloop
  endfacet
  facet normal -0.707329 0.636941 0.306582
    outer loop
      vertex -12.5309 9.10425 20.604
      vertex -11.0822 10.6652 20.7034
      vertex -11.083 10.6659 20.7001
    endloop
  endfacet
  facet normal -0.707174 0.636749 0.307335
    outer loop
      vertex -11.0822 10.6652 20.7034
      vertex -12.5309 9.10425 20.604
      vertex -12.5048 9.08526 20.7034
    endloop
  endfacet
  facet normal 0.740972 0.0777616 -0.667018
    outer loop
      vertex 14.7424 3.93246 0.128428
      vertex 14.7351 4.00202 0.128428
      vertex 14.8035 4.01657 0.206108
    endloop
  endfacet
  facet normal 0.750876 0.43373 -0.498059
    outer loop
      vertex 12.5048 8.98131 0.206108
      vertex 12.4625 9.05454 0.206108
      vertex 12.5048 9.08526 0.296632
    endloop
  endfacet
  facet normal 0.945878 -0.307381 -0.104071
    outer loop
      vertex 14.8969 3.82851 0.5
      vertex 14.8546 3.73354 0.396045
      vertex 14.8862 3.83078 0.396045
    endloop
  endfacet
  facet normal 0.866015 0.500017 0
    outer loop
      vertex 14.16 6.30442 20.5
      vertex 12.592 9.02015 0.5
      vertex 12.592 9.02015 20.5
    endloop
  endfacet
  facet normal 0.866015 0.500017 0
    outer loop
      vertex 12.592 9.02015 0.5
      vertex 14.16 6.30442 20.5
      vertex 14.16 6.30442 0.5
    endloop
  endfacet
  facet normal 0.511052 0.294464 0.807537
    outer loop
      vertex 13.9739 6.2977 20.8716
      vertex 13.9316 6.20273 20.933
      vertex 14.0088 6.23713 20.8716
    endloop
  endfacet
  facet normal 0.739117 0.66551 0.103936
    outer loop
      vertex 11.1236 10.6672 20.604
      vertex 12.4698 9.18835 20.5
      vertex 11.0625 10.7513 20.5
    endloop
  endfacet
  facet normal 0.739117 0.66551 0.103936
    outer loop
      vertex 12.4698 9.18835 20.5
      vertex 11.1236 10.6672 20.604
      vertex 12.5309 9.10425 20.604
    endloop
  endfacet
  facet normal 0.861423 0.497106 0.1041
    outer loop
      vertex 14.16 6.30442 20.5
      vertex 14.0989 6.38852 20.604
      vertex 14.15 6.29997 20.604
    endloop
  endfacet
  facet normal 0.824022 -0.475523 -0.308003
    outer loop
      vertex 14.8035 3.64499 0.396045
      vertex 14.7773 3.66398 0.296632
      vertex 14.8546 3.73354 0.396045
    endloop
  endfacet
  facet normal 0.510792 0.294919 -0.807536
    outer loop
      vertex 12.3636 8.91846 0.066988
      vertex 13.9739 6.2977 0.128428
      vertex 13.9316 6.20273 0.066988
    endloop
  endfacet
  facet normal 0.510792 0.294919 -0.807536
    outer loop
      vertex 13.9739 6.2977 0.128428
      vertex 12.3636 8.91846 0.066988
      vertex 12.4059 9.01343 0.128428
    endloop
  endfacet
  facet normal 0.560517 0.182851 -0.807704
    outer loop
      vertex 14.7351 4.00202 0.128428
      vertex 14.6523 3.98444 0.066988
      vertex 14.7134 4.06854 0.128428
    endloop
  endfacet
  facet normal 0.865891 -0.500233 0
    outer loop
      vertex 14.8123 3.63857 20.5
      vertex 14.8646 3.7291 0.5
      vertex 14.8646 3.7291 20.5
    endloop
  endfacet
  facet normal 0.865891 -0.500233 0
    outer loop
      vertex 14.8646 3.7291 0.5
      vertex 14.8123 3.63857 20.5
      vertex 14.8123 3.63857 0.5
    endloop
  endfacet
  facet normal 0.739346 -0.665297 -0.103674
    outer loop
      vertex 14.8123 3.63857 0.5
      vertex 14.7424 3.56089 0.5
      vertex 14.8035 3.64499 0.396045
    endloop
  endfacet
  facet normal 0.946326 -0.0996552 -0.307468
    outer loop
      vertex 14.8969 3.93246 0.396045
      vertex 14.8546 3.8375 0.296632
      vertex 14.8646 3.93246 0.296632
    endloop
  endfacet
  facet normal -0.945878 0.307381 -0.104071
    outer loop
      vertex -14.8862 4.03415 0.396045
      vertex -14.8969 4.03642 0.5
      vertex -14.8546 4.13139 0.396045
    endloop
  endfacet
  facet normal -0.945888 -0.307335 -0.104117
    outer loop
      vertex -14.8646 3.7291 0.5
      vertex -14.8969 3.82851 0.5
      vertex -14.8546 3.73354 0.396045
    endloop
  endfacet
  facet normal -0.824332 -0.268559 -0.49835
    outer loop
      vertex -14.7773 3.76794 0.206108
      vertex -14.8251 3.74668 0.296632
      vertex -14.8035 3.84836 0.206108
    endloop
  endfacet
  facet normal -0.708297 -0.230756 -0.667133
    outer loop
      vertex -14.7773 3.76794 0.206108
      vertex -14.8035 3.84836 0.206108
      vertex -14.7134 3.79638 0.128428
    endloop
  endfacet
  facet normal -0.750876 0.43373 -0.498059
    outer loop
      vertex -12.4625 9.05454 0.206108
      vertex -12.5048 8.98131 0.206108
      vertex -12.5048 9.08526 0.296632
    endloop
  endfacet
  facet normal -0.861326 0.49731 -0.103923
    outer loop
      vertex -14.0989 6.38852 0.396045
      vertex -12.592 9.02015 0.5
      vertex -12.5309 9.10425 0.396045
    endloop
  endfacet
  facet normal -0.861326 0.49731 -0.103923
    outer loop
      vertex -12.592 9.02015 0.5
      vertex -14.0989 6.38852 0.396045
      vertex -14.16 6.30442 0.5
    endloop
  endfacet
  facet normal -0.945895 0.307306 -0.104146
    outer loop
      vertex -14.15 6.29997 0.396045
      vertex -14.1923 6.205 0.5
      vertex -14.16 6.30442 0.5
    endloop
  endfacet
  facet normal -0.303635 0.273388 -0.912724
    outer loop
      vertex -12.2386 8.9316 0.0244722
      vertex -10.9302 10.5267 0.066988
      vertex -10.8313 10.4946 0.0244722
    endloop
  endfacet
  facet normal -0.303598 0.273358 -0.912745
    outer loop
      vertex -10.9302 10.5267 0.066988
      vertex -12.2386 8.9316 0.0244722
      vertex -12.3375 8.96372 0.066988
    endloop
  endfacet
  facet normal -0.644376 0.580297 -0.498032
    outer loop
      vertex -12.4625 9.05454 0.206108
      vertex -12.5048 9.08526 0.296632
      vertex -12.4059 9.11739 0.206108
    endloop
  endfacet
  facet normal -0.946326 -0.0996552 -0.307468
    outer loop
      vertex -14.8546 3.8375 0.296632
      vertex -14.8969 3.93246 0.396045
      vertex -14.8646 3.93246 0.296632
    endloop
  endfacet
  facet normal -0.586308 0.0615303 -0.807748
    outer loop
      vertex -14.6523 3.98444 0.066988
      vertex -14.7424 3.93246 0.128428
      vertex -14.7351 4.00202 0.128428
    endloop
  endfacet
  facet normal -0.354044 -0.203793 -0.912755
    outer loop
      vertex -14.5328 3.84165 0.0244722
      vertex -14.6101 3.78552 0.066988
      vertex -14.5489 3.86962 0.0244722
    endloop
  endfacet
  facet normal -0.586493 -0.0620687 -0.807573
    outer loop
      vertex -14.6523 3.88049 0.066988
      vertex -14.7424 3.93246 0.128428
      vertex -14.6578 3.93246 0.066988
    endloop
  endfacet
  facet normal -0.38855 0.125843 -0.912794
    outer loop
      vertex -14.5489 3.99531 0.0244722
      vertex -14.6523 3.98444 0.066988
      vertex -14.6362 4.03415 0.066988
    endloop
  endfacet
  facet normal -0.645464 -0.371912 -0.667126
    outer loop
      vertex -14.6785 3.73581 0.128428
      vertex -14.7773 3.76794 0.206108
      vertex -14.7134 3.79638 0.128428
    endloop
  endfacet
  facet normal 0.207944 0.0220046 -0.977893
    outer loop
      vertex 14.5623 3.93246 0.0244722
      vertex 14.4601 3.93246 0.00273991
      vertex 14.5589 3.96459 0.0244722
    endloop
  endfacet
  facet normal -0.904978 0.294039 0.307499
    outer loop
      vertex -14.8546 4.13139 20.604
      vertex -14.15 6.19602 20.7034
      vertex -14.15 6.29997 20.604
    endloop
  endfacet
  facet normal -0.904971 0.294035 0.307524
    outer loop
      vertex -14.15 6.19602 20.7034
      vertex -14.8546 4.13139 20.604
      vertex -14.8546 4.02743 20.7034
    endloop
  endfacet
  facet normal -0.946315 0.0996436 0.307505
    outer loop
      vertex -14.8546 4.02743 20.7034
      vertex -14.8969 3.93246 20.604
      vertex -14.8646 3.93246 20.7034
    endloop
  endfacet
  facet normal -0.945899 0.307308 0.104101
    outer loop
      vertex -14.16 6.30442 20.5
      vertex -14.1923 6.205 20.5
      vertex -14.15 6.29997 20.604
    endloop
  endfacet
  facet normal -0.51086 -0.294597 0.80761
    outer loop
      vertex -14.6362 3.83078 20.933
      vertex -14.6785 3.73581 20.8716
      vertex -14.6101 3.78552 20.933
    endloop
  endfacet
  facet normal -0.823849 -0.476179 0.30745
    outer loop
      vertex -14.8251 3.74668 20.7034
      vertex -14.8546 3.73354 20.604
      vertex -14.7773 3.66398 20.7034
    endloop
  endfacet
  facet normal -0.904953 -0.294082 -0.307533
    outer loop
      vertex -14.8546 3.73354 0.396045
      vertex -14.8862 3.83078 0.396045
      vertex -14.8546 3.8375 0.296632
    endloop
  endfacet
  facet normal -0.994548 0.104276 0
    outer loop
      vertex -14.9078 3.93246 0.5
      vertex -14.8969 4.03642 20.5
      vertex -14.8969 4.03642 0.5
    endloop
  endfacet
  facet normal -0.994548 0.104276 0
    outer loop
      vertex -14.8969 4.03642 20.5
      vertex -14.9078 3.93246 0.5
      vertex -14.9078 3.93246 20.5
    endloop
  endfacet
  facet normal -0.951057 -0.309015 0
    outer loop
      vertex -14.8646 3.7291 0.5
      vertex -14.8969 3.82851 20.5
      vertex -14.8969 3.82851 0.5
    endloop
  endfacet
  facet normal -0.951057 -0.309015 0
    outer loop
      vertex -14.8969 3.82851 20.5
      vertex -14.8646 3.7291 0.5
      vertex -14.8646 3.7291 20.5
    endloop
  endfacet
  facet normal -0.739349 -0.6653 0.10363
    outer loop
      vertex -14.8035 3.64499 20.604
      vertex -14.8123 3.63857 20.5
      vertex -14.7424 3.56089 20.5
    endloop
  endfacet
  facet normal -0.553696 -0.498553 0.666983
    outer loop
      vertex -14.6785 3.63186 20.7939
      vertex -14.2552 3.26569 20.8716
      vertex -14.6785 3.73581 20.8716
    endloop
  endfacet
  facet normal -0.553859 -0.49881 0.666655
    outer loop
      vertex -14.2552 3.26569 20.8716
      vertex -14.6785 3.63186 20.7939
      vertex -14.3117 3.22458 20.7939
    endloop
  endfacet
  facet normal -0.739115 -0.665505 -0.103978
    outer loop
      vertex -14.3802 3.17487 0.396045
      vertex -14.7424 3.56089 0.5
      vertex -14.8035 3.64499 0.396045
    endloop
  endfacet
  facet normal -0.739098 -0.665572 -0.10367
    outer loop
      vertex -14.7424 3.56089 0.5
      vertex -14.3802 3.17487 0.396045
      vertex -14.389 3.16845 0.5
    endloop
  endfacet
  facet normal -0.861423 -0.497106 -0.104097
    outer loop
      vertex -14.8035 3.64499 0.396045
      vertex -14.8646 3.7291 0.5
      vertex -14.8546 3.73354 0.396045
    endloop
  endfacet
  facet normal 0.438408 0.394743 -0.807451
    outer loop
      vertex 12.3375 8.96372 0.066988
      vertex 10.9986 10.5764 0.128428
      vertex 12.4059 9.01343 0.128428
    endloop
  endfacet
  facet normal 0.438432 0.394762 -0.807428
    outer loop
      vertex 10.9986 10.5764 0.128428
      vertex 12.3375 8.96372 0.066988
      vertex 10.9302 10.5267 0.066988
    endloop
  endfacet
  facet normal 0.750672 0.433883 -0.498234
    outer loop
      vertex 14.1205 6.28683 0.296632
      vertex 14.0727 6.26558 0.206108
      vertex 14.0727 6.36953 0.296632
    endloop
  endfacet
  facet normal 0.511077 0.294722 -0.807427
    outer loop
      vertex 12.3636 8.91846 0.066988
      vertex 12.3375 8.96372 0.066988
      vertex 12.4059 9.01343 0.128428
    endloop
  endfacet
  facet normal -0.155339 0.139866 -0.97791
    outer loop
      vertex -12.2386 8.9316 0.0244722
      vertex -10.7629 10.4186 0.00273991
      vertex -12.1702 8.85562 0.00273991
    endloop
  endfacet
  facet normal -0.15532 0.139848 -0.977915
    outer loop
      vertex -10.7629 10.4186 0.00273991
      vertex -12.2386 8.9316 0.0244722
      vertex -10.8313 10.4946 0.0244722
    endloop
  endfacet
  facet normal -0.15497 0.140119 -0.977932
    outer loop
      vertex -12.1775 8.8475 0.00273991
      vertex -12.2603 8.9076 0.0244722
      vertex -12.2386 8.9316 0.0244722
    endloop
  endfacet
  facet normal 0 0.589906 -0.807472
    outer loop
      vertex 9.96459 10.6284 0.066988
      vertex 8.79425 10.7125 0.128428
      vertex 9.95575 10.7125 0.128428
    endloop
  endfacet
  facet normal 0 0.589906 -0.807472
    outer loop
      vertex 8.79425 10.7125 0.128428
      vertex 9.96459 10.6284 0.066988
      vertex 8.78541 10.6284 0.066988
    endloop
  endfacet
  facet normal 0 0.589906 -0.807472
    outer loop
      vertex -8.78541 10.6284 0.066988
      vertex -9.95575 10.7125 0.128428
      vertex -8.79425 10.7125 0.128428
    endloop
  endfacet
  facet normal 0 0.589906 -0.807472
    outer loop
      vertex -9.95575 10.7125 0.128428
      vertex -8.78541 10.6284 0.066988
      vertex -9.96459 10.6284 0.066988
    endloop
  endfacet
  facet normal -0.739113 0.665507 -0.103981
    outer loop
      vertex -11.1236 10.6672 0.396045
      vertex -12.4698 9.18835 0.5
      vertex -11.0625 10.7513 0.5
    endloop
  endfacet
  facet normal -0.739113 0.665507 -0.103981
    outer loop
      vertex -12.4698 9.18835 0.5
      vertex -11.1236 10.6672 0.396045
      vertex -12.5309 9.10425 0.396045
    endloop
  endfacet
  facet normal -0.644567 0.580349 -0.497723
    outer loop
      vertex -12.4059 9.11739 0.206108
      vertex -11.0822 10.6652 0.296632
      vertex -11.0789 10.6663 0.293641
    endloop
  endfacet
  facet normal -0.6444 0.580226 -0.498083
    outer loop
      vertex -11.0822 10.6652 0.296632
      vertex -12.4059 9.11739 0.206108
      vertex -12.5048 9.08526 0.296632
    endloop
  endfacet
  facet normal -0.750672 0.433883 -0.498234
    outer loop
      vertex -14.0727 6.26558 0.206108
      vertex -14.1205 6.28683 0.296632
      vertex -14.0727 6.36953 0.296632
    endloop
  endfacet
  facet normal 0 0.867532 -0.497381
    outer loop
      vertex 9.94844 10.7821 0.206108
      vertex 8.80702 10.834 0.296632
      vertex 9.94298 10.834 0.296632
    endloop
  endfacet
  facet normal 0 0.867532 -0.497381
    outer loop
      vertex 8.80702 10.834 0.296632
      vertex 9.94844 10.7821 0.206108
      vertex 8.80156 10.7821 0.206108
    endloop
  endfacet
  facet normal 0 0.867532 -0.497381
    outer loop
      vertex -8.80156 10.7821 0.206108
      vertex -9.94298 10.834 0.296632
      vertex -8.80702 10.834 0.296632
    endloop
  endfacet
  facet normal 0 0.867532 -0.497381
    outer loop
      vertex -9.94298 10.834 0.296632
      vertex -8.80156 10.7821 0.206108
      vertex -9.94844 10.7821 0.206108
    endloop
  endfacet
  facet normal 0.38843 -0.125804 0.91285
    outer loop
      vertex 14.6523 3.88049 20.933
      vertex 14.5489 3.86962 20.9755
      vertex 14.6362 3.83078 20.933
    endloop
  endfacet
  facet normal -0.560279 0.182773 0.807887
    outer loop
      vertex -14.7134 4.06854 20.8716
      vertex -14.7351 4.00202 20.8716
      vertex -14.6523 3.98444 20.933
    endloop
  endfacet
  facet normal 0.208272 0.0229923 0.977801
    outer loop
      vertex 14.5589 3.96459 20.9755
      vertex 14.4589 3.94333 20.9973
      vertex 14.4601 3.93246 20.9973
    endloop
  endfacet
  facet normal -0.561007 0.182278 0.807494
    outer loop
      vertex -14.7134 4.06854 20.8716
      vertex -13.9316 6.20273 20.933
      vertex -14.0088 6.23713 20.8716
    endloop
  endfacet
  facet normal -0.56102 0.182283 0.807483
    outer loop
      vertex -13.9316 6.20273 20.933
      vertex -14.7134 4.06854 20.8716
      vertex -14.6362 4.03415 20.933
    endloop
  endfacet
  facet normal -0.708283 0.230129 0.667364
    outer loop
      vertex -14.0989 6.18515 20.7939
      vertex -14.7134 4.06854 20.8716
      vertex -14.0088 6.23713 20.8716
    endloop
  endfacet
  facet normal -0.70827 0.230126 0.66738
    outer loop
      vertex -14.7134 4.06854 20.8716
      vertex -14.0989 6.18515 20.7939
      vertex -14.8035 4.01657 20.7939
    endloop
  endfacet
  facet normal -0 0.408366 0.912818
    outer loop
      vertex 8.78541 10.6284 20.933
      vertex 9.97457 10.5334 20.9755
      vertex 9.96459 10.6284 20.933
    endloop
  endfacet
  facet normal 0 0.408366 0.912818
    outer loop
      vertex 9.97457 10.5334 20.9755
      vertex 8.78541 10.6284 20.933
      vertex 8.77543 10.5334 20.9755
    endloop
  endfacet
  facet normal -0 0.408366 0.912818
    outer loop
      vertex -9.96459 10.6284 20.933
      vertex -8.77543 10.5334 20.9755
      vertex -8.78541 10.6284 20.933
    endloop
  endfacet
  facet normal 0 0.408366 0.912818
    outer loop
      vertex -8.77543 10.5334 20.9755
      vertex -9.96459 10.6284 20.933
      vertex -9.97457 10.5334 20.9755
    endloop
  endfacet
  facet normal -0.199379 0.0647808 0.977779
    outer loop
      vertex -14.5489 3.99531 20.9755
      vertex -13.7509 6.12231 20.9973
      vertex -13.8443 6.16389 20.9755
    endloop
  endfacet
  facet normal -0.199373 0.0647787 0.97778
    outer loop
      vertex -13.7509 6.12231 20.9973
      vertex -14.5489 3.99531 20.9755
      vertex -14.4555 3.95372 20.9973
    endloop
  endfacet
  facet normal 0.644317 -0.580278 0.49813
    outer loop
      vertex 14.354 3.19386 20.7034
      vertex 14.6785 3.63186 20.7939
      vertex 14.3117 3.22458 20.7939
    endloop
  endfacet
  facet normal 0.644566 -0.580373 0.497697
    outer loop
      vertex 14.6785 3.63186 20.7939
      vertex 14.354 3.19386 20.7034
      vertex 14.7773 3.66398 20.7034
    endloop
  endfacet
  facet normal 0.989188 -0.103724 0.103675
    outer loop
      vertex 14.8969 3.93246 20.604
      vertex 14.8969 3.82851 20.5
      vertex 14.9078 3.93246 20.5
    endloop
  endfacet
  facet normal -0.199289 0.0652148 0.977768
    outer loop
      vertex -14.4555 3.95372 20.9973
      vertex -14.5589 3.96459 20.9755
      vertex -14.4589 3.94333 20.9973
    endloop
  endfacet
  facet normal 0.438222 0.394575 0.807634
    outer loop
      vertex 10.9986 10.5764 20.8716
      vertex 12.3375 8.96372 20.933
      vertex 12.4059 9.01343 20.8716
    endloop
  endfacet
  facet normal 0.438246 0.394594 0.807611
    outer loop
      vertex 12.3375 8.96372 20.933
      vertex 10.9986 10.5764 20.8716
      vertex 10.9302 10.5267 20.933
    endloop
  endfacet
  facet normal 0.199379 0.0647808 0.977779
    outer loop
      vertex 13.7509 6.12231 20.9973
      vertex 14.5489 3.99531 20.9755
      vertex 13.8443 6.16389 20.9755
    endloop
  endfacet
  facet normal 0.199373 0.0647787 0.97778
    outer loop
      vertex 14.5489 3.99531 20.9755
      vertex 13.7509 6.12231 20.9973
      vertex 14.4555 3.95372 20.9973
    endloop
  endfacet
  facet normal 0.951066 0.308987 0
    outer loop
      vertex 14.1923 6.205 20.5
      vertex 14.16 6.30442 0.5
      vertex 14.16 6.30442 20.5
    endloop
  endfacet
  facet normal 0.951066 0.308987 0
    outer loop
      vertex 14.16 6.30442 0.5
      vertex 14.1923 6.205 20.5
      vertex 14.1923 6.205 0.5
    endloop
  endfacet
  facet normal 0.708374 0.230752 0.667053
    outer loop
      vertex 14.0727 6.26558 20.7939
      vertex 14.0088 6.23713 20.8716
      vertex 14.0989 6.18515 20.7939
    endloop
  endfacet
  facet normal -0.738818 0.665774 -0.10437
    outer loop
      vertex -12.5309 9.10425 0.396045
      vertex -12.5398 9.11067 0.5
      vertex -12.4698 9.18835 0.5
    endloop
  endfacet
  facet normal -0.743142 0.669134 0
    outer loop
      vertex -12.4698 9.18835 0.5
      vertex -11.0625 10.7513 20.5
      vertex -11.0625 10.7513 0.5
    endloop
  endfacet
  facet normal -0.743142 0.669134 0
    outer loop
      vertex -11.0625 10.7513 20.5
      vertex -12.4698 9.18835 0.5
      vertex -12.4698 9.18835 20.5
    endloop
  endfacet
  facet normal -0.742876 0.66943 0
    outer loop
      vertex -12.5398 9.11067 0.5
      vertex -12.4698 9.18835 20.5
      vertex -12.4698 9.18835 0.5
    endloop
  endfacet
  facet normal -0.742876 0.66943 0
    outer loop
      vertex -12.4698 9.18835 20.5
      vertex -12.5398 9.11067 0.5
      vertex -12.5398 9.11067 20.5
    endloop
  endfacet
  facet normal 0.861543 0.496825 -0.104443
    outer loop
      vertex 12.592 9.02015 0.5
      vertex 12.5309 9.10425 0.396045
      vertex 12.5398 9.11067 0.5
    endloop
  endfacet
  facet normal 0.866281 0.499557 0
    outer loop
      vertex 12.592 9.02015 20.5
      vertex 12.5398 9.11067 0.5
      vertex 12.5398 9.11067 20.5
    endloop
  endfacet
  facet normal 0.866281 0.499557 0
    outer loop
      vertex 12.5398 9.11067 0.5
      vertex 12.592 9.02015 20.5
      vertex 12.592 9.02015 0.5
    endloop
  endfacet
  facet normal 0.708293 0.230726 -0.667148
    outer loop
      vertex 14.0989 6.18515 0.206108
      vertex 14.0088 6.23713 0.128428
      vertex 14.0727 6.26558 0.206108
    endloop
  endfacet
  facet normal 0.823849 -0.476179 0.30745
    outer loop
      vertex 14.8251 3.74668 20.7034
      vertex 14.7773 3.66398 20.7034
      vertex 14.8546 3.73354 20.604
    endloop
  endfacet
  facet normal 0.951058 0.309011 0
    outer loop
      vertex 14.8969 4.03642 20.5
      vertex 14.1923 6.205 0.5
      vertex 14.1923 6.205 20.5
    endloop
  endfacet
  facet normal 0.951058 0.309011 0
    outer loop
      vertex 14.1923 6.205 0.5
      vertex 14.8969 4.03642 20.5
      vertex 14.8969 4.03642 0.5
    endloop
  endfacet
  facet normal 0.86133 0.497312 0.103878
    outer loop
      vertex 14.0989 6.38852 20.604
      vertex 12.592 9.02015 20.5
      vertex 12.5309 9.10425 20.604
    endloop
  endfacet
  facet normal 0.86133 0.497312 0.103878
    outer loop
      vertex 12.592 9.02015 20.5
      vertex 14.0989 6.38852 20.604
      vertex 14.16 6.30442 20.5
    endloop
  endfacet
  facet normal 0.644608 -0.580411 -0.497597
    outer loop
      vertex 14.354 3.19386 0.296632
      vertex 14.6785 3.63186 0.206108
      vertex 14.7773 3.66398 0.296632
    endloop
  endfacet
  facet normal 0.644359 -0.580316 -0.49803
    outer loop
      vertex 14.6785 3.63186 0.206108
      vertex 14.354 3.19386 0.296632
      vertex 14.3117 3.22458 0.206108
    endloop
  endfacet
  facet normal 0.3884 0.126196 -0.912809
    outer loop
      vertex 13.8443 6.16389 0.0244722
      vertex 14.6362 4.03415 0.066988
      vertex 14.5489 3.99531 0.0244722
    endloop
  endfacet
  facet normal 0.3884 0.126196 -0.912809
    outer loop
      vertex 14.6362 4.03415 0.066988
      vertex 13.8443 6.16389 0.0244722
      vertex 13.9316 6.20273 0.066988
    endloop
  endfacet
  facet normal 0.353687 0.204211 -0.9128
    outer loop
      vertex 13.8443 6.16389 0.0244722
      vertex 12.3636 8.91846 0.066988
      vertex 13.9316 6.20273 0.066988
    endloop
  endfacet
  facet normal 0.353961 0.204356 -0.912661
    outer loop
      vertex 12.3636 8.91846 0.066988
      vertex 13.8443 6.16389 0.0244722
      vertex 12.2764 8.87962 0.0244722
    endloop
  endfacet
  facet normal 0.645465 -0.371909 -0.667128
    outer loop
      vertex 14.7351 3.6947 0.206108
      vertex 14.6785 3.73581 0.128428
      vertex 14.7773 3.76794 0.206108
    endloop
  endfacet
  facet normal 0.741113 -0.0775481 -0.666887
    outer loop
      vertex 14.8035 3.84836 0.206108
      vertex 14.7424 3.93246 0.128428
      vertex 14.8123 3.93246 0.206108
    endloop
  endfacet
  facet normal 0.945888 -0.307335 -0.104117
    outer loop
      vertex 14.8646 3.7291 0.5
      vertex 14.8546 3.73354 0.396045
      vertex 14.8969 3.82851 0.5
    endloop
  endfacet
  facet normal 0.861423 -0.497106 -0.104097
    outer loop
      vertex 14.8646 3.7291 0.5
      vertex 14.8035 3.64499 0.396045
      vertex 14.8546 3.73354 0.396045
    endloop
  endfacet
  facet normal 0.946327 0.0996448 -0.307468
    outer loop
      vertex 14.8646 3.93246 0.296632
      vertex 14.8546 4.02743 0.296632
      vertex 14.8969 3.93246 0.396045
    endloop
  endfacet
  facet normal 0.945878 0.307381 -0.104071
    outer loop
      vertex 14.8862 4.03415 0.396045
      vertex 14.8546 4.13139 0.396045
      vertex 14.8969 4.03642 0.5
    endloop
  endfacet
  facet normal -0.750654 -0.433873 -0.49827
    outer loop
      vertex -14.7773 3.66398 0.296632
      vertex -14.8251 3.74668 0.296632
      vertex -14.7773 3.76794 0.206108
    endloop
  endfacet
  facet normal -0.824022 -0.475523 -0.308003
    outer loop
      vertex -14.8035 3.64499 0.396045
      vertex -14.8546 3.73354 0.396045
      vertex -14.7773 3.66398 0.296632
    endloop
  endfacet
  facet normal -0.708344 -0.231074 -0.666974
    outer loop
      vertex -14.7134 3.79638 0.128428
      vertex -14.8035 3.84836 0.206108
      vertex -14.7351 3.8629 0.128428
    endloop
  endfacet
  facet normal -0.741113 -0.0775481 -0.666887
    outer loop
      vertex -14.8035 3.84836 0.206108
      vertex -14.8123 3.93246 0.206108
      vertex -14.7424 3.93246 0.128428
    endloop
  endfacet
  facet normal -0.82386 -0.476185 -0.307414
    outer loop
      vertex -14.7773 3.66398 0.296632
      vertex -14.8546 3.73354 0.396045
      vertex -14.8251 3.74668 0.296632
    endloop
  endfacet
  facet normal -0.645465 -0.371909 -0.667128
    outer loop
      vertex -14.7351 3.6947 0.206108
      vertex -14.7773 3.76794 0.206108
      vertex -14.6785 3.73581 0.128428
    endloop
  endfacet
  facet normal -0.905019 0.293999 -0.307417
    outer loop
      vertex -14.1205 6.28683 0.296632
      vertex -14.15 6.19602 0.296632
      vertex -14.15 6.29997 0.396045
    endloop
  endfacet
  facet normal -0.904989 0.294043 -0.307462
    outer loop
      vertex -14.15 6.19602 0.296632
      vertex -14.8546 4.13139 0.396045
      vertex -14.15 6.29997 0.396045
    endloop
  endfacet
  facet normal -0.904982 0.294039 -0.307488
    outer loop
      vertex -14.8546 4.13139 0.396045
      vertex -14.15 6.19602 0.296632
      vertex -14.8546 4.02743 0.296632
    endloop
  endfacet
  facet normal -0.945878 -0.307381 -0.104071
    outer loop
      vertex -14.8546 3.73354 0.396045
      vertex -14.8969 3.82851 0.5
      vertex -14.8862 3.83078 0.396045
    endloop
  endfacet
  facet normal -0.994547 -0.104286 0
    outer loop
      vertex -14.8969 3.82851 0.5
      vertex -14.9078 3.93246 20.5
      vertex -14.9078 3.93246 0.5
    endloop
  endfacet
  facet normal -0.994547 -0.104286 0
    outer loop
      vertex -14.9078 3.93246 20.5
      vertex -14.8969 3.82851 0.5
      vertex -14.8969 3.82851 20.5
    endloop
  endfacet
  facet normal -0.198697 0.0650211 -0.977902
    outer loop
      vertex -14.4589 3.94333 0.00273991
      vertex -14.5589 3.96459 0.0244722
      vertex -14.4555 3.95372 0.00273991
    endloop
  endfacet
  facet normal -0.40633 -0.043002 -0.912714
    outer loop
      vertex -14.6523 3.88049 0.066988
      vertex -14.6578 3.93246 0.066988
      vertex -14.5589 3.90034 0.0244722
    endloop
  endfacet
  facet normal -0.561259 0.18236 -0.8073
    outer loop
      vertex -14.7134 4.06854 0.128428
      vertex -13.9316 6.20273 0.066988
      vertex -14.6362 4.03415 0.066988
    endloop
  endfacet
  facet normal -0.561245 0.182355 -0.807311
    outer loop
      vertex -13.9316 6.20273 0.066988
      vertex -14.7134 4.06854 0.128428
      vertex -14.0088 6.23713 0.128428
    endloop
  endfacet
  facet normal -0.586493 0.0620568 -0.807573
    outer loop
      vertex -14.6578 3.93246 0.066988
      vertex -14.7424 3.93246 0.128428
      vertex -14.6523 3.98444 0.066988
    endloop
  endfacet
  facet normal -0.740972 0.0777616 -0.667018
    outer loop
      vertex -14.7424 3.93246 0.128428
      vertex -14.8035 4.01657 0.206108
      vertex -14.7351 4.00202 0.128428
    endloop
  endfacet
  facet normal -0.388577 0.12649 -0.912693
    outer loop
      vertex -14.5589 3.96459 0.0244722
      vertex -14.6523 3.98444 0.066988
      vertex -14.5489 3.99531 0.0244722
    endloop
  endfacet
  facet normal -0.989189 0.103715 0.103675
    outer loop
      vertex -14.8969 4.03642 20.5
      vertex -14.9078 3.93246 20.5
      vertex -14.8969 3.93246 20.604
    endloop
  endfacet
  facet normal -0.989188 -0.103724 0.103675
    outer loop
      vertex -14.8969 3.93246 20.604
      vertex -14.9078 3.93246 20.5
      vertex -14.8969 3.82851 20.5
    endloop
  endfacet
  facet normal -0.208563 0.0220702 0.97776
    outer loop
      vertex -14.5589 3.96459 20.9755
      vertex -14.5623 3.93246 20.9755
      vertex -14.4601 3.93246 20.9973
    endloop
  endfacet
  facet normal -0.708411 0.231096 0.666895
    outer loop
      vertex -14.7134 4.06854 20.8716
      vertex -14.8035 4.01657 20.7939
      vertex -14.7351 4.00202 20.8716
    endloop
  endfacet
  facet normal -0.862288 -0.0902275 0.498316
    outer loop
      vertex -14.8123 3.93246 20.7939
      vertex -14.8646 3.93246 20.7034
      vertex -14.8035 3.84836 20.7939
    endloop
  endfacet
  facet normal -0.560266 -0.182769 0.807897
    outer loop
      vertex -14.6523 3.88049 20.933
      vertex -14.7351 3.8629 20.8716
      vertex -14.7134 3.79638 20.8716
    endloop
  endfacet
  facet normal -0.824825 -0.267918 0.49788
    outer loop
      vertex -14.8035 3.84836 20.7939
      vertex -14.8546 3.8375 20.7034
      vertex -14.8251 3.74668 20.7034
    endloop
  endfacet
  facet normal -0.824012 -0.475517 0.30804
    outer loop
      vertex -14.7773 3.66398 20.7034
      vertex -14.8546 3.73354 20.604
      vertex -14.8035 3.64499 20.604
    endloop
  endfacet
  facet normal -0.861233 -0.497542 0.103587
    outer loop
      vertex -14.8035 3.64499 20.604
      vertex -14.8646 3.7291 20.5
      vertex -14.8123 3.63857 20.5
    endloop
  endfacet
  facet normal -0.43822 -0.394577 0.807633
    outer loop
      vertex -14.6101 3.78552 20.933
      vertex -14.2552 3.26569 20.8716
      vertex -14.1868 3.3154 20.933
    endloop
  endfacet
  facet normal -0.43822 -0.394577 0.807633
    outer loop
      vertex -14.2552 3.26569 20.8716
      vertex -14.6101 3.78552 20.933
      vertex -14.6785 3.73581 20.8716
    endloop
  endfacet
  facet normal -0.353934 -0.20373 0.912811
    outer loop
      vertex -14.5489 3.86962 20.9755
      vertex -14.6101 3.78552 20.933
      vertex -14.5328 3.84165 20.9755
    endloop
  endfacet
  facet normal -0.644517 -0.580517 0.497592
    outer loop
      vertex -14.7351 3.6947 20.7939
      vertex -14.7773 3.66398 20.7034
      vertex -14.6785 3.63186 20.7939
    endloop
  endfacet
  facet normal -0.155457 0.139759 -0.977906
    outer loop
      vertex -12.1775 8.8475 0.00273991
      vertex -12.2386 8.9316 0.0244722
      vertex -12.1702 8.85562 0.00273991
    endloop
  endfacet
  facet normal 0.553508 -0.498545 -0.667144
    outer loop
      vertex 14.7351 3.6947 0.206108
      vertex 14.6785 3.63186 0.206108
      vertex 14.6785 3.73581 0.128428
    endloop
  endfacet
  facet normal 0.38855 0.125843 -0.912794
    outer loop
      vertex 14.6523 3.98444 0.066988
      vertex 14.5489 3.99531 0.0244722
      vertex 14.6362 4.03415 0.066988
    endloop
  endfacet
  facet normal -0.207654 0.0229241 -0.977934
    outer loop
      vertex -14.4601 3.93246 0.00273991
      vertex -14.5589 3.96459 0.0244722
      vertex -14.4589 3.94333 0.00273991
    endloop
  endfacet
  facet normal 0.353779 -0.204013 -0.912808
    outer loop
      vertex 14.6101 3.78552 0.066988
      vertex 14.5489 3.86962 0.0244722
      vertex 14.6362 3.83078 0.066988
    endloop
  endfacet
  facet normal 0.553546 0.498499 -0.667147
    outer loop
      vertex 12.4625 9.05454 0.206108
      vertex 12.4059 9.01343 0.128428
      vertex 12.4059 9.11739 0.206108
    endloop
  endfacet
  facet normal 0.644376 0.580297 -0.498032
    outer loop
      vertex 12.4625 9.05454 0.206108
      vertex 12.4059 9.11739 0.206108
      vertex 12.5048 9.08526 0.296632
    endloop
  endfacet
  facet normal -0.354365 0.203905 -0.912605
    outer loop
      vertex -12.2764 8.87962 0.0244722
      vertex -12.3375 8.96372 0.066988
      vertex -12.2603 8.9076 0.0244722
    endloop
  endfacet
  facet normal 0.198697 0.0650211 -0.977902
    outer loop
      vertex 14.4589 3.94333 0.00273991
      vertex 14.4555 3.95372 0.00273991
      vertex 14.5589 3.96459 0.0244722
    endloop
  endfacet
  facet normal 0.707185 0.636759 -0.30729
    outer loop
      vertex 12.5309 9.10425 0.396045
      vertex 11.083 10.6659 0.299916
      vertex 11.1236 10.6672 0.396045
    endloop
  endfacet
  facet normal -0.707052 0.636595 -0.307935
    outer loop
      vertex -11.0822 10.6652 0.296632
      vertex -12.5309 9.10425 0.396045
      vertex -11.083 10.6659 0.299916
    endloop
  endfacet
  facet normal -0.707183 0.636757 -0.307299
    outer loop
      vertex -12.5309 9.10425 0.396045
      vertex -11.0822 10.6652 0.296632
      vertex -12.5048 9.08526 0.296632
    endloop
  endfacet
  facet normal -0.645028 0.372589 -0.66717
    outer loop
      vertex -12.4059 9.01343 0.128428
      vertex -12.5048 8.98131 0.206108
      vertex -12.4625 9.05454 0.206108
    endloop
  endfacet
  facet normal -0.824123 0.475829 -0.30726
    outer loop
      vertex -12.5048 9.08526 0.296632
      vertex -14.0989 6.38852 0.396045
      vertex -12.5309 9.10425 0.396045
    endloop
  endfacet
  facet normal -0.823926 0.475685 -0.308009
    outer loop
      vertex -14.0989 6.38852 0.396045
      vertex -12.5048 9.08526 0.296632
      vertex -14.0727 6.36953 0.296632
    endloop
  endfacet
  facet normal -0.511077 0.294722 -0.807427
    outer loop
      vertex -12.3636 8.91846 0.066988
      vertex -12.4059 9.01343 0.128428
      vertex -12.3375 8.96372 0.066988
    endloop
  endfacet
  facet normal -0.645039 0.372431 -0.667248
    outer loop
      vertex -13.9739 6.2977 0.128428
      vertex -12.5048 8.98131 0.206108
      vertex -12.4059 9.01343 0.128428
    endloop
  endfacet
  facet normal -0.645398 0.372614 -0.666799
    outer loop
      vertex -12.5048 8.98131 0.206108
      vertex -13.9739 6.2977 0.128428
      vertex -14.0727 6.26558 0.206108
    endloop
  endfacet
  facet normal 0 0.74478 -0.66731
    outer loop
      vertex 9.95575 10.7125 0.128428
      vertex 8.80156 10.7821 0.206108
      vertex 9.94844 10.7821 0.206108
    endloop
  endfacet
  facet normal 0 0.74478 -0.66731
    outer loop
      vertex 8.80156 10.7821 0.206108
      vertex 9.95575 10.7125 0.128428
      vertex 8.79425 10.7125 0.128428
    endloop
  endfacet
  facet normal 0 0.74478 -0.66731
    outer loop
      vertex -8.79425 10.7125 0.128428
      vertex -9.94844 10.7821 0.206108
      vertex -8.80156 10.7821 0.206108
    endloop
  endfacet
  facet normal 0 0.74478 -0.66731
    outer loop
      vertex -9.94844 10.7821 0.206108
      vertex -8.79425 10.7125 0.128428
      vertex -9.95575 10.7125 0.128428
    endloop
  endfacet
  facet normal 0.30317 0.274116 0.91266
    outer loop
      vertex 12.3375 8.96372 20.933
      vertex 12.2386 8.9316 20.9755
      vertex 12.2603 8.9076 20.9755
    endloop
  endfacet
  facet normal -0.406204 -0.0429887 0.912771
    outer loop
      vertex -14.5589 3.90034 20.9755
      vertex -14.6578 3.93246 20.933
      vertex -14.6523 3.88049 20.933
    endloop
  endfacet
  facet normal -0.406206 0.0429848 0.91277
    outer loop
      vertex -14.5589 3.96459 20.9755
      vertex -14.6578 3.93246 20.933
      vertex -14.5623 3.93246 20.9755
    endloop
  endfacet
  facet normal 0.155799 -0.140286 0.977776
    outer loop
      vertex 14.4428 3.89362 20.9973
      vertex 14.1095 3.37152 20.9755
      vertex 14.5112 3.81764 20.9755
    endloop
  endfacet
  facet normal 0.155797 -0.140285 0.977777
    outer loop
      vertex 14.1095 3.37152 20.9755
      vertex 14.4428 3.89362 20.9973
      vertex 14.0268 3.43162 20.9973
    endloop
  endfacet
  facet normal -0.155432 0.140536 0.977799
    outer loop
      vertex -12.2386 8.9316 20.9755
      vertex -12.2603 8.9076 20.9755
      vertex -12.1775 8.8475 20.9973
    endloop
  endfacet
  facet normal -0.645518 0.371943 0.667057
    outer loop
      vertex -13.9739 6.2977 20.8716
      vertex -14.0727 6.26558 20.7939
      vertex -14.0088 6.23713 20.8716
    endloop
  endfacet
  facet normal -0.738822 0.665777 0.104325
    outer loop
      vertex -12.4698 9.18835 20.5
      vertex -12.5398 9.11067 20.5
      vertex -12.5309 9.10425 20.604
    endloop
  endfacet
  facet normal -0.823849 0.476179 0.30745
    outer loop
      vertex -14.0727 6.36953 20.7034
      vertex -14.15 6.29997 20.604
      vertex -14.1205 6.28683 20.7034
    endloop
  endfacet
  facet normal -0.354255 0.203842 0.912662
    outer loop
      vertex -12.2603 8.9076 20.9755
      vertex -12.3375 8.96372 20.933
      vertex -12.2764 8.87962 20.9755
    endloop
  endfacet
  facet normal 0.861427 -0.497108 0.104052
    outer loop
      vertex 14.8546 3.73354 20.604
      vertex 14.8035 3.64499 20.604
      vertex 14.8646 3.7291 20.5
    endloop
  endfacet
  facet normal 0.707021 -0.636608 0.307979
    outer loop
      vertex 14.354 3.19386 20.7034
      vertex 14.8035 3.64499 20.604
      vertex 14.7773 3.66398 20.7034
    endloop
  endfacet
  facet normal 0.707021 -0.636608 0.307979
    outer loop
      vertex 14.8035 3.64499 20.604
      vertex 14.354 3.19386 20.7034
      vertex 14.3802 3.17487 20.604
    endloop
  endfacet
  facet normal 0.743102 -0.669178 0
    outer loop
      vertex 14.389 3.16845 20.5
      vertex 14.7424 3.56089 0.5
      vertex 14.7424 3.56089 20.5
    endloop
  endfacet
  facet normal 0.743102 -0.669178 0
    outer loop
      vertex 14.7424 3.56089 0.5
      vertex 14.389 3.16845 20.5
      vertex 14.389 3.16845 0.5
    endloop
  endfacet
  facet normal 0.739119 -0.665509 0.103934
    outer loop
      vertex 14.3802 3.17487 20.604
      vertex 14.7424 3.56089 20.5
      vertex 14.8035 3.64499 20.604
    endloop
  endfacet
  facet normal 0.739101 -0.665575 0.103626
    outer loop
      vertex 14.7424 3.56089 20.5
      vertex 14.3802 3.17487 20.604
      vertex 14.389 3.16845 20.5
    endloop
  endfacet
  facet normal 0.181045 0.105259 0.977826
    outer loop
      vertex 12.2603 8.9076 20.9755
      vertex 12.1775 8.8475 20.9973
      vertex 12.183 8.83804 20.9973
    endloop
  endfacet
  facet normal -0.199327 0.0648849 0.977783
    outer loop
      vertex -14.5489 3.99531 20.9755
      vertex -14.5589 3.96459 20.9755
      vertex -14.4555 3.95372 20.9973
    endloop
  endfacet
  facet normal 0.644474 0.58027 0.497936
    outer loop
      vertex 11.0789 10.6663 20.7064
      vertex 10.9986 10.6804 20.7939
      vertex 12.4059 9.11739 20.7939
    endloop
  endfacet
  facet normal 0.553609 0.498557 0.667052
    outer loop
      vertex 12.4059 9.11739 20.7939
      vertex 12.4059 9.01343 20.8716
      vertex 12.4625 9.05454 20.7939
    endloop
  endfacet
  facet normal 0.354255 0.203842 0.912662
    outer loop
      vertex 12.3375 8.96372 20.933
      vertex 12.2603 8.9076 20.9755
      vertex 12.2764 8.87962 20.9755
    endloop
  endfacet
  facet normal 0.645472 0.372657 0.666703
    outer loop
      vertex 12.5048 8.98131 20.7939
      vertex 13.9739 6.2977 20.8716
      vertex 14.0727 6.26558 20.7939
    endloop
  endfacet
  facet normal 0.645113 0.372473 0.667153
    outer loop
      vertex 13.9739 6.2977 20.8716
      vertex 12.5048 8.98131 20.7939
      vertex 12.4059 9.01343 20.8716
    endloop
  endfacet
  facet normal 0.208563 -0.0220771 0.97776
    outer loop
      vertex 14.5623 3.93246 20.9755
      vertex 14.4601 3.93246 20.9973
      vertex 14.5589 3.90034 20.9755
    endloop
  endfacet
  facet normal 0.199289 0.0652148 0.977768
    outer loop
      vertex 14.5589 3.96459 20.9755
      vertex 14.4555 3.95372 20.9973
      vertex 14.4589 3.94333 20.9973
    endloop
  endfacet
  facet normal 0.353934 -0.20373 0.912811
    outer loop
      vertex 14.5489 3.86962 20.9755
      vertex 14.5328 3.84165 20.9755
      vertex 14.6101 3.78552 20.933
    endloop
  endfacet
  facet normal 0.406204 -0.0429887 0.912771
    outer loop
      vertex 14.6578 3.93246 20.933
      vertex 14.5589 3.90034 20.9755
      vertex 14.6523 3.88049 20.933
    endloop
  endfacet
  facet normal 0.741198 -0.0775569 0.666792
    outer loop
      vertex 14.8123 3.93246 20.7939
      vertex 14.7424 3.93246 20.8716
      vertex 14.8035 3.84836 20.7939
    endloop
  endfacet
  facet normal 0.824012 0.475517 0.30804
    outer loop
      vertex 14.0989 6.38852 20.604
      vertex 14.0727 6.36953 20.7034
      vertex 14.15 6.29997 20.604
    endloop
  endfacet
  facet normal 0.645444 0.3719 -0.667153
    outer loop
      vertex 14.0088 6.23713 0.128428
      vertex 13.9739 6.2977 0.128428
      vertex 14.0727 6.26558 0.206108
    endloop
  endfacet
  facet normal 0.70833 0.23107 -0.66699
    outer loop
      vertex 14.7351 4.00202 0.128428
      vertex 14.7134 4.06854 0.128428
      vertex 14.8035 4.01657 0.206108
    endloop
  endfacet
  facet normal 0.824123 0.475829 -0.30726
    outer loop
      vertex 14.0989 6.38852 0.396045
      vertex 12.5048 9.08526 0.296632
      vertex 12.5309 9.10425 0.396045
    endloop
  endfacet
  facet normal 0.823926 0.475685 -0.308009
    outer loop
      vertex 12.5048 9.08526 0.296632
      vertex 14.0989 6.38852 0.396045
      vertex 14.0727 6.36953 0.296632
    endloop
  endfacet
  facet normal 0.644559 -0.580555 -0.497493
    outer loop
      vertex 14.7773 3.66398 0.296632
      vertex 14.6785 3.63186 0.206108
      vertex 14.7351 3.6947 0.206108
    endloop
  endfacet
  facet normal 0.824846 0.268002 -0.4978
    outer loop
      vertex 14.8546 4.02743 0.296632
      vertex 14.0989 6.18515 0.206108
      vertex 14.15 6.19602 0.296632
    endloop
  endfacet
  facet normal 0.824858 0.268007 -0.497777
    outer loop
      vertex 14.0989 6.18515 0.206108
      vertex 14.8546 4.02743 0.296632
      vertex 14.8035 4.01657 0.206108
    endloop
  endfacet
  facet normal 0.708202 0.230103 -0.66746
    outer loop
      vertex 14.0989 6.18515 0.206108
      vertex 14.7134 4.06854 0.128428
      vertex 14.0088 6.23713 0.128428
    endloop
  endfacet
  facet normal 0.708188 0.2301 -0.667475
    outer loop
      vertex 14.7134 4.06854 0.128428
      vertex 14.0989 6.18515 0.206108
      vertex 14.8035 4.01657 0.206108
    endloop
  endfacet
  facet normal 0.586308 0.0615303 -0.807748
    outer loop
      vertex 14.7424 3.93246 0.128428
      vertex 14.6523 3.98444 0.066988
      vertex 14.7351 4.00202 0.128428
    endloop
  endfacet
  facet normal 0.438406 -0.394745 -0.807451
    outer loop
      vertex 14.2552 3.26569 0.128428
      vertex 14.6101 3.78552 0.066988
      vertex 14.6785 3.73581 0.128428
    endloop
  endfacet
  facet normal 0.438406 -0.394745 -0.807451
    outer loop
      vertex 14.6101 3.78552 0.066988
      vertex 14.2552 3.26569 0.128428
      vertex 14.1868 3.3154 0.066988
    endloop
  endfacet
  facet normal 0.740977 -0.0777622 -0.667012
    outer loop
      vertex 14.8035 3.84836 0.206108
      vertex 14.7351 3.8629 0.128428
      vertex 14.7424 3.93246 0.128428
    endloop
  endfacet
  facet normal 0.904953 -0.294082 -0.307533
    outer loop
      vertex 14.8862 3.83078 0.396045
      vertex 14.8546 3.73354 0.396045
      vertex 14.8546 3.8375 0.296632
    endloop
  endfacet
  facet normal 0.862344 -0.0902334 -0.498217
    outer loop
      vertex 14.8646 3.93246 0.296632
      vertex 14.8035 3.84836 0.206108
      vertex 14.8123 3.93246 0.206108
    endloop
  endfacet
  facet normal 0.743351 -0.668901 0
    outer loop
      vertex 14.7424 3.56089 20.5
      vertex 14.8123 3.63857 0.5
      vertex 14.8123 3.63857 20.5
    endloop
  endfacet
  facet normal 0.743351 -0.668901 0
    outer loop
      vertex 14.8123 3.63857 0.5
      vertex 14.7424 3.56089 20.5
      vertex 14.7424 3.56089 0.5
    endloop
  endfacet
  facet normal 0.645464 -0.371912 -0.667126
    outer loop
      vertex 14.7773 3.76794 0.206108
      vertex 14.6785 3.73581 0.128428
      vertex 14.7134 3.79638 0.128428
    endloop
  endfacet
  facet normal 0.946314 0.0995728 -0.307532
    outer loop
      vertex 14.8969 3.93246 0.396045
      vertex 14.8546 4.02743 0.296632
      vertex 14.8862 4.03415 0.396045
    endloop
  endfacet
  facet normal 0.353669 -0.20395 0.912865
    outer loop
      vertex 14.6362 3.83078 20.933
      vertex 14.5489 3.86962 20.9755
      vertex 14.6101 3.78552 20.933
    endloop
  endfacet
  facet normal 0.945895 0.307306 -0.104146
    outer loop
      vertex 14.1923 6.205 0.5
      vertex 14.15 6.29997 0.396045
      vertex 14.16 6.30442 0.5
    endloop
  endfacet
  facet normal 0.905018 -0.293966 0.307452
    outer loop
      vertex 14.8546 3.8375 20.7034
      vertex 14.8251 3.74668 20.7034
      vertex 14.8546 3.73354 20.604
    endloop
  endfacet
  facet normal -0.905029 -0.29397 -0.307416
    outer loop
      vertex -14.8251 3.74668 0.296632
      vertex -14.8546 3.73354 0.396045
      vertex -14.8546 3.8375 0.296632
    endloop
  endfacet
  facet normal -0.586304 -0.0615298 -0.807751
    outer loop
      vertex -14.7351 3.8629 0.128428
      vertex -14.7424 3.93246 0.128428
      vertex -14.6523 3.88049 0.066988
    endloop
  endfacet
  facet normal -0.740977 -0.0777622 -0.667012
    outer loop
      vertex -14.7351 3.8629 0.128428
      vertex -14.8035 3.84836 0.206108
      vertex -14.7424 3.93246 0.128428
    endloop
  endfacet
  facet normal -0.560504 -0.182846 -0.807715
    outer loop
      vertex -14.7134 3.79638 0.128428
      vertex -14.7351 3.8629 0.128428
      vertex -14.6523 3.88049 0.066988
    endloop
  endfacet
  facet normal -0.155334 -0.139868 -0.97791
    outer loop
      vertex -14.1095 3.37152 0.0244722
      vertex -14.4428 3.89362 0.00273991
      vertex -14.0268 3.43162 0.00273991
    endloop
  endfacet
  facet normal -0.155336 -0.139869 -0.97791
    outer loop
      vertex -14.4428 3.89362 0.00273991
      vertex -14.1095 3.37152 0.0244722
      vertex -14.5112 3.81764 0.0244722
    endloop
  endfacet
  facet normal -0.86253 -0.0908309 -0.497787
    outer loop
      vertex -14.8546 3.8375 0.296632
      vertex -14.8646 3.93246 0.296632
      vertex -14.8035 3.84836 0.206108
    endloop
  endfacet
  facet normal -0.862344 -0.0902334 -0.498217
    outer loop
      vertex -14.8035 3.84836 0.206108
      vertex -14.8646 3.93246 0.296632
      vertex -14.8123 3.93246 0.206108
    endloop
  endfacet
  facet normal -0.946314 0.0995728 -0.307532
    outer loop
      vertex -14.8546 4.02743 0.296632
      vertex -14.8969 3.93246 0.396045
      vertex -14.8862 4.03415 0.396045
    endloop
  endfacet
  facet normal -0.989108 0.104076 -0.104081
    outer loop
      vertex -14.8862 4.03415 0.396045
      vertex -14.8969 3.93246 0.396045
      vertex -14.8969 4.03642 0.5
    endloop
  endfacet
  facet normal -0.989107 -0.104086 -0.104081
    outer loop
      vertex -14.8862 3.83078 0.396045
      vertex -14.8969 3.82851 0.5
      vertex -14.8969 3.93246 0.396045
    endloop
  endfacet
  facet normal -0.946313 -0.0995825 -0.307532
    outer loop
      vertex -14.8862 3.83078 0.396045
      vertex -14.8969 3.93246 0.396045
      vertex -14.8546 3.8375 0.296632
    endloop
  endfacet
  facet normal -0.989183 -0.103724 -0.103719
    outer loop
      vertex -14.8969 3.82851 0.5
      vertex -14.9078 3.93246 0.5
      vertex -14.8969 3.93246 0.396045
    endloop
  endfacet
  facet normal -0.406332 -0.0430115 -0.912713
    outer loop
      vertex -14.5589 3.90034 0.0244722
      vertex -14.6578 3.93246 0.066988
      vertex -14.5623 3.93246 0.0244722
    endloop
  endfacet
  facet normal -0.406332 0.0429981 -0.912713
    outer loop
      vertex -14.5623 3.93246 0.0244722
      vertex -14.6578 3.93246 0.066988
      vertex -14.5589 3.96459 0.0244722
    endloop
  endfacet
  facet normal -0.406331 0.0429939 -0.912714
    outer loop
      vertex -14.5589 3.96459 0.0244722
      vertex -14.6578 3.93246 0.066988
      vertex -14.6523 3.98444 0.066988
    endloop
  endfacet
  facet normal -0.3884 0.126196 -0.912809
    outer loop
      vertex -14.6362 4.03415 0.066988
      vertex -13.8443 6.16389 0.0244722
      vertex -14.5489 3.99531 0.0244722
    endloop
  endfacet
  facet normal -0.3884 0.126196 -0.912809
    outer loop
      vertex -13.8443 6.16389 0.0244722
      vertex -14.6362 4.03415 0.066988
      vertex -13.9316 6.20273 0.066988
    endloop
  endfacet
  facet normal -0.824859 0.267959 -0.497802
    outer loop
      vertex -14.0989 6.18515 0.206108
      vertex -14.15 6.19602 0.296632
      vertex -14.1205 6.28683 0.296632
    endloop
  endfacet
  facet normal -0.560517 0.182851 -0.807704
    outer loop
      vertex -14.6523 3.98444 0.066988
      vertex -14.7351 4.00202 0.128428
      vertex -14.7134 4.06854 0.128428
    endloop
  endfacet
  facet normal -0.561465 0.181847 -0.807272
    outer loop
      vertex -14.6523 3.98444 0.066988
      vertex -14.7134 4.06854 0.128428
      vertex -14.6362 4.03415 0.066988
    endloop
  endfacet
  facet normal -0.862473 -0.0908249 0.497887
    outer loop
      vertex -14.8035 3.84836 20.7939
      vertex -14.8646 3.93246 20.7034
      vertex -14.8546 3.8375 20.7034
    endloop
  endfacet
  facet normal -0.862288 0.0902168 0.498317
    outer loop
      vertex -14.8035 4.01657 20.7939
      vertex -14.8646 3.93246 20.7034
      vertex -14.8123 3.93246 20.7939
    endloop
  endfacet
  facet normal -0.208563 -0.0220771 0.97776
    outer loop
      vertex -14.4601 3.93246 20.9973
      vertex -14.5623 3.93246 20.9755
      vertex -14.5589 3.90034 20.9755
    endloop
  endfacet
  facet normal -0.741057 0.0777705 0.666923
    outer loop
      vertex -14.7351 4.00202 20.8716
      vertex -14.8035 4.01657 20.7939
      vertex -14.7424 3.93246 20.8716
    endloop
  endfacet
  facet normal -0.945883 -0.307383 0.104026
    outer loop
      vertex -14.8862 3.83078 20.604
      vertex -14.8969 3.82851 20.5
      vertex -14.8546 3.73354 20.604
    endloop
  endfacet
  facet normal -0.904942 -0.294078 0.307569
    outer loop
      vertex -14.8546 3.8375 20.7034
      vertex -14.8862 3.83078 20.604
      vertex -14.8546 3.73354 20.604
    endloop
  endfacet
  facet normal -0.511052 -0.294464 0.807537
    outer loop
      vertex -14.6362 3.83078 20.933
      vertex -14.7134 3.79638 20.8716
      vertex -14.6785 3.73581 20.8716
    endloop
  endfacet
  facet normal -0.353669 -0.20395 0.912865
    outer loop
      vertex -14.5489 3.86962 20.9755
      vertex -14.6362 3.83078 20.933
      vertex -14.6101 3.78552 20.933
    endloop
  endfacet
  facet normal -0.155921 -0.140175 0.977773
    outer loop
      vertex -14.4501 3.90174 20.9973
      vertex -14.5112 3.81764 20.9755
      vertex -14.4428 3.89362 20.9973
    endloop
  endfacet
  facet normal -0.30348 -0.273263 0.912813
    outer loop
      vertex -14.5112 3.81764 20.9755
      vertex -14.1868 3.3154 20.933
      vertex -14.1095 3.37152 20.9755
    endloop
  endfacet
  facet normal -0.303503 -0.273276 0.912801
    outer loop
      vertex -14.1868 3.3154 20.933
      vertex -14.5112 3.81764 20.9755
      vertex -14.6101 3.78552 20.933
    endloop
  endfacet
  facet normal -0.707021 -0.636608 0.307979
    outer loop
      vertex -14.8035 3.64499 20.604
      vertex -14.354 3.19386 20.7034
      vertex -14.7773 3.66398 20.7034
    endloop
  endfacet
  facet normal -0.707021 -0.636608 0.307979
    outer loop
      vertex -14.354 3.19386 20.7034
      vertex -14.8035 3.64499 20.604
      vertex -14.3802 3.17487 20.604
    endloop
  endfacet
  facet normal -0.438406 -0.394745 -0.807451
    outer loop
      vertex -14.2552 3.26569 0.128428
      vertex -14.6101 3.78552 0.066988
      vertex -14.1868 3.3154 0.066988
    endloop
  endfacet
  facet normal -0.438406 -0.394745 -0.807451
    outer loop
      vertex -14.6101 3.78552 0.066988
      vertex -14.2552 3.26569 0.128428
      vertex -14.6785 3.73581 0.128428
    endloop
  endfacet
  facet normal -0.751678 -0.433108 -0.497392
    outer loop
      vertex -14.7351 3.6947 0.206108
      vertex -14.7773 3.66398 0.296632
      vertex -14.7773 3.76794 0.206108
    endloop
  endfacet
  facet normal -0.553508 -0.498545 -0.667144
    outer loop
      vertex -14.6785 3.63186 0.206108
      vertex -14.7351 3.6947 0.206108
      vertex -14.6785 3.73581 0.128428
    endloop
  endfacet
  facet normal -0.561452 -0.181842 -0.807283
    outer loop
      vertex -14.6362 3.83078 0.066988
      vertex -14.7134 3.79638 0.128428
      vertex -14.6523 3.88049 0.066988
    endloop
  endfacet
  facet normal -0.181693 -0.103605 -0.977882
    outer loop
      vertex -14.4501 3.90174 0.00273991
      vertex -14.5328 3.84165 0.0244722
      vertex -14.4555 3.91121 0.00273991
    endloop
  endfacet
  facet normal 0 0 -1
    outer loop
      vertex 14.4589 -3.94333 0.00273991
      vertex 14.4589 -3.9216 0.00273991
      vertex 14.4601 -3.93246 0.00273991
    endloop
  endfacet
  facet normal 0 0 -1
    outer loop
      vertex 14.4555 -3.95372 0.00273991
      vertex 14.4589 -3.9216 0.00273991
      vertex 14.4589 -3.94333 0.00273991
    endloop
  endfacet
  facet normal 0 0 -1
    outer loop
      vertex 14.4555 -3.95372 0.00273991
      vertex 14.4555 -3.91121 0.00273991
      vertex 14.4589 -3.9216 0.00273991
    endloop
  endfacet
  facet normal 0 0 -1
    outer loop
      vertex 14.4555 -3.95372 0.00273991
      vertex 14.4501 -3.90174 0.00273991
      vertex 14.4555 -3.91121 0.00273991
    endloop
  endfacet
  facet normal 0 0 -1
    outer loop
      vertex 14.4555 -3.95372 0.00273991
      vertex 14.4428 -3.89362 0.00273991
      vertex 14.4501 -3.90174 0.00273991
    endloop
  endfacet
  facet normal 0 0 -1
    outer loop
      vertex 14.4555 -3.95372 0.00273991
      vertex 14.0268 -3.43162 0.00273991
      vertex 14.4428 -3.89362 0.00273991
    endloop
  endfacet
  facet normal 0 0 -1
    outer loop
      vertex 13.7509 -6.12231 0.00273991
      vertex 14.0268 -3.43162 0.00273991
      vertex 14.4555 -3.95372 0.00273991
    endloop
  endfacet
  facet normal 0 0 -1
    outer loop
      vertex 10.6976 -4.76286 0.00273991
      vertex 14.0268 -3.43162 0.00273991
      vertex 13.7509 -6.12231 0.00273991
    endloop
  endfacet
  facet normal 0 -0 -1
    outer loop
      vertex 11.4085 -2.57469 0.00273991
      vertex 14.0268 -3.43162 0.00273991
      vertex 10.6976 -4.76286 0.00273991
    endloop
  endfacet
  facet normal 0 0 -1
    outer loop
      vertex 14.0268 -3.43162 0.00273991
      vertex 11.4085 -2.57469 0.00273991
      vertex 13.4165 -2.37462 0.00273991
    endloop
  endfacet
  facet normal 0 0 -1
    outer loop
      vertex 10.6976 -4.76286 0.00273991
      vertex 13.7509 -6.12231 0.00273991
      vertex 12.183 -8.83804 0.00273991
    endloop
  endfacet
  facet normal 0 0 -1
    outer loop
      vertex 14.4589 3.9216 0.00273991
      vertex 14.4589 3.94333 0.00273991
      vertex 14.4601 3.93246 0.00273991
    endloop
  endfacet
  facet normal 0 0 -1
    outer loop
      vertex 14.4555 3.91121 0.00273991
      vertex 14.4589 3.94333 0.00273991
      vertex 14.4589 3.9216 0.00273991
    endloop
  endfacet
  facet normal 0 0 -1
    outer loop
      vertex 14.4555 3.91121 0.00273991
      vertex 14.4555 3.95372 0.00273991
      vertex 14.4589 3.94333 0.00273991
    endloop
  endfacet
  facet normal 0 0 -1
    outer loop
      vertex 14.4501 3.90174 0.00273991
      vertex 14.4555 3.95372 0.00273991
      vertex 14.4555 3.91121 0.00273991
    endloop
  endfacet
  facet normal 0 0 -1
    outer loop
      vertex 14.4428 3.89362 0.00273991
      vertex 14.4555 3.95372 0.00273991
      vertex 14.4501 3.90174 0.00273991
    endloop
  endfacet
  facet normal 0 0 -1
    outer loop
      vertex 14.0268 3.43162 0.00273991
      vertex 14.4555 3.95372 0.00273991
      vertex 14.4428 3.89362 0.00273991
    endloop
  endfacet
  facet normal 0 0 -1
    outer loop
      vertex 14.0268 3.43162 0.00273991
      vertex 13.7509 6.12231 0.00273991
      vertex 14.4555 3.95372 0.00273991
    endloop
  endfacet
  facet normal 0 0 -1
    outer loop
      vertex 11.4085 2.57469 0.00273991
      vertex 14.0268 3.43162 0.00273991
      vertex 13.4165 2.37462 0.00273991
    endloop
  endfacet
  facet normal 0 0 -1
    outer loop
      vertex 11.4694 2.28817 0.00273991
      vertex 13.4165 2.37462 0.00273991
      vertex 13.0394 1.21384 0.00273991
    endloop
  endfacet
  facet normal -0 0 -1
    outer loop
      vertex 14.0268 3.43162 0.00273991
      vertex 11.4085 2.57469 0.00273991
      vertex 10.6976 4.76286 0.00273991
    endloop
  endfacet
  facet normal 0 0 -1
    outer loop
      vertex 11.7099 0 0.00273991
      vertex 13.0394 1.21384 0.00273991
      vertex 12.9118 0 0.00273991
    endloop
  endfacet
  facet normal 0 -0 -1
    outer loop
      vertex 11.4694 -2.28817 0.00273991
      vertex 13.4165 -2.37462 0.00273991
      vertex 11.454 -2.43463 0.00273991
    endloop
  endfacet
  facet normal 0 0 -1
    outer loop
      vertex 12.1702 -8.85562 0.00273991
      vertex 12.183 -8.83804 0.00273991
      vertex 12.1775 -8.8475 0.00273991
    endloop
  endfacet
  facet normal -0 0 -1
    outer loop
      vertex 13.0394 1.21384 0.00273991
      vertex 11.7099 0 0.00273991
      vertex 11.4694 2.28817 0.00273991
    endloop
  endfacet
  facet normal -0 0 -1
    outer loop
      vertex 12.183 -8.83804 0.00273991
      vertex 12.1702 -8.85562 0.00273991
      vertex 9.47353 -6.88293 0.00273991
    endloop
  endfacet
  facet normal -0 0 -1
    outer loop
      vertex 13.4165 2.37462 0.00273991
      vertex 11.4694 2.28817 0.00273991
      vertex 11.454 2.43463 0.00273991
    endloop
  endfacet
  facet normal 0 0 -1
    outer loop
      vertex 13.4165 2.37462 0.00273991
      vertex 11.454 2.43463 0.00273991
      vertex 11.4085 2.57469 0.00273991
    endloop
  endfacet
  facet normal 0 0 -1
    outer loop
      vertex 13.0394 -1.21384 0.00273991
      vertex 11.7099 0 0.00273991
      vertex 12.9118 0 0.00273991
    endloop
  endfacet
  facet normal 0 -0 -1
    outer loop
      vertex 11.7099 0 0.00273991
      vertex 13.0394 -1.21384 0.00273991
      vertex 11.4694 -2.28817 0.00273991
    endloop
  endfacet
  facet normal 0 0 -1
    outer loop
      vertex 13.4165 -2.37462 0.00273991
      vertex 11.4694 -2.28817 0.00273991
      vertex 13.0394 -1.21384 0.00273991
    endloop
  endfacet
  facet normal 0 0 -1
    outer loop
      vertex 9.98526 -10.4317 0.00273991
      vertex 12.1702 -8.85562 0.00273991
      vertex 10.7629 -10.4186 0.00273991
    endloop
  endfacet
  facet normal 0 -0 -1
    outer loop
      vertex 11.454 -2.43463 0.00273991
      vertex 13.4165 -2.37462 0.00273991
      vertex 11.4085 -2.57469 0.00273991
    endloop
  endfacet
  facet normal 0 0 -1
    outer loop
      vertex 10.5934 -10.561 0.00273991
      vertex 10.7629 -10.4186 0.00273991
      vertex 10.6445 -10.5501 0.00273991
    endloop
  endfacet
  facet normal 0 0 -1
    outer loop
      vertex 10.5934 -10.561 0.00273991
      vertex 10.6445 -10.5501 0.00273991
      vertex 10.6356 -10.5565 0.00273991
    endloop
  endfacet
  facet normal 0 0 -1
    outer loop
      vertex 10.5934 -10.561 0.00273991
      vertex 10.6356 -10.5565 0.00273991
      vertex 10.6257 -10.561 0.00273991
    endloop
  endfacet
  facet normal 0 0 -1
    outer loop
      vertex 12.183 -8.83804 0.00273991
      vertex 10.6239 -4.8904 0.00273991
      vertex 10.6976 -4.76286 0.00273991
    endloop
  endfacet
  facet normal 0 0 -1
    outer loop
      vertex 10.5934 -10.561 0.00273991
      vertex 10.6257 -10.561 0.00273991
      vertex 10.615 -10.5633 0.00273991
    endloop
  endfacet
  facet normal 0 0 -1
    outer loop
      vertex 10.5934 -10.561 0.00273991
      vertex 10.615 -10.5633 0.00273991
      vertex 10.604 -10.5633 0.00273991
    endloop
  endfacet
  facet normal 0 0 -1
    outer loop
      vertex 10.7629 -10.4186 0.00273991
      vertex 10.5934 -10.561 0.00273991
      vertex 9.98526 -10.4317 0.00273991
    endloop
  endfacet
  facet normal -0 0 -1
    outer loop
      vertex 12.1702 -8.85562 0.00273991
      vertex 9.98526 -10.4317 0.00273991
      vertex 9.37499 -6.99237 0.00273991
    endloop
  endfacet
  facet normal 0 0 -1
    outer loop
      vertex 12.183 -8.83804 0.00273991
      vertex 9.47353 -6.88293 0.00273991
      vertex 10.6239 -4.8904 0.00273991
    endloop
  endfacet
  facet normal 0 0 -1
    outer loop
      vertex 12.1702 -8.85562 0.00273991
      vertex 9.37499 -6.99237 0.00273991
      vertex 9.47353 -6.88293 0.00273991
    endloop
  endfacet
  facet normal 0 0 -1
    outer loop
      vertex 7.83547 -8.70217 0.00273991
      vertex 9.98526 -10.4317 0.00273991
      vertex 8.76474 -10.4317 0.00273991
    endloop
  endfacet
  facet normal 0 0 -1
    outer loop
      vertex 9.98526 -10.4317 0.00273991
      vertex 7.83547 -8.70217 0.00273991
      vertex 9.37499 -6.99237 0.00273991
    endloop
  endfacet
  facet normal 0 0 -1
    outer loop
      vertex 7.57089 -10.6855 0.00273991
      vertex 7.83547 -8.70217 0.00273991
      vertex 8.76474 -10.4317 0.00273991
    endloop
  endfacet
  facet normal 0 0 -1
    outer loop
      vertex 5.97411 -10.0545 0.00273991
      vertex 7.57089 -10.6855 0.00273991
      vertex 6.45589 -11.1819 0.00273991
    endloop
  endfacet
  facet normal 0 0 -1
    outer loop
      vertex 7.57089 -10.6855 0.00273991
      vertex 5.97411 -10.0545 0.00273991
      vertex 7.83547 -8.70217 0.00273991
    endloop
  endfacet
  facet normal 0 0 -1
    outer loop
      vertex 6.45589 -11.1819 0.00273991
      vertex 5.85497 -10.1411 0.00273991
      vertex 5.97411 -10.0545 0.00273991
    endloop
  endfacet
  facet normal 0 0 -1
    outer loop
      vertex 5.46847 -11.8993 0.00273991
      vertex 5.85497 -10.1411 0.00273991
      vertex 6.45589 -11.1819 0.00273991
    endloop
  endfacet
  facet normal 0 0 -1
    outer loop
      vertex 3.75311 -11.0769 0.00273991
      vertex 5.46847 -11.8993 0.00273991
      vertex 4.65178 -12.8064 0.00273991
    endloop
  endfacet
  facet normal 0 0 -1
    outer loop
      vertex 3.47451 -11.1674 0.00273991
      vertex 4.65178 -12.8064 0.00273991
      vertex 4.04152 -13.8634 0.00273991
    endloop
  endfacet
  facet normal 0 0 -1
    outer loop
      vertex 3.81443 -14.4935 0.00273991
      vertex 3.84603 -14.465 0.00273991
      vertex 3.84057 -14.4745 0.00273991
    endloop
  endfacet
  facet normal 0 0 -1
    outer loop
      vertex 3.81443 -14.4935 0.00273991
      vertex 3.84057 -14.4745 0.00273991
      vertex 3.83325 -14.4826 0.00273991
    endloop
  endfacet
  facet normal 0 0 -1
    outer loop
      vertex 3.81443 -14.4935 0.00273991
      vertex 3.83325 -14.4826 0.00273991
      vertex 3.82442 -14.489 0.00273991
    endloop
  endfacet
  facet normal -0 0 -1
    outer loop
      vertex 3.84603 -14.465 0.00273991
      vertex 3.81443 -14.4935 0.00273991
      vertex 4.04152 -13.8634 0.00273991
    endloop
  endfacet
  facet normal 0 0 -1
    outer loop
      vertex 5.46847 -11.8993 0.00273991
      vertex 3.75311 -11.0769 0.00273991
      vertex 5.85497 -10.1411 0.00273991
    endloop
  endfacet
  facet normal 0 0 -1
    outer loop
      vertex 1.58408 -14.9675 0.00273991
      vertex 4.04152 -13.8634 0.00273991
      vertex 3.81443 -14.4935 0.00273991
    endloop
  endfacet
  facet normal 0 0 -1
    outer loop
      vertex 4.65178 -12.8064 0.00273991
      vertex 3.61857 -11.1368 0.00273991
      vertex 3.75311 -11.0769 0.00273991
    endloop
  endfacet
  facet normal 0 0 -1
    outer loop
      vertex 4.65178 -12.8064 0.00273991
      vertex 3.47451 -11.1674 0.00273991
      vertex 3.61857 -11.1368 0.00273991
    endloop
  endfacet
  facet normal -0 0 -1
    outer loop
      vertex 4.04152 -13.8634 0.00273991
      vertex 1.58408 -14.9675 0.00273991
      vertex 1.22402 -11.6458 0.00273991
    endloop
  endfacet
  facet normal 0 0 -1
    outer loop
      vertex 1.22402 -11.6458 0.00273991
      vertex 1.58408 -14.9675 0.00273991
      vertex 1.57339 -14.9698 0.00273991
    endloop
  endfacet
  facet normal 0 0 -1
    outer loop
      vertex 4.04152 -13.8634 0.00273991
      vertex 1.22402 -11.6458 0.00273991
      vertex 3.47451 -11.1674 0.00273991
    endloop
  endfacet
  facet normal 0 0 -1
    outer loop
      vertex 1.57339 -14.9698 0.00273991
      vertex -1.22402 -11.6458 0.00273991
      vertex 1.22402 -11.6458 0.00273991
    endloop
  endfacet
  facet normal 0 0 -1
    outer loop
      vertex -1.57339 -14.9698 0.00273991
      vertex -1.22402 -11.6458 0.00273991
      vertex 1.57339 -14.9698 0.00273991
    endloop
  endfacet
  facet normal 0 0 -1
    outer loop
      vertex -1.58408 -14.9675 0.00273991
      vertex -1.22402 -11.6458 0.00273991
      vertex -1.57339 -14.9698 0.00273991
    endloop
  endfacet
  facet normal 0 0 -1
    outer loop
      vertex -4.04152 -13.8634 0.00273991
      vertex -1.22402 -11.6458 0.00273991
      vertex -1.58408 -14.9675 0.00273991
    endloop
  endfacet
  facet normal -0 0 -1
    outer loop
      vertex -1.22402 -11.6458 0.00273991
      vertex -4.04152 -13.8634 0.00273991
      vertex -3.47451 -11.1674 0.00273991
    endloop
  endfacet
  facet normal 0 0 -1
    outer loop
      vertex -4.65178 -12.8064 0.00273991
      vertex -3.47451 -11.1674 0.00273991
      vertex -4.04152 -13.8634 0.00273991
    endloop
  endfacet
  facet normal 0 0 -1
    outer loop
      vertex -4.04152 -13.8634 0.00273991
      vertex -1.58408 -14.9675 0.00273991
      vertex -3.81443 -14.4935 0.00273991
    endloop
  endfacet
  facet normal 0 0 -1
    outer loop
      vertex -3.84603 -14.465 0.00273991
      vertex -3.81443 -14.4935 0.00273991
      vertex -3.82442 -14.489 0.00273991
    endloop
  endfacet
  facet normal 0 0 -1
    outer loop
      vertex -3.84603 -14.465 0.00273991
      vertex -3.82442 -14.489 0.00273991
      vertex -3.83325 -14.4826 0.00273991
    endloop
  endfacet
  facet normal 0 0 -1
    outer loop
      vertex -3.84603 -14.465 0.00273991
      vertex -3.83325 -14.4826 0.00273991
      vertex -3.84057 -14.4745 0.00273991
    endloop
  endfacet
  facet normal 0 0 -1
    outer loop
      vertex -3.81443 -14.4935 0.00273991
      vertex -3.84603 -14.465 0.00273991
      vertex -4.04152 -13.8634 0.00273991
    endloop
  endfacet
  facet normal -0 0 -1
    outer loop
      vertex -3.47451 -11.1674 0.00273991
      vertex -4.65178 -12.8064 0.00273991
      vertex -3.61857 -11.1368 0.00273991
    endloop
  endfacet
  facet normal -0 0 -1
    outer loop
      vertex -3.61857 -11.1368 0.00273991
      vertex -4.65178 -12.8064 0.00273991
      vertex -3.75311 -11.0769 0.00273991
    endloop
  endfacet
  facet normal 0 0 -1
    outer loop
      vertex -5.46847 -11.8993 0.00273991
      vertex -3.75311 -11.0769 0.00273991
      vertex -4.65178 -12.8064 0.00273991
    endloop
  endfacet
  facet normal 0 0 -1
    outer loop
      vertex -5.46847 -11.8993 0.00273991
      vertex -5.85497 -10.1411 0.00273991
      vertex -3.75311 -11.0769 0.00273991
    endloop
  endfacet
  facet normal 0 0 -1
    outer loop
      vertex -6.45589 -11.1819 0.00273991
      vertex -5.85497 -10.1411 0.00273991
      vertex -5.46847 -11.8993 0.00273991
    endloop
  endfacet
  facet normal -0 0 -1
    outer loop
      vertex -5.85497 -10.1411 0.00273991
      vertex -6.45589 -11.1819 0.00273991
      vertex -5.97411 -10.0545 0.00273991
    endloop
  endfacet
  facet normal 0 0 -1
    outer loop
      vertex -7.57089 -10.6855 0.00273991
      vertex -5.97411 -10.0545 0.00273991
      vertex -6.45589 -11.1819 0.00273991
    endloop
  endfacet
  facet normal 0 0 -1
    outer loop
      vertex -7.57089 -10.6855 0.00273991
      vertex -7.83547 -8.70217 0.00273991
      vertex -5.97411 -10.0545 0.00273991
    endloop
  endfacet
  facet normal 0 0 -1
    outer loop
      vertex -8.76474 -10.4317 0.00273991
      vertex -7.83547 -8.70217 0.00273991
      vertex -7.57089 -10.6855 0.00273991
    endloop
  endfacet
  facet normal 0 0 -1
    outer loop
      vertex -9.98526 -10.4317 0.00273991
      vertex -7.83547 -8.70217 0.00273991
      vertex -8.76474 -10.4317 0.00273991
    endloop
  endfacet
  facet normal -0 0 -1
    outer loop
      vertex -7.83547 -8.70217 0.00273991
      vertex -9.98526 -10.4317 0.00273991
      vertex -9.37499 -6.99237 0.00273991
    endloop
  endfacet
  facet normal 0 0 -1
    outer loop
      vertex -12.1702 -8.85562 0.00273991
      vertex -9.37499 -6.99237 0.00273991
      vertex -9.98526 -10.4317 0.00273991
    endloop
  endfacet
  facet normal 0 0 -1
    outer loop
      vertex -10.7629 -10.4186 0.00273991
      vertex -9.98526 -10.4317 0.00273991
      vertex -10.5934 -10.561 0.00273991
    endloop
  endfacet
  facet normal 0 0 -1
    outer loop
      vertex -10.6445 -10.5501 0.00273991
      vertex -10.5934 -10.561 0.00273991
      vertex -10.604 -10.5633 0.00273991
    endloop
  endfacet
  facet normal 0 0 -1
    outer loop
      vertex -10.6445 -10.5501 0.00273991
      vertex -10.604 -10.5633 0.00273991
      vertex -10.615 -10.5633 0.00273991
    endloop
  endfacet
  facet normal 0 0 -1
    outer loop
      vertex -12.1702 -8.85562 0.00273991
      vertex -9.98526 -10.4317 0.00273991
      vertex -10.7629 -10.4186 0.00273991
    endloop
  endfacet
  facet normal 0 0 -1
    outer loop
      vertex -10.6445 -10.5501 0.00273991
      vertex -10.615 -10.5633 0.00273991
      vertex -10.6257 -10.561 0.00273991
    endloop
  endfacet
  facet normal 0 0 -1
    outer loop
      vertex -10.6445 -10.5501 0.00273991
      vertex -10.6257 -10.561 0.00273991
      vertex -10.6356 -10.5565 0.00273991
    endloop
  endfacet
  facet normal 0 0 -1
    outer loop
      vertex -10.5934 -10.561 0.00273991
      vertex -10.6445 -10.5501 0.00273991
      vertex -10.7629 -10.4186 0.00273991
    endloop
  endfacet
  facet normal -0 0 -1
    outer loop
      vertex -9.37499 -6.99237 0.00273991
      vertex -12.1702 -8.85562 0.00273991
      vertex -9.47353 -6.88293 0.00273991
    endloop
  endfacet
  facet normal 0 0 -1
    outer loop
      vertex -12.183 -8.83804 0.00273991
      vertex -9.47353 -6.88293 0.00273991
      vertex -12.1702 -8.85562 0.00273991
    endloop
  endfacet
  facet normal -0 0 -1
    outer loop
      vertex -9.47353 -6.88293 0.00273991
      vertex -12.183 -8.83804 0.00273991
      vertex -10.6239 -4.8904 0.00273991
    endloop
  endfacet
  facet normal 0 0 -1
    outer loop
      vertex -13.7509 -6.12231 0.00273991
      vertex -10.6239 -4.8904 0.00273991
      vertex -12.183 -8.83804 0.00273991
    endloop
  endfacet
  facet normal -0 0 -1
    outer loop
      vertex -10.6239 -4.8904 0.00273991
      vertex -13.7509 -6.12231 0.00273991
      vertex -10.6976 -4.76286 0.00273991
    endloop
  endfacet
  facet normal 0 0 -1
    outer loop
      vertex -14.0268 -3.43162 0.00273991
      vertex -10.6976 -4.76286 0.00273991
      vertex -13.7509 -6.12231 0.00273991
    endloop
  endfacet
  facet normal 0 0 -1
    outer loop
      vertex -10.6976 -4.76286 0.00273991
      vertex -14.0268 -3.43162 0.00273991
      vertex -11.4085 -2.57469 0.00273991
    endloop
  endfacet
  facet normal 0 0 -1
    outer loop
      vertex -14.0268 3.43162 0.00273991
      vertex -11.4085 2.57469 0.00273991
      vertex -13.4165 2.37462 0.00273991
    endloop
  endfacet
  facet normal 0 0 -1
    outer loop
      vertex -11.4085 2.57469 0.00273991
      vertex -14.0268 3.43162 0.00273991
      vertex -10.6976 4.76286 0.00273991
    endloop
  endfacet
  facet normal 0 0 -1
    outer loop
      vertex -10.6976 4.76286 0.00273991
      vertex -13.7509 6.12231 0.00273991
      vertex -12.183 8.83804 0.00273991
    endloop
  endfacet
  facet normal -0 0 -1
    outer loop
      vertex -10.6976 4.76286 0.00273991
      vertex -14.0268 3.43162 0.00273991
      vertex -13.7509 6.12231 0.00273991
    endloop
  endfacet
  facet normal 0 0 -1
    outer loop
      vertex -14.4555 3.95372 0.00273991
      vertex -14.0268 3.43162 0.00273991
      vertex -14.4428 3.89362 0.00273991
    endloop
  endfacet
  facet normal 0 0 -1
    outer loop
      vertex -14.4555 3.95372 0.00273991
      vertex -14.4428 3.89362 0.00273991
      vertex -14.4501 3.90174 0.00273991
    endloop
  endfacet
  facet normal 0 0 -1
    outer loop
      vertex -14.4555 3.95372 0.00273991
      vertex -14.4501 3.90174 0.00273991
      vertex -14.4555 3.91121 0.00273991
    endloop
  endfacet
  facet normal 0 0 -1
    outer loop
      vertex -14.0268 3.43162 0.00273991
      vertex -14.4555 3.95372 0.00273991
      vertex -13.7509 6.12231 0.00273991
    endloop
  endfacet
  facet normal 0 0 -1
    outer loop
      vertex -14.4589 3.9216 0.00273991
      vertex -14.4555 3.95372 0.00273991
      vertex -14.4555 3.91121 0.00273991
    endloop
  endfacet
  facet normal 0 0 -1
    outer loop
      vertex -14.4589 3.9216 0.00273991
      vertex -14.4589 3.94333 0.00273991
      vertex -14.4555 3.95372 0.00273991
    endloop
  endfacet
  facet normal 0 -0 -1
    outer loop
      vertex -14.4589 3.94333 0.00273991
      vertex -14.4589 3.9216 0.00273991
      vertex -14.4601 3.93246 0.00273991
    endloop
  endfacet
  facet normal 0 0 -1
    outer loop
      vertex 14.0268 3.43162 0.00273991
      vertex 10.6976 4.76286 0.00273991
      vertex 13.7509 6.12231 0.00273991
    endloop
  endfacet
  facet normal 0 0 -1
    outer loop
      vertex 10.6239 4.8904 0.00273991
      vertex 13.7509 6.12231 0.00273991
      vertex 10.6976 4.76286 0.00273991
    endloop
  endfacet
  facet normal -0 0 -1
    outer loop
      vertex 13.7509 6.12231 0.00273991
      vertex 10.6239 4.8904 0.00273991
      vertex 12.183 8.83804 0.00273991
    endloop
  endfacet
  facet normal 0 0 -1
    outer loop
      vertex 9.47353 6.88293 0.00273991
      vertex 12.183 8.83804 0.00273991
      vertex 10.6239 4.8904 0.00273991
    endloop
  endfacet
  facet normal 0 -0 -1
    outer loop
      vertex 12.1702 8.85562 0.00273991
      vertex 12.183 8.83804 0.00273991
      vertex 9.47353 6.88293 0.00273991
    endloop
  endfacet
  facet normal 0 0 -1
    outer loop
      vertex 12.183 8.83804 0.00273991
      vertex 12.1702 8.85562 0.00273991
      vertex 12.1775 8.8475 0.00273991
    endloop
  endfacet
  facet normal 0 0 -1
    outer loop
      vertex 9.37499 6.99237 0.00273991
      vertex 12.1702 8.85562 0.00273991
      vertex 9.47353 6.88293 0.00273991
    endloop
  endfacet
  facet normal 0 -0 -1
    outer loop
      vertex 9.98526 10.4317 0.00273991
      vertex 12.1702 8.85562 0.00273991
      vertex 9.37499 6.99237 0.00273991
    endloop
  endfacet
  facet normal 0 0 -1
    outer loop
      vertex 12.1702 8.85562 0.00273991
      vertex 9.98526 10.4317 0.00273991
      vertex 10.7629 10.4186 0.00273991
    endloop
  endfacet
  facet normal 0 -0 -1
    outer loop
      vertex 10.5934 10.561 0.00273991
      vertex 10.7629 10.4186 0.00273991
      vertex 9.98526 10.4317 0.00273991
    endloop
  endfacet
  facet normal 0 0 -1
    outer loop
      vertex 10.7629 10.4186 0.00273991
      vertex 10.5934 10.561 0.00273991
      vertex 10.6445 10.5501 0.00273991
    endloop
  endfacet
  facet normal 0 0 -1
    outer loop
      vertex 10.6445 10.5501 0.00273991
      vertex 10.5934 10.561 0.00273991
      vertex 10.6356 10.5565 0.00273991
    endloop
  endfacet
  facet normal -0 0 -1
    outer loop
      vertex 10.615 10.5633 0.00273991
      vertex 10.5934 10.561 0.00273991
      vertex 10.604 10.5633 0.00273991
    endloop
  endfacet
  facet normal 0 0 -1
    outer loop
      vertex 10.6257 10.561 0.00273991
      vertex 10.5934 10.561 0.00273991
      vertex 10.615 10.5633 0.00273991
    endloop
  endfacet
  facet normal 0 0 -1
    outer loop
      vertex 10.6356 10.5565 0.00273991
      vertex 10.5934 10.561 0.00273991
      vertex 10.6257 10.561 0.00273991
    endloop
  endfacet
  facet normal 0 0 -1
    outer loop
      vertex 7.83547 8.70217 0.00273991
      vertex 9.98526 10.4317 0.00273991
      vertex 9.37499 6.99237 0.00273991
    endloop
  endfacet
  facet normal -0 0 -1
    outer loop
      vertex 9.98526 10.4317 0.00273991
      vertex 7.83547 8.70217 0.00273991
      vertex 8.76474 10.4317 0.00273991
    endloop
  endfacet
  facet normal 0 0 -1
    outer loop
      vertex 7.83547 8.70217 0.00273991
      vertex 7.57089 10.6855 0.00273991
      vertex 8.76474 10.4317 0.00273991
    endloop
  endfacet
  facet normal 0 0 -1
    outer loop
      vertex 5.97411 10.0545 0.00273991
      vertex 7.57089 10.6855 0.00273991
      vertex 7.83547 8.70217 0.00273991
    endloop
  endfacet
  facet normal -0 0 -1
    outer loop
      vertex 7.57089 10.6855 0.00273991
      vertex 5.97411 10.0545 0.00273991
      vertex 6.45589 11.1819 0.00273991
    endloop
  endfacet
  facet normal 0 0 -1
    outer loop
      vertex 5.85497 10.1411 0.00273991
      vertex 6.45589 11.1819 0.00273991
      vertex 5.97411 10.0545 0.00273991
    endloop
  endfacet
  facet normal 0 0 -1
    outer loop
      vertex 5.85497 10.1411 0.00273991
      vertex 5.46847 11.8993 0.00273991
      vertex 6.45589 11.1819 0.00273991
    endloop
  endfacet
  facet normal 0 0 -1
    outer loop
      vertex 3.75311 11.0769 0.00273991
      vertex 5.46847 11.8993 0.00273991
      vertex 5.85497 10.1411 0.00273991
    endloop
  endfacet
  facet normal -0 0 -1
    outer loop
      vertex 5.46847 11.8993 0.00273991
      vertex 3.75311 11.0769 0.00273991
      vertex 4.65178 12.8064 0.00273991
    endloop
  endfacet
  facet normal 0 0 -1
    outer loop
      vertex 3.81443 14.4935 0.00273991
      vertex 3.84603 14.465 0.00273991
      vertex 4.04152 13.8634 0.00273991
    endloop
  endfacet
  facet normal 0 0 -1
    outer loop
      vertex 3.84603 14.465 0.00273991
      vertex 3.81443 14.4935 0.00273991
      vertex 3.84057 14.4745 0.00273991
    endloop
  endfacet
  facet normal 0 0 -1
    outer loop
      vertex 3.84057 14.4745 0.00273991
      vertex 3.81443 14.4935 0.00273991
      vertex 3.83325 14.4826 0.00273991
    endloop
  endfacet
  facet normal 0 0 -1
    outer loop
      vertex 3.83325 14.4826 0.00273991
      vertex 3.81443 14.4935 0.00273991
      vertex 3.82442 14.489 0.00273991
    endloop
  endfacet
  facet normal 0 0 -1
    outer loop
      vertex 3.61857 11.1368 0.00273991
      vertex 4.65178 12.8064 0.00273991
      vertex 3.75311 11.0769 0.00273991
    endloop
  endfacet
  facet normal 0 0 -1
    outer loop
      vertex 3.47451 11.1674 0.00273991
      vertex 4.65178 12.8064 0.00273991
      vertex 3.61857 11.1368 0.00273991
    endloop
  endfacet
  facet normal -0 0 -1
    outer loop
      vertex 4.65178 12.8064 0.00273991
      vertex 3.47451 11.1674 0.00273991
      vertex 4.04152 13.8634 0.00273991
    endloop
  endfacet
  facet normal 0 0 -1
    outer loop
      vertex 1.22402 11.6458 0.00273991
      vertex 4.04152 13.8634 0.00273991
      vertex 3.47451 11.1674 0.00273991
    endloop
  endfacet
  facet normal 0 -0 -1
    outer loop
      vertex 1.58408 14.9675 0.00273991
      vertex 4.04152 13.8634 0.00273991
      vertex 1.22402 11.6458 0.00273991
    endloop
  endfacet
  facet normal 0 0 -1
    outer loop
      vertex 4.04152 13.8634 0.00273991
      vertex 1.58408 14.9675 0.00273991
      vertex 3.81443 14.4935 0.00273991
    endloop
  endfacet
  facet normal -0 0 -1
    outer loop
      vertex 1.58408 14.9675 0.00273991
      vertex 1.22402 11.6458 0.00273991
      vertex 1.57339 14.9698 0.00273991
    endloop
  endfacet
  facet normal 0 0 -1
    outer loop
      vertex -1.22402 11.6458 0.00273991
      vertex 1.57339 14.9698 0.00273991
      vertex 1.22402 11.6458 0.00273991
    endloop
  endfacet
  facet normal 0 0 -1
    outer loop
      vertex -1.22402 11.6458 0.00273991
      vertex -1.57339 14.9698 0.00273991
      vertex 1.57339 14.9698 0.00273991
    endloop
  endfacet
  facet normal 0 0 -1
    outer loop
      vertex -1.22402 11.6458 0.00273991
      vertex -1.58408 14.9675 0.00273991
      vertex -1.57339 14.9698 0.00273991
    endloop
  endfacet
  facet normal 0 0 -1
    outer loop
      vertex -4.04152 13.8634 0.00273991
      vertex -1.22402 11.6458 0.00273991
      vertex -3.47451 11.1674 0.00273991
    endloop
  endfacet
  facet normal 0 0 -1
    outer loop
      vertex -4.65178 12.8064 0.00273991
      vertex -3.47451 11.1674 0.00273991
      vertex -3.61857 11.1368 0.00273991
    endloop
  endfacet
  facet normal 0 0 -1
    outer loop
      vertex -4.65178 12.8064 0.00273991
      vertex -3.61857 11.1368 0.00273991
      vertex -3.75311 11.0769 0.00273991
    endloop
  endfacet
  facet normal 0 0 -1
    outer loop
      vertex -1.22402 11.6458 0.00273991
      vertex -4.04152 13.8634 0.00273991
      vertex -1.58408 14.9675 0.00273991
    endloop
  endfacet
  facet normal 0 0 -1
    outer loop
      vertex -1.58408 14.9675 0.00273991
      vertex -4.04152 13.8634 0.00273991
      vertex -3.81443 14.4935 0.00273991
    endloop
  endfacet
  facet normal 0 -0 -1
    outer loop
      vertex -3.84603 14.465 0.00273991
      vertex -3.81443 14.4935 0.00273991
      vertex -4.04152 13.8634 0.00273991
    endloop
  endfacet
  facet normal 0 0 -1
    outer loop
      vertex -3.81443 14.4935 0.00273991
      vertex -3.84603 14.465 0.00273991
      vertex -3.82442 14.489 0.00273991
    endloop
  endfacet
  facet normal 0 0 -1
    outer loop
      vertex -3.82442 14.489 0.00273991
      vertex -3.84603 14.465 0.00273991
      vertex -3.83325 14.4826 0.00273991
    endloop
  endfacet
  facet normal 0 0 -1
    outer loop
      vertex -3.83325 14.4826 0.00273991
      vertex -3.84603 14.465 0.00273991
      vertex -3.84057 14.4745 0.00273991
    endloop
  endfacet
  facet normal 0 0 -1
    outer loop
      vertex -3.47451 11.1674 0.00273991
      vertex -4.65178 12.8064 0.00273991
      vertex -4.04152 13.8634 0.00273991
    endloop
  endfacet
  facet normal 0 0 -1
    outer loop
      vertex -3.75311 11.0769 0.00273991
      vertex -5.46847 11.8993 0.00273991
      vertex -4.65178 12.8064 0.00273991
    endloop
  endfacet
  facet normal 0 0 -1
    outer loop
      vertex -5.85497 10.1411 0.00273991
      vertex -5.46847 11.8993 0.00273991
      vertex -3.75311 11.0769 0.00273991
    endloop
  endfacet
  facet normal 0 0 -1
    outer loop
      vertex -6.45589 11.1819 0.00273991
      vertex -5.85497 10.1411 0.00273991
      vertex -5.97411 10.0545 0.00273991
    endloop
  endfacet
  facet normal 0 0 -1
    outer loop
      vertex -5.85497 10.1411 0.00273991
      vertex -6.45589 11.1819 0.00273991
      vertex -5.46847 11.8993 0.00273991
    endloop
  endfacet
  facet normal 0 0 -1
    outer loop
      vertex -5.97411 10.0545 0.00273991
      vertex -7.57089 10.6855 0.00273991
      vertex -6.45589 11.1819 0.00273991
    endloop
  endfacet
  facet normal 0 0 -1
    outer loop
      vertex -7.83547 8.70217 0.00273991
      vertex -7.57089 10.6855 0.00273991
      vertex -5.97411 10.0545 0.00273991
    endloop
  endfacet
  facet normal 0 0 -1
    outer loop
      vertex -7.83547 8.70217 0.00273991
      vertex -8.76474 10.4317 0.00273991
      vertex -7.57089 10.6855 0.00273991
    endloop
  endfacet
  facet normal 0 0 -1
    outer loop
      vertex -9.98526 10.4317 0.00273991
      vertex -7.83547 8.70217 0.00273991
      vertex -9.37499 6.99237 0.00273991
    endloop
  endfacet
  facet normal 0 0 -1
    outer loop
      vertex -12.1702 8.85562 0.00273991
      vertex -9.37499 6.99237 0.00273991
      vertex -9.47353 6.88293 0.00273991
    endloop
  endfacet
  facet normal 0 0 -1
    outer loop
      vertex -7.83547 8.70217 0.00273991
      vertex -9.98526 10.4317 0.00273991
      vertex -8.76474 10.4317 0.00273991
    endloop
  endfacet
  facet normal 0 0 -1
    outer loop
      vertex -9.37499 6.99237 0.00273991
      vertex -12.1702 8.85562 0.00273991
      vertex -9.98526 10.4317 0.00273991
    endloop
  endfacet
  facet normal -0 0 -1
    outer loop
      vertex -9.98526 10.4317 0.00273991
      vertex -10.7629 10.4186 0.00273991
      vertex -10.5934 10.561 0.00273991
    endloop
  endfacet
  facet normal 0 -0 -1
    outer loop
      vertex -10.6445 10.5501 0.00273991
      vertex -10.5934 10.561 0.00273991
      vertex -10.7629 10.4186 0.00273991
    endloop
  endfacet
  facet normal 0 0 -1
    outer loop
      vertex -12.183 8.83804 0.00273991
      vertex -9.47353 6.88293 0.00273991
      vertex -10.6239 4.8904 0.00273991
    endloop
  endfacet
  facet normal -0 0 -1
    outer loop
      vertex -10.5934 10.561 0.00273991
      vertex -10.6445 10.5501 0.00273991
      vertex -10.604 10.5633 0.00273991
    endloop
  endfacet
  facet normal -0 0 -1
    outer loop
      vertex -10.604 10.5633 0.00273991
      vertex -10.6445 10.5501 0.00273991
      vertex -10.615 10.5633 0.00273991
    endloop
  endfacet
  facet normal 0 0 -1
    outer loop
      vertex -10.615 10.5633 0.00273991
      vertex -10.6445 10.5501 0.00273991
      vertex -10.6257 10.561 0.00273991
    endloop
  endfacet
  facet normal 0 0 -1
    outer loop
      vertex -12.183 8.83804 0.00273991
      vertex -10.6239 4.8904 0.00273991
      vertex -10.6976 4.76286 0.00273991
    endloop
  endfacet
  facet normal 0 0 -1
    outer loop
      vertex -10.6257 10.561 0.00273991
      vertex -10.6445 10.5501 0.00273991
      vertex -10.6356 10.5565 0.00273991
    endloop
  endfacet
  facet normal -0 0 -1
    outer loop
      vertex -11.454 2.43463 0.00273991
      vertex -13.4165 2.37462 0.00273991
      vertex -11.4085 2.57469 0.00273991
    endloop
  endfacet
  facet normal 0 0 -1
    outer loop
      vertex -13.4165 2.37462 0.00273991
      vertex -11.4694 2.28817 0.00273991
      vertex -13.0394 1.21384 0.00273991
    endloop
  endfacet
  facet normal 0 0 -1
    outer loop
      vertex -11.7099 0 0.00273991
      vertex -13.0394 1.21384 0.00273991
      vertex -11.4694 2.28817 0.00273991
    endloop
  endfacet
  facet normal 0 0 -1
    outer loop
      vertex -13.0394 1.21384 0.00273991
      vertex -11.7099 0 0.00273991
      vertex -12.9118 0 0.00273991
    endloop
  endfacet
  facet normal 0 0 -1
    outer loop
      vertex -9.98526 10.4317 0.00273991
      vertex -12.1702 8.85562 0.00273991
      vertex -10.7629 10.4186 0.00273991
    endloop
  endfacet
  facet normal 0 -0 -1
    outer loop
      vertex -13.4165 -2.37462 0.00273991
      vertex -11.4085 -2.57469 0.00273991
      vertex -14.0268 -3.43162 0.00273991
    endloop
  endfacet
  facet normal 0 0 -1
    outer loop
      vertex -12.183 -8.83804 0.00273991
      vertex -12.1702 -8.85562 0.00273991
      vertex -12.1775 -8.8475 0.00273991
    endloop
  endfacet
  facet normal 0 0 -1
    outer loop
      vertex -11.4694 2.28817 0.00273991
      vertex -13.4165 2.37462 0.00273991
      vertex -11.454 2.43463 0.00273991
    endloop
  endfacet
  facet normal 0 -0 -1
    outer loop
      vertex -13.0394 -1.21384 0.00273991
      vertex -11.4694 -2.28817 0.00273991
      vertex -13.4165 -2.37462 0.00273991
    endloop
  endfacet
  facet normal 0 0 -1
    outer loop
      vertex -9.47353 6.88293 0.00273991
      vertex -12.183 8.83804 0.00273991
      vertex -12.1702 8.85562 0.00273991
    endloop
  endfacet
  facet normal 0 0 -1
    outer loop
      vertex -12.1702 8.85562 0.00273991
      vertex -12.183 8.83804 0.00273991
      vertex -12.1775 8.8475 0.00273991
    endloop
  endfacet
  facet normal -0 0 -1
    outer loop
      vertex -11.7099 0 0.00273991
      vertex -13.0394 -1.21384 0.00273991
      vertex -12.9118 0 0.00273991
    endloop
  endfacet
  facet normal 0 0 -1
    outer loop
      vertex -11.4694 -2.28817 0.00273991
      vertex -13.0394 -1.21384 0.00273991
      vertex -11.7099 0 0.00273991
    endloop
  endfacet
  facet normal 0 0 -1
    outer loop
      vertex -11.4085 -2.57469 0.00273991
      vertex -13.4165 -2.37462 0.00273991
      vertex -11.454 -2.43463 0.00273991
    endloop
  endfacet
  facet normal 0 0 -1
    outer loop
      vertex -11.454 -2.43463 0.00273991
      vertex -13.4165 -2.37462 0.00273991
      vertex -11.4694 -2.28817 0.00273991
    endloop
  endfacet
  facet normal 0 0 -1
    outer loop
      vertex -14.4555 -3.95372 0.00273991
      vertex -14.0268 -3.43162 0.00273991
      vertex -13.7509 -6.12231 0.00273991
    endloop
  endfacet
  facet normal 0 0 -1
    outer loop
      vertex -14.0268 -3.43162 0.00273991
      vertex -14.4555 -3.95372 0.00273991
      vertex -14.4428 -3.89362 0.00273991
    endloop
  endfacet
  facet normal 0 0 -1
    outer loop
      vertex -14.4428 -3.89362 0.00273991
      vertex -14.4555 -3.95372 0.00273991
      vertex -14.4501 -3.90174 0.00273991
    endloop
  endfacet
  facet normal 0 0 -1
    outer loop
      vertex -14.4555 -3.95372 0.00273991
      vertex -14.4555 -3.91121 0.00273991
      vertex -14.4501 -3.90174 0.00273991
    endloop
  endfacet
  facet normal 0 0 -1
    outer loop
      vertex -14.4589 -3.94333 0.00273991
      vertex -14.4555 -3.91121 0.00273991
      vertex -14.4555 -3.95372 0.00273991
    endloop
  endfacet
  facet normal 0 0 -1
    outer loop
      vertex -14.4589 -3.94333 0.00273991
      vertex -14.4589 -3.9216 0.00273991
      vertex -14.4555 -3.91121 0.00273991
    endloop
  endfacet
  facet normal 0 -0 -1
    outer loop
      vertex -14.4589 -3.9216 0.00273991
      vertex -14.4589 -3.94333 0.00273991
      vertex -14.4601 -3.93246 0.00273991
    endloop
  endfacet
  facet normal -0.739346 -0.665297 -0.103674
    outer loop
      vertex -14.7424 3.56089 0.5
      vertex -14.8123 3.63857 0.5
      vertex -14.8035 3.64499 0.396045
    endloop
  endfacet
  facet normal -0.861229 -0.49754 -0.103632
    outer loop
      vertex -14.8123 3.63857 0.5
      vertex -14.8646 3.7291 0.5
      vertex -14.8035 3.64499 0.396045
    endloop
  endfacet
  facet normal 0.553612 0.498473 -0.667112
    outer loop
      vertex 10.9986 10.5764 0.128428
      vertex 12.4059 9.11739 0.206108
      vertex 12.4059 9.01343 0.128428
    endloop
  endfacet
  facet normal 0.553527 0.498384 -0.667249
    outer loop
      vertex 12.4059 9.11739 0.206108
      vertex 10.9986 10.5764 0.128428
      vertex 10.9986 10.6804 0.206108
    endloop
  endfacet
  facet normal -0.353961 0.204356 -0.912661
    outer loop
      vertex -13.8443 6.16389 0.0244722
      vertex -12.3636 8.91846 0.066988
      vertex -12.2764 8.87962 0.0244722
    endloop
  endfacet
  facet normal -0.353687 0.204211 -0.9128
    outer loop
      vertex -12.3636 8.91846 0.066988
      vertex -13.8443 6.16389 0.0244722
      vertex -13.9316 6.20273 0.066988
    endloop
  endfacet
  facet normal -0.438432 0.394762 -0.807428
    outer loop
      vertex -12.3375 8.96372 0.066988
      vertex -10.9986 10.5764 0.128428
      vertex -10.9302 10.5267 0.066988
    endloop
  endfacet
  facet normal -0.438408 0.394743 -0.807451
    outer loop
      vertex -10.9986 10.5764 0.128428
      vertex -12.3375 8.96372 0.066988
      vertex -12.4059 9.01343 0.128428
    endloop
  endfacet
  facet normal 0.198781 0.0645863 -0.977913
    outer loop
      vertex 13.7509 6.12231 0.00273991
      vertex 14.5489 3.99531 0.0244722
      vertex 14.4555 3.95372 0.00273991
    endloop
  endfacet
  facet normal 0.198787 0.0645884 -0.977912
    outer loop
      vertex 14.5489 3.99531 0.0244722
      vertex 13.7509 6.12231 0.00273991
      vertex 13.8443 6.16389 0.0244722
    endloop
  endfacet
  facet normal -0.644534 0.580324 -0.497795
    outer loop
      vertex -10.9986 10.6804 0.206108
      vertex -12.4059 9.11739 0.206108
      vertex -11.0789 10.6663 0.293641
    endloop
  endfacet
  facet normal -0.553612 0.498473 -0.667112
    outer loop
      vertex -12.4059 9.11739 0.206108
      vertex -10.9986 10.5764 0.128428
      vertex -12.4059 9.01343 0.128428
    endloop
  endfacet
  facet normal -0.553527 0.498384 -0.667249
    outer loop
      vertex -10.9986 10.5764 0.128428
      vertex -12.4059 9.11739 0.206108
      vertex -10.9986 10.6804 0.206108
    endloop
  endfacet
  facet normal -0.553546 0.498499 -0.667147
    outer loop
      vertex -12.4059 9.01343 0.128428
      vertex -12.4625 9.05454 0.206108
      vertex -12.4059 9.11739 0.206108
    endloop
  endfacet
  facet normal -0.181045 0.105259 0.977826
    outer loop
      vertex -12.1775 8.8475 20.9973
      vertex -12.2603 8.9076 20.9755
      vertex -12.183 8.83804 20.9973
    endloop
  endfacet
  facet normal -0.199327 -0.0648849 0.977783
    outer loop
      vertex -14.4555 3.91121 20.9973
      vertex -14.5589 3.90034 20.9755
      vertex -14.5489 3.86962 20.9755
    endloop
  endfacet
  facet normal -0.18168 0.104541 0.977785
    outer loop
      vertex -12.2603 8.9076 20.9755
      vertex -12.2764 8.87962 20.9755
      vertex -12.183 8.83804 20.9973
    endloop
  endfacet
  facet normal -0.511052 0.294464 0.807537
    outer loop
      vertex -13.9739 6.2977 20.8716
      vertex -14.0088 6.23713 20.8716
      vertex -13.9316 6.20273 20.933
    endloop
  endfacet
  facet normal -0.553591 0.498441 0.667154
    outer loop
      vertex -12.4059 9.11739 20.7939
      vertex -10.9986 10.5764 20.8716
      vertex -10.9986 10.6804 20.7939
    endloop
  endfacet
  facet normal -0.553676 0.49853 0.667017
    outer loop
      vertex -10.9986 10.5764 20.8716
      vertex -12.4059 9.11739 20.7939
      vertex -12.4059 9.01343 20.8716
    endloop
  endfacet
  facet normal -0.155783 0.140264 0.977782
    outer loop
      vertex -12.2386 8.9316 20.9755
      vertex -10.7629 10.4186 20.9973
      vertex -10.8313 10.4946 20.9755
    endloop
  endfacet
  facet normal -0.155802 0.140283 0.977776
    outer loop
      vertex -10.7629 10.4186 20.9973
      vertex -12.2386 8.9316 20.9755
      vertex -12.1702 8.85562 20.9973
    endloop
  endfacet
  facet normal -0.824804 0.267941 0.497901
    outer loop
      vertex -14.1205 6.28683 20.7034
      vertex -14.15 6.19602 20.7034
      vertex -14.0989 6.18515 20.7939
    endloop
  endfacet
  facet normal -0.862474 0.0908154 0.497886
    outer loop
      vertex -14.8546 4.02743 20.7034
      vertex -14.8646 3.93246 20.7034
      vertex -14.8035 4.01657 20.7939
    endloop
  endfacet
  facet normal 0 0.744865 0.667215
    outer loop
      vertex 9.94844 10.7821 20.7939
      vertex 8.79425 10.7125 20.8716
      vertex 9.95575 10.7125 20.8716
    endloop
  endfacet
  facet normal 0 0.744865 0.667215
    outer loop
      vertex 8.79425 10.7125 20.8716
      vertex 9.94844 10.7821 20.7939
      vertex 8.80156 10.7821 20.7939
    endloop
  endfacet
  facet normal 0 0.744865 0.667215
    outer loop
      vertex -8.80156 10.7821 20.7939
      vertex -9.95575 10.7125 20.8716
      vertex -8.79425 10.7125 20.8716
    endloop
  endfacet
  facet normal 0 0.744865 0.667215
    outer loop
      vertex -9.95575 10.7125 20.8716
      vertex -8.80156 10.7821 20.7939
      vertex -9.94844 10.7821 20.7939
    endloop
  endfacet
  facet normal 0.303504 0.273273 0.912802
    outer loop
      vertex 10.9302 10.5267 20.933
      vertex 12.2386 8.9316 20.9755
      vertex 12.3375 8.96372 20.933
    endloop
  endfacet
  facet normal 0.30354 0.273303 0.912781
    outer loop
      vertex 12.2386 8.9316 20.9755
      vertex 10.9302 10.5267 20.933
      vertex 10.8313 10.4946 20.9755
    endloop
  endfacet
  facet normal -0.86133 0.497312 0.103878
    outer loop
      vertex -12.592 9.02015 20.5
      vertex -14.0989 6.38852 20.604
      vertex -12.5309 9.10425 20.604
    endloop
  endfacet
  facet normal -0.86133 0.497312 0.103878
    outer loop
      vertex -14.0989 6.38852 20.604
      vertex -12.592 9.02015 20.5
      vertex -14.16 6.30442 20.5
    endloop
  endfacet
  facet normal -0.861423 0.497106 0.1041
    outer loop
      vertex -14.0989 6.38852 20.604
      vertex -14.16 6.30442 20.5
      vertex -14.15 6.29997 20.604
    endloop
  endfacet
  facet normal -0.824112 0.475824 0.307296
    outer loop
      vertex -14.0989 6.38852 20.604
      vertex -12.5048 9.08526 20.7034
      vertex -12.5309 9.10425 20.604
    endloop
  endfacet
  facet normal -0.823916 0.47568 0.308046
    outer loop
      vertex -12.5048 9.08526 20.7034
      vertex -14.0989 6.38852 20.604
      vertex -14.0727 6.36953 20.7034
    endloop
  endfacet
  facet normal -0.824012 0.475517 0.30804
    outer loop
      vertex -14.0989 6.38852 20.604
      vertex -14.15 6.29997 20.604
      vertex -14.0727 6.36953 20.7034
    endloop
  endfacet
  facet normal -0.708374 0.230752 0.667053
    outer loop
      vertex -14.0727 6.26558 20.7939
      vertex -14.0989 6.18515 20.7939
      vertex -14.0088 6.23713 20.8716
    endloop
  endfacet
  facet normal 0.18168 0.104541 0.977785
    outer loop
      vertex 12.2603 8.9076 20.9755
      vertex 12.183 8.83804 20.9973
      vertex 12.2764 8.87962 20.9755
    endloop
  endfacet
  facet normal 0.181555 0.104819 0.977779
    outer loop
      vertex 12.2764 8.87962 20.9755
      vertex 13.7509 6.12231 20.9973
      vertex 13.8443 6.16389 20.9755
    endloop
  endfacet
  facet normal 0.181555 0.104819 0.977779
    outer loop
      vertex 13.7509 6.12231 20.9973
      vertex 12.2764 8.87962 20.9755
      vertex 12.183 8.83804 20.9973
    endloop
  endfacet
  facet normal 0.155432 0.140536 0.977799
    outer loop
      vertex 12.2386 8.9316 20.9755
      vertex 12.1775 8.8475 20.9973
      vertex 12.2603 8.9076 20.9755
    endloop
  endfacet
  facet normal 0.824112 0.475824 0.307296
    outer loop
      vertex 12.5048 9.08526 20.7034
      vertex 14.0989 6.38852 20.604
      vertex 12.5309 9.10425 20.604
    endloop
  endfacet
  facet normal 0.823916 0.47568 0.308046
    outer loop
      vertex 14.0989 6.38852 20.604
      vertex 12.5048 9.08526 20.7034
      vertex 14.0727 6.36953 20.7034
    endloop
  endfacet
  facet normal 0.750993 0.433578 0.498016
    outer loop
      vertex 12.5048 8.98131 20.7939
      vertex 14.0727 6.36953 20.7034
      vertex 12.5048 9.08526 20.7034
    endloop
  endfacet
  facet normal 0.750993 0.433578 0.498016
    outer loop
      vertex 14.0727 6.36953 20.7034
      vertex 12.5048 8.98131 20.7939
      vertex 14.0727 6.26558 20.7939
    endloop
  endfacet
  facet normal 0.553591 0.498441 0.667154
    outer loop
      vertex 10.9986 10.5764 20.8716
      vertex 12.4059 9.11739 20.7939
      vertex 10.9986 10.6804 20.7939
    endloop
  endfacet
  facet normal 0.553676 0.49853 0.667017
    outer loop
      vertex 12.4059 9.11739 20.7939
      vertex 10.9986 10.5764 20.8716
      vertex 12.4059 9.01343 20.8716
    endloop
  endfacet
  facet normal 0.388456 0.126451 0.91275
    outer loop
      vertex 14.6523 3.98444 20.933
      vertex 14.5489 3.99531 20.9755
      vertex 14.5589 3.96459 20.9755
    endloop
  endfacet
  facet normal -0.182234 -0.103914 0.977749
    outer loop
      vertex -14.4555 3.91121 20.9973
      vertex -14.5328 3.84165 20.9755
      vertex -14.4501 3.90174 20.9973
    endloop
  endfacet
  facet normal 0.208563 0.0220702 0.97776
    outer loop
      vertex 14.5589 3.96459 20.9755
      vertex 14.4601 3.93246 20.9973
      vertex 14.5623 3.93246 20.9755
    endloop
  endfacet
  facet normal -0.208268 -0.023013 0.977801
    outer loop
      vertex -14.4601 3.93246 20.9973
      vertex -14.5589 3.90034 20.9755
      vertex -14.4589 3.9216 20.9973
    endloop
  endfacet
  facet normal 0.553572 -0.498602 0.667049
    outer loop
      vertex 14.6785 3.73581 20.8716
      vertex 14.6785 3.63186 20.7939
      vertex 14.7351 3.6947 20.7939
    endloop
  endfacet
  facet normal 0.388456 -0.126451 0.91275
    outer loop
      vertex 14.5589 3.90034 20.9755
      vertex 14.5489 3.86962 20.9755
      vertex 14.6523 3.88049 20.933
    endloop
  endfacet
  facet normal 0.51086 -0.294597 0.80761
    outer loop
      vertex 14.6362 3.83078 20.933
      vertex 14.6101 3.78552 20.933
      vertex 14.6785 3.73581 20.8716
    endloop
  endfacet
  facet normal 0.708411 0.231096 0.666895
    outer loop
      vertex 14.8035 4.01657 20.7939
      vertex 14.7134 4.06854 20.8716
      vertex 14.7351 4.00202 20.8716
    endloop
  endfacet
  facet normal 0.645518 0.371943 0.667057
    outer loop
      vertex 14.0727 6.26558 20.7939
      vertex 13.9739 6.2977 20.8716
      vertex 14.0088 6.23713 20.8716
    endloop
  endfacet
  facet normal 0.510575 0.294794 0.807719
    outer loop
      vertex 12.3636 8.91846 20.933
      vertex 13.9739 6.2977 20.8716
      vertex 12.4059 9.01343 20.8716
    endloop
  endfacet
  facet normal 0.510575 0.294794 0.807719
    outer loop
      vertex 13.9739 6.2977 20.8716
      vertex 12.3636 8.91846 20.933
      vertex 13.9316 6.20273 20.933
    endloop
  endfacet
  facet normal 0.905008 0.293996 0.307453
    outer loop
      vertex 14.15 6.29997 20.604
      vertex 14.1205 6.28683 20.7034
      vertex 14.15 6.19602 20.7034
    endloop
  endfacet
  facet normal 0.945889 0.307332 -0.10412
    outer loop
      vertex 14.1923 6.205 0.5
      vertex 14.8546 4.13139 0.396045
      vertex 14.15 6.29997 0.396045
    endloop
  endfacet
  facet normal 0.945889 0.307332 -0.10412
    outer loop
      vertex 14.8546 4.13139 0.396045
      vertex 14.1923 6.205 0.5
      vertex 14.8969 4.03642 0.5
    endloop
  endfacet
  facet normal 0.645102 0.372632 0.667075
    outer loop
      vertex 12.4625 9.05454 20.7939
      vertex 12.4059 9.01343 20.8716
      vertex 12.5048 8.98131 20.7939
    endloop
  endfacet
  facet normal 0.750827 0.433702 0.498158
    outer loop
      vertex 12.5048 9.08526 20.7034
      vertex 12.4625 9.05454 20.7939
      vertex 12.5048 8.98131 20.7939
    endloop
  endfacet
  facet normal 0.511269 0.29459 -0.807354
    outer loop
      vertex 14.0088 6.23713 0.128428
      vertex 13.9316 6.20273 0.066988
      vertex 13.9739 6.2977 0.128428
    endloop
  endfacet
  facet normal 0.824859 0.267959 -0.497802
    outer loop
      vertex 14.15 6.19602 0.296632
      vertex 14.0989 6.18515 0.206108
      vertex 14.1205 6.28683 0.296632
    endloop
  endfacet
  facet normal 0.741113 0.0775389 -0.666887
    outer loop
      vertex 14.8123 3.93246 0.206108
      vertex 14.7424 3.93246 0.128428
      vertex 14.8035 4.01657 0.206108
    endloop
  endfacet
  facet normal 0.207944 -0.0220115 -0.977893
    outer loop
      vertex 14.5589 3.90034 0.0244722
      vertex 14.4601 3.93246 0.00273991
      vertex 14.5623 3.93246 0.0244722
    endloop
  endfacet
  facet normal 0.586493 -0.0620687 -0.807573
    outer loop
      vertex 14.7424 3.93246 0.128428
      vertex 14.6523 3.88049 0.066988
      vertex 14.6578 3.93246 0.066988
    endloop
  endfacet
  facet normal 0.824879 -0.267936 -0.497781
    outer loop
      vertex 14.8251 3.74668 0.296632
      vertex 14.8035 3.84836 0.206108
      vertex 14.8546 3.8375 0.296632
    endloop
  endfacet
  facet normal 0.905029 -0.29397 -0.307416
    outer loop
      vertex 14.8546 3.73354 0.396045
      vertex 14.8251 3.74668 0.296632
      vertex 14.8546 3.8375 0.296632
    endloop
  endfacet
  facet normal 0.561452 -0.181842 -0.807283
    outer loop
      vertex 14.7134 3.79638 0.128428
      vertex 14.6362 3.83078 0.066988
      vertex 14.6523 3.88049 0.066988
    endloop
  endfacet
  facet normal 0.708297 -0.230756 -0.667133
    outer loop
      vertex 14.7773 3.76794 0.206108
      vertex 14.7134 3.79638 0.128428
      vertex 14.8035 3.84836 0.206108
    endloop
  endfacet
  facet normal 0.904989 0.294043 -0.307462
    outer loop
      vertex 14.8546 4.13139 0.396045
      vertex 14.15 6.19602 0.296632
      vertex 14.15 6.29997 0.396045
    endloop
  endfacet
  facet normal 0.904982 0.294039 -0.307488
    outer loop
      vertex 14.15 6.19602 0.296632
      vertex 14.8546 4.13139 0.396045
      vertex 14.8546 4.02743 0.296632
    endloop
  endfacet
  facet normal 0.989183 -0.103724 -0.103719
    outer loop
      vertex 14.9078 3.93246 0.5
      vertex 14.8969 3.82851 0.5
      vertex 14.8969 3.93246 0.396045
    endloop
  endfacet
  facet normal 0.989184 0.103714 -0.103719
    outer loop
      vertex 14.9078 3.93246 0.5
      vertex 14.8969 3.93246 0.396045
      vertex 14.8969 4.03642 0.5
    endloop
  endfacet
  facet normal 0.82386 -0.476185 -0.307414
    outer loop
      vertex 14.8546 3.73354 0.396045
      vertex 14.7773 3.66398 0.296632
      vertex 14.8251 3.74668 0.296632
    endloop
  endfacet
  facet normal 0.824332 -0.268559 -0.49835
    outer loop
      vertex 14.8251 3.74668 0.296632
      vertex 14.7773 3.76794 0.206108
      vertex 14.8035 3.84836 0.206108
    endloop
  endfacet
  facet normal 0.945883 -0.307383 0.104026
    outer loop
      vertex 14.8862 3.83078 20.604
      vertex 14.8546 3.73354 20.604
      vertex 14.8969 3.82851 20.5
    endloop
  endfacet
  facet normal 0.945893 -0.307337 0.104072
    outer loop
      vertex 14.8969 3.82851 20.5
      vertex 14.8546 3.73354 20.604
      vertex 14.8646 3.7291 20.5
    endloop
  endfacet
  facet normal 0.945883 0.307383 0.104026
    outer loop
      vertex 14.8969 4.03642 20.5
      vertex 14.8546 4.13139 20.604
      vertex 14.8862 4.03415 20.604
    endloop
  endfacet
  facet normal -0.388577 -0.12649 -0.912693
    outer loop
      vertex -14.5489 3.86962 0.0244722
      vertex -14.6523 3.88049 0.066988
      vertex -14.5589 3.90034 0.0244722
    endloop
  endfacet
  facet normal -0.198735 -0.0646922 -0.977916
    outer loop
      vertex -14.5489 3.86962 0.0244722
      vertex -14.5589 3.90034 0.0244722
      vertex -14.4555 3.91121 0.00273991
    endloop
  endfacet
  facet normal -0.207944 0.0220046 -0.977893
    outer loop
      vertex -14.4601 3.93246 0.00273991
      vertex -14.5623 3.93246 0.0244722
      vertex -14.5589 3.96459 0.0244722
    endloop
  endfacet
  facet normal -0.207944 -0.0220115 -0.977893
    outer loop
      vertex -14.5589 3.90034 0.0244722
      vertex -14.5623 3.93246 0.0244722
      vertex -14.4601 3.93246 0.00273991
    endloop
  endfacet
  facet normal -0.824792 0.267984 0.497899
    outer loop
      vertex -14.8546 4.02743 20.7034
      vertex -14.0989 6.18515 20.7939
      vertex -14.15 6.19602 20.7034
    endloop
  endfacet
  facet normal -0.824803 0.267989 0.497876
    outer loop
      vertex -14.0989 6.18515 20.7939
      vertex -14.8546 4.02743 20.7034
      vertex -14.8035 4.01657 20.7939
    endloop
  endfacet
  facet normal -0.741198 -0.0775569 0.666792
    outer loop
      vertex -14.7424 3.93246 20.8716
      vertex -14.8123 3.93246 20.7939
      vertex -14.8035 3.84836 20.7939
    endloop
  endfacet
  facet normal -0.741198 0.0775478 0.666792
    outer loop
      vertex -14.8035 4.01657 20.7939
      vertex -14.8123 3.93246 20.7939
      vertex -14.7424 3.93246 20.8716
    endloop
  endfacet
  facet normal -0.741062 -0.0777711 0.666917
    outer loop
      vertex -14.7424 3.93246 20.8716
      vertex -14.8035 3.84836 20.7939
      vertex -14.7351 3.8629 20.8716
    endloop
  endfacet
  facet normal -0.708425 -0.231101 0.666878
    outer loop
      vertex -14.7351 3.8629 20.8716
      vertex -14.8035 3.84836 20.7939
      vertex -14.7134 3.79638 20.8716
    endloop
  endfacet
  facet normal -0.946301 -0.0995812 0.307568
    outer loop
      vertex -14.8546 3.8375 20.7034
      vertex -14.8969 3.93246 20.604
      vertex -14.8862 3.83078 20.604
    endloop
  endfacet
  facet normal -0.989112 -0.104086 0.104036
    outer loop
      vertex -14.8969 3.93246 20.604
      vertex -14.8969 3.82851 20.5
      vertex -14.8862 3.83078 20.604
    endloop
  endfacet
  facet normal -0.303572 -0.273101 0.912831
    outer loop
      vertex -14.5328 3.84165 20.9755
      vertex -14.6101 3.78552 20.933
      vertex -14.5112 3.81764 20.9755
    endloop
  endfacet
  facet normal -0.645538 -0.371955 0.667031
    outer loop
      vertex -14.7134 3.79638 20.8716
      vertex -14.7773 3.76794 20.7939
      vertex -14.6785 3.73581 20.8716
    endloop
  endfacet
  facet normal -0.645539 -0.371951 0.667032
    outer loop
      vertex -14.6785 3.73581 20.8716
      vertex -14.7773 3.76794 20.7939
      vertex -14.7351 3.6947 20.7939
    endloop
  endfacet
  facet normal -0.739119 -0.665509 0.103934
    outer loop
      vertex -14.7424 3.56089 20.5
      vertex -14.3802 3.17487 20.604
      vertex -14.8035 3.64499 20.604
    endloop
  endfacet
  facet normal -0.739101 -0.665575 0.103626
    outer loop
      vertex -14.3802 3.17487 20.604
      vertex -14.7424 3.56089 20.5
      vertex -14.389 3.16845 20.5
    endloop
  endfacet
  facet normal -0.644566 -0.580373 0.497697
    outer loop
      vertex -14.354 3.19386 20.7034
      vertex -14.6785 3.63186 20.7939
      vertex -14.7773 3.66398 20.7034
    endloop
  endfacet
  facet normal -0.644317 -0.580278 0.49813
    outer loop
      vertex -14.6785 3.63186 20.7939
      vertex -14.354 3.19386 20.7034
      vertex -14.3117 3.22458 20.7939
    endloop
  endfacet
  facet normal 0.198697 -0.0650211 -0.977902
    outer loop
      vertex 14.5589 3.90034 0.0244722
      vertex 14.4555 3.91121 0.00273991
      vertex 14.4589 3.9216 0.00273991
    endloop
  endfacet
  facet normal 0.207654 0.0229241 -0.977934
    outer loop
      vertex 14.4601 3.93246 0.00273991
      vertex 14.4589 3.94333 0.00273991
      vertex 14.5589 3.96459 0.0244722
    endloop
  endfacet
  facet normal -0.644559 -0.580555 -0.497493
    outer loop
      vertex -14.6785 3.63186 0.206108
      vertex -14.7773 3.66398 0.296632
      vertex -14.7351 3.6947 0.206108
    endloop
  endfacet
  facet normal -0.553795 -0.498753 -0.66675
    outer loop
      vertex -14.6785 3.63186 0.206108
      vertex -14.2552 3.26569 0.128428
      vertex -14.3117 3.22458 0.206108
    endloop
  endfacet
  facet normal -0.553633 -0.498496 -0.667078
    outer loop
      vertex -14.2552 3.26569 0.128428
      vertex -14.6785 3.63186 0.206108
      vertex -14.6785 3.73581 0.128428
    endloop
  endfacet
  facet normal -0.155457 -0.139759 -0.977906
    outer loop
      vertex -14.4428 3.89362 0.00273991
      vertex -14.5112 3.81764 0.0244722
      vertex -14.4501 3.90174 0.00273991
    endloop
  endfacet
  facet normal 0.181693 -0.103605 -0.977882
    outer loop
      vertex 14.5328 3.84165 0.0244722
      vertex 14.4501 3.90174 0.00273991
      vertex 14.4555 3.91121 0.00273991
    endloop
  endfacet
  facet normal -0.644359 -0.580316 -0.49803
    outer loop
      vertex -14.354 3.19386 0.296632
      vertex -14.6785 3.63186 0.206108
      vertex -14.3117 3.22458 0.206108
    endloop
  endfacet
  facet normal -0.644608 -0.580411 -0.497597
    outer loop
      vertex -14.6785 3.63186 0.206108
      vertex -14.354 3.19386 0.296632
      vertex -14.7773 3.66398 0.296632
    endloop
  endfacet
  facet normal -0.70703 -0.636616 -0.307943
    outer loop
      vertex -14.354 3.19386 0.296632
      vertex -14.8035 3.64499 0.396045
      vertex -14.7773 3.66398 0.296632
    endloop
  endfacet
  facet normal -0.70703 -0.636616 -0.307943
    outer loop
      vertex -14.8035 3.64499 0.396045
      vertex -14.354 3.19386 0.296632
      vertex -14.3802 3.17487 0.396045
    endloop
  endfacet
  facet normal 0 0.994647 -0.103335
    outer loop
      vertex 9.9396 10.8662 0.396045
      vertex 8.81154 10.877 0.5
      vertex 9.93846 10.877 0.5
    endloop
  endfacet
  facet normal 0 0.994647 -0.103335
    outer loop
      vertex 8.81154 10.877 0.5
      vertex 9.9396 10.8662 0.396045
      vertex 8.8104 10.8662 0.396045
    endloop
  endfacet
  facet normal 0 0.994647 -0.103335
    outer loop
      vertex -8.8104 10.8662 0.396045
      vertex -9.93846 10.877 0.5
      vertex -8.81154 10.877 0.5
    endloop
  endfacet
  facet normal 0 0.994647 -0.103335
    outer loop
      vertex -9.93846 10.877 0.5
      vertex -8.8104 10.8662 0.396045
      vertex -9.9396 10.8662 0.396045
    endloop
  endfacet
  facet normal -0.181555 0.104819 0.977779
    outer loop
      vertex -12.2764 8.87962 20.9755
      vertex -13.7509 6.12231 20.9973
      vertex -12.183 8.83804 20.9973
    endloop
  endfacet
  facet normal -0.181555 0.104819 0.977779
    outer loop
      vertex -13.7509 6.12231 20.9973
      vertex -12.2764 8.87962 20.9755
      vertex -13.8443 6.16389 20.9755
    endloop
  endfacet
  facet normal 0.155862 -0.140218 0.977776
    outer loop
      vertex 14.5328 3.84165 20.9755
      vertex 14.4501 3.90174 20.9973
      vertex 14.5112 3.81764 20.9755
    endloop
  endfacet
  facet normal -0.388456 0.126451 0.91275
    outer loop
      vertex -14.5489 3.99531 20.9755
      vertex -14.6523 3.98444 20.933
      vertex -14.5589 3.96459 20.9755
    endloop
  endfacet
  facet normal -0.388456 -0.126451 0.91275
    outer loop
      vertex -14.5589 3.90034 20.9755
      vertex -14.6523 3.88049 20.933
      vertex -14.5489 3.86962 20.9755
    endloop
  endfacet
  facet normal -0.38843 0.125804 0.91285
    outer loop
      vertex -14.6362 4.03415 20.933
      vertex -14.6523 3.98444 20.933
      vertex -14.5489 3.99531 20.9755
    endloop
  endfacet
  facet normal -0.561227 0.181769 0.807455
    outer loop
      vertex -14.6362 4.03415 20.933
      vertex -14.7134 4.06854 20.8716
      vertex -14.6523 3.98444 20.933
    endloop
  endfacet
  facet normal -0.750993 0.433578 0.498016
    outer loop
      vertex -14.0727 6.36953 20.7034
      vertex -12.5048 8.98131 20.7939
      vertex -12.5048 9.08526 20.7034
    endloop
  endfacet
  facet normal -0.750993 0.433578 0.498016
    outer loop
      vertex -12.5048 8.98131 20.7939
      vertex -14.0727 6.36953 20.7034
      vertex -14.0727 6.26558 20.7939
    endloop
  endfacet
  facet normal -0.64507 0.580708 0.496651
    outer loop
      vertex -11.0822 10.6652 20.7034
      vertex -12.4059 9.11739 20.7939
      vertex -11.0789 10.6663 20.7064
    endloop
  endfacet
  facet normal -0.644357 0.580188 0.498182
    outer loop
      vertex -12.4059 9.11739 20.7939
      vertex -11.0822 10.6652 20.7034
      vertex -12.5048 9.08526 20.7034
    endloop
  endfacet
  facet normal 0.155921 0.140175 0.977773
    outer loop
      vertex 12.2386 8.9316 20.9755
      vertex 12.1702 8.85562 20.9973
      vertex 12.1775 8.8475 20.9973
    endloop
  endfacet
  facet normal 0.155921 -0.140175 0.977773
    outer loop
      vertex 14.4501 3.90174 20.9973
      vertex 14.4428 3.89362 20.9973
      vertex 14.5112 3.81764 20.9755
    endloop
  endfacet
  facet normal 0.182234 -0.103914 0.977749
    outer loop
      vertex 14.4555 3.91121 20.9973
      vertex 14.4501 3.90174 20.9973
      vertex 14.5328 3.84165 20.9755
    endloop
  endfacet
  facet normal 0.155783 0.140264 0.977782
    outer loop
      vertex 10.7629 10.4186 20.9973
      vertex 12.2386 8.9316 20.9755
      vertex 10.8313 10.4946 20.9755
    endloop
  endfacet
  facet normal 0.155802 0.140283 0.977776
    outer loop
      vertex 12.2386 8.9316 20.9755
      vertex 10.7629 10.4186 20.9973
      vertex 12.1702 8.85562 20.9973
    endloop
  endfacet
  facet normal 0.199327 0.0648849 0.977783
    outer loop
      vertex 14.5489 3.99531 20.9755
      vertex 14.4555 3.95372 20.9973
      vertex 14.5589 3.96459 20.9755
    endloop
  endfacet
  facet normal 0.823849 0.476179 0.30745
    outer loop
      vertex 14.15 6.29997 20.604
      vertex 14.0727 6.36953 20.7034
      vertex 14.1205 6.28683 20.7034
    endloop
  endfacet
  facet normal 0.750623 0.433854 0.498333
    outer loop
      vertex 14.0727 6.36953 20.7034
      vertex 14.0727 6.26558 20.7939
      vertex 14.1205 6.28683 20.7034
    endloop
  endfacet
  facet normal 0.303503 -0.273276 0.912801
    outer loop
      vertex 14.5112 3.81764 20.9755
      vertex 14.1868 3.3154 20.933
      vertex 14.6101 3.78552 20.933
    endloop
  endfacet
  facet normal 0.30348 -0.273263 0.912813
    outer loop
      vertex 14.1868 3.3154 20.933
      vertex 14.5112 3.81764 20.9755
      vertex 14.1095 3.37152 20.9755
    endloop
  endfacet
  facet normal 0.199289 -0.0652148 0.977768
    outer loop
      vertex 14.4589 3.9216 20.9973
      vertex 14.4555 3.91121 20.9973
      vertex 14.5589 3.90034 20.9755
    endloop
  endfacet
  facet normal -0.199289 -0.0652148 0.977768
    outer loop
      vertex -14.4589 3.9216 20.9973
      vertex -14.5589 3.90034 20.9755
      vertex -14.4555 3.91121 20.9973
    endloop
  endfacet
  facet normal 0 0 1
    outer loop
      vertex 14.4589 3.94333 20.9973
      vertex 14.4589 3.9216 20.9973
      vertex 14.4601 3.93246 20.9973
    endloop
  endfacet
  facet normal 0 0 1
    outer loop
      vertex 14.4555 3.95372 20.9973
      vertex 14.4589 3.9216 20.9973
      vertex 14.4589 3.94333 20.9973
    endloop
  endfacet
  facet normal 0 0 1
    outer loop
      vertex 14.4555 3.95372 20.9973
      vertex 14.4555 3.91121 20.9973
      vertex 14.4589 3.9216 20.9973
    endloop
  endfacet
  facet normal 0 0 1
    outer loop
      vertex 14.4555 3.95372 20.9973
      vertex 14.4501 3.90174 20.9973
      vertex 14.4555 3.91121 20.9973
    endloop
  endfacet
  facet normal 0 0 1
    outer loop
      vertex 14.4555 3.95372 20.9973
      vertex 14.4428 3.89362 20.9973
      vertex 14.4501 3.90174 20.9973
    endloop
  endfacet
  facet normal 0 0 1
    outer loop
      vertex 14.4555 3.95372 20.9973
      vertex 14.0268 3.43162 20.9973
      vertex 14.4428 3.89362 20.9973
    endloop
  endfacet
  facet normal 0 0 1
    outer loop
      vertex 13.7509 6.12231 20.9973
      vertex 14.0268 3.43162 20.9973
      vertex 14.4555 3.95372 20.9973
    endloop
  endfacet
  facet normal 0 0 1
    outer loop
      vertex 13.7509 6.12231 20.9973
      vertex 13.4165 2.37462 20.9973
      vertex 14.0268 3.43162 20.9973
    endloop
  endfacet
  facet normal 0 0 1
    outer loop
      vertex 7.755 0 20.9973
      vertex 13.4165 2.37462 20.9973
      vertex 13.7509 6.12231 20.9973
    endloop
  endfacet
  facet normal 0 0 1
    outer loop
      vertex 13.4165 2.37462 20.9973
      vertex 7.755 0 20.9973
      vertex 13.0394 1.21384 20.9973
    endloop
  endfacet
  facet normal 0 0 1
    outer loop
      vertex 7.755 0 20.9973
      vertex 13.7509 6.12231 20.9973
      vertex 12.183 8.83804 20.9973
    endloop
  endfacet
  facet normal 0 0 1
    outer loop
      vertex 14.4589 -3.9216 20.9973
      vertex 14.4589 -3.94333 20.9973
      vertex 14.4601 -3.93246 20.9973
    endloop
  endfacet
  facet normal 0 0 1
    outer loop
      vertex 14.4555 -3.91121 20.9973
      vertex 14.4589 -3.94333 20.9973
      vertex 14.4589 -3.9216 20.9973
    endloop
  endfacet
  facet normal 0 0 1
    outer loop
      vertex 14.4555 -3.91121 20.9973
      vertex 14.4555 -3.95372 20.9973
      vertex 14.4589 -3.94333 20.9973
    endloop
  endfacet
  facet normal 0 0 1
    outer loop
      vertex 14.4501 -3.90174 20.9973
      vertex 14.4555 -3.95372 20.9973
      vertex 14.4555 -3.91121 20.9973
    endloop
  endfacet
  facet normal 0 0 1
    outer loop
      vertex 14.4428 -3.89362 20.9973
      vertex 14.4555 -3.95372 20.9973
      vertex 14.4501 -3.90174 20.9973
    endloop
  endfacet
  facet normal 0 0 1
    outer loop
      vertex 14.0268 -3.43162 20.9973
      vertex 14.4555 -3.95372 20.9973
      vertex 14.4428 -3.89362 20.9973
    endloop
  endfacet
  facet normal 0 0 1
    outer loop
      vertex 14.0268 -3.43162 20.9973
      vertex 13.7509 -6.12231 20.9973
      vertex 14.4555 -3.95372 20.9973
    endloop
  endfacet
  facet normal 0 0 1
    outer loop
      vertex 13.4165 -2.37462 20.9973
      vertex 13.7509 -6.12231 20.9973
      vertex 14.0268 -3.43162 20.9973
    endloop
  endfacet
  facet normal 0 0 1
    outer loop
      vertex 7.755 0 20.9973
      vertex 13.4165 -2.37462 20.9973
      vertex 13.0394 -1.21384 20.9973
    endloop
  endfacet
  facet normal 0 0 1
    outer loop
      vertex 13.4165 -2.37462 20.9973
      vertex 7.755 0 20.9973
      vertex 13.7509 -6.12231 20.9973
    endloop
  endfacet
  facet normal -0 0 1
    outer loop
      vertex 7.755 0 20.9973
      vertex 13.0394 -1.21384 20.9973
      vertex 12.9118 0 20.9973
    endloop
  endfacet
  facet normal 0 0 1
    outer loop
      vertex 13.0394 1.21384 20.9973
      vertex 7.755 0 20.9973
      vertex 12.9118 0 20.9973
    endloop
  endfacet
  facet normal 0 0 1
    outer loop
      vertex 12.1702 8.85562 20.9973
      vertex 12.183 8.83804 20.9973
      vertex 12.1775 8.8475 20.9973
    endloop
  endfacet
  facet normal 0 0 1
    outer loop
      vertex 13.7509 -6.12231 20.9973
      vertex 7.755 0 20.9973
      vertex 12.183 -8.83804 20.9973
    endloop
  endfacet
  facet normal 0 0 1
    outer loop
      vertex 8.76474 10.4317 20.9973
      vertex 12.183 8.83804 20.9973
      vertex 12.1702 8.85562 20.9973
    endloop
  endfacet
  facet normal -0 0 1
    outer loop
      vertex 3.8775 -6.71603 20.9973
      vertex 12.183 -8.83804 20.9973
      vertex 7.755 0 20.9973
    endloop
  endfacet
  facet normal 0 0 1
    outer loop
      vertex 9.98526 10.4317 20.9973
      vertex 12.1702 8.85562 20.9973
      vertex 10.7629 10.4186 20.9973
    endloop
  endfacet
  facet normal 0 -0 1
    outer loop
      vertex 8.76474 -10.4317 20.9973
      vertex 12.183 -8.83804 20.9973
      vertex 3.8775 -6.71603 20.9973
    endloop
  endfacet
  facet normal 0 0 1
    outer loop
      vertex 10.5934 10.561 20.9973
      vertex 10.7629 10.4186 20.9973
      vertex 10.6445 10.5501 20.9973
    endloop
  endfacet
  facet normal 0 0 1
    outer loop
      vertex 12.183 -8.83804 20.9973
      vertex 12.1702 -8.85562 20.9973
      vertex 12.1775 -8.8475 20.9973
    endloop
  endfacet
  facet normal 0 0 1
    outer loop
      vertex 10.5934 10.561 20.9973
      vertex 10.6445 10.5501 20.9973
      vertex 10.6356 10.5565 20.9973
    endloop
  endfacet
  facet normal 0 0 1
    outer loop
      vertex 12.1702 -8.85562 20.9973
      vertex 9.98526 -10.4317 20.9973
      vertex 10.7629 -10.4186 20.9973
    endloop
  endfacet
  facet normal -0 0 1
    outer loop
      vertex 10.5934 10.561 20.9973
      vertex 10.6356 10.5565 20.9973
      vertex 10.6257 10.561 20.9973
    endloop
  endfacet
  facet normal 0 -0 1
    outer loop
      vertex 10.5934 -10.561 20.9973
      vertex 10.7629 -10.4186 20.9973
      vertex 9.98526 -10.4317 20.9973
    endloop
  endfacet
  facet normal 0 0 1
    outer loop
      vertex 10.5934 10.561 20.9973
      vertex 10.6257 10.561 20.9973
      vertex 10.615 10.5633 20.9973
    endloop
  endfacet
  facet normal 0 0 1
    outer loop
      vertex 10.7629 -10.4186 20.9973
      vertex 10.5934 -10.561 20.9973
      vertex 10.6445 -10.5501 20.9973
    endloop
  endfacet
  facet normal 0 0 1
    outer loop
      vertex 10.5934 10.561 20.9973
      vertex 10.615 10.5633 20.9973
      vertex 10.604 10.5633 20.9973
    endloop
  endfacet
  facet normal 0 0 1
    outer loop
      vertex 10.6445 -10.5501 20.9973
      vertex 10.5934 -10.561 20.9973
      vertex 10.6356 -10.5565 20.9973
    endloop
  endfacet
  facet normal 0 0 1
    outer loop
      vertex 10.7629 10.4186 20.9973
      vertex 10.5934 10.561 20.9973
      vertex 9.98526 10.4317 20.9973
    endloop
  endfacet
  facet normal 0 0 1
    outer loop
      vertex 10.6356 -10.5565 20.9973
      vertex 10.5934 -10.561 20.9973
      vertex 10.6257 -10.561 20.9973
    endloop
  endfacet
  facet normal -0 0 1
    outer loop
      vertex 8.76474 10.4317 20.9973
      vertex 12.1702 8.85562 20.9973
      vertex 9.98526 10.4317 20.9973
    endloop
  endfacet
  facet normal 0 0 1
    outer loop
      vertex 10.615 -10.5633 20.9973
      vertex 10.5934 -10.561 20.9973
      vertex 10.604 -10.5633 20.9973
    endloop
  endfacet
  facet normal 0 0 1
    outer loop
      vertex 12.183 8.83804 20.9973
      vertex 8.76474 10.4317 20.9973
      vertex 3.8775 6.71603 20.9973
    endloop
  endfacet
  facet normal 0 0 1
    outer loop
      vertex 10.6257 -10.561 20.9973
      vertex 10.5934 -10.561 20.9973
      vertex 10.615 -10.5633 20.9973
    endloop
  endfacet
  facet normal 0 0 1
    outer loop
      vertex 12.1702 -8.85562 20.9973
      vertex 8.76474 -10.4317 20.9973
      vertex 9.98526 -10.4317 20.9973
    endloop
  endfacet
  facet normal 0 0 1
    outer loop
      vertex 3.8775 6.71603 20.9973
      vertex 8.76474 10.4317 20.9973
      vertex 7.57089 10.6855 20.9973
    endloop
  endfacet
  facet normal 0 0 1
    outer loop
      vertex 3.8775 6.71603 20.9973
      vertex 7.57089 10.6855 20.9973
      vertex 6.45589 11.1819 20.9973
    endloop
  endfacet
  facet normal 0 0 1
    outer loop
      vertex 3.8775 6.71603 20.9973
      vertex 6.45589 11.1819 20.9973
      vertex 5.46847 11.8993 20.9973
    endloop
  endfacet
  facet normal 0 0 1
    outer loop
      vertex 3.8775 6.71603 20.9973
      vertex 5.46847 11.8993 20.9973
      vertex 4.65178 12.8064 20.9973
    endloop
  endfacet
  facet normal 0 0 1
    outer loop
      vertex 1.58408 14.9675 20.9973
      vertex 4.65178 12.8064 20.9973
      vertex 4.04152 13.8634 20.9973
    endloop
  endfacet
  facet normal 0 0 1
    outer loop
      vertex 12.183 8.83804 20.9973
      vertex 3.8775 6.71603 20.9973
      vertex 7.755 0 20.9973
    endloop
  endfacet
  facet normal 0 0 1
    outer loop
      vertex 3.81443 14.4935 20.9973
      vertex 4.04152 13.8634 20.9973
      vertex 3.84603 14.465 20.9973
    endloop
  endfacet
  facet normal 0 0 1
    outer loop
      vertex 3.81443 14.4935 20.9973
      vertex 3.84603 14.465 20.9973
      vertex 3.84057 14.4745 20.9973
    endloop
  endfacet
  facet normal 0 0 1
    outer loop
      vertex 3.81443 14.4935 20.9973
      vertex 3.84057 14.4745 20.9973
      vertex 3.83325 14.4826 20.9973
    endloop
  endfacet
  facet normal 0 0 1
    outer loop
      vertex 3.81443 14.4935 20.9973
      vertex 3.83325 14.4826 20.9973
      vertex 3.82442 14.489 20.9973
    endloop
  endfacet
  facet normal 0 0 1
    outer loop
      vertex 4.04152 13.8634 20.9973
      vertex 3.81443 14.4935 20.9973
      vertex 1.58408 14.9675 20.9973
    endloop
  endfacet
  facet normal 0 0 1
    outer loop
      vertex 4.65178 12.8064 20.9973
      vertex 1.58408 14.9675 20.9973
      vertex 3.8775 6.71603 20.9973
    endloop
  endfacet
  facet normal 0 0 1
    outer loop
      vertex 1.57339 14.9698 20.9973
      vertex 3.8775 6.71603 20.9973
      vertex 1.58408 14.9675 20.9973
    endloop
  endfacet
  facet normal -0 0 1
    outer loop
      vertex -1.57339 14.9698 20.9973
      vertex 3.8775 6.71603 20.9973
      vertex 1.57339 14.9698 20.9973
    endloop
  endfacet
  facet normal 0 0 1
    outer loop
      vertex -3.8775 6.71603 20.9973
      vertex -1.57339 14.9698 20.9973
      vertex -1.58408 14.9675 20.9973
    endloop
  endfacet
  facet normal 0 0 1
    outer loop
      vertex -4.04152 13.8634 20.9973
      vertex -1.58408 14.9675 20.9973
      vertex -3.81443 14.4935 20.9973
    endloop
  endfacet
  facet normal 0 0 1
    outer loop
      vertex -3.84603 14.465 20.9973
      vertex -3.81443 14.4935 20.9973
      vertex -3.82442 14.489 20.9973
    endloop
  endfacet
  facet normal 0 0 1
    outer loop
      vertex -3.84603 14.465 20.9973
      vertex -3.82442 14.489 20.9973
      vertex -3.83325 14.4826 20.9973
    endloop
  endfacet
  facet normal 0 0 1
    outer loop
      vertex -3.84603 14.465 20.9973
      vertex -3.83325 14.4826 20.9973
      vertex -3.84057 14.4745 20.9973
    endloop
  endfacet
  facet normal 0 0 1
    outer loop
      vertex -3.81443 14.4935 20.9973
      vertex -3.84603 14.465 20.9973
      vertex -4.04152 13.8634 20.9973
    endloop
  endfacet
  facet normal 0 0 1
    outer loop
      vertex -4.65178 12.8064 20.9973
      vertex -1.58408 14.9675 20.9973
      vertex -4.04152 13.8634 20.9973
    endloop
  endfacet
  facet normal 0 -0 1
    outer loop
      vertex -3.8775 6.71603 20.9973
      vertex -1.58408 14.9675 20.9973
      vertex -4.65178 12.8064 20.9973
    endloop
  endfacet
  facet normal 0 0 1
    outer loop
      vertex -1.57339 14.9698 20.9973
      vertex -3.8775 6.71603 20.9973
      vertex 3.8775 6.71603 20.9973
    endloop
  endfacet
  facet normal -0 0 1
    outer loop
      vertex -5.46847 11.8993 20.9973
      vertex -3.8775 6.71603 20.9973
      vertex -4.65178 12.8064 20.9973
    endloop
  endfacet
  facet normal -0 0 1
    outer loop
      vertex -6.45589 11.1819 20.9973
      vertex -3.8775 6.71603 20.9973
      vertex -5.46847 11.8993 20.9973
    endloop
  endfacet
  facet normal -0 0 1
    outer loop
      vertex -7.57089 10.6855 20.9973
      vertex -3.8775 6.71603 20.9973
      vertex -6.45589 11.1819 20.9973
    endloop
  endfacet
  facet normal -0 0 1
    outer loop
      vertex -8.76474 10.4317 20.9973
      vertex -3.8775 6.71603 20.9973
      vertex -7.57089 10.6855 20.9973
    endloop
  endfacet
  facet normal -0 0 1
    outer loop
      vertex -12.183 8.83804 20.9973
      vertex -3.8775 6.71603 20.9973
      vertex -8.76474 10.4317 20.9973
    endloop
  endfacet
  facet normal 0 0 1
    outer loop
      vertex -13.4165 -2.37462 20.9973
      vertex -7.755 0 20.9973
      vertex -13.0394 -1.21384 20.9973
    endloop
  endfacet
  facet normal 0 0 1
    outer loop
      vertex -13.7509 -6.12231 20.9973
      vertex -7.755 0 20.9973
      vertex -13.4165 -2.37462 20.9973
    endloop
  endfacet
  facet normal 0 0 1
    outer loop
      vertex -7.755 0 20.9973
      vertex -13.7509 -6.12231 20.9973
      vertex -12.183 -8.83804 20.9973
    endloop
  endfacet
  facet normal -0 0 1
    outer loop
      vertex -14.0268 -3.43162 20.9973
      vertex -13.7509 -6.12231 20.9973
      vertex -13.4165 -2.37462 20.9973
    endloop
  endfacet
  facet normal 0 0 1
    outer loop
      vertex -14.4555 -3.95372 20.9973
      vertex -14.0268 -3.43162 20.9973
      vertex -14.4428 -3.89362 20.9973
    endloop
  endfacet
  facet normal 0 0 1
    outer loop
      vertex -14.4555 -3.95372 20.9973
      vertex -14.4428 -3.89362 20.9973
      vertex -14.4501 -3.90174 20.9973
    endloop
  endfacet
  facet normal 0 0 1
    outer loop
      vertex -14.4555 -3.95372 20.9973
      vertex -14.4501 -3.90174 20.9973
      vertex -14.4555 -3.91121 20.9973
    endloop
  endfacet
  facet normal 0 0 1
    outer loop
      vertex -14.0268 -3.43162 20.9973
      vertex -14.4555 -3.95372 20.9973
      vertex -13.7509 -6.12231 20.9973
    endloop
  endfacet
  facet normal -0 0 1
    outer loop
      vertex -14.4589 -3.9216 20.9973
      vertex -14.4555 -3.95372 20.9973
      vertex -14.4555 -3.91121 20.9973
    endloop
  endfacet
  facet normal 0 0 1
    outer loop
      vertex -14.4589 -3.9216 20.9973
      vertex -14.4589 -3.94333 20.9973
      vertex -14.4555 -3.95372 20.9973
    endloop
  endfacet
  facet normal 0 -0 1
    outer loop
      vertex -14.4589 -3.94333 20.9973
      vertex -14.4589 -3.9216 20.9973
      vertex -14.4601 -3.93246 20.9973
    endloop
  endfacet
  facet normal 0 0 1
    outer loop
      vertex 12.183 -8.83804 20.9973
      vertex 8.76474 -10.4317 20.9973
      vertex 12.1702 -8.85562 20.9973
    endloop
  endfacet
  facet normal 0 0 1
    outer loop
      vertex 8.76474 -10.4317 20.9973
      vertex 3.8775 -6.71603 20.9973
      vertex 7.57089 -10.6855 20.9973
    endloop
  endfacet
  facet normal 0 0 1
    outer loop
      vertex 7.57089 -10.6855 20.9973
      vertex 3.8775 -6.71603 20.9973
      vertex 6.45589 -11.1819 20.9973
    endloop
  endfacet
  facet normal 0 0 1
    outer loop
      vertex 6.45589 -11.1819 20.9973
      vertex 3.8775 -6.71603 20.9973
      vertex 5.46847 -11.8993 20.9973
    endloop
  endfacet
  facet normal 0 0 1
    outer loop
      vertex 5.46847 -11.8993 20.9973
      vertex 3.8775 -6.71603 20.9973
      vertex 4.65178 -12.8064 20.9973
    endloop
  endfacet
  facet normal 0 0 1
    outer loop
      vertex 1.58408 -14.9675 20.9973
      vertex 4.65178 -12.8064 20.9973
      vertex 3.8775 -6.71603 20.9973
    endloop
  endfacet
  facet normal 0 0 1
    outer loop
      vertex 4.65178 -12.8064 20.9973
      vertex 1.58408 -14.9675 20.9973
      vertex 4.04152 -13.8634 20.9973
    endloop
  endfacet
  facet normal 0 -0 1
    outer loop
      vertex 3.81443 -14.4935 20.9973
      vertex 4.04152 -13.8634 20.9973
      vertex 1.58408 -14.9675 20.9973
    endloop
  endfacet
  facet normal 0 0 1
    outer loop
      vertex 4.04152 -13.8634 20.9973
      vertex 3.81443 -14.4935 20.9973
      vertex 3.84603 -14.465 20.9973
    endloop
  endfacet
  facet normal 0 0 1
    outer loop
      vertex 3.84603 -14.465 20.9973
      vertex 3.81443 -14.4935 20.9973
      vertex 3.84057 -14.4745 20.9973
    endloop
  endfacet
  facet normal 0 0 1
    outer loop
      vertex 3.83325 -14.4826 20.9973
      vertex 3.81443 -14.4935 20.9973
      vertex 3.82442 -14.489 20.9973
    endloop
  endfacet
  facet normal 0 0 1
    outer loop
      vertex 3.84057 -14.4745 20.9973
      vertex 3.81443 -14.4935 20.9973
      vertex 3.83325 -14.4826 20.9973
    endloop
  endfacet
  facet normal 0 0 1
    outer loop
      vertex 3.8775 -6.71603 20.9973
      vertex 1.57339 -14.9698 20.9973
      vertex 1.58408 -14.9675 20.9973
    endloop
  endfacet
  facet normal 0 0 1
    outer loop
      vertex 3.8775 -6.71603 20.9973
      vertex -1.57339 -14.9698 20.9973
      vertex 1.57339 -14.9698 20.9973
    endloop
  endfacet
  facet normal -0 0 1
    outer loop
      vertex -3.8775 -6.71603 20.9973
      vertex -1.57339 -14.9698 20.9973
      vertex 3.8775 -6.71603 20.9973
    endloop
  endfacet
  facet normal 0 0 1
    outer loop
      vertex -1.57339 -14.9698 20.9973
      vertex -3.8775 -6.71603 20.9973
      vertex -1.58408 -14.9675 20.9973
    endloop
  endfacet
  facet normal 0 0 1
    outer loop
      vertex -1.58408 -14.9675 20.9973
      vertex -4.04152 -13.8634 20.9973
      vertex -3.81443 -14.4935 20.9973
    endloop
  endfacet
  facet normal -0 -0 1
    outer loop
      vertex -3.84603 -14.465 20.9973
      vertex -3.81443 -14.4935 20.9973
      vertex -4.04152 -13.8634 20.9973
    endloop
  endfacet
  facet normal 0 0 1
    outer loop
      vertex -3.81443 -14.4935 20.9973
      vertex -3.84603 -14.465 20.9973
      vertex -3.82442 -14.489 20.9973
    endloop
  endfacet
  facet normal 0 0 1
    outer loop
      vertex -3.82442 -14.489 20.9973
      vertex -3.84603 -14.465 20.9973
      vertex -3.83325 -14.4826 20.9973
    endloop
  endfacet
  facet normal 0 0 1
    outer loop
      vertex -1.58408 -14.9675 20.9973
      vertex -3.8775 -6.71603 20.9973
      vertex -4.65178 -12.8064 20.9973
    endloop
  endfacet
  facet normal 0 0 1
    outer loop
      vertex -3.83325 -14.4826 20.9973
      vertex -3.84603 -14.465 20.9973
      vertex -3.84057 -14.4745 20.9973
    endloop
  endfacet
  facet normal 0 0 1
    outer loop
      vertex -1.58408 -14.9675 20.9973
      vertex -4.65178 -12.8064 20.9973
      vertex -4.04152 -13.8634 20.9973
    endloop
  endfacet
  facet normal 0 0 1
    outer loop
      vertex -3.8775 -6.71603 20.9973
      vertex -5.46847 -11.8993 20.9973
      vertex -4.65178 -12.8064 20.9973
    endloop
  endfacet
  facet normal 0 0 1
    outer loop
      vertex -3.8775 -6.71603 20.9973
      vertex -6.45589 -11.1819 20.9973
      vertex -5.46847 -11.8993 20.9973
    endloop
  endfacet
  facet normal 0 0 1
    outer loop
      vertex -3.8775 -6.71603 20.9973
      vertex -7.57089 -10.6855 20.9973
      vertex -6.45589 -11.1819 20.9973
    endloop
  endfacet
  facet normal 0 0 1
    outer loop
      vertex -12.183 -8.83804 20.9973
      vertex -3.8775 -6.71603 20.9973
      vertex -7.755 0 20.9973
    endloop
  endfacet
  facet normal 0 0 1
    outer loop
      vertex -3.8775 6.71603 20.9973
      vertex -12.183 8.83804 20.9973
      vertex -7.755 0 20.9973
    endloop
  endfacet
  facet normal 0 0 1
    outer loop
      vertex -13.0394 -1.21384 20.9973
      vertex -7.755 0 20.9973
      vertex -12.9118 0 20.9973
    endloop
  endfacet
  facet normal 0 0 1
    outer loop
      vertex -12.1702 8.85562 20.9973
      vertex -8.76474 10.4317 20.9973
      vertex -9.98526 10.4317 20.9973
    endloop
  endfacet
  facet normal 0 0 1
    outer loop
      vertex -3.8775 -6.71603 20.9973
      vertex -8.76474 -10.4317 20.9973
      vertex -7.57089 -10.6855 20.9973
    endloop
  endfacet
  facet normal 0 0 1
    outer loop
      vertex -10.7629 10.4186 20.9973
      vertex -9.98526 10.4317 20.9973
      vertex -10.5934 10.561 20.9973
    endloop
  endfacet
  facet normal 0 0 1
    outer loop
      vertex -3.8775 -6.71603 20.9973
      vertex -12.183 -8.83804 20.9973
      vertex -8.76474 -10.4317 20.9973
    endloop
  endfacet
  facet normal 0 0 1
    outer loop
      vertex -10.6445 10.5501 20.9973
      vertex -10.5934 10.561 20.9973
      vertex -10.604 10.5633 20.9973
    endloop
  endfacet
  facet normal -0 -0 1
    outer loop
      vertex -12.1702 -8.85562 20.9973
      vertex -8.76474 -10.4317 20.9973
      vertex -12.183 -8.83804 20.9973
    endloop
  endfacet
  facet normal 0 0 1
    outer loop
      vertex -10.6445 10.5501 20.9973
      vertex -10.604 10.5633 20.9973
      vertex -10.615 10.5633 20.9973
    endloop
  endfacet
  facet normal 0 0 1
    outer loop
      vertex -9.98526 -10.4317 20.9973
      vertex -10.7629 -10.4186 20.9973
      vertex -10.5934 -10.561 20.9973
    endloop
  endfacet
  facet normal 0 0 1
    outer loop
      vertex -10.6445 10.5501 20.9973
      vertex -10.615 10.5633 20.9973
      vertex -10.6257 10.561 20.9973
    endloop
  endfacet
  facet normal -0 -0 1
    outer loop
      vertex -10.6445 -10.5501 20.9973
      vertex -10.5934 -10.561 20.9973
      vertex -10.7629 -10.4186 20.9973
    endloop
  endfacet
  facet normal 0 0 1
    outer loop
      vertex -10.6445 10.5501 20.9973
      vertex -10.6257 10.561 20.9973
      vertex -10.6356 10.5565 20.9973
    endloop
  endfacet
  facet normal 0 0 1
    outer loop
      vertex -10.5934 -10.561 20.9973
      vertex -10.6445 -10.5501 20.9973
      vertex -10.604 -10.5633 20.9973
    endloop
  endfacet
  facet normal 0 0 1
    outer loop
      vertex -10.5934 10.561 20.9973
      vertex -10.6445 10.5501 20.9973
      vertex -10.7629 10.4186 20.9973
    endloop
  endfacet
  facet normal 0 0 1
    outer loop
      vertex -10.604 -10.5633 20.9973
      vertex -10.6445 -10.5501 20.9973
      vertex -10.615 -10.5633 20.9973
    endloop
  endfacet
  facet normal 0 0 1
    outer loop
      vertex -12.1702 8.85562 20.9973
      vertex -9.98526 10.4317 20.9973
      vertex -10.7629 10.4186 20.9973
    endloop
  endfacet
  facet normal 0 0 1
    outer loop
      vertex -10.615 -10.5633 20.9973
      vertex -10.6445 -10.5501 20.9973
      vertex -10.6257 -10.561 20.9973
    endloop
  endfacet
  facet normal 0 0 1
    outer loop
      vertex -8.76474 10.4317 20.9973
      vertex -12.1702 8.85562 20.9973
      vertex -12.183 8.83804 20.9973
    endloop
  endfacet
  facet normal 0 0 1
    outer loop
      vertex -10.6257 -10.561 20.9973
      vertex -10.6445 -10.5501 20.9973
      vertex -10.6356 -10.5565 20.9973
    endloop
  endfacet
  facet normal 0 0 1
    outer loop
      vertex -12.183 8.83804 20.9973
      vertex -12.1702 8.85562 20.9973
      vertex -12.1775 8.8475 20.9973
    endloop
  endfacet
  facet normal 0 0 1
    outer loop
      vertex -9.98526 -10.4317 20.9973
      vertex -12.1702 -8.85562 20.9973
      vertex -10.7629 -10.4186 20.9973
    endloop
  endfacet
  facet normal -0 0 1
    outer loop
      vertex -13.7509 6.12231 20.9973
      vertex -7.755 0 20.9973
      vertex -12.183 8.83804 20.9973
    endloop
  endfacet
  facet normal 0 0 1
    outer loop
      vertex -8.76474 -10.4317 20.9973
      vertex -12.1702 -8.85562 20.9973
      vertex -9.98526 -10.4317 20.9973
    endloop
  endfacet
  facet normal 0 0 1
    outer loop
      vertex -12.1702 -8.85562 20.9973
      vertex -12.183 -8.83804 20.9973
      vertex -12.1775 -8.8475 20.9973
    endloop
  endfacet
  facet normal 0 0 1
    outer loop
      vertex -7.755 0 20.9973
      vertex -13.0394 1.21384 20.9973
      vertex -12.9118 0 20.9973
    endloop
  endfacet
  facet normal 0 0 1
    outer loop
      vertex -7.755 0 20.9973
      vertex -13.4165 2.37462 20.9973
      vertex -13.0394 1.21384 20.9973
    endloop
  endfacet
  facet normal 0 0 1
    outer loop
      vertex -7.755 0 20.9973
      vertex -13.7509 6.12231 20.9973
      vertex -13.4165 2.37462 20.9973
    endloop
  endfacet
  facet normal 0 0 1
    outer loop
      vertex -13.7509 6.12231 20.9973
      vertex -14.0268 3.43162 20.9973
      vertex -13.4165 2.37462 20.9973
    endloop
  endfacet
  facet normal -0 0 1
    outer loop
      vertex -14.4555 3.95372 20.9973
      vertex -14.0268 3.43162 20.9973
      vertex -13.7509 6.12231 20.9973
    endloop
  endfacet
  facet normal 0 0 1
    outer loop
      vertex -14.0268 3.43162 20.9973
      vertex -14.4555 3.95372 20.9973
      vertex -14.4428 3.89362 20.9973
    endloop
  endfacet
  facet normal 0 0 1
    outer loop
      vertex -14.4428 3.89362 20.9973
      vertex -14.4555 3.95372 20.9973
      vertex -14.4501 3.90174 20.9973
    endloop
  endfacet
  facet normal 0 0 1
    outer loop
      vertex -14.4555 3.95372 20.9973
      vertex -14.4555 3.91121 20.9973
      vertex -14.4501 3.90174 20.9973
    endloop
  endfacet
  facet normal -0 0 1
    outer loop
      vertex -14.4589 3.94333 20.9973
      vertex -14.4555 3.91121 20.9973
      vertex -14.4555 3.95372 20.9973
    endloop
  endfacet
  facet normal 0 0 1
    outer loop
      vertex -14.4589 3.94333 20.9973
      vertex -14.4589 3.9216 20.9973
      vertex -14.4555 3.91121 20.9973
    endloop
  endfacet
  facet normal 0 -0 1
    outer loop
      vertex -14.4589 3.9216 20.9973
      vertex -14.4589 3.94333 20.9973
      vertex -14.4601 3.93246 20.9973
    endloop
  endfacet
  facet normal 0.904942 0.294078 0.307569
    outer loop
      vertex 14.8546 4.13139 20.604
      vertex 14.8546 4.02743 20.7034
      vertex 14.8862 4.03415 20.604
    endloop
  endfacet
  facet normal 0.645539 -0.371951 0.667032
    outer loop
      vertex 14.7773 3.76794 20.7939
      vertex 14.6785 3.73581 20.8716
      vertex 14.7351 3.6947 20.7939
    endloop
  endfacet
  facet normal 0.561213 -0.181765 0.807466
    outer loop
      vertex 14.6523 3.88049 20.933
      vertex 14.6362 3.83078 20.933
      vertex 14.7134 3.79638 20.8716
    endloop
  endfacet
  facet normal 0.199327 -0.0648849 0.977783
    outer loop
      vertex 14.5589 3.90034 20.9755
      vertex 14.4555 3.91121 20.9973
      vertex 14.5489 3.86962 20.9755
    endloop
  endfacet
  facet normal 0.181658 -0.104565 0.977786
    outer loop
      vertex 14.5489 3.86962 20.9755
      vertex 14.4555 3.91121 20.9973
      vertex 14.5328 3.84165 20.9755
    endloop
  endfacet
  facet normal 0.51086 0.294597 0.80761
    outer loop
      vertex 12.4059 9.01343 20.8716
      vertex 12.3375 8.96372 20.933
      vertex 12.3636 8.91846 20.933
    endloop
  endfacet
  facet normal 0.38843 0.125804 0.91285
    outer loop
      vertex 14.6362 4.03415 20.933
      vertex 14.5489 3.99531 20.9755
      vertex 14.6523 3.98444 20.933
    endloop
  endfacet
  facet normal 0.406205 0.0429806 0.91277
    outer loop
      vertex 14.6523 3.98444 20.933
      vertex 14.5589 3.96459 20.9755
      vertex 14.6578 3.93246 20.933
    endloop
  endfacet
  facet normal 0.406206 0.0429848 0.91277
    outer loop
      vertex 14.6578 3.93246 20.933
      vertex 14.5589 3.96459 20.9755
      vertex 14.5623 3.93246 20.9755
    endloop
  endfacet
  facet normal 0.561227 0.181769 0.807455
    outer loop
      vertex 14.7134 4.06854 20.8716
      vertex 14.6362 4.03415 20.933
      vertex 14.6523 3.98444 20.933
    endloop
  endfacet
  facet normal 0.560279 0.182773 0.807887
    outer loop
      vertex 14.7134 4.06854 20.8716
      vertex 14.6523 3.98444 20.933
      vertex 14.7351 4.00202 20.8716
    endloop
  endfacet
  facet normal 0.824022 0.475523 -0.308003
    outer loop
      vertex 14.15 6.29997 0.396045
      vertex 14.0727 6.36953 0.296632
      vertex 14.0989 6.38852 0.396045
    endloop
  endfacet
  facet normal 0.644333 0.580259 0.498131
    outer loop
      vertex 12.5048 9.08526 20.7034
      vertex 12.4059 9.11739 20.7939
      vertex 12.4625 9.05454 20.7939
    endloop
  endfacet
  facet normal 0.64507 0.580708 0.496651
    outer loop
      vertex 12.4059 9.11739 20.7939
      vertex 11.0822 10.6652 20.7034
      vertex 11.0789 10.6663 20.7064
    endloop
  endfacet
  facet normal 0.644357 0.580188 0.498182
    outer loop
      vertex 11.0822 10.6652 20.7034
      vertex 12.4059 9.11739 20.7939
      vertex 12.5048 9.08526 20.7034
    endloop
  endfacet
  facet normal 0.70703 -0.636616 -0.307943
    outer loop
      vertex 14.8035 3.64499 0.396045
      vertex 14.354 3.19386 0.296632
      vertex 14.7773 3.66398 0.296632
    endloop
  endfacet
  facet normal 0.70703 -0.636616 -0.307943
    outer loop
      vertex 14.354 3.19386 0.296632
      vertex 14.8035 3.64499 0.396045
      vertex 14.3802 3.17487 0.396045
    endloop
  endfacet
  facet normal 0.645398 0.372614 -0.666799
    outer loop
      vertex 13.9739 6.2977 0.128428
      vertex 12.5048 8.98131 0.206108
      vertex 14.0727 6.26558 0.206108
    endloop
  endfacet
  facet normal 0.645039 0.372431 -0.667248
    outer loop
      vertex 12.5048 8.98131 0.206108
      vertex 13.9739 6.2977 0.128428
      vertex 12.4059 9.01343 0.128428
    endloop
  endfacet
  facet normal 0.751042 0.433607 -0.497917
    outer loop
      vertex 14.0727 6.36953 0.296632
      vertex 12.5048 8.98131 0.206108
      vertex 12.5048 9.08526 0.296632
    endloop
  endfacet
  facet normal 0.751042 0.433607 -0.497917
    outer loop
      vertex 12.5048 8.98131 0.206108
      vertex 14.0727 6.36953 0.296632
      vertex 14.0727 6.26558 0.206108
    endloop
  endfacet
  facet normal 0.40633 -0.043002 -0.912714
    outer loop
      vertex 14.6523 3.88049 0.066988
      vertex 14.5589 3.90034 0.0244722
      vertex 14.6578 3.93246 0.066988
    endloop
  endfacet
  facet normal 0.406331 0.0429939 -0.912714
    outer loop
      vertex 14.6578 3.93246 0.066988
      vertex 14.5589 3.96459 0.0244722
      vertex 14.6523 3.98444 0.066988
    endloop
  endfacet
  facet normal 0.560504 -0.182846 -0.807715
    outer loop
      vertex 14.7134 3.79638 0.128428
      vertex 14.6523 3.88049 0.066988
      vertex 14.7351 3.8629 0.128428
    endloop
  endfacet
  facet normal 0.586304 -0.0615298 -0.807751
    outer loop
      vertex 14.7351 3.8629 0.128428
      vertex 14.6523 3.88049 0.066988
      vertex 14.7424 3.93246 0.128428
    endloop
  endfacet
  facet normal 0.354044 -0.203793 -0.912755
    outer loop
      vertex 14.6101 3.78552 0.066988
      vertex 14.5328 3.84165 0.0244722
      vertex 14.5489 3.86962 0.0244722
    endloop
  endfacet
  facet normal 0.303597 -0.273361 -0.912745
    outer loop
      vertex 14.1868 3.3154 0.066988
      vertex 14.5112 3.81764 0.0244722
      vertex 14.6101 3.78552 0.066988
    endloop
  endfacet
  facet normal 0.303574 -0.273348 -0.912756
    outer loop
      vertex 14.5112 3.81764 0.0244722
      vertex 14.1868 3.3154 0.066988
      vertex 14.1095 3.37152 0.0244722
    endloop
  endfacet
  facet normal 0.750654 -0.433873 -0.49827
    outer loop
      vertex 14.8251 3.74668 0.296632
      vertex 14.7773 3.66398 0.296632
      vertex 14.7773 3.76794 0.206108
    endloop
  endfacet
  facet normal 0.751678 -0.433108 -0.497392
    outer loop
      vertex 14.7773 3.66398 0.296632
      vertex 14.7351 3.6947 0.206108
      vertex 14.7773 3.76794 0.206108
    endloop
  endfacet
  facet normal 0.553795 -0.498753 -0.66675
    outer loop
      vertex 14.2552 3.26569 0.128428
      vertex 14.6785 3.63186 0.206108
      vertex 14.3117 3.22458 0.206108
    endloop
  endfacet
  facet normal 0.553633 -0.498496 -0.667078
    outer loop
      vertex 14.6785 3.63186 0.206108
      vertex 14.2552 3.26569 0.128428
      vertex 14.6785 3.73581 0.128428
    endloop
  endfacet
  facet normal 0.862531 0.0908214 -0.497787
    outer loop
      vertex 14.8646 3.93246 0.296632
      vertex 14.8035 4.01657 0.206108
      vertex 14.8546 4.02743 0.296632
    endloop
  endfacet
  facet normal 0.862345 0.0902228 -0.498218
    outer loop
      vertex 14.8123 3.93246 0.206108
      vertex 14.8035 4.01657 0.206108
      vertex 14.8646 3.93246 0.296632
    endloop
  endfacet
  facet normal 0.946313 -0.0995825 -0.307532
    outer loop
      vertex 14.8862 3.83078 0.396045
      vertex 14.8546 3.8375 0.296632
      vertex 14.8969 3.93246 0.396045
    endloop
  endfacet
  facet normal 0.989107 -0.104086 -0.104081
    outer loop
      vertex 14.8969 3.82851 0.5
      vertex 14.8862 3.83078 0.396045
      vertex 14.8969 3.93246 0.396045
    endloop
  endfacet
  facet normal 0.994547 -0.104286 0
    outer loop
      vertex 14.8969 3.82851 20.5
      vertex 14.9078 3.93246 0.5
      vertex 14.9078 3.93246 20.5
    endloop
  endfacet
  facet normal 0.994547 -0.104286 0
    outer loop
      vertex 14.9078 3.93246 0.5
      vertex 14.8969 3.82851 20.5
      vertex 14.8969 3.82851 0.5
    endloop
  endfacet
  facet normal 0.946301 -0.0995812 0.307568
    outer loop
      vertex 14.8969 3.93246 20.604
      vertex 14.8546 3.8375 20.7034
      vertex 14.8862 3.83078 20.604
    endloop
  endfacet
  facet normal 0.904942 -0.294078 0.307569
    outer loop
      vertex 14.8546 3.8375 20.7034
      vertex 14.8546 3.73354 20.604
      vertex 14.8862 3.83078 20.604
    endloop
  endfacet
  facet normal 0.989189 0.103715 0.103675
    outer loop
      vertex 14.8969 4.03642 20.5
      vertex 14.8969 3.93246 20.604
      vertex 14.9078 3.93246 20.5
    endloop
  endfacet
  facet normal 0.946314 -0.099654 0.307504
    outer loop
      vertex 14.8646 3.93246 20.7034
      vertex 14.8546 3.8375 20.7034
      vertex 14.8969 3.93246 20.604
    endloop
  endfacet
  facet normal 0.207649 -0.0229447 -0.977934
    outer loop
      vertex 14.5589 3.90034 0.0244722
      vertex 14.4589 3.9216 0.00273991
      vertex 14.4601 3.93246 0.00273991
    endloop
  endfacet
  facet normal -0.904942 0.294078 0.307569
    outer loop
      vertex -14.8546 4.13139 20.604
      vertex -14.8862 4.03415 20.604
      vertex -14.8546 4.02743 20.7034
    endloop
  endfacet
  facet normal -0.945883 0.307383 0.104026
    outer loop
      vertex -14.8546 4.13139 20.604
      vertex -14.8969 4.03642 20.5
      vertex -14.8862 4.03415 20.604
    endloop
  endfacet
  facet normal -0.353779 -0.204013 -0.912808
    outer loop
      vertex -14.6101 3.78552 0.066988
      vertex -14.6362 3.83078 0.066988
      vertex -14.5489 3.86962 0.0244722
    endloop
  endfacet
  facet normal -0.511077 -0.294722 -0.807427
    outer loop
      vertex -14.6101 3.78552 0.066988
      vertex -14.6785 3.73581 0.128428
      vertex -14.6362 3.83078 0.066988
    endloop
  endfacet
  facet normal -0.303574 -0.273348 -0.912756
    outer loop
      vertex -14.1868 3.3154 0.066988
      vertex -14.5112 3.81764 0.0244722
      vertex -14.1095 3.37152 0.0244722
    endloop
  endfacet
  facet normal -0.303597 -0.273361 -0.912745
    outer loop
      vertex -14.5112 3.81764 0.0244722
      vertex -14.1868 3.3154 0.066988
      vertex -14.6101 3.78552 0.066988
    endloop
  endfacet
  facet normal -0.303666 -0.273186 -0.912774
    outer loop
      vertex -14.5112 3.81764 0.0244722
      vertex -14.6101 3.78552 0.066988
      vertex -14.5328 3.84165 0.0244722
    endloop
  endfacet
  facet normal 0.208268 -0.023013 0.977801
    outer loop
      vertex 14.4601 3.93246 20.9973
      vertex 14.4589 3.9216 20.9973
      vertex 14.5589 3.90034 20.9755
    endloop
  endfacet
  facet normal -0.406205 0.0429806 0.91277
    outer loop
      vertex -14.6523 3.98444 20.933
      vertex -14.6578 3.93246 20.933
      vertex -14.5589 3.96459 20.9755
    endloop
  endfacet
  facet normal -0.406206 -0.0429982 0.912769
    outer loop
      vertex -14.5623 3.93246 20.9755
      vertex -14.6578 3.93246 20.933
      vertex -14.5589 3.90034 20.9755
    endloop
  endfacet
  facet normal -0.586244 0.0620304 0.807756
    outer loop
      vertex -14.6523 3.98444 20.933
      vertex -14.7424 3.93246 20.8716
      vertex -14.6578 3.93246 20.933
    endloop
  endfacet
  facet normal -0.586244 -0.0620423 0.807756
    outer loop
      vertex -14.6578 3.93246 20.933
      vertex -14.7424 3.93246 20.8716
      vertex -14.6523 3.88049 20.933
    endloop
  endfacet
  facet normal -0.553609 0.498557 0.667052
    outer loop
      vertex -12.4059 9.11739 20.7939
      vertex -12.4625 9.05454 20.7939
      vertex -12.4059 9.01343 20.8716
    endloop
  endfacet
  facet normal -0.645102 0.372632 0.667075
    outer loop
      vertex -12.4625 9.05454 20.7939
      vertex -12.5048 8.98131 20.7939
      vertex -12.4059 9.01343 20.8716
    endloop
  endfacet
  facet normal -0.750827 0.433702 0.498158
    outer loop
      vertex -12.5048 9.08526 20.7034
      vertex -12.5048 8.98131 20.7939
      vertex -12.4625 9.05454 20.7939
    endloop
  endfacet
  facet normal -0.510575 0.294794 0.807719
    outer loop
      vertex -13.9739 6.2977 20.8716
      vertex -12.3636 8.91846 20.933
      vertex -12.4059 9.01343 20.8716
    endloop
  endfacet
  facet normal -0.510575 0.294794 0.807719
    outer loop
      vertex -12.3636 8.91846 20.933
      vertex -13.9739 6.2977 20.8716
      vertex -13.9316 6.20273 20.933
    endloop
  endfacet
  facet normal -0.30317 0.274116 0.91266
    outer loop
      vertex -12.2386 8.9316 20.9755
      vertex -12.3375 8.96372 20.933
      vertex -12.2603 8.9076 20.9755
    endloop
  endfacet
  facet normal -0.155921 0.140175 0.977773
    outer loop
      vertex -12.1702 8.85562 20.9973
      vertex -12.2386 8.9316 20.9755
      vertex -12.1775 8.8475 20.9973
    endloop
  endfacet
  facet normal 0.739349 -0.6653 0.10363
    outer loop
      vertex 14.8035 3.64499 20.604
      vertex 14.7424 3.56089 20.5
      vertex 14.8123 3.63857 20.5
    endloop
  endfacet
  facet normal 0.861233 -0.497542 0.103587
    outer loop
      vertex 14.8646 3.7291 20.5
      vertex 14.8035 3.64499 20.604
      vertex 14.8123 3.63857 20.5
    endloop
  endfacet
  facet normal 0.644517 -0.580517 0.497592
    outer loop
      vertex 14.7351 3.6947 20.7939
      vertex 14.6785 3.63186 20.7939
      vertex 14.7773 3.66398 20.7034
    endloop
  endfacet
  facet normal 0.553696 -0.498553 0.666983
    outer loop
      vertex 14.2552 3.26569 20.8716
      vertex 14.6785 3.63186 20.7939
      vertex 14.6785 3.73581 20.8716
    endloop
  endfacet
  facet normal 0.553859 -0.49881 0.666655
    outer loop
      vertex 14.6785 3.63186 20.7939
      vertex 14.2552 3.26569 20.8716
      vertex 14.3117 3.22458 20.7939
    endloop
  endfacet
  facet normal 0.751628 -0.433079 0.497491
    outer loop
      vertex 14.7773 3.76794 20.7939
      vertex 14.7351 3.6947 20.7939
      vertex 14.7773 3.66398 20.7034
    endloop
  endfacet
  facet normal 0.750605 -0.433844 0.498369
    outer loop
      vertex 14.7773 3.76794 20.7939
      vertex 14.7773 3.66398 20.7034
      vertex 14.8251 3.74668 20.7034
    endloop
  endfacet
  facet normal 0.353938 0.204105 0.912726
    outer loop
      vertex 12.3375 8.96372 20.933
      vertex 12.2764 8.87962 20.9755
      vertex 12.3636 8.91846 20.933
    endloop
  endfacet
  facet normal 0.353577 0.204147 0.912856
    outer loop
      vertex 12.3636 8.91846 20.933
      vertex 13.8443 6.16389 20.9755
      vertex 13.9316 6.20273 20.933
    endloop
  endfacet
  facet normal 0.353851 0.204292 0.912718
    outer loop
      vertex 13.8443 6.16389 20.9755
      vertex 12.3636 8.91846 20.933
      vertex 12.2764 8.87962 20.9755
    endloop
  endfacet
  facet normal 0.561007 0.182278 0.807494
    outer loop
      vertex 13.9316 6.20273 20.933
      vertex 14.7134 4.06854 20.8716
      vertex 14.0088 6.23713 20.8716
    endloop
  endfacet
  facet normal 0.56102 0.182283 0.807483
    outer loop
      vertex 14.7134 4.06854 20.8716
      vertex 13.9316 6.20273 20.933
      vertex 14.6362 4.03415 20.933
    endloop
  endfacet
  facet normal 0.38828 0.126157 0.912865
    outer loop
      vertex 13.8443 6.16389 20.9755
      vertex 14.6362 4.03415 20.933
      vertex 13.9316 6.20273 20.933
    endloop
  endfacet
  facet normal 0.38828 0.126157 0.912865
    outer loop
      vertex 14.6362 4.03415 20.933
      vertex 13.8443 6.16389 20.9755
      vertex 14.5489 3.99531 20.9755
    endloop
  endfacet
  facet normal 0.741057 0.0777705 0.666923
    outer loop
      vertex 14.8035 4.01657 20.7939
      vertex 14.7351 4.00202 20.8716
      vertex 14.7424 3.93246 20.8716
    endloop
  endfacet
  facet normal 0.708425 -0.231101 0.666878
    outer loop
      vertex 14.7351 3.8629 20.8716
      vertex 14.7134 3.79638 20.8716
      vertex 14.8035 3.84836 20.7939
    endloop
  endfacet
  facet normal 0.38855 -0.125843 -0.912794
    outer loop
      vertex 14.6362 3.83078 0.066988
      vertex 14.5489 3.86962 0.0244722
      vertex 14.6523 3.88049 0.066988
    endloop
  endfacet
  facet normal 0.155336 -0.139869 -0.97791
    outer loop
      vertex 14.1095 3.37152 0.0244722
      vertex 14.4428 3.89362 0.00273991
      vertex 14.5112 3.81764 0.0244722
    endloop
  endfacet
  facet normal 0.155334 -0.139868 -0.97791
    outer loop
      vertex 14.4428 3.89362 0.00273991
      vertex 14.1095 3.37152 0.0244722
      vertex 14.0268 3.43162 0.00273991
    endloop
  endfacet
  facet normal 0.708283 0.230129 0.667364
    outer loop
      vertex 14.7134 4.06854 20.8716
      vertex 14.0989 6.18515 20.7939
      vertex 14.0088 6.23713 20.8716
    endloop
  endfacet
  facet normal 0.70827 0.230126 0.66738
    outer loop
      vertex 14.0989 6.18515 20.7939
      vertex 14.7134 4.06854 20.8716
      vertex 14.8035 4.01657 20.7939
    endloop
  endfacet
  facet normal 0.824825 -0.267918 0.49788
    outer loop
      vertex 14.8546 3.8375 20.7034
      vertex 14.8035 3.84836 20.7939
      vertex 14.8251 3.74668 20.7034
    endloop
  endfacet
  facet normal 0.945894 0.307333 0.104076
    outer loop
      vertex 14.8546 4.13139 20.604
      vertex 14.1923 6.205 20.5
      vertex 14.15 6.29997 20.604
    endloop
  endfacet
  facet normal 0.945894 0.307333 0.104076
    outer loop
      vertex 14.1923 6.205 20.5
      vertex 14.8546 4.13139 20.604
      vertex 14.8969 4.03642 20.5
    endloop
  endfacet
  facet normal 0.586059 0.0615042 0.807931
    outer loop
      vertex 14.7351 4.00202 20.8716
      vertex 14.6523 3.98444 20.933
      vertex 14.7424 3.93246 20.8716
    endloop
  endfacet
  facet normal 0.388577 -0.12649 -0.912693
    outer loop
      vertex 14.6523 3.88049 0.066988
      vertex 14.5489 3.86962 0.0244722
      vertex 14.5589 3.90034 0.0244722
    endloop
  endfacet
  facet normal 0.198735 -0.0646922 -0.977916
    outer loop
      vertex 14.5489 3.86962 0.0244722
      vertex 14.4555 3.91121 0.00273991
      vertex 14.5589 3.90034 0.0244722
    endloop
  endfacet
  facet normal -0.438246 0.394594 0.807611
    outer loop
      vertex -10.9986 10.5764 20.8716
      vertex -12.3375 8.96372 20.933
      vertex -10.9302 10.5267 20.933
    endloop
  endfacet
  facet normal -0.438222 0.394575 0.807634
    outer loop
      vertex -12.3375 8.96372 20.933
      vertex -10.9986 10.5764 20.8716
      vertex -12.4059 9.01343 20.8716
    endloop
  endfacet
  facet normal -0.30354 0.273303 0.912781
    outer loop
      vertex -10.9302 10.5267 20.933
      vertex -12.2386 8.9316 20.9755
      vertex -10.8313 10.4946 20.9755
    endloop
  endfacet
  facet normal -0.303504 0.273273 0.912802
    outer loop
      vertex -12.2386 8.9316 20.9755
      vertex -10.9302 10.5267 20.933
      vertex -12.3375 8.96372 20.933
    endloop
  endfacet
  facet normal 0.586244 0.0620304 0.807756
    outer loop
      vertex 14.7424 3.93246 20.8716
      vertex 14.6523 3.98444 20.933
      vertex 14.6578 3.93246 20.933
    endloop
  endfacet
  facet normal 0.586244 -0.0620423 0.807756
    outer loop
      vertex 14.6578 3.93246 20.933
      vertex 14.6523 3.88049 20.933
      vertex 14.7424 3.93246 20.8716
    endloop
  endfacet
  facet normal 0.708378 -0.230782 0.667038
    outer loop
      vertex 14.8035 3.84836 20.7939
      vertex 14.7134 3.79638 20.8716
      vertex 14.7773 3.76794 20.7939
    endloop
  endfacet
  facet normal 0.560266 -0.182769 0.807897
    outer loop
      vertex 14.7351 3.8629 20.8716
      vertex 14.6523 3.88049 20.933
      vertex 14.7134 3.79638 20.8716
    endloop
  endfacet
  facet normal 0.155457 -0.139759 -0.977906
    outer loop
      vertex 14.5112 3.81764 0.0244722
      vertex 14.4428 3.89362 0.00273991
      vertex 14.4501 3.90174 0.00273991
    endloop
  endfacet
  facet normal 0.1554 -0.139801 -0.977909
    outer loop
      vertex 14.5112 3.81764 0.0244722
      vertex 14.4501 3.90174 0.00273991
      vertex 14.5328 3.84165 0.0244722
    endloop
  endfacet
  facet normal 0.303666 -0.273186 -0.912774
    outer loop
      vertex 14.6101 3.78552 0.066988
      vertex 14.5112 3.81764 0.0244722
      vertex 14.5328 3.84165 0.0244722
    endloop
  endfacet
  facet normal 0.904978 0.294039 0.307499
    outer loop
      vertex 14.15 6.19602 20.7034
      vertex 14.8546 4.13139 20.604
      vertex 14.15 6.29997 20.604
    endloop
  endfacet
  facet normal 0.904971 0.294035 0.307524
    outer loop
      vertex 14.8546 4.13139 20.604
      vertex 14.15 6.19602 20.7034
      vertex 14.8546 4.02743 20.7034
    endloop
  endfacet
  facet normal 0.824792 0.267984 0.497899
    outer loop
      vertex 14.0989 6.18515 20.7939
      vertex 14.8546 4.02743 20.7034
      vertex 14.15 6.19602 20.7034
    endloop
  endfacet
  facet normal 0.824803 0.267989 0.497876
    outer loop
      vertex 14.8546 4.02743 20.7034
      vertex 14.0989 6.18515 20.7939
      vertex 14.8035 4.01657 20.7939
    endloop
  endfacet
  facet normal 0.862474 0.0908154 0.497886
    outer loop
      vertex 14.8546 4.02743 20.7034
      vertex 14.8035 4.01657 20.7939
      vertex 14.8646 3.93246 20.7034
    endloop
  endfacet
  facet normal 0.946315 0.0996436 0.307505
    outer loop
      vertex 14.8969 3.93246 20.604
      vertex 14.8546 4.02743 20.7034
      vertex 14.8646 3.93246 20.7034
    endloop
  endfacet
  facet normal 0.406332 0.0429981 -0.912713
    outer loop
      vertex 14.5623 3.93246 0.0244722
      vertex 14.5589 3.96459 0.0244722
      vertex 14.6578 3.93246 0.066988
    endloop
  endfacet
  facet normal 0.406332 -0.0430115 -0.912713
    outer loop
      vertex 14.6578 3.93246 0.066988
      vertex 14.5589 3.90034 0.0244722
      vertex 14.5623 3.93246 0.0244722
    endloop
  endfacet
  facet normal 0.511052 -0.294464 0.807537
    outer loop
      vertex 14.7134 3.79638 20.8716
      vertex 14.6362 3.83078 20.933
      vertex 14.6785 3.73581 20.8716
    endloop
  endfacet
  facet normal 0.645538 -0.371955 0.667031
    outer loop
      vertex 14.7134 3.79638 20.8716
      vertex 14.6785 3.73581 20.8716
      vertex 14.7773 3.76794 20.7939
    endloop
  endfacet
  facet normal 0.511269 -0.29459 -0.807354
    outer loop
      vertex 14.6785 3.73581 0.128428
      vertex 14.6362 3.83078 0.066988
      vertex 14.7134 3.79638 0.128428
    endloop
  endfacet
  facet normal 0.511077 -0.294722 -0.807427
    outer loop
      vertex 14.6785 3.73581 0.128428
      vertex 14.6101 3.78552 0.066988
      vertex 14.6362 3.83078 0.066988
    endloop
  endfacet
  facet normal 0.741198 0.0775478 0.666792
    outer loop
      vertex 14.8035 4.01657 20.7939
      vertex 14.7424 3.93246 20.8716
      vertex 14.8123 3.93246 20.7939
    endloop
  endfacet
  facet normal 0.862473 -0.0908249 0.497887
    outer loop
      vertex 14.8646 3.93246 20.7034
      vertex 14.8035 3.84836 20.7939
      vertex 14.8546 3.8375 20.7034
    endloop
  endfacet
  facet normal 0.741062 -0.0777711 0.666917
    outer loop
      vertex 14.7424 3.93246 20.8716
      vertex 14.7351 3.8629 20.8716
      vertex 14.8035 3.84836 20.7939
    endloop
  endfacet
  facet normal 0.586054 -0.0615037 0.807934
    outer loop
      vertex 14.7424 3.93246 20.8716
      vertex 14.6523 3.88049 20.933
      vertex 14.7351 3.8629 20.8716
    endloop
  endfacet
  facet normal 0.862288 -0.0902275 0.498316
    outer loop
      vertex 14.8123 3.93246 20.7939
      vertex 14.8035 3.84836 20.7939
      vertex 14.8646 3.93246 20.7034
    endloop
  endfacet
  facet normal 0.862288 0.0902168 0.498317
    outer loop
      vertex 14.8646 3.93246 20.7034
      vertex 14.8035 4.01657 20.7939
      vertex 14.8123 3.93246 20.7939
    endloop
  endfacet
  facet normal 0.946327 -0.0996448 -0.307468
    outer loop
      vertex 14.8969 -3.93246 0.396045
      vertex 14.8546 -4.02743 0.296632
      vertex 14.8646 -3.93246 0.296632
    endloop
  endfacet
  facet normal 0.739346 0.665297 -0.103674
    outer loop
      vertex 14.8035 -3.64499 0.396045
      vertex 14.7424 -3.56089 0.5
      vertex 14.8123 -3.63857 0.5
    endloop
  endfacet
  facet normal 0.861543 -0.496825 -0.104443
    outer loop
      vertex 12.5398 -9.11067 0.5
      vertex 12.5309 -9.10425 0.396045
      vertex 12.592 -9.02015 0.5
    endloop
  endfacet
  facet normal 0.865891 0.500233 0
    outer loop
      vertex 14.8646 -3.7291 20.5
      vertex 14.8123 -3.63857 0.5
      vertex 14.8123 -3.63857 20.5
    endloop
  endfacet
  facet normal 0.865891 0.500233 0
    outer loop
      vertex 14.8123 -3.63857 0.5
      vertex 14.8646 -3.7291 20.5
      vertex 14.8646 -3.7291 0.5
    endloop
  endfacet
  facet normal 0.207944 -0.0220046 -0.977893
    outer loop
      vertex 14.5589 -3.96459 0.0244722
      vertex 14.4601 -3.93246 0.00273991
      vertex 14.5623 -3.93246 0.0244722
    endloop
  endfacet
  facet normal -0.951066 -0.308987 0
    outer loop
      vertex -14.16 -6.30442 0.5
      vertex -14.1923 -6.205 20.5
      vertex -14.1923 -6.205 0.5
    endloop
  endfacet
  facet normal -0.951066 -0.308987 0
    outer loop
      vertex -14.1923 -6.205 20.5
      vertex -14.16 -6.30442 0.5
      vertex -14.16 -6.30442 20.5
    endloop
  endfacet
  facet normal -0.866281 -0.499557 0
    outer loop
      vertex -12.5398 -9.11067 0.5
      vertex -12.592 -9.02015 20.5
      vertex -12.592 -9.02015 0.5
    endloop
  endfacet
  facet normal -0.866281 -0.499557 0
    outer loop
      vertex -12.592 -9.02015 20.5
      vertex -12.5398 -9.11067 0.5
      vertex -12.5398 -9.11067 20.5
    endloop
  endfacet
  facet normal 0.750672 -0.433883 -0.498234
    outer loop
      vertex 14.1205 -6.28683 0.296632
      vertex 14.0727 -6.36953 0.296632
      vertex 14.0727 -6.26558 0.206108
    endloop
  endfacet
  facet normal 0.866281 -0.499557 0
    outer loop
      vertex 12.5398 -9.11067 20.5
      vertex 12.592 -9.02015 0.5
      vertex 12.592 -9.02015 20.5
    endloop
  endfacet
  facet normal 0.866281 -0.499557 0
    outer loop
      vertex 12.592 -9.02015 0.5
      vertex 12.5398 -9.11067 20.5
      vertex 12.5398 -9.11067 0.5
    endloop
  endfacet
  facet normal -0.743142 -0.669134 0
    outer loop
      vertex -11.0625 -10.7513 0.5
      vertex -12.4698 -9.18835 20.5
      vertex -12.4698 -9.18835 0.5
    endloop
  endfacet
  facet normal -0.743142 -0.669134 0
    outer loop
      vertex -12.4698 -9.18835 20.5
      vertex -11.0625 -10.7513 0.5
      vertex -11.0625 -10.7513 20.5
    endloop
  endfacet
  facet normal 0 -1 0
    outer loop
      vertex -9.93846 -10.877 0.5
      vertex -8.81154 -10.877 20.5
      vertex -9.93846 -10.877 20.5
    endloop
  endfacet
  facet normal 0 -1 -0
    outer loop
      vertex -8.81154 -10.877 20.5
      vertex -9.93846 -10.877 0.5
      vertex -8.81154 -10.877 0.5
    endloop
  endfacet
  facet normal 0 -1 0
    outer loop
      vertex 8.81154 -10.877 0.5
      vertex 9.93846 -10.877 20.5
      vertex 8.81154 -10.877 20.5
    endloop
  endfacet
  facet normal 0 -1 -0
    outer loop
      vertex 9.93846 -10.877 20.5
      vertex 8.81154 -10.877 0.5
      vertex 9.93846 -10.877 0.5
    endloop
  endfacet
  facet normal -0.750876 -0.43373 -0.498059
    outer loop
      vertex -12.4625 -9.05454 0.206108
      vertex -12.5048 -9.08526 0.296632
      vertex -12.5048 -8.98131 0.206108
    endloop
  endfacet
  facet normal 0.861326 -0.49731 -0.103923
    outer loop
      vertex 12.592 -9.02015 0.5
      vertex 14.0989 -6.38852 0.396045
      vertex 14.16 -6.30442 0.5
    endloop
  endfacet
  facet normal 0.861326 -0.49731 -0.103923
    outer loop
      vertex 14.0989 -6.38852 0.396045
      vertex 12.592 -9.02015 0.5
      vertex 12.5309 -9.10425 0.396045
    endloop
  endfacet
  facet normal -0.511269 -0.29459 -0.807354
    outer loop
      vertex -13.9739 -6.2977 0.128428
      vertex -14.0088 -6.23713 0.128428
      vertex -13.9316 -6.20273 0.066988
    endloop
  endfacet
  facet normal -0.707165 -0.63674 0.307374
    outer loop
      vertex -11.083 -10.6659 20.7001
      vertex -12.5309 -9.10425 20.604
      vertex -11.1236 -10.6672 20.604
    endloop
  endfacet
  facet normal 0.904982 -0.294039 -0.307488
    outer loop
      vertex 14.8546 -4.13139 0.396045
      vertex 14.15 -6.19602 0.296632
      vertex 14.8546 -4.02743 0.296632
    endloop
  endfacet
  facet normal 0.904989 -0.294043 -0.307462
    outer loop
      vertex 14.15 -6.19602 0.296632
      vertex 14.8546 -4.13139 0.396045
      vertex 14.15 -6.29997 0.396045
    endloop
  endfacet
  facet normal 0.560279 -0.182773 0.807887
    outer loop
      vertex 14.7351 -4.00202 20.8716
      vertex 14.6523 -3.98444 20.933
      vertex 14.7134 -4.06854 20.8716
    endloop
  endfacet
  facet normal -0.824022 0.475523 -0.308003
    outer loop
      vertex -14.7773 -3.66398 0.296632
      vertex -14.8546 -3.73354 0.396045
      vertex -14.8035 -3.64499 0.396045
    endloop
  endfacet
  facet normal 0.740972 -0.0777616 -0.667018
    outer loop
      vertex 14.8035 -4.01657 0.206108
      vertex 14.7351 -4.00202 0.128428
      vertex 14.7424 -3.93246 0.128428
    endloop
  endfacet
  facet normal -0.739101 0.665575 0.103626
    outer loop
      vertex -14.7424 -3.56089 20.5
      vertex -14.3802 -3.17487 20.604
      vertex -14.389 -3.16845 20.5
    endloop
  endfacet
  facet normal -0.739119 0.665509 0.103934
    outer loop
      vertex -14.3802 -3.17487 20.604
      vertex -14.7424 -3.56089 20.5
      vertex -14.8035 -3.64499 20.604
    endloop
  endfacet
  facet normal 0.739098 0.665572 -0.10367
    outer loop
      vertex 14.7424 -3.56089 0.5
      vertex 14.3802 -3.17487 0.396045
      vertex 14.389 -3.16845 0.5
    endloop
  endfacet
  facet normal 0.739115 0.665505 -0.103978
    outer loop
      vertex 14.3802 -3.17487 0.396045
      vertex 14.7424 -3.56089 0.5
      vertex 14.8035 -3.64499 0.396045
    endloop
  endfacet
  facet normal -0.743102 0.669178 0
    outer loop
      vertex -14.7424 -3.56089 0.5
      vertex -14.389 -3.16845 20.5
      vertex -14.389 -3.16845 0.5
    endloop
  endfacet
  facet normal -0.743102 0.669178 0
    outer loop
      vertex -14.389 -3.16845 20.5
      vertex -14.7424 -3.56089 0.5
      vertex -14.7424 -3.56089 20.5
    endloop
  endfacet
  facet normal 0.70703 0.636616 -0.307943
    outer loop
      vertex 14.8035 -3.64499 0.396045
      vertex 14.354 -3.19386 0.296632
      vertex 14.3802 -3.17487 0.396045
    endloop
  endfacet
  facet normal 0.70703 0.636616 -0.307943
    outer loop
      vertex 14.354 -3.19386 0.296632
      vertex 14.8035 -3.64499 0.396045
      vertex 14.7773 -3.66398 0.296632
    endloop
  endfacet
  facet normal -0.862473 0.0908249 0.497887
    outer loop
      vertex -14.8546 -3.8375 20.7034
      vertex -14.8646 -3.93246 20.7034
      vertex -14.8035 -3.84836 20.7939
    endloop
  endfacet
  facet normal 0.560504 0.182846 -0.807715
    outer loop
      vertex 14.7351 -3.8629 0.128428
      vertex 14.6523 -3.88049 0.066988
      vertex 14.7134 -3.79638 0.128428
    endloop
  endfacet
  facet normal -0.198697 0.0650211 -0.977902
    outer loop
      vertex -14.4589 -3.9216 0.00273991
      vertex -14.5589 -3.90034 0.0244722
      vertex -14.4555 -3.91121 0.00273991
    endloop
  endfacet
  facet normal 0.707021 0.636608 0.307979
    outer loop
      vertex 14.354 -3.19386 20.7034
      vertex 14.8035 -3.64499 20.604
      vertex 14.3802 -3.17487 20.604
    endloop
  endfacet
  facet normal 0.707021 0.636608 0.307979
    outer loop
      vertex 14.8035 -3.64499 20.604
      vertex 14.354 -3.19386 20.7034
      vertex 14.7773 -3.66398 20.7034
    endloop
  endfacet
  facet normal 0.742876 -0.66943 0
    outer loop
      vertex 12.4698 -9.18835 20.5
      vertex 12.5398 -9.11067 0.5
      vertex 12.5398 -9.11067 20.5
    endloop
  endfacet
  facet normal 0.742876 -0.66943 0
    outer loop
      vertex 12.5398 -9.11067 0.5
      vertex 12.4698 -9.18835 20.5
      vertex 12.4698 -9.18835 0.5
    endloop
  endfacet
  facet normal -0.994547 0.104286 0
    outer loop
      vertex -14.9078 -3.93246 0.5
      vertex -14.8969 -3.82851 20.5
      vertex -14.8969 -3.82851 0.5
    endloop
  endfacet
  facet normal -0.994547 0.104286 0
    outer loop
      vertex -14.8969 -3.82851 20.5
      vertex -14.9078 -3.93246 0.5
      vertex -14.9078 -3.93246 20.5
    endloop
  endfacet
  facet normal 0.994547 0.104286 0
    outer loop
      vertex 14.9078 -3.93246 20.5
      vertex 14.8969 -3.82851 0.5
      vertex 14.8969 -3.82851 20.5
    endloop
  endfacet
  facet normal 0.994547 0.104286 0
    outer loop
      vertex 14.8969 -3.82851 0.5
      vertex 14.9078 -3.93246 20.5
      vertex 14.9078 -3.93246 0.5
    endloop
  endfacet
  facet normal 0.553546 -0.498499 -0.667147
    outer loop
      vertex 12.4625 -9.05454 0.206108
      vertex 12.4059 -9.11739 0.206108
      vertex 12.4059 -9.01343 0.128428
    endloop
  endfacet
  facet normal -0.861419 -0.497103 -0.104144
    outer loop
      vertex -14.0989 -6.38852 0.396045
      vertex -14.16 -6.30442 0.5
      vertex -14.15 -6.29997 0.396045
    endloop
  endfacet
  facet normal 0.586304 0.0615298 -0.807751
    outer loop
      vertex 14.7424 -3.93246 0.128428
      vertex 14.6523 -3.88049 0.066988
      vertex 14.7351 -3.8629 0.128428
    endloop
  endfacet
  facet normal 0.303666 0.273186 -0.912774
    outer loop
      vertex 14.5328 -3.84165 0.0244722
      vertex 14.5112 -3.81764 0.0244722
      vertex 14.6101 -3.78552 0.066988
    endloop
  endfacet
  facet normal 0.198697 0.0650211 -0.977902
    outer loop
      vertex 14.4589 -3.9216 0.00273991
      vertex 14.4555 -3.91121 0.00273991
      vertex 14.5589 -3.90034 0.0244722
    endloop
  endfacet
  facet normal -0.707174 -0.636749 0.307335
    outer loop
      vertex -12.5309 -9.10425 20.604
      vertex -11.0822 -10.6652 20.7034
      vertex -12.5048 -9.08526 20.7034
    endloop
  endfacet
  facet normal -0.707329 -0.636941 0.306582
    outer loop
      vertex -11.0822 -10.6652 20.7034
      vertex -12.5309 -9.10425 20.604
      vertex -11.083 -10.6659 20.7001
    endloop
  endfacet
  facet normal -0.989189 -0.103715 0.103675
    outer loop
      vertex -14.8969 -3.93246 20.604
      vertex -14.9078 -3.93246 20.5
      vertex -14.8969 -4.03642 20.5
    endloop
  endfacet
  facet normal 0.951057 0.309015 0
    outer loop
      vertex 14.8969 -3.82851 20.5
      vertex 14.8646 -3.7291 0.5
      vertex 14.8646 -3.7291 20.5
    endloop
  endfacet
  facet normal 0.951057 0.309015 0
    outer loop
      vertex 14.8646 -3.7291 0.5
      vertex 14.8969 -3.82851 20.5
      vertex 14.8969 -3.82851 0.5
    endloop
  endfacet
  facet normal 0.743351 0.668901 0
    outer loop
      vertex 14.8123 -3.63857 20.5
      vertex 14.7424 -3.56089 0.5
      vertex 14.7424 -3.56089 20.5
    endloop
  endfacet
  facet normal 0.743351 0.668901 0
    outer loop
      vertex 14.7424 -3.56089 0.5
      vertex 14.8123 -3.63857 20.5
      vertex 14.8123 -3.63857 0.5
    endloop
  endfacet
  facet normal -0.198697 -0.0650211 -0.977902
    outer loop
      vertex -14.4555 -3.95372 0.00273991
      vertex -14.5589 -3.96459 0.0244722
      vertex -14.4589 -3.94333 0.00273991
    endloop
  endfacet
  facet normal 0.181693 0.103605 -0.977882
    outer loop
      vertex 14.4555 -3.91121 0.00273991
      vertex 14.4501 -3.90174 0.00273991
      vertex 14.5328 -3.84165 0.0244722
    endloop
  endfacet
  facet normal 0.561452 0.181842 -0.807283
    outer loop
      vertex 14.6523 -3.88049 0.066988
      vertex 14.6362 -3.83078 0.066988
      vertex 14.7134 -3.79638 0.128428
    endloop
  endfacet
  facet normal -0.15532 -0.139848 -0.977915
    outer loop
      vertex -12.2386 -8.9316 0.0244722
      vertex -10.7629 -10.4186 0.00273991
      vertex -10.8313 -10.4946 0.0244722
    endloop
  endfacet
  facet normal -0.155339 -0.139866 -0.97791
    outer loop
      vertex -10.7629 -10.4186 0.00273991
      vertex -12.2386 -8.9316 0.0244722
      vertex -12.1702 -8.85562 0.00273991
    endloop
  endfacet
  facet normal -0.738818 -0.665774 -0.10437
    outer loop
      vertex -12.4698 -9.18835 0.5
      vertex -12.5398 -9.11067 0.5
      vertex -12.5309 -9.10425 0.396045
    endloop
  endfacet
  facet normal -0.861543 -0.496825 -0.104443
    outer loop
      vertex -12.5398 -9.11067 0.5
      vertex -12.592 -9.02015 0.5
      vertex -12.5309 -9.10425 0.396045
    endloop
  endfacet
  facet normal -0.824804 -0.267941 0.497901
    outer loop
      vertex -14.0989 -6.18515 20.7939
      vertex -14.15 -6.19602 20.7034
      vertex -14.1205 -6.28683 20.7034
    endloop
  endfacet
  facet normal -0.945899 -0.307308 0.104101
    outer loop
      vertex -14.15 -6.29997 20.604
      vertex -14.1923 -6.205 20.5
      vertex -14.16 -6.30442 20.5
    endloop
  endfacet
  facet normal -0.823916 -0.47568 0.308046
    outer loop
      vertex -14.0989 -6.38852 20.604
      vertex -12.5048 -9.08526 20.7034
      vertex -14.0727 -6.36953 20.7034
    endloop
  endfacet
  facet normal -0.824112 -0.475824 0.307296
    outer loop
      vertex -12.5048 -9.08526 20.7034
      vertex -14.0989 -6.38852 20.604
      vertex -12.5309 -9.10425 20.604
    endloop
  endfacet
  facet normal -0.951057 0.309015 0
    outer loop
      vertex -14.8969 -3.82851 0.5
      vertex -14.8646 -3.7291 20.5
      vertex -14.8646 -3.7291 0.5
    endloop
  endfacet
  facet normal -0.951057 0.309015 0
    outer loop
      vertex -14.8646 -3.7291 20.5
      vertex -14.8969 -3.82851 0.5
      vertex -14.8969 -3.82851 20.5
    endloop
  endfacet
  facet normal -0.865891 0.500233 0
    outer loop
      vertex -14.8646 -3.7291 0.5
      vertex -14.8123 -3.63857 20.5
      vertex -14.8123 -3.63857 0.5
    endloop
  endfacet
  facet normal -0.865891 0.500233 0
    outer loop
      vertex -14.8123 -3.63857 20.5
      vertex -14.8646 -3.7291 0.5
      vertex -14.8646 -3.7291 20.5
    endloop
  endfacet
  facet normal 0.951066 -0.308987 0
    outer loop
      vertex 14.16 -6.30442 20.5
      vertex 14.1923 -6.205 0.5
      vertex 14.1923 -6.205 20.5
    endloop
  endfacet
  facet normal 0.951066 -0.308987 0
    outer loop
      vertex 14.1923 -6.205 0.5
      vertex 14.16 -6.30442 20.5
      vertex 14.16 -6.30442 0.5
    endloop
  endfacet
  facet normal 0.994548 -0.104276 0
    outer loop
      vertex 14.8969 -4.03642 20.5
      vertex 14.9078 -3.93246 0.5
      vertex 14.9078 -3.93246 20.5
    endloop
  endfacet
  facet normal 0.994548 -0.104276 0
    outer loop
      vertex 14.9078 -3.93246 0.5
      vertex 14.8969 -4.03642 20.5
      vertex 14.8969 -4.03642 0.5
    endloop
  endfacet
  facet normal 0.707185 -0.636759 -0.30729
    outer loop
      vertex 11.1236 -10.6672 0.396045
      vertex 11.083 -10.6659 0.299916
      vertex 12.5309 -9.10425 0.396045
    endloop
  endfacet
  facet normal 0 -0.994647 -0.103335
    outer loop
      vertex -9.9396 -10.8662 0.396045
      vertex -8.81154 -10.877 0.5
      vertex -9.93846 -10.877 0.5
    endloop
  endfacet
  facet normal 0 -0.994647 -0.103335
    outer loop
      vertex -8.81154 -10.877 0.5
      vertex -9.9396 -10.8662 0.396045
      vertex -8.8104 -10.8662 0.396045
    endloop
  endfacet
  facet normal 0 -0.994647 -0.103335
    outer loop
      vertex 8.8104 -10.8662 0.396045
      vertex 9.93846 -10.877 0.5
      vertex 8.81154 -10.877 0.5
    endloop
  endfacet
  facet normal 0 -0.994647 -0.103335
    outer loop
      vertex 9.93846 -10.877 0.5
      vertex 8.8104 -10.8662 0.396045
      vertex 9.9396 -10.8662 0.396045
    endloop
  endfacet
  facet normal 0.388577 -0.12649 -0.912693
    outer loop
      vertex 14.6523 -3.98444 0.066988
      vertex 14.5489 -3.99531 0.0244722
      vertex 14.5589 -3.96459 0.0244722
    endloop
  endfacet
  facet normal 0.511269 -0.29459 -0.807354
    outer loop
      vertex 13.9739 -6.2977 0.128428
      vertex 13.9316 -6.20273 0.066988
      vertex 14.0088 -6.23713 0.128428
    endloop
  endfacet
  facet normal 0.824332 0.268559 -0.49835
    outer loop
      vertex 14.8035 -3.84836 0.206108
      vertex 14.7773 -3.76794 0.206108
      vertex 14.8251 -3.74668 0.296632
    endloop
  endfacet
  facet normal 0.553633 0.498496 -0.667078
    outer loop
      vertex 14.2552 -3.26569 0.128428
      vertex 14.6785 -3.63186 0.206108
      vertex 14.6785 -3.73581 0.128428
    endloop
  endfacet
  facet normal 0.553795 0.498753 -0.66675
    outer loop
      vertex 14.6785 -3.63186 0.206108
      vertex 14.2552 -3.26569 0.128428
      vertex 14.3117 -3.22458 0.206108
    endloop
  endfacet
  facet normal 0.198735 -0.0646922 -0.977916
    outer loop
      vertex 14.5489 -3.99531 0.0244722
      vertex 14.4555 -3.95372 0.00273991
      vertex 14.5589 -3.96459 0.0244722
    endloop
  endfacet
  facet normal -0.207944 -0.0220046 -0.977893
    outer loop
      vertex -14.5589 -3.96459 0.0244722
      vertex -14.5623 -3.93246 0.0244722
      vertex -14.4601 -3.93246 0.00273991
    endloop
  endfacet
  facet normal -0.742876 -0.66943 0
    outer loop
      vertex -12.4698 -9.18835 0.5
      vertex -12.5398 -9.11067 20.5
      vertex -12.5398 -9.11067 0.5
    endloop
  endfacet
  facet normal -0.742876 -0.66943 0
    outer loop
      vertex -12.5398 -9.11067 20.5
      vertex -12.4698 -9.18835 0.5
      vertex -12.4698 -9.18835 20.5
    endloop
  endfacet
  facet normal -0.951058 -0.309011 0
    outer loop
      vertex -14.1923 -6.205 0.5
      vertex -14.8969 -4.03642 20.5
      vertex -14.8969 -4.03642 0.5
    endloop
  endfacet
  facet normal -0.951058 -0.309011 0
    outer loop
      vertex -14.8969 -4.03642 20.5
      vertex -14.1923 -6.205 0.5
      vertex -14.1923 -6.205 20.5
    endloop
  endfacet
  facet normal -0.945888 0.307335 -0.104117
    outer loop
      vertex -14.8546 -3.73354 0.396045
      vertex -14.8969 -3.82851 0.5
      vertex -14.8646 -3.7291 0.5
    endloop
  endfacet
  facet normal -0.946327 -0.0996448 -0.307468
    outer loop
      vertex -14.8546 -4.02743 0.296632
      vertex -14.8969 -3.93246 0.396045
      vertex -14.8646 -3.93246 0.296632
    endloop
  endfacet
  facet normal -0.181693 0.103605 -0.977882
    outer loop
      vertex -14.4555 -3.91121 0.00273991
      vertex -14.5328 -3.84165 0.0244722
      vertex -14.4501 -3.90174 0.00273991
    endloop
  endfacet
  facet normal 0.199327 -0.0648849 0.977783
    outer loop
      vertex 14.5589 -3.96459 20.9755
      vertex 14.4555 -3.95372 20.9973
      vertex 14.5489 -3.99531 20.9755
    endloop
  endfacet
  facet normal 0.866015 -0.500017 0
    outer loop
      vertex 12.592 -9.02015 20.5
      vertex 14.16 -6.30442 0.5
      vertex 14.16 -6.30442 20.5
    endloop
  endfacet
  facet normal 0.866015 -0.500017 0
    outer loop
      vertex 14.16 -6.30442 0.5
      vertex 12.592 -9.02015 20.5
      vertex 12.592 -9.02015 0.5
    endloop
  endfacet
  facet normal 0.905029 0.29397 -0.307416
    outer loop
      vertex 14.8546 -3.8375 0.296632
      vertex 14.8251 -3.74668 0.296632
      vertex 14.8546 -3.73354 0.396045
    endloop
  endfacet
  facet normal 0.945895 -0.307306 -0.104146
    outer loop
      vertex 14.16 -6.30442 0.5
      vertex 14.15 -6.29997 0.396045
      vertex 14.1923 -6.205 0.5
    endloop
  endfacet
  facet normal 0.862473 0.0908249 0.497887
    outer loop
      vertex 14.8546 -3.8375 20.7034
      vertex 14.8035 -3.84836 20.7939
      vertex 14.8646 -3.93246 20.7034
    endloop
  endfacet
  facet normal 0.904942 -0.294078 0.307569
    outer loop
      vertex 14.8546 -4.02743 20.7034
      vertex 14.8546 -4.13139 20.604
      vertex 14.8862 -4.03415 20.604
    endloop
  endfacet
  facet normal 0.743102 0.669178 0
    outer loop
      vertex 14.7424 -3.56089 20.5
      vertex 14.389 -3.16845 0.5
      vertex 14.389 -3.16845 20.5
    endloop
  endfacet
  facet normal 0.743102 0.669178 0
    outer loop
      vertex 14.389 -3.16845 0.5
      vertex 14.7424 -3.56089 20.5
      vertex 14.7424 -3.56089 0.5
    endloop
  endfacet
  facet normal -0.866015 -0.500017 0
    outer loop
      vertex -12.592 -9.02015 0.5
      vertex -14.16 -6.30442 20.5
      vertex -14.16 -6.30442 0.5
    endloop
  endfacet
  facet normal -0.866015 -0.500017 0
    outer loop
      vertex -14.16 -6.30442 20.5
      vertex -12.592 -9.02015 0.5
      vertex -12.592 -9.02015 20.5
    endloop
  endfacet
  facet normal -0.861326 -0.49731 -0.103923
    outer loop
      vertex -14.0989 -6.38852 0.396045
      vertex -12.592 -9.02015 0.5
      vertex -14.16 -6.30442 0.5
    endloop
  endfacet
  facet normal -0.861326 -0.49731 -0.103923
    outer loop
      vertex -12.592 -9.02015 0.5
      vertex -14.0989 -6.38852 0.396045
      vertex -12.5309 -9.10425 0.396045
    endloop
  endfacet
  facet normal -0.303666 0.273186 -0.912774
    outer loop
      vertex -14.5328 -3.84165 0.0244722
      vertex -14.6101 -3.78552 0.066988
      vertex -14.5112 -3.81764 0.0244722
    endloop
  endfacet
  facet normal -0.207654 -0.0229241 -0.977934
    outer loop
      vertex -14.4589 -3.94333 0.00273991
      vertex -14.5589 -3.96459 0.0244722
      vertex -14.4601 -3.93246 0.00273991
    endloop
  endfacet
  facet normal -0.181015 -0.104507 -0.977912
    outer loop
      vertex -12.2764 -8.87962 0.0244722
      vertex -13.7509 -6.12231 0.00273991
      vertex -12.183 -8.83804 0.00273991
    endloop
  endfacet
  facet normal -0.181015 -0.104507 -0.977912
    outer loop
      vertex -13.7509 -6.12231 0.00273991
      vertex -12.2764 -8.87962 0.0244722
      vertex -13.8443 -6.16389 0.0244722
    endloop
  endfacet
  facet normal 0.303597 0.273361 -0.912745
    outer loop
      vertex 14.5112 -3.81764 0.0244722
      vertex 14.1868 -3.3154 0.066988
      vertex 14.6101 -3.78552 0.066988
    endloop
  endfacet
  facet normal 0.303574 0.273348 -0.912756
    outer loop
      vertex 14.1868 -3.3154 0.066988
      vertex 14.5112 -3.81764 0.0244722
      vertex 14.1095 -3.37152 0.0244722
    endloop
  endfacet
  facet normal -0.824859 -0.267959 -0.497802
    outer loop
      vertex -14.1205 -6.28683 0.296632
      vertex -14.15 -6.19602 0.296632
      vertex -14.0989 -6.18515 0.206108
    endloop
  endfacet
  facet normal -0.989183 0.103724 -0.103719
    outer loop
      vertex -14.8969 -3.93246 0.396045
      vertex -14.9078 -3.93246 0.5
      vertex -14.8969 -3.82851 0.5
    endloop
  endfacet
  facet normal -0.198787 -0.0645884 -0.977912
    outer loop
      vertex -14.5489 -3.99531 0.0244722
      vertex -13.7509 -6.12231 0.00273991
      vertex -13.8443 -6.16389 0.0244722
    endloop
  endfacet
  facet normal -0.198781 -0.0645863 -0.977913
    outer loop
      vertex -13.7509 -6.12231 0.00273991
      vertex -14.5489 -3.99531 0.0244722
      vertex -14.4555 -3.95372 0.00273991
    endloop
  endfacet
  facet normal -0.989184 -0.103714 -0.103719
    outer loop
      vertex -14.8969 -4.03642 0.5
      vertex -14.9078 -3.93246 0.5
      vertex -14.8969 -3.93246 0.396045
    endloop
  endfacet
  facet normal -0.994548 -0.104276 0
    outer loop
      vertex -14.8969 -4.03642 0.5
      vertex -14.9078 -3.93246 20.5
      vertex -14.9078 -3.93246 0.5
    endloop
  endfacet
  facet normal -0.994548 -0.104276 0
    outer loop
      vertex -14.9078 -3.93246 20.5
      vertex -14.8969 -4.03642 0.5
      vertex -14.8969 -4.03642 20.5
    endloop
  endfacet
  facet normal -0.739117 -0.66551 0.103936
    outer loop
      vertex -12.4698 -9.18835 20.5
      vertex -11.1236 -10.6672 20.604
      vertex -12.5309 -9.10425 20.604
    endloop
  endfacet
  facet normal -0.739117 -0.66551 0.103936
    outer loop
      vertex -11.1236 -10.6672 20.604
      vertex -12.4698 -9.18835 20.5
      vertex -11.0625 -10.7513 20.5
    endloop
  endfacet
  facet normal -0.561465 -0.181847 -0.807272
    outer loop
      vertex -14.6362 -4.03415 0.066988
      vertex -14.7134 -4.06854 0.128428
      vertex -14.6523 -3.98444 0.066988
    endloop
  endfacet
  facet normal -0.739113 -0.665507 -0.103981
    outer loop
      vertex -11.1236 -10.6672 0.396045
      vertex -12.4698 -9.18835 0.5
      vertex -12.5309 -9.10425 0.396045
    endloop
  endfacet
  facet normal -0.739113 -0.665507 -0.103981
    outer loop
      vertex -12.4698 -9.18835 0.5
      vertex -11.1236 -10.6672 0.396045
      vertex -11.0625 -10.7513 0.5
    endloop
  endfacet
  facet normal 0.989184 -0.103714 -0.103719
    outer loop
      vertex 14.9078 -3.93246 0.5
      vertex 14.8969 -4.03642 0.5
      vertex 14.8969 -3.93246 0.396045
    endloop
  endfacet
  facet normal 0.951058 -0.309011 0
    outer loop
      vertex 14.1923 -6.205 20.5
      vertex 14.8969 -4.03642 0.5
      vertex 14.8969 -4.03642 20.5
    endloop
  endfacet
  facet normal 0.951058 -0.309011 0
    outer loop
      vertex 14.8969 -4.03642 0.5
      vertex 14.1923 -6.205 20.5
      vertex 14.1923 -6.205 0.5
    endloop
  endfacet
  facet normal 0 -0.589906 -0.807472
    outer loop
      vertex -9.95575 -10.7125 0.128428
      vertex -8.78541 -10.6284 0.066988
      vertex -8.79425 -10.7125 0.128428
    endloop
  endfacet
  facet normal -0 -0.589906 -0.807472
    outer loop
      vertex -8.78541 -10.6284 0.066988
      vertex -9.95575 -10.7125 0.128428
      vertex -9.96459 -10.6284 0.066988
    endloop
  endfacet
  facet normal 0 -0.589906 -0.807472
    outer loop
      vertex 8.79425 -10.7125 0.128428
      vertex 9.96459 -10.6284 0.066988
      vertex 9.95575 -10.7125 0.128428
    endloop
  endfacet
  facet normal -0 -0.589906 -0.807472
    outer loop
      vertex 9.96459 -10.6284 0.066988
      vertex 8.79425 -10.7125 0.128428
      vertex 8.78541 -10.6284 0.066988
    endloop
  endfacet
  facet normal 0.824022 0.475523 -0.308003
    outer loop
      vertex 14.8546 -3.73354 0.396045
      vertex 14.7773 -3.66398 0.296632
      vertex 14.8035 -3.64499 0.396045
    endloop
  endfacet
  facet normal 0.824858 -0.268007 -0.497777
    outer loop
      vertex 14.8546 -4.02743 0.296632
      vertex 14.0989 -6.18515 0.206108
      vertex 14.8035 -4.01657 0.206108
    endloop
  endfacet
  facet normal 0.824846 -0.268002 -0.4978
    outer loop
      vertex 14.0989 -6.18515 0.206108
      vertex 14.8546 -4.02743 0.296632
      vertex 14.15 -6.19602 0.296632
    endloop
  endfacet
  facet normal -0.354044 0.203793 -0.912755
    outer loop
      vertex -14.5489 -3.86962 0.0244722
      vertex -14.6101 -3.78552 0.066988
      vertex -14.5328 -3.84165 0.0244722
    endloop
  endfacet
  facet normal 0.207944 0.0220115 -0.977893
    outer loop
      vertex 14.5623 -3.93246 0.0244722
      vertex 14.4601 -3.93246 0.00273991
      vertex 14.5589 -3.90034 0.0244722
    endloop
  endfacet
  facet normal 0.644359 0.580316 -0.49803
    outer loop
      vertex 14.354 -3.19386 0.296632
      vertex 14.6785 -3.63186 0.206108
      vertex 14.3117 -3.22458 0.206108
    endloop
  endfacet
  facet normal 0.644608 0.580411 -0.497597
    outer loop
      vertex 14.6785 -3.63186 0.206108
      vertex 14.354 -3.19386 0.296632
      vertex 14.7773 -3.66398 0.296632
    endloop
  endfacet
  facet normal 0.388577 0.12649 -0.912693
    outer loop
      vertex 14.5589 -3.90034 0.0244722
      vertex 14.5489 -3.86962 0.0244722
      vertex 14.6523 -3.88049 0.066988
    endloop
  endfacet
  facet normal 0.155336 0.139869 -0.97791
    outer loop
      vertex 14.4428 -3.89362 0.00273991
      vertex 14.1095 -3.37152 0.0244722
      vertex 14.5112 -3.81764 0.0244722
    endloop
  endfacet
  facet normal 0.155334 0.139868 -0.97791
    outer loop
      vertex 14.1095 -3.37152 0.0244722
      vertex 14.4428 -3.89362 0.00273991
      vertex 14.0268 -3.43162 0.00273991
    endloop
  endfacet
  facet normal -0.945895 -0.307306 -0.104146
    outer loop
      vertex -14.16 -6.30442 0.5
      vertex -14.1923 -6.205 0.5
      vertex -14.15 -6.29997 0.396045
    endloop
  endfacet
  facet normal -0.303574 0.273348 -0.912756
    outer loop
      vertex -14.5112 -3.81764 0.0244722
      vertex -14.1868 -3.3154 0.066988
      vertex -14.1095 -3.37152 0.0244722
    endloop
  endfacet
  facet normal -0.303597 0.273361 -0.912745
    outer loop
      vertex -14.1868 -3.3154 0.066988
      vertex -14.5112 -3.81764 0.0244722
      vertex -14.6101 -3.78552 0.066988
    endloop
  endfacet
  facet normal -0.406332 -0.0429981 -0.912713
    outer loop
      vertex -14.5589 -3.96459 0.0244722
      vertex -14.6578 -3.93246 0.066988
      vertex -14.5623 -3.93246 0.0244722
    endloop
  endfacet
  facet normal -0.945889 -0.307332 -0.10412
    outer loop
      vertex -14.8546 -4.13139 0.396045
      vertex -14.1923 -6.205 0.5
      vertex -14.8969 -4.03642 0.5
    endloop
  endfacet
  facet normal -0.945889 -0.307332 -0.10412
    outer loop
      vertex -14.1923 -6.205 0.5
      vertex -14.8546 -4.13139 0.396045
      vertex -14.15 -6.29997 0.396045
    endloop
  endfacet
  facet normal -0.510792 -0.294919 -0.807536
    outer loop
      vertex -13.9739 -6.2977 0.128428
      vertex -12.3636 -8.91846 0.066988
      vertex -12.4059 -9.01343 0.128428
    endloop
  endfacet
  facet normal -0.510792 -0.294919 -0.807536
    outer loop
      vertex -12.3636 -8.91846 0.066988
      vertex -13.9739 -6.2977 0.128428
      vertex -13.9316 -6.20273 0.066988
    endloop
  endfacet
  facet normal -0.82386 -0.476185 -0.307414
    outer loop
      vertex -14.0727 -6.36953 0.296632
      vertex -14.15 -6.29997 0.396045
      vertex -14.1205 -6.28683 0.296632
    endloop
  endfacet
  facet normal -0.708188 -0.2301 -0.667475
    outer loop
      vertex -14.7134 -4.06854 0.128428
      vertex -14.0989 -6.18515 0.206108
      vertex -14.8035 -4.01657 0.206108
    endloop
  endfacet
  facet normal -0.708202 -0.230103 -0.66746
    outer loop
      vertex -14.0989 -6.18515 0.206108
      vertex -14.7134 -4.06854 0.128428
      vertex -14.0088 -6.23713 0.128428
    endloop
  endfacet
  facet normal -0.586493 0.0620687 -0.807573
    outer loop
      vertex -14.6578 -3.93246 0.066988
      vertex -14.7424 -3.93246 0.128428
      vertex -14.6523 -3.88049 0.066988
    endloop
  endfacet
  facet normal -0.586308 -0.0615303 -0.807748
    outer loop
      vertex -14.7351 -4.00202 0.128428
      vertex -14.7424 -3.93246 0.128428
      vertex -14.6523 -3.98444 0.066988
    endloop
  endfacet
  facet normal -0.645518 -0.371943 0.667057
    outer loop
      vertex -14.0088 -6.23713 20.8716
      vertex -14.0727 -6.26558 20.7939
      vertex -13.9739 -6.2977 20.8716
    endloop
  endfacet
  facet normal -0.989108 -0.104076 -0.104081
    outer loop
      vertex -14.8862 -4.03415 0.396045
      vertex -14.8969 -4.03642 0.5
      vertex -14.8969 -3.93246 0.396045
    endloop
  endfacet
  facet normal -0.905029 0.29397 -0.307416
    outer loop
      vertex -14.8251 -3.74668 0.296632
      vertex -14.8546 -3.8375 0.296632
      vertex -14.8546 -3.73354 0.396045
    endloop
  endfacet
  facet normal -0.82386 0.476185 -0.307414
    outer loop
      vertex -14.8251 -3.74668 0.296632
      vertex -14.8546 -3.73354 0.396045
      vertex -14.7773 -3.66398 0.296632
    endloop
  endfacet
  facet normal -0.707185 -0.636759 -0.30729
    outer loop
      vertex -11.1236 -10.6672 0.396045
      vertex -12.5309 -9.10425 0.396045
      vertex -11.083 -10.6659 0.299916
    endloop
  endfacet
  facet normal 0.824012 0.475517 0.30804
    outer loop
      vertex 14.8035 -3.64499 20.604
      vertex 14.7773 -3.66398 20.7034
      vertex 14.8546 -3.73354 20.604
    endloop
  endfacet
  facet normal 0.989183 0.103724 -0.103719
    outer loop
      vertex 14.9078 -3.93246 0.5
      vertex 14.8969 -3.93246 0.396045
      vertex 14.8969 -3.82851 0.5
    endloop
  endfacet
  facet normal 0.861229 0.49754 -0.103632
    outer loop
      vertex 14.8646 -3.7291 0.5
      vertex 14.8035 -3.64499 0.396045
      vertex 14.8123 -3.63857 0.5
    endloop
  endfacet
  facet normal 0.645465 0.371909 -0.667128
    outer loop
      vertex 14.7773 -3.76794 0.206108
      vertex 14.6785 -3.73581 0.128428
      vertex 14.7351 -3.6947 0.206108
    endloop
  endfacet
  facet normal 0.645464 0.371912 -0.667126
    outer loop
      vertex 14.7134 -3.79638 0.128428
      vertex 14.6785 -3.73581 0.128428
      vertex 14.7773 -3.76794 0.206108
    endloop
  endfacet
  facet normal 0.708297 0.230756 -0.667133
    outer loop
      vertex 14.8035 -3.84836 0.206108
      vertex 14.7134 -3.79638 0.128428
      vertex 14.7773 -3.76794 0.206108
    endloop
  endfacet
  facet normal 0.861419 -0.497103 -0.104144
    outer loop
      vertex 14.16 -6.30442 0.5
      vertex 14.0989 -6.38852 0.396045
      vertex 14.15 -6.29997 0.396045
    endloop
  endfacet
  facet normal 0.38855 -0.125843 -0.912794
    outer loop
      vertex 14.6362 -4.03415 0.066988
      vertex 14.5489 -3.99531 0.0244722
      vertex 14.6523 -3.98444 0.066988
    endloop
  endfacet
  facet normal 0.198697 -0.0650211 -0.977902
    outer loop
      vertex 14.5589 -3.96459 0.0244722
      vertex 14.4555 -3.95372 0.00273991
      vertex 14.4589 -3.94333 0.00273991
    endloop
  endfacet
  facet normal 0.738818 -0.665774 -0.10437
    outer loop
      vertex 12.5398 -9.11067 0.5
      vertex 12.4698 -9.18835 0.5
      vertex 12.5309 -9.10425 0.396045
    endloop
  endfacet
  facet normal 0.553508 0.498545 -0.667144
    outer loop
      vertex 14.7351 -3.6947 0.206108
      vertex 14.6785 -3.73581 0.128428
      vertex 14.6785 -3.63186 0.206108
    endloop
  endfacet
  facet normal 0.82386 0.476185 -0.307414
    outer loop
      vertex 14.8251 -3.74668 0.296632
      vertex 14.7773 -3.66398 0.296632
      vertex 14.8546 -3.73354 0.396045
    endloop
  endfacet
  facet normal -0.553572 0.498602 0.667049
    outer loop
      vertex -14.6785 -3.63186 20.7939
      vertex -14.7351 -3.6947 20.7939
      vertex -14.6785 -3.73581 20.8716
    endloop
  endfacet
  facet normal -0.750623 -0.433854 0.498333
    outer loop
      vertex -14.0727 -6.26558 20.7939
      vertex -14.1205 -6.28683 20.7034
      vertex -14.0727 -6.36953 20.7034
    endloop
  endfacet
  facet normal 0.438406 0.394745 -0.807451
    outer loop
      vertex 14.6101 -3.78552 0.066988
      vertex 14.2552 -3.26569 0.128428
      vertex 14.6785 -3.73581 0.128428
    endloop
  endfacet
  facet normal 0.438406 0.394745 -0.807451
    outer loop
      vertex 14.2552 -3.26569 0.128428
      vertex 14.6101 -3.78552 0.066988
      vertex 14.1868 -3.3154 0.066988
    endloop
  endfacet
  facet normal 0.181015 -0.104507 -0.977912
    outer loop
      vertex 12.2764 -8.87962 0.0244722
      vertex 13.7509 -6.12231 0.00273991
      vertex 13.8443 -6.16389 0.0244722
    endloop
  endfacet
  facet normal 0.181015 -0.104507 -0.977912
    outer loop
      vertex 13.7509 -6.12231 0.00273991
      vertex 12.2764 -8.87962 0.0244722
      vertex 12.183 -8.83804 0.00273991
    endloop
  endfacet
  facet normal 0.1554 0.139801 -0.977909
    outer loop
      vertex 14.5328 -3.84165 0.0244722
      vertex 14.4501 -3.90174 0.00273991
      vertex 14.5112 -3.81764 0.0244722
    endloop
  endfacet
  facet normal 0.155457 0.139759 -0.977906
    outer loop
      vertex 14.4501 -3.90174 0.00273991
      vertex 14.4428 -3.89362 0.00273991
      vertex 14.5112 -3.81764 0.0244722
    endloop
  endfacet
  facet normal -0.824022 -0.475523 -0.308003
    outer loop
      vertex -14.0989 -6.38852 0.396045
      vertex -14.15 -6.29997 0.396045
      vertex -14.0727 -6.36953 0.296632
    endloop
  endfacet
  facet normal -0.751042 -0.433607 -0.497917
    outer loop
      vertex -12.5048 -8.98131 0.206108
      vertex -14.0727 -6.36953 0.296632
      vertex -14.0727 -6.26558 0.206108
    endloop
  endfacet
  facet normal -0.751042 -0.433607 -0.497917
    outer loop
      vertex -14.0727 -6.36953 0.296632
      vertex -12.5048 -8.98131 0.206108
      vertex -12.5048 -9.08526 0.296632
    endloop
  endfacet
  facet normal -0.15497 -0.140119 -0.977932
    outer loop
      vertex -12.2386 -8.9316 0.0244722
      vertex -12.2603 -8.9076 0.0244722
      vertex -12.1775 -8.8475 0.00273991
    endloop
  endfacet
  facet normal -0.750654 0.433873 -0.49827
    outer loop
      vertex -14.7773 -3.76794 0.206108
      vertex -14.8251 -3.74668 0.296632
      vertex -14.7773 -3.66398 0.296632
    endloop
  endfacet
  facet normal -0.207649 0.0229447 -0.977934
    outer loop
      vertex -14.4601 -3.93246 0.00273991
      vertex -14.5589 -3.90034 0.0244722
      vertex -14.4589 -3.9216 0.00273991
    endloop
  endfacet
  facet normal -0.198735 -0.0646922 -0.977916
    outer loop
      vertex -14.5489 -3.99531 0.0244722
      vertex -14.5589 -3.96459 0.0244722
      vertex -14.4555 -3.95372 0.00273991
    endloop
  endfacet
  facet normal -0.708344 0.231074 -0.666974
    outer loop
      vertex -14.7351 -3.8629 0.128428
      vertex -14.8035 -3.84836 0.206108
      vertex -14.7134 -3.79638 0.128428
    endloop
  endfacet
  facet normal -0.586493 -0.0620568 -0.807573
    outer loop
      vertex -14.6523 -3.98444 0.066988
      vertex -14.7424 -3.93246 0.128428
      vertex -14.6578 -3.93246 0.066988
    endloop
  endfacet
  facet normal -0.561245 -0.182355 -0.807311
    outer loop
      vertex -14.7134 -4.06854 0.128428
      vertex -13.9316 -6.20273 0.066988
      vertex -14.0088 -6.23713 0.128428
    endloop
  endfacet
  facet normal -0.561259 -0.18236 -0.8073
    outer loop
      vertex -13.9316 -6.20273 0.066988
      vertex -14.7134 -4.06854 0.128428
      vertex -14.6362 -4.03415 0.066988
    endloop
  endfacet
  facet normal 0 -0.408493 -0.912762
    outer loop
      vertex -9.96459 -10.6284 0.066988
      vertex -8.77543 -10.5334 0.0244722
      vertex -8.78541 -10.6284 0.066988
    endloop
  endfacet
  facet normal -0 -0.408493 -0.912762
    outer loop
      vertex -8.77543 -10.5334 0.0244722
      vertex -9.96459 -10.6284 0.066988
      vertex -9.97457 -10.5334 0.0244722
    endloop
  endfacet
  facet normal 0 -0.408493 -0.912762
    outer loop
      vertex 8.78541 -10.6284 0.066988
      vertex 9.97457 -10.5334 0.0244722
      vertex 9.96459 -10.6284 0.066988
    endloop
  endfacet
  facet normal -0 -0.408493 -0.912762
    outer loop
      vertex 9.97457 -10.5334 0.0244722
      vertex 8.78541 -10.6284 0.066988
      vertex 8.77543 -10.5334 0.0244722
    endloop
  endfacet
  facet normal -0.905019 -0.293999 -0.307417
    outer loop
      vertex -14.1205 -6.28683 0.296632
      vertex -14.15 -6.29997 0.396045
      vertex -14.15 -6.19602 0.296632
    endloop
  endfacet
  facet normal -0.824858 -0.268007 -0.497777
    outer loop
      vertex -14.0989 -6.18515 0.206108
      vertex -14.8546 -4.02743 0.296632
      vertex -14.8035 -4.01657 0.206108
    endloop
  endfacet
  facet normal -0.824846 -0.268002 -0.4978
    outer loop
      vertex -14.8546 -4.02743 0.296632
      vertex -14.0989 -6.18515 0.206108
      vertex -14.15 -6.19602 0.296632
    endloop
  endfacet
  facet normal -0.823926 -0.475685 -0.308009
    outer loop
      vertex -12.5048 -9.08526 0.296632
      vertex -14.0989 -6.38852 0.396045
      vertex -14.0727 -6.36953 0.296632
    endloop
  endfacet
  facet normal -0.824123 -0.475829 -0.30726
    outer loop
      vertex -14.0989 -6.38852 0.396045
      vertex -12.5048 -9.08526 0.296632
      vertex -12.5309 -9.10425 0.396045
    endloop
  endfacet
  facet normal -0.750672 -0.433883 -0.498234
    outer loop
      vertex -14.0727 -6.36953 0.296632
      vertex -14.1205 -6.28683 0.296632
      vertex -14.0727 -6.26558 0.206108
    endloop
  endfacet
  facet normal -0.946326 0.0996552 -0.307468
    outer loop
      vertex -14.8646 -3.93246 0.296632
      vertex -14.8969 -3.93246 0.396045
      vertex -14.8546 -3.8375 0.296632
    endloop
  endfacet
  facet normal -0.946314 -0.0995728 -0.307532
    outer loop
      vertex -14.8862 -4.03415 0.396045
      vertex -14.8969 -3.93246 0.396045
      vertex -14.8546 -4.02743 0.296632
    endloop
  endfacet
  facet normal -0.353779 0.204013 -0.912808
    outer loop
      vertex -14.5489 -3.86962 0.0244722
      vertex -14.6362 -3.83078 0.066988
      vertex -14.6101 -3.78552 0.066988
    endloop
  endfacet
  facet normal -0.751678 0.433108 -0.497392
    outer loop
      vertex -14.7351 -3.6947 0.206108
      vertex -14.7773 -3.76794 0.206108
      vertex -14.7773 -3.66398 0.296632
    endloop
  endfacet
  facet normal 0.989188 0.103724 0.103675
    outer loop
      vertex 14.8969 -3.82851 20.5
      vertex 14.8969 -3.93246 20.604
      vertex 14.9078 -3.93246 20.5
    endloop
  endfacet
  facet normal -0.743351 0.668901 0
    outer loop
      vertex -14.8123 -3.63857 0.5
      vertex -14.7424 -3.56089 20.5
      vertex -14.7424 -3.56089 0.5
    endloop
  endfacet
  facet normal -0.743351 0.668901 0
    outer loop
      vertex -14.7424 -3.56089 20.5
      vertex -14.8123 -3.63857 0.5
      vertex -14.8123 -3.63857 20.5
    endloop
  endfacet
  facet normal -0.824879 0.267936 -0.497781
    outer loop
      vertex -14.8035 -3.84836 0.206108
      vertex -14.8546 -3.8375 0.296632
      vertex -14.8251 -3.74668 0.296632
    endloop
  endfacet
  facet normal -0.861423 0.497106 -0.104097
    outer loop
      vertex -14.8546 -3.73354 0.396045
      vertex -14.8646 -3.7291 0.5
      vertex -14.8035 -3.64499 0.396045
    endloop
  endfacet
  facet normal -0.644359 0.580316 -0.49803
    outer loop
      vertex -14.6785 -3.63186 0.206108
      vertex -14.354 -3.19386 0.296632
      vertex -14.3117 -3.22458 0.206108
    endloop
  endfacet
  facet normal -0.644608 0.580411 -0.497597
    outer loop
      vertex -14.354 -3.19386 0.296632
      vertex -14.6785 -3.63186 0.206108
      vertex -14.7773 -3.66398 0.296632
    endloop
  endfacet
  facet normal -0.707183 -0.636757 -0.307299
    outer loop
      vertex -11.0822 -10.6652 0.296632
      vertex -12.5309 -9.10425 0.396045
      vertex -12.5048 -9.08526 0.296632
    endloop
  endfacet
  facet normal -0.707052 -0.636595 -0.307935
    outer loop
      vertex -12.5309 -9.10425 0.396045
      vertex -11.0822 -10.6652 0.296632
      vertex -11.083 -10.6659 0.299916
    endloop
  endfacet
  facet normal -0.553546 -0.498499 -0.667147
    outer loop
      vertex -12.4059 -9.11739 0.206108
      vertex -12.4625 -9.05454 0.206108
      vertex -12.4059 -9.01343 0.128428
    endloop
  endfacet
  facet normal -0.989188 0.103724 0.103675
    outer loop
      vertex -14.8969 -3.82851 20.5
      vertex -14.9078 -3.93246 20.5
      vertex -14.8969 -3.93246 20.604
    endloop
  endfacet
  facet normal 0.861423 0.497106 -0.104097
    outer loop
      vertex 14.8546 -3.73354 0.396045
      vertex 14.8035 -3.64499 0.396045
      vertex 14.8646 -3.7291 0.5
    endloop
  endfacet
  facet normal 0.945888 0.307335 -0.104117
    outer loop
      vertex 14.8969 -3.82851 0.5
      vertex 14.8546 -3.73354 0.396045
      vertex 14.8646 -3.7291 0.5
    endloop
  endfacet
  facet normal 0.945889 -0.307332 -0.10412
    outer loop
      vertex 14.1923 -6.205 0.5
      vertex 14.8546 -4.13139 0.396045
      vertex 14.8969 -4.03642 0.5
    endloop
  endfacet
  facet normal 0.945889 -0.307332 -0.10412
    outer loop
      vertex 14.8546 -4.13139 0.396045
      vertex 14.1923 -6.205 0.5
      vertex 14.15 -6.29997 0.396045
    endloop
  endfacet
  facet normal 0.207649 0.0229447 -0.977934
    outer loop
      vertex 14.4601 -3.93246 0.00273991
      vertex 14.4589 -3.9216 0.00273991
      vertex 14.5589 -3.90034 0.0244722
    endloop
  endfacet
  facet normal 0.207654 -0.0229241 -0.977934
    outer loop
      vertex 14.5589 -3.96459 0.0244722
      vertex 14.4589 -3.94333 0.00273991
      vertex 14.4601 -3.93246 0.00273991
    endloop
  endfacet
  facet normal 0.38855 0.125843 -0.912794
    outer loop
      vertex 14.6523 -3.88049 0.066988
      vertex 14.5489 -3.86962 0.0244722
      vertex 14.6362 -3.83078 0.066988
    endloop
  endfacet
  facet normal 0.946313 0.0995825 -0.307532
    outer loop
      vertex 14.8969 -3.93246 0.396045
      vertex 14.8546 -3.8375 0.296632
      vertex 14.8862 -3.83078 0.396045
    endloop
  endfacet
  facet normal 0.739113 -0.665507 -0.103981
    outer loop
      vertex 12.4698 -9.18835 0.5
      vertex 11.1236 -10.6672 0.396045
      vertex 12.5309 -9.10425 0.396045
    endloop
  endfacet
  facet normal 0.739113 -0.665507 -0.103981
    outer loop
      vertex 11.1236 -10.6672 0.396045
      vertex 12.4698 -9.18835 0.5
      vertex 11.0625 -10.7513 0.5
    endloop
  endfacet
  facet normal 0 -0.208972 -0.977922
    outer loop
      vertex -9.97457 -10.5334 0.0244722
      vertex -8.76474 -10.4317 0.00273991
      vertex -8.77543 -10.5334 0.0244722
    endloop
  endfacet
  facet normal -0 -0.208972 -0.977922
    outer loop
      vertex -8.76474 -10.4317 0.00273991
      vertex -9.97457 -10.5334 0.0244722
      vertex -9.98526 -10.4317 0.00273991
    endloop
  endfacet
  facet normal 0 -0.208972 -0.977922
    outer loop
      vertex 8.77543 -10.5334 0.0244722
      vertex 9.98526 -10.4317 0.00273991
      vertex 9.97457 -10.5334 0.0244722
    endloop
  endfacet
  facet normal -0 -0.208972 -0.977922
    outer loop
      vertex 9.98526 -10.4317 0.00273991
      vertex 8.77543 -10.5334 0.0244722
      vertex 8.76474 -10.4317 0.00273991
    endloop
  endfacet
  facet normal 0.644559 0.580555 -0.497493
    outer loop
      vertex 14.7351 -3.6947 0.206108
      vertex 14.6785 -3.63186 0.206108
      vertex 14.7773 -3.66398 0.296632
    endloop
  endfacet
  facet normal 0.751678 0.433108 -0.497392
    outer loop
      vertex 14.7773 -3.76794 0.206108
      vertex 14.7351 -3.6947 0.206108
      vertex 14.7773 -3.66398 0.296632
    endloop
  endfacet
  facet normal -0.180507 -0.104946 -0.977959
    outer loop
      vertex -12.1775 -8.8475 0.00273991
      vertex -12.2603 -8.9076 0.0244722
      vertex -12.183 -8.83804 0.00273991
    endloop
  endfacet
  facet normal -0.561452 0.181842 -0.807283
    outer loop
      vertex -14.6523 -3.88049 0.066988
      vertex -14.7134 -3.79638 0.128428
      vertex -14.6362 -3.83078 0.066988
    endloop
  endfacet
  facet normal -0.181119 0.104255 -0.97792
    outer loop
      vertex -14.4555 -3.91121 0.00273991
      vertex -14.5489 -3.86962 0.0244722
      vertex -14.5328 -3.84165 0.0244722
    endloop
  endfacet
  facet normal -0.38855 -0.125843 -0.912794
    outer loop
      vertex -14.6362 -4.03415 0.066988
      vertex -14.6523 -3.98444 0.066988
      vertex -14.5489 -3.99531 0.0244722
    endloop
  endfacet
  facet normal -0.388577 -0.12649 -0.912693
    outer loop
      vertex -14.5489 -3.99531 0.0244722
      vertex -14.6523 -3.98444 0.066988
      vertex -14.5589 -3.96459 0.0244722
    endloop
  endfacet
  facet normal -0.644559 0.580555 -0.497493
    outer loop
      vertex -14.7351 -3.6947 0.206108
      vertex -14.7773 -3.66398 0.296632
      vertex -14.6785 -3.63186 0.206108
    endloop
  endfacet
  facet normal -0.645465 0.371909 -0.667128
    outer loop
      vertex -14.6785 -3.73581 0.128428
      vertex -14.7773 -3.76794 0.206108
      vertex -14.7351 -3.6947 0.206108
    endloop
  endfacet
  facet normal -0.511269 0.29459 -0.807354
    outer loop
      vertex -14.6362 -3.83078 0.066988
      vertex -14.7134 -3.79638 0.128428
      vertex -14.6785 -3.73581 0.128428
    endloop
  endfacet
  facet normal -0.511077 0.294722 -0.807427
    outer loop
      vertex -14.6362 -3.83078 0.066988
      vertex -14.6785 -3.73581 0.128428
      vertex -14.6101 -3.78552 0.066988
    endloop
  endfacet
  facet normal -0.862345 -0.0902228 -0.498218
    outer loop
      vertex -14.8035 -4.01657 0.206108
      vertex -14.8646 -3.93246 0.296632
      vertex -14.8123 -3.93246 0.206108
    endloop
  endfacet
  facet normal -0.86253 0.0908309 -0.497787
    outer loop
      vertex -14.8035 -3.84836 0.206108
      vertex -14.8646 -3.93246 0.296632
      vertex -14.8546 -3.8375 0.296632
    endloop
  endfacet
  facet normal -0.406331 -0.0429939 -0.912714
    outer loop
      vertex -14.6523 -3.98444 0.066988
      vertex -14.6578 -3.93246 0.066988
      vertex -14.5589 -3.96459 0.0244722
    endloop
  endfacet
  facet normal 0.198787 -0.0645884 -0.977912
    outer loop
      vertex 13.7509 -6.12231 0.00273991
      vertex 14.5489 -3.99531 0.0244722
      vertex 13.8443 -6.16389 0.0244722
    endloop
  endfacet
  facet normal 0.198781 -0.0645863 -0.977913
    outer loop
      vertex 14.5489 -3.99531 0.0244722
      vertex 13.7509 -6.12231 0.00273991
      vertex 14.4555 -3.95372 0.00273991
    endloop
  endfacet
  facet normal -0.18114 -0.10423 -0.977918
    outer loop
      vertex -12.2603 -8.9076 0.0244722
      vertex -12.2764 -8.87962 0.0244722
      vertex -12.183 -8.83804 0.00273991
    endloop
  endfacet
  facet normal -0.511077 -0.294722 -0.807427
    outer loop
      vertex -12.3375 -8.96372 0.066988
      vertex -12.4059 -9.01343 0.128428
      vertex -12.3636 -8.91846 0.066988
    endloop
  endfacet
  facet normal -0.708293 -0.230726 -0.667148
    outer loop
      vertex -14.0727 -6.26558 0.206108
      vertex -14.0989 -6.18515 0.206108
      vertex -14.0088 -6.23713 0.128428
    endloop
  endfacet
  facet normal -0.824355 -0.268533 -0.498326
    outer loop
      vertex -14.0727 -6.26558 0.206108
      vertex -14.1205 -6.28683 0.296632
      vertex -14.0989 -6.18515 0.206108
    endloop
  endfacet
  facet normal -0.946313 0.0995825 -0.307532
    outer loop
      vertex -14.8546 -3.8375 0.296632
      vertex -14.8969 -3.93246 0.396045
      vertex -14.8862 -3.83078 0.396045
    endloop
  endfacet
  facet normal -0.989107 0.104086 -0.104081
    outer loop
      vertex -14.8862 -3.83078 0.396045
      vertex -14.8969 -3.93246 0.396045
      vertex -14.8969 -3.82851 0.5
    endloop
  endfacet
  facet normal -0.740972 -0.0777616 -0.667018
    outer loop
      vertex -14.7351 -4.00202 0.128428
      vertex -14.8035 -4.01657 0.206108
      vertex -14.7424 -3.93246 0.128428
    endloop
  endfacet
  facet normal -0.904953 -0.294082 -0.307533
    outer loop
      vertex -14.8546 -4.13139 0.396045
      vertex -14.8862 -4.03415 0.396045
      vertex -14.8546 -4.02743 0.296632
    endloop
  endfacet
  facet normal -0.645464 0.371912 -0.667126
    outer loop
      vertex -14.7134 -3.79638 0.128428
      vertex -14.7773 -3.76794 0.206108
      vertex -14.6785 -3.73581 0.128428
    endloop
  endfacet
  facet normal -0.861229 0.49754 -0.103632
    outer loop
      vertex -14.8035 -3.64499 0.396045
      vertex -14.8646 -3.7291 0.5
      vertex -14.8123 -3.63857 0.5
    endloop
  endfacet
  facet normal -0.739346 0.665297 -0.103674
    outer loop
      vertex -14.8035 -3.64499 0.396045
      vertex -14.8123 -3.63857 0.5
      vertex -14.7424 -3.56089 0.5
    endloop
  endfacet
  facet normal 0.750654 0.433873 -0.49827
    outer loop
      vertex 14.8251 -3.74668 0.296632
      vertex 14.7773 -3.76794 0.206108
      vertex 14.7773 -3.66398 0.296632
    endloop
  endfacet
  facet normal 0.904953 0.294082 -0.307533
    outer loop
      vertex 14.8862 -3.83078 0.396045
      vertex 14.8546 -3.8375 0.296632
      vertex 14.8546 -3.73354 0.396045
    endloop
  endfacet
  facet normal 0.824022 -0.475523 -0.308003
    outer loop
      vertex 14.0989 -6.38852 0.396045
      vertex 14.0727 -6.36953 0.296632
      vertex 14.15 -6.29997 0.396045
    endloop
  endfacet
  facet normal 0.6444 -0.580226 -0.498083
    outer loop
      vertex 11.0822 -10.6652 0.296632
      vertex 12.4059 -9.11739 0.206108
      vertex 12.5048 -9.08526 0.296632
    endloop
  endfacet
  facet normal 0.644567 -0.580349 -0.497723
    outer loop
      vertex 12.4059 -9.11739 0.206108
      vertex 11.0822 -10.6652 0.296632
      vertex 11.0789 -10.6663 0.293641
    endloop
  endfacet
  facet normal 0.561465 -0.181847 -0.807272
    outer loop
      vertex 14.7134 -4.06854 0.128428
      vertex 14.6362 -4.03415 0.066988
      vertex 14.6523 -3.98444 0.066988
    endloop
  endfacet
  facet normal 0.198735 0.0646922 -0.977916
    outer loop
      vertex 14.5589 -3.90034 0.0244722
      vertex 14.4555 -3.91121 0.00273991
      vertex 14.5489 -3.86962 0.0244722
    endloop
  endfacet
  facet normal 0.353779 0.204013 -0.912808
    outer loop
      vertex 14.6362 -3.83078 0.066988
      vertex 14.5489 -3.86962 0.0244722
      vertex 14.6101 -3.78552 0.066988
    endloop
  endfacet
  facet normal 0.560517 -0.182851 -0.807704
    outer loop
      vertex 14.7134 -4.06854 0.128428
      vertex 14.6523 -3.98444 0.066988
      vertex 14.7351 -4.00202 0.128428
    endloop
  endfacet
  facet normal 0.946326 0.0996552 -0.307468
    outer loop
      vertex 14.8646 -3.93246 0.296632
      vertex 14.8546 -3.8375 0.296632
      vertex 14.8969 -3.93246 0.396045
    endloop
  endfacet
  facet normal 0.586308 -0.0615303 -0.807748
    outer loop
      vertex 14.7351 -4.00202 0.128428
      vertex 14.6523 -3.98444 0.066988
      vertex 14.7424 -3.93246 0.128428
    endloop
  endfacet
  facet normal 0.743142 -0.669134 0
    outer loop
      vertex 11.0625 -10.7513 20.5
      vertex 12.4698 -9.18835 0.5
      vertex 12.4698 -9.18835 20.5
    endloop
  endfacet
  facet normal 0.743142 -0.669134 0
    outer loop
      vertex 12.4698 -9.18835 0.5
      vertex 11.0625 -10.7513 20.5
      vertex 11.0625 -10.7513 0.5
    endloop
  endfacet
  facet normal -0.644534 -0.580324 -0.497795
    outer loop
      vertex -11.0789 -10.6663 0.293641
      vertex -12.4059 -9.11739 0.206108
      vertex -10.9986 -10.6804 0.206108
    endloop
  endfacet
  facet normal -0.155457 -0.139759 -0.977906
    outer loop
      vertex -12.1702 -8.85562 0.00273991
      vertex -12.2386 -8.9316 0.0244722
      vertex -12.1775 -8.8475 0.00273991
    endloop
  endfacet
  facet normal 0.3884 -0.126196 -0.912809
    outer loop
      vertex 13.8443 -6.16389 0.0244722
      vertex 14.6362 -4.03415 0.066988
      vertex 13.9316 -6.20273 0.066988
    endloop
  endfacet
  facet normal 0.3884 -0.126196 -0.912809
    outer loop
      vertex 14.6362 -4.03415 0.066988
      vertex 13.8443 -6.16389 0.0244722
      vertex 14.5489 -3.99531 0.0244722
    endloop
  endfacet
  facet normal 0.15497 -0.140119 -0.977932
    outer loop
      vertex 12.2386 -8.9316 0.0244722
      vertex 12.1775 -8.8475 0.00273991
      vertex 12.2603 -8.9076 0.0244722
    endloop
  endfacet
  facet normal 0.155457 -0.139759 -0.977906
    outer loop
      vertex 12.2386 -8.9316 0.0244722
      vertex 12.1702 -8.85562 0.00273991
      vertex 12.1775 -8.8475 0.00273991
    endloop
  endfacet
  facet normal -0.553508 0.498545 -0.667144
    outer loop
      vertex -14.6785 -3.73581 0.128428
      vertex -14.7351 -3.6947 0.206108
      vertex -14.6785 -3.63186 0.206108
    endloop
  endfacet
  facet normal -0.155457 0.139759 -0.977906
    outer loop
      vertex -14.4501 -3.90174 0.00273991
      vertex -14.5112 -3.81764 0.0244722
      vertex -14.4428 -3.89362 0.00273991
    endloop
  endfacet
  facet normal -0.1554 0.139801 -0.977909
    outer loop
      vertex -14.4501 -3.90174 0.00273991
      vertex -14.5328 -3.84165 0.0244722
      vertex -14.5112 -3.81764 0.0244722
    endloop
  endfacet
  facet normal -0.862344 0.0902334 -0.498217
    outer loop
      vertex -14.8123 -3.93246 0.206108
      vertex -14.8646 -3.93246 0.296632
      vertex -14.8035 -3.84836 0.206108
    endloop
  endfacet
  facet normal -0.740977 0.0777622 -0.667012
    outer loop
      vertex -14.7424 -3.93246 0.128428
      vertex -14.8035 -3.84836 0.206108
      vertex -14.7351 -3.8629 0.128428
    endloop
  endfacet
  facet normal -0.3884 -0.126196 -0.912809
    outer loop
      vertex -14.6362 -4.03415 0.066988
      vertex -13.8443 -6.16389 0.0244722
      vertex -13.9316 -6.20273 0.066988
    endloop
  endfacet
  facet normal -0.3884 -0.126196 -0.912809
    outer loop
      vertex -13.8443 -6.16389 0.0244722
      vertex -14.6362 -4.03415 0.066988
      vertex -14.5489 -3.99531 0.0244722
    endloop
  endfacet
  facet normal -0.354048 -0.204168 -0.912669
    outer loop
      vertex -12.3375 -8.96372 0.066988
      vertex -12.3636 -8.91846 0.066988
      vertex -12.2764 -8.87962 0.0244722
    endloop
  endfacet
  facet normal -0.354365 -0.203905 -0.912605
    outer loop
      vertex -12.2603 -8.9076 0.0244722
      vertex -12.3375 -8.96372 0.066988
      vertex -12.2764 -8.87962 0.0244722
    endloop
  endfacet
  facet normal -0.645028 -0.372589 -0.66717
    outer loop
      vertex -12.4625 -9.05454 0.206108
      vertex -12.5048 -8.98131 0.206108
      vertex -12.4059 -9.01343 0.128428
    endloop
  endfacet
  facet normal -0.645039 -0.372431 -0.667248
    outer loop
      vertex -12.5048 -8.98131 0.206108
      vertex -13.9739 -6.2977 0.128428
      vertex -12.4059 -9.01343 0.128428
    endloop
  endfacet
  facet normal -0.645398 -0.372614 -0.666799
    outer loop
      vertex -13.9739 -6.2977 0.128428
      vertex -12.5048 -8.98131 0.206108
      vertex -14.0727 -6.26558 0.206108
    endloop
  endfacet
  facet normal -0.645444 -0.3719 -0.667153
    outer loop
      vertex -13.9739 -6.2977 0.128428
      vertex -14.0727 -6.26558 0.206108
      vertex -14.0088 -6.23713 0.128428
    endloop
  endfacet
  facet normal 0.303263 -0.274201 -0.912604
    outer loop
      vertex 12.3375 -8.96372 0.066988
      vertex 12.2386 -8.9316 0.0244722
      vertex 12.2603 -8.9076 0.0244722
    endloop
  endfacet
  facet normal -0.862531 -0.0908214 -0.497787
    outer loop
      vertex -14.8546 -4.02743 0.296632
      vertex -14.8646 -3.93246 0.296632
      vertex -14.8035 -4.01657 0.206108
    endloop
  endfacet
  facet normal -0.945878 -0.307381 -0.104071
    outer loop
      vertex -14.8546 -4.13139 0.396045
      vertex -14.8969 -4.03642 0.5
      vertex -14.8862 -4.03415 0.396045
    endloop
  endfacet
  facet normal -0.904953 0.294082 -0.307533
    outer loop
      vertex -14.8546 -3.8375 0.296632
      vertex -14.8862 -3.83078 0.396045
      vertex -14.8546 -3.73354 0.396045
    endloop
  endfacet
  facet normal -0.945878 0.307381 -0.104071
    outer loop
      vertex -14.8862 -3.83078 0.396045
      vertex -14.8969 -3.82851 0.5
      vertex -14.8546 -3.73354 0.396045
    endloop
  endfacet
  facet normal 0.945899 -0.307308 0.104101
    outer loop
      vertex 14.1923 -6.205 20.5
      vertex 14.15 -6.29997 20.604
      vertex 14.16 -6.30442 20.5
    endloop
  endfacet
  facet normal 0.208272 -0.0229923 0.977801
    outer loop
      vertex 14.4601 -3.93246 20.9973
      vertex 14.4589 -3.94333 20.9973
      vertex 14.5589 -3.96459 20.9755
    endloop
  endfacet
  facet normal -0.86133 -0.497312 0.103878
    outer loop
      vertex -12.592 -9.02015 20.5
      vertex -14.0989 -6.38852 20.604
      vertex -14.16 -6.30442 20.5
    endloop
  endfacet
  facet normal -0.86133 -0.497312 0.103878
    outer loop
      vertex -14.0989 -6.38852 20.604
      vertex -12.592 -9.02015 20.5
      vertex -12.5309 -9.10425 20.604
    endloop
  endfacet
  facet normal 0.181045 -0.105259 0.977826
    outer loop
      vertex 12.183 -8.83804 20.9973
      vertex 12.1775 -8.8475 20.9973
      vertex 12.2603 -8.9076 20.9755
    endloop
  endfacet
  facet normal 0.989108 -0.104076 -0.104081
    outer loop
      vertex 14.8969 -4.03642 0.5
      vertex 14.8862 -4.03415 0.396045
      vertex 14.8969 -3.93246 0.396045
    endloop
  endfacet
  facet normal 0.945878 -0.307381 -0.104071
    outer loop
      vertex 14.8969 -4.03642 0.5
      vertex 14.8546 -4.13139 0.396045
      vertex 14.8862 -4.03415 0.396045
    endloop
  endfacet
  facet normal 0.989107 0.104086 -0.104081
    outer loop
      vertex 14.8969 -3.93246 0.396045
      vertex 14.8862 -3.83078 0.396045
      vertex 14.8969 -3.82851 0.5
    endloop
  endfacet
  facet normal 0.70833 -0.23107 -0.66699
    outer loop
      vertex 14.8035 -4.01657 0.206108
      vertex 14.7134 -4.06854 0.128428
      vertex 14.7351 -4.00202 0.128428
    endloop
  endfacet
  facet normal 0.707183 -0.636757 -0.307299
    outer loop
      vertex 12.5309 -9.10425 0.396045
      vertex 11.0822 -10.6652 0.296632
      vertex 12.5048 -9.08526 0.296632
    endloop
  endfacet
  facet normal 0.707052 -0.636595 -0.307935
    outer loop
      vertex 11.0822 -10.6652 0.296632
      vertex 12.5309 -9.10425 0.396045
      vertex 11.083 -10.6659 0.299916
    endloop
  endfacet
  facet normal 0.750876 -0.43373 -0.498059
    outer loop
      vertex 12.5048 -9.08526 0.296632
      vertex 12.4625 -9.05454 0.206108
      vertex 12.5048 -8.98131 0.206108
    endloop
  endfacet
  facet normal 0.823926 -0.475685 -0.308009
    outer loop
      vertex 14.0989 -6.38852 0.396045
      vertex 12.5048 -9.08526 0.296632
      vertex 14.0727 -6.36953 0.296632
    endloop
  endfacet
  facet normal 0.824123 -0.475829 -0.30726
    outer loop
      vertex 12.5048 -9.08526 0.296632
      vertex 14.0989 -6.38852 0.396045
      vertex 12.5309 -9.10425 0.396045
    endloop
  endfacet
  facet normal 0.511077 0.294722 -0.807427
    outer loop
      vertex 14.6362 -3.83078 0.066988
      vertex 14.6101 -3.78552 0.066988
      vertex 14.6785 -3.73581 0.128428
    endloop
  endfacet
  facet normal 0.511269 0.29459 -0.807354
    outer loop
      vertex 14.7134 -3.79638 0.128428
      vertex 14.6362 -3.83078 0.066988
      vertex 14.6785 -3.73581 0.128428
    endloop
  endfacet
  facet normal 0.40633 0.043002 -0.912714
    outer loop
      vertex 14.6578 -3.93246 0.066988
      vertex 14.5589 -3.90034 0.0244722
      vertex 14.6523 -3.88049 0.066988
    endloop
  endfacet
  facet normal 0.406332 0.0430115 -0.912713
    outer loop
      vertex 14.5623 -3.93246 0.0244722
      vertex 14.5589 -3.90034 0.0244722
      vertex 14.6578 -3.93246 0.066988
    endloop
  endfacet
  facet normal 0.708188 -0.2301 -0.667475
    outer loop
      vertex 14.0989 -6.18515 0.206108
      vertex 14.7134 -4.06854 0.128428
      vertex 14.8035 -4.01657 0.206108
    endloop
  endfacet
  facet normal 0.708202 -0.230103 -0.66746
    outer loop
      vertex 14.7134 -4.06854 0.128428
      vertex 14.0989 -6.18515 0.206108
      vertex 14.0088 -6.23713 0.128428
    endloop
  endfacet
  facet normal 0.561245 -0.182355 -0.807311
    outer loop
      vertex 13.9316 -6.20273 0.066988
      vertex 14.7134 -4.06854 0.128428
      vertex 14.0088 -6.23713 0.128428
    endloop
  endfacet
  facet normal 0.561259 -0.18236 -0.8073
    outer loop
      vertex 14.7134 -4.06854 0.128428
      vertex 13.9316 -6.20273 0.066988
      vertex 14.6362 -4.03415 0.066988
    endloop
  endfacet
  facet normal 0.586493 0.0620687 -0.807573
    outer loop
      vertex 14.6578 -3.93246 0.066988
      vertex 14.6523 -3.88049 0.066988
      vertex 14.7424 -3.93246 0.128428
    endloop
  endfacet
  facet normal 0.586493 -0.0620568 -0.807573
    outer loop
      vertex 14.7424 -3.93246 0.128428
      vertex 14.6523 -3.98444 0.066988
      vertex 14.6578 -3.93246 0.066988
    endloop
  endfacet
  facet normal 0.740977 0.0777622 -0.667012
    outer loop
      vertex 14.7424 -3.93246 0.128428
      vertex 14.7351 -3.8629 0.128428
      vertex 14.8035 -3.84836 0.206108
    endloop
  endfacet
  facet normal 0.708344 0.231074 -0.666974
    outer loop
      vertex 14.7351 -3.8629 0.128428
      vertex 14.7134 -3.79638 0.128428
      vertex 14.8035 -3.84836 0.206108
    endloop
  endfacet
  facet normal -0.6444 -0.580226 -0.498083
    outer loop
      vertex -12.4059 -9.11739 0.206108
      vertex -11.0822 -10.6652 0.296632
      vertex -12.5048 -9.08526 0.296632
    endloop
  endfacet
  facet normal -0.644567 -0.580349 -0.497723
    outer loop
      vertex -11.0822 -10.6652 0.296632
      vertex -12.4059 -9.11739 0.206108
      vertex -11.0789 -10.6663 0.293641
    endloop
  endfacet
  facet normal -0.644376 -0.580297 -0.498032
    outer loop
      vertex -12.4059 -9.11739 0.206108
      vertex -12.5048 -9.08526 0.296632
      vertex -12.4625 -9.05454 0.206108
    endloop
  endfacet
  facet normal 0.15532 -0.139848 -0.977915
    outer loop
      vertex 10.7629 -10.4186 0.00273991
      vertex 12.2386 -8.9316 0.0244722
      vertex 10.8313 -10.4946 0.0244722
    endloop
  endfacet
  facet normal 0.155339 -0.139866 -0.97791
    outer loop
      vertex 12.2386 -8.9316 0.0244722
      vertex 10.7629 -10.4186 0.00273991
      vertex 12.1702 -8.85562 0.00273991
    endloop
  endfacet
  facet normal 0.354048 -0.204168 -0.912669
    outer loop
      vertex 12.3375 -8.96372 0.066988
      vertex 12.2764 -8.87962 0.0244722
      vertex 12.3636 -8.91846 0.066988
    endloop
  endfacet
  facet normal -0.553633 0.498496 -0.667078
    outer loop
      vertex -14.6785 -3.63186 0.206108
      vertex -14.2552 -3.26569 0.128428
      vertex -14.6785 -3.73581 0.128428
    endloop
  endfacet
  facet normal -0.553795 0.498753 -0.66675
    outer loop
      vertex -14.2552 -3.26569 0.128428
      vertex -14.6785 -3.63186 0.206108
      vertex -14.3117 -3.22458 0.206108
    endloop
  endfacet
  facet normal -0.38855 0.125843 -0.912794
    outer loop
      vertex -14.5489 -3.86962 0.0244722
      vertex -14.6523 -3.88049 0.066988
      vertex -14.6362 -3.83078 0.066988
    endloop
  endfacet
  facet normal -0.198735 0.0646922 -0.977916
    outer loop
      vertex -14.4555 -3.91121 0.00273991
      vertex -14.5589 -3.90034 0.0244722
      vertex -14.5489 -3.86962 0.0244722
    endloop
  endfacet
  facet normal -0.155334 0.139868 -0.97791
    outer loop
      vertex -14.4428 -3.89362 0.00273991
      vertex -14.1095 -3.37152 0.0244722
      vertex -14.0268 -3.43162 0.00273991
    endloop
  endfacet
  facet normal -0.155336 0.139869 -0.97791
    outer loop
      vertex -14.1095 -3.37152 0.0244722
      vertex -14.4428 -3.89362 0.00273991
      vertex -14.5112 -3.81764 0.0244722
    endloop
  endfacet
  facet normal -0.824332 0.268559 -0.49835
    outer loop
      vertex -14.8035 -3.84836 0.206108
      vertex -14.8251 -3.74668 0.296632
      vertex -14.7773 -3.76794 0.206108
    endloop
  endfacet
  facet normal -0.708297 0.230756 -0.667133
    outer loop
      vertex -14.7134 -3.79638 0.128428
      vertex -14.8035 -3.84836 0.206108
      vertex -14.7773 -3.76794 0.206108
    endloop
  endfacet
  facet normal -0.560517 -0.182851 -0.807704
    outer loop
      vertex -14.7134 -4.06854 0.128428
      vertex -14.7351 -4.00202 0.128428
      vertex -14.6523 -3.98444 0.066988
    endloop
  endfacet
  facet normal -0.70833 -0.23107 -0.66699
    outer loop
      vertex -14.7134 -4.06854 0.128428
      vertex -14.8035 -4.01657 0.206108
      vertex -14.7351 -4.00202 0.128428
    endloop
  endfacet
  facet normal -0.353961 -0.204356 -0.912661
    outer loop
      vertex -12.3636 -8.91846 0.066988
      vertex -13.8443 -6.16389 0.0244722
      vertex -12.2764 -8.87962 0.0244722
    endloop
  endfacet
  facet normal -0.353687 -0.204211 -0.9128
    outer loop
      vertex -13.8443 -6.16389 0.0244722
      vertex -12.3636 -8.91846 0.066988
      vertex -13.9316 -6.20273 0.066988
    endloop
  endfacet
  facet normal 0.303598 -0.273358 -0.912745
    outer loop
      vertex 10.9302 -10.5267 0.066988
      vertex 12.2386 -8.9316 0.0244722
      vertex 12.3375 -8.96372 0.066988
    endloop
  endfacet
  facet normal 0.303635 -0.273388 -0.912724
    outer loop
      vertex 12.2386 -8.9316 0.0244722
      vertex 10.9302 -10.5267 0.066988
      vertex 10.8313 -10.4946 0.0244722
    endloop
  endfacet
  facet normal -0.904982 -0.294039 -0.307488
    outer loop
      vertex -14.15 -6.19602 0.296632
      vertex -14.8546 -4.13139 0.396045
      vertex -14.8546 -4.02743 0.296632
    endloop
  endfacet
  facet normal -0.904989 -0.294043 -0.307462
    outer loop
      vertex -14.8546 -4.13139 0.396045
      vertex -14.15 -6.19602 0.296632
      vertex -14.15 -6.29997 0.396045
    endloop
  endfacet
  facet normal -0.70703 0.636616 -0.307943
    outer loop
      vertex -14.354 -3.19386 0.296632
      vertex -14.8035 -3.64499 0.396045
      vertex -14.3802 -3.17487 0.396045
    endloop
  endfacet
  facet normal -0.70703 0.636616 -0.307943
    outer loop
      vertex -14.8035 -3.64499 0.396045
      vertex -14.354 -3.19386 0.296632
      vertex -14.7773 -3.66398 0.296632
    endloop
  endfacet
  facet normal -0.739098 0.665572 -0.10367
    outer loop
      vertex -14.3802 -3.17487 0.396045
      vertex -14.7424 -3.56089 0.5
      vertex -14.389 -3.16845 0.5
    endloop
  endfacet
  facet normal -0.739115 0.665505 -0.103978
    outer loop
      vertex -14.7424 -3.56089 0.5
      vertex -14.3802 -3.17487 0.396045
      vertex -14.8035 -3.64499 0.396045
    endloop
  endfacet
  facet normal 0.18168 -0.104541 0.977785
    outer loop
      vertex 12.2764 -8.87962 20.9755
      vertex 12.183 -8.83804 20.9973
      vertex 12.2603 -8.9076 20.9755
    endloop
  endfacet
  facet normal 0.905008 -0.293996 0.307453
    outer loop
      vertex 14.15 -6.19602 20.7034
      vertex 14.1205 -6.28683 20.7034
      vertex 14.15 -6.29997 20.604
    endloop
  endfacet
  facet normal 0.861423 -0.497106 0.1041
    outer loop
      vertex 14.15 -6.29997 20.604
      vertex 14.0989 -6.38852 20.604
      vertex 14.16 -6.30442 20.5
    endloop
  endfacet
  facet normal 0.946314 -0.0995728 -0.307532
    outer loop
      vertex 14.8862 -4.03415 0.396045
      vertex 14.8546 -4.02743 0.296632
      vertex 14.8969 -3.93246 0.396045
    endloop
  endfacet
  facet normal 0.904953 -0.294082 -0.307533
    outer loop
      vertex 14.8862 -4.03415 0.396045
      vertex 14.8546 -4.13139 0.396045
      vertex 14.8546 -4.02743 0.296632
    endloop
  endfacet
  facet normal 0.862344 0.0902334 -0.498217
    outer loop
      vertex 14.8123 -3.93246 0.206108
      vertex 14.8035 -3.84836 0.206108
      vertex 14.8646 -3.93246 0.296632
    endloop
  endfacet
  facet normal 0.945878 0.307381 -0.104071
    outer loop
      vertex 14.8862 -3.83078 0.396045
      vertex 14.8546 -3.73354 0.396045
      vertex 14.8969 -3.82851 0.5
    endloop
  endfacet
  facet normal 0.645444 -0.3719 -0.667153
    outer loop
      vertex 14.0727 -6.26558 0.206108
      vertex 13.9739 -6.2977 0.128428
      vertex 14.0088 -6.23713 0.128428
    endloop
  endfacet
  facet normal 0.645398 -0.372614 -0.666799
    outer loop
      vertex 12.5048 -8.98131 0.206108
      vertex 13.9739 -6.2977 0.128428
      vertex 14.0727 -6.26558 0.206108
    endloop
  endfacet
  facet normal 0.645039 -0.372431 -0.667248
    outer loop
      vertex 13.9739 -6.2977 0.128428
      vertex 12.5048 -8.98131 0.206108
      vertex 12.4059 -9.01343 0.128428
    endloop
  endfacet
  facet normal 0.353687 -0.204211 -0.9128
    outer loop
      vertex 12.3636 -8.91846 0.066988
      vertex 13.8443 -6.16389 0.0244722
      vertex 13.9316 -6.20273 0.066988
    endloop
  endfacet
  facet normal 0.353961 -0.204356 -0.912661
    outer loop
      vertex 13.8443 -6.16389 0.0244722
      vertex 12.3636 -8.91846 0.066988
      vertex 12.2764 -8.87962 0.0244722
    endloop
  endfacet
  facet normal 0.181119 0.104255 -0.97792
    outer loop
      vertex 14.5489 -3.86962 0.0244722
      vertex 14.4555 -3.91121 0.00273991
      vertex 14.5328 -3.84165 0.0244722
    endloop
  endfacet
  facet normal 0.354044 0.203793 -0.912755
    outer loop
      vertex 14.5489 -3.86962 0.0244722
      vertex 14.5328 -3.84165 0.0244722
      vertex 14.6101 -3.78552 0.066988
    endloop
  endfacet
  facet normal 0.406332 -0.0429981 -0.912713
    outer loop
      vertex 14.6578 -3.93246 0.066988
      vertex 14.5589 -3.96459 0.0244722
      vertex 14.5623 -3.93246 0.0244722
    endloop
  endfacet
  facet normal 0.406331 -0.0429939 -0.912714
    outer loop
      vertex 14.6523 -3.98444 0.066988
      vertex 14.5589 -3.96459 0.0244722
      vertex 14.6578 -3.93246 0.066988
    endloop
  endfacet
  facet normal 0.354365 -0.203905 -0.912605
    outer loop
      vertex 12.3375 -8.96372 0.066988
      vertex 12.2603 -8.9076 0.0244722
      vertex 12.2764 -8.87962 0.0244722
    endloop
  endfacet
  facet normal 0.644534 -0.580324 -0.497795
    outer loop
      vertex 11.0789 -10.6663 0.293641
      vertex 10.9986 -10.6804 0.206108
      vertex 12.4059 -9.11739 0.206108
    endloop
  endfacet
  facet normal -0.553527 -0.498384 -0.667249
    outer loop
      vertex -12.4059 -9.11739 0.206108
      vertex -10.9986 -10.5764 0.128428
      vertex -10.9986 -10.6804 0.206108
    endloop
  endfacet
  facet normal -0.553612 -0.498473 -0.667112
    outer loop
      vertex -10.9986 -10.5764 0.128428
      vertex -12.4059 -9.11739 0.206108
      vertex -12.4059 -9.01343 0.128428
    endloop
  endfacet
  facet normal -0.438432 -0.394762 -0.807428
    outer loop
      vertex -10.9986 -10.5764 0.128428
      vertex -12.3375 -8.96372 0.066988
      vertex -10.9302 -10.5267 0.066988
    endloop
  endfacet
  facet normal -0.438408 -0.394743 -0.807451
    outer loop
      vertex -12.3375 -8.96372 0.066988
      vertex -10.9986 -10.5764 0.128428
      vertex -12.4059 -9.01343 0.128428
    endloop
  endfacet
  facet normal -0.438406 0.394745 -0.807451
    outer loop
      vertex -14.6101 -3.78552 0.066988
      vertex -14.2552 -3.26569 0.128428
      vertex -14.1868 -3.3154 0.066988
    endloop
  endfacet
  facet normal -0.438406 0.394745 -0.807451
    outer loop
      vertex -14.2552 -3.26569 0.128428
      vertex -14.6101 -3.78552 0.066988
      vertex -14.6785 -3.73581 0.128428
    endloop
  endfacet
  facet normal -0.388577 0.12649 -0.912693
    outer loop
      vertex -14.5589 -3.90034 0.0244722
      vertex -14.6523 -3.88049 0.066988
      vertex -14.5489 -3.86962 0.0244722
    endloop
  endfacet
  facet normal -0.40633 0.043002 -0.912714
    outer loop
      vertex -14.5589 -3.90034 0.0244722
      vertex -14.6578 -3.93246 0.066988
      vertex -14.6523 -3.88049 0.066988
    endloop
  endfacet
  facet normal -0.207944 0.0220115 -0.977893
    outer loop
      vertex -14.4601 -3.93246 0.00273991
      vertex -14.5623 -3.93246 0.0244722
      vertex -14.5589 -3.90034 0.0244722
    endloop
  endfacet
  facet normal -0.406332 0.0430115 -0.912713
    outer loop
      vertex -14.5623 -3.93246 0.0244722
      vertex -14.6578 -3.93246 0.066988
      vertex -14.5589 -3.90034 0.0244722
    endloop
  endfacet
  facet normal -0.741113 0.0775481 -0.666887
    outer loop
      vertex -14.7424 -3.93246 0.128428
      vertex -14.8123 -3.93246 0.206108
      vertex -14.8035 -3.84836 0.206108
    endloop
  endfacet
  facet normal -0.741113 -0.0775389 -0.666887
    outer loop
      vertex -14.8035 -4.01657 0.206108
      vertex -14.8123 -3.93246 0.206108
      vertex -14.7424 -3.93246 0.128428
    endloop
  endfacet
  facet normal -0.303635 -0.273388 -0.912724
    outer loop
      vertex -10.9302 -10.5267 0.066988
      vertex -12.2386 -8.9316 0.0244722
      vertex -10.8313 -10.4946 0.0244722
    endloop
  endfacet
  facet normal -0.303598 -0.273358 -0.912745
    outer loop
      vertex -12.2386 -8.9316 0.0244722
      vertex -10.9302 -10.5267 0.066988
      vertex -12.3375 -8.96372 0.066988
    endloop
  endfacet
  facet normal -0.303263 -0.274201 -0.912604
    outer loop
      vertex -12.2386 -8.9316 0.0244722
      vertex -12.3375 -8.96372 0.066988
      vertex -12.2603 -8.9076 0.0244722
    endloop
  endfacet
  facet normal 0.946302 -0.0995716 0.307568
    outer loop
      vertex 14.8969 -3.93246 20.604
      vertex 14.8546 -4.02743 20.7034
      vertex 14.8862 -4.03415 20.604
    endloop
  endfacet
  facet normal 0.945883 -0.307383 0.104026
    outer loop
      vertex 14.8862 -4.03415 20.604
      vertex 14.8546 -4.13139 20.604
      vertex 14.8969 -4.03642 20.5
    endloop
  endfacet
  facet normal 0.824859 -0.267959 -0.497802
    outer loop
      vertex 14.1205 -6.28683 0.296632
      vertex 14.0989 -6.18515 0.206108
      vertex 14.15 -6.19602 0.296632
    endloop
  endfacet
  facet normal 0.82386 -0.476185 -0.307414
    outer loop
      vertex 14.15 -6.29997 0.396045
      vertex 14.0727 -6.36953 0.296632
      vertex 14.1205 -6.28683 0.296632
    endloop
  endfacet
  facet normal 0.905019 -0.293999 -0.307417
    outer loop
      vertex 14.15 -6.29997 0.396045
      vertex 14.1205 -6.28683 0.296632
      vertex 14.15 -6.19602 0.296632
    endloop
  endfacet
  facet normal 0.86253 0.0908309 -0.497787
    outer loop
      vertex 14.8646 -3.93246 0.296632
      vertex 14.8035 -3.84836 0.206108
      vertex 14.8546 -3.8375 0.296632
    endloop
  endfacet
  facet normal 0.824879 0.267936 -0.497781
    outer loop
      vertex 14.8546 -3.8375 0.296632
      vertex 14.8035 -3.84836 0.206108
      vertex 14.8251 -3.74668 0.296632
    endloop
  endfacet
  facet normal 0.645028 -0.372589 -0.66717
    outer loop
      vertex 12.4625 -9.05454 0.206108
      vertex 12.4059 -9.01343 0.128428
      vertex 12.5048 -8.98131 0.206108
    endloop
  endfacet
  facet normal 0.644376 -0.580297 -0.498032
    outer loop
      vertex 12.5048 -9.08526 0.296632
      vertex 12.4059 -9.11739 0.206108
      vertex 12.4625 -9.05454 0.206108
    endloop
  endfacet
  facet normal 0.553527 -0.498384 -0.667249
    outer loop
      vertex 10.9986 -10.5764 0.128428
      vertex 12.4059 -9.11739 0.206108
      vertex 10.9986 -10.6804 0.206108
    endloop
  endfacet
  facet normal 0.553612 -0.498473 -0.667112
    outer loop
      vertex 12.4059 -9.11739 0.206108
      vertex 10.9986 -10.5764 0.128428
      vertex 12.4059 -9.01343 0.128428
    endloop
  endfacet
  facet normal 0.438408 -0.394743 -0.807451
    outer loop
      vertex 10.9986 -10.5764 0.128428
      vertex 12.3375 -8.96372 0.066988
      vertex 12.4059 -9.01343 0.128428
    endloop
  endfacet
  facet normal 0.438432 -0.394762 -0.807428
    outer loop
      vertex 12.3375 -8.96372 0.066988
      vertex 10.9986 -10.5764 0.128428
      vertex 10.9302 -10.5267 0.066988
    endloop
  endfacet
  facet normal 0.511077 -0.294722 -0.807427
    outer loop
      vertex 12.4059 -9.01343 0.128428
      vertex 12.3375 -8.96372 0.066988
      vertex 12.3636 -8.91846 0.066988
    endloop
  endfacet
  facet normal 0.510792 -0.294919 -0.807536
    outer loop
      vertex 12.3636 -8.91846 0.066988
      vertex 13.9739 -6.2977 0.128428
      vertex 12.4059 -9.01343 0.128428
    endloop
  endfacet
  facet normal 0.510792 -0.294919 -0.807536
    outer loop
      vertex 13.9739 -6.2977 0.128428
      vertex 12.3636 -8.91846 0.066988
      vertex 13.9316 -6.20273 0.066988
    endloop
  endfacet
  facet normal 0.180507 -0.104946 -0.977959
    outer loop
      vertex 12.2603 -8.9076 0.0244722
      vertex 12.1775 -8.8475 0.00273991
      vertex 12.183 -8.83804 0.00273991
    endloop
  endfacet
  facet normal 0.18114 -0.10423 -0.977918
    outer loop
      vertex 12.2603 -8.9076 0.0244722
      vertex 12.183 -8.83804 0.00273991
      vertex 12.2764 -8.87962 0.0244722
    endloop
  endfacet
  facet normal -0.586304 0.0615298 -0.807751
    outer loop
      vertex -14.6523 -3.88049 0.066988
      vertex -14.7424 -3.93246 0.128428
      vertex -14.7351 -3.8629 0.128428
    endloop
  endfacet
  facet normal -0.560504 0.182846 -0.807715
    outer loop
      vertex -14.6523 -3.88049 0.066988
      vertex -14.7351 -3.8629 0.128428
      vertex -14.7134 -3.79638 0.128428
    endloop
  endfacet
  facet normal 0.861233 0.497542 0.103587
    outer loop
      vertex 14.8123 -3.63857 20.5
      vertex 14.8035 -3.64499 20.604
      vertex 14.8646 -3.7291 20.5
    endloop
  endfacet
  facet normal 0.739349 0.6653 0.10363
    outer loop
      vertex 14.8123 -3.63857 20.5
      vertex 14.7424 -3.56089 20.5
      vertex 14.8035 -3.64499 20.604
    endloop
  endfacet
  facet normal -0.645102 -0.372632 0.667075
    outer loop
      vertex -12.4059 -9.01343 20.8716
      vertex -12.5048 -8.98131 20.7939
      vertex -12.4625 -9.05454 20.7939
    endloop
  endfacet
  facet normal 0.353577 -0.204147 0.912856
    outer loop
      vertex 13.8443 -6.16389 20.9755
      vertex 12.3636 -8.91846 20.933
      vertex 13.9316 -6.20273 20.933
    endloop
  endfacet
  facet normal 0.353851 -0.204292 0.912718
    outer loop
      vertex 12.3636 -8.91846 20.933
      vertex 13.8443 -6.16389 20.9755
      vertex 12.2764 -8.87962 20.9755
    endloop
  endfacet
  facet normal 0.353934 0.20373 0.912811
    outer loop
      vertex 14.6101 -3.78552 20.933
      vertex 14.5328 -3.84165 20.9755
      vertex 14.5489 -3.86962 20.9755
    endloop
  endfacet
  facet normal -0.182234 0.103914 0.977749
    outer loop
      vertex -14.4501 -3.90174 20.9973
      vertex -14.5328 -3.84165 20.9755
      vertex -14.4555 -3.91121 20.9973
    endloop
  endfacet
  facet normal 0.70827 -0.230126 0.66738
    outer loop
      vertex 14.7134 -4.06854 20.8716
      vertex 14.0989 -6.18515 20.7939
      vertex 14.8035 -4.01657 20.7939
    endloop
  endfacet
  facet normal 0.708283 -0.230129 0.667364
    outer loop
      vertex 14.0989 -6.18515 20.7939
      vertex 14.7134 -4.06854 20.8716
      vertex 14.0088 -6.23713 20.8716
    endloop
  endfacet
  facet normal 0.738822 -0.665777 0.104325
    outer loop
      vertex 12.5309 -9.10425 20.604
      vertex 12.4698 -9.18835 20.5
      vertex 12.5398 -9.11067 20.5
    endloop
  endfacet
  facet normal 0.989189 -0.103715 0.103675
    outer loop
      vertex 14.8969 -3.93246 20.604
      vertex 14.8969 -4.03642 20.5
      vertex 14.9078 -3.93246 20.5
    endloop
  endfacet
  facet normal 0.905018 0.293966 0.307452
    outer loop
      vertex 14.8546 -3.73354 20.604
      vertex 14.8251 -3.74668 20.7034
      vertex 14.8546 -3.8375 20.7034
    endloop
  endfacet
  facet normal 0.181555 -0.104819 0.977779
    outer loop
      vertex 13.7509 -6.12231 20.9973
      vertex 12.2764 -8.87962 20.9755
      vertex 13.8443 -6.16389 20.9755
    endloop
  endfacet
  facet normal 0.181555 -0.104819 0.977779
    outer loop
      vertex 12.2764 -8.87962 20.9755
      vertex 13.7509 -6.12231 20.9973
      vertex 12.183 -8.83804 20.9973
    endloop
  endfacet
  facet normal 0.353938 -0.204105 0.912726
    outer loop
      vertex 12.3636 -8.91846 20.933
      vertex 12.2764 -8.87962 20.9755
      vertex 12.3375 -8.96372 20.933
    endloop
  endfacet
  facet normal -0.553859 0.49881 0.666655
    outer loop
      vertex -14.6785 -3.63186 20.7939
      vertex -14.2552 -3.26569 20.8716
      vertex -14.3117 -3.22458 20.7939
    endloop
  endfacet
  facet normal -0.553696 0.498553 0.666983
    outer loop
      vertex -14.2552 -3.26569 20.8716
      vertex -14.6785 -3.63186 20.7939
      vertex -14.6785 -3.73581 20.8716
    endloop
  endfacet
  facet normal 0.739101 0.665575 0.103626
    outer loop
      vertex 14.3802 -3.17487 20.604
      vertex 14.7424 -3.56089 20.5
      vertex 14.389 -3.16845 20.5
    endloop
  endfacet
  facet normal 0.739119 0.665509 0.103934
    outer loop
      vertex 14.7424 -3.56089 20.5
      vertex 14.3802 -3.17487 20.604
      vertex 14.8035 -3.64499 20.604
    endloop
  endfacet
  facet normal -0.739349 0.6653 0.10363
    outer loop
      vertex -14.7424 -3.56089 20.5
      vertex -14.8123 -3.63857 20.5
      vertex -14.8035 -3.64499 20.604
    endloop
  endfacet
  facet normal -0.861233 0.497542 0.103587
    outer loop
      vertex -14.8123 -3.63857 20.5
      vertex -14.8646 -3.7291 20.5
      vertex -14.8035 -3.64499 20.604
    endloop
  endfacet
  facet normal -0.905018 0.293966 0.307452
    outer loop
      vertex -14.8546 -3.73354 20.604
      vertex -14.8546 -3.8375 20.7034
      vertex -14.8251 -3.74668 20.7034
    endloop
  endfacet
  facet normal -0.905008 -0.293996 0.307453
    outer loop
      vertex -14.15 -6.19602 20.7034
      vertex -14.15 -6.29997 20.604
      vertex -14.1205 -6.28683 20.7034
    endloop
  endfacet
  facet normal 0.30317 -0.274116 0.91266
    outer loop
      vertex 12.2603 -8.9076 20.9755
      vertex 12.2386 -8.9316 20.9755
      vertex 12.3375 -8.96372 20.933
    endloop
  endfacet
  facet normal 0.861547 -0.496827 0.104398
    outer loop
      vertex 12.592 -9.02015 20.5
      vertex 12.5309 -9.10425 20.604
      vertex 12.5398 -9.11067 20.5
    endloop
  endfacet
  facet normal 0.823916 -0.47568 0.308046
    outer loop
      vertex 12.5048 -9.08526 20.7034
      vertex 14.0989 -6.38852 20.604
      vertex 14.0727 -6.36953 20.7034
    endloop
  endfacet
  facet normal 0.824112 -0.475824 0.307296
    outer loop
      vertex 14.0989 -6.38852 20.604
      vertex 12.5048 -9.08526 20.7034
      vertex 12.5309 -9.10425 20.604
    endloop
  endfacet
  facet normal 0.741113 -0.0775389 -0.666887
    outer loop
      vertex 14.8035 -4.01657 0.206108
      vertex 14.7424 -3.93246 0.128428
      vertex 14.8123 -3.93246 0.206108
    endloop
  endfacet
  facet normal 0.741113 0.0775481 -0.666887
    outer loop
      vertex 14.8123 -3.93246 0.206108
      vertex 14.7424 -3.93246 0.128428
      vertex 14.8035 -3.84836 0.206108
    endloop
  endfacet
  facet normal 0.824355 -0.268533 -0.498326
    outer loop
      vertex 14.1205 -6.28683 0.296632
      vertex 14.0727 -6.26558 0.206108
      vertex 14.0989 -6.18515 0.206108
    endloop
  endfacet
  facet normal 0.708293 -0.230726 -0.667148
    outer loop
      vertex 14.0727 -6.26558 0.206108
      vertex 14.0088 -6.23713 0.128428
      vertex 14.0989 -6.18515 0.206108
    endloop
  endfacet
  facet normal 0.862531 -0.0908214 -0.497787
    outer loop
      vertex 14.8546 -4.02743 0.296632
      vertex 14.8035 -4.01657 0.206108
      vertex 14.8646 -3.93246 0.296632
    endloop
  endfacet
  facet normal 0.862345 -0.0902228 -0.498218
    outer loop
      vertex 14.8646 -3.93246 0.296632
      vertex 14.8035 -4.01657 0.206108
      vertex 14.8123 -3.93246 0.206108
    endloop
  endfacet
  facet normal 0.751042 -0.433607 -0.497917
    outer loop
      vertex 14.0727 -6.36953 0.296632
      vertex 12.5048 -8.98131 0.206108
      vertex 14.0727 -6.26558 0.206108
    endloop
  endfacet
  facet normal 0.751042 -0.433607 -0.497917
    outer loop
      vertex 12.5048 -8.98131 0.206108
      vertex 14.0727 -6.36953 0.296632
      vertex 12.5048 -9.08526 0.296632
    endloop
  endfacet
  facet normal 0 -0.867532 -0.497381
    outer loop
      vertex -9.94844 -10.7821 0.206108
      vertex -8.80702 -10.834 0.296632
      vertex -9.94298 -10.834 0.296632
    endloop
  endfacet
  facet normal 0 -0.867532 -0.497381
    outer loop
      vertex -8.80702 -10.834 0.296632
      vertex -9.94844 -10.7821 0.206108
      vertex -8.80156 -10.7821 0.206108
    endloop
  endfacet
  facet normal 0 -0.867532 -0.497381
    outer loop
      vertex 8.80156 -10.7821 0.206108
      vertex 9.94298 -10.834 0.296632
      vertex 8.80702 -10.834 0.296632
    endloop
  endfacet
  facet normal 0 -0.867532 -0.497381
    outer loop
      vertex 9.94298 -10.834 0.296632
      vertex 8.80156 -10.7821 0.206108
      vertex 9.94844 -10.7821 0.206108
    endloop
  endfacet
  facet normal 0.708425 0.231101 0.666878
    outer loop
      vertex 14.8035 -3.84836 20.7939
      vertex 14.7134 -3.79638 20.8716
      vertex 14.7351 -3.8629 20.8716
    endloop
  endfacet
  facet normal 0.862288 -0.0902168 0.498317
    outer loop
      vertex 14.8123 -3.93246 20.7939
      vertex 14.8035 -4.01657 20.7939
      vertex 14.8646 -3.93246 20.7034
    endloop
  endfacet
  facet normal 0.823849 0.476179 0.30745
    outer loop
      vertex 14.8546 -3.73354 20.604
      vertex 14.7773 -3.66398 20.7034
      vertex 14.8251 -3.74668 20.7034
    endloop
  endfacet
  facet normal 0.553572 0.498602 0.667049
    outer loop
      vertex 14.6785 -3.63186 20.7939
      vertex 14.6785 -3.73581 20.8716
      vertex 14.7351 -3.6947 20.7939
    endloop
  endfacet
  facet normal 0.750993 -0.433578 0.498016
    outer loop
      vertex 12.5048 -8.98131 20.7939
      vertex 14.0727 -6.36953 20.7034
      vertex 14.0727 -6.26558 20.7939
    endloop
  endfacet
  facet normal 0.750993 -0.433578 0.498016
    outer loop
      vertex 14.0727 -6.36953 20.7034
      vertex 12.5048 -8.98131 20.7939
      vertex 12.5048 -9.08526 20.7034
    endloop
  endfacet
  facet normal 0.824825 0.267918 0.49788
    outer loop
      vertex 14.8251 -3.74668 20.7034
      vertex 14.8035 -3.84836 20.7939
      vertex 14.8546 -3.8375 20.7034
    endloop
  endfacet
  facet normal 0.708411 -0.231096 0.666895
    outer loop
      vertex 14.7351 -4.00202 20.8716
      vertex 14.7134 -4.06854 20.8716
      vertex 14.8035 -4.01657 20.7939
    endloop
  endfacet
  facet normal 0.644333 -0.580259 0.498131
    outer loop
      vertex 12.4625 -9.05454 20.7939
      vertex 12.4059 -9.11739 20.7939
      vertex 12.5048 -9.08526 20.7034
    endloop
  endfacet
  facet normal 0.945893 0.307337 0.104072
    outer loop
      vertex 14.8646 -3.7291 20.5
      vertex 14.8546 -3.73354 20.604
      vertex 14.8969 -3.82851 20.5
    endloop
  endfacet
  facet normal 0.861427 0.497108 0.104052
    outer loop
      vertex 14.8646 -3.7291 20.5
      vertex 14.8035 -3.64499 20.604
      vertex 14.8546 -3.73354 20.604
    endloop
  endfacet
  facet normal 0.645539 0.371951 0.667032
    outer loop
      vertex 14.7351 -3.6947 20.7939
      vertex 14.6785 -3.73581 20.8716
      vertex 14.7773 -3.76794 20.7939
    endloop
  endfacet
  facet normal 0.586059 -0.0615042 0.807931
    outer loop
      vertex 14.7424 -3.93246 20.8716
      vertex 14.6523 -3.98444 20.933
      vertex 14.7351 -4.00202 20.8716
    endloop
  endfacet
  facet normal 0.945883 0.307383 0.104026
    outer loop
      vertex 14.8969 -3.82851 20.5
      vertex 14.8546 -3.73354 20.604
      vertex 14.8862 -3.83078 20.604
    endloop
  endfacet
  facet normal 0.904942 0.294078 0.307569
    outer loop
      vertex 14.8546 -3.73354 20.604
      vertex 14.8546 -3.8375 20.7034
      vertex 14.8862 -3.83078 20.604
    endloop
  endfacet
  facet normal 0.645518 -0.371943 0.667057
    outer loop
      vertex 14.0088 -6.23713 20.8716
      vertex 13.9739 -6.2977 20.8716
      vertex 14.0727 -6.26558 20.7939
    endloop
  endfacet
  facet normal 0.354255 -0.203842 0.912662
    outer loop
      vertex 12.2764 -8.87962 20.9755
      vertex 12.2603 -8.9076 20.9755
      vertex 12.3375 -8.96372 20.933
    endloop
  endfacet
  facet normal 0.511052 -0.294464 0.807537
    outer loop
      vertex 14.0088 -6.23713 20.8716
      vertex 13.9316 -6.20273 20.933
      vertex 13.9739 -6.2977 20.8716
    endloop
  endfacet
  facet normal -0.989112 0.104086 0.104036
    outer loop
      vertex -14.8969 -3.82851 20.5
      vertex -14.8969 -3.93246 20.604
      vertex -14.8862 -3.83078 20.604
    endloop
  endfacet
  facet normal -0.989113 -0.104076 0.104036
    outer loop
      vertex -14.8969 -3.93246 20.604
      vertex -14.8969 -4.03642 20.5
      vertex -14.8862 -4.03415 20.604
    endloop
  endfacet
  facet normal 0.155432 -0.140536 0.977799
    outer loop
      vertex 12.2603 -8.9076 20.9755
      vertex 12.1775 -8.8475 20.9973
      vertex 12.2386 -8.9316 20.9755
    endloop
  endfacet
  facet normal -0.945883 0.307383 0.104026
    outer loop
      vertex -14.8546 -3.73354 20.604
      vertex -14.8969 -3.82851 20.5
      vertex -14.8862 -3.83078 20.604
    endloop
  endfacet
  facet normal -0.824278 0.268541 0.498449
    outer loop
      vertex -14.7773 -3.76794 20.7939
      vertex -14.8251 -3.74668 20.7034
      vertex -14.8035 -3.84836 20.7939
    endloop
  endfacet
  facet normal 0 -0.589655 0.807655
    outer loop
      vertex -8.78541 -10.6284 20.933
      vertex -9.95575 -10.7125 20.8716
      vertex -8.79425 -10.7125 20.8716
    endloop
  endfacet
  facet normal 0 -0.589655 0.807655
    outer loop
      vertex -9.95575 -10.7125 20.8716
      vertex -8.78541 -10.6284 20.933
      vertex -9.96459 -10.6284 20.933
    endloop
  endfacet
  facet normal 0 -0.589655 0.807655
    outer loop
      vertex 9.96459 -10.6284 20.933
      vertex 8.79425 -10.7125 20.8716
      vertex 9.95575 -10.7125 20.8716
    endloop
  endfacet
  facet normal 0 -0.589655 0.807655
    outer loop
      vertex 8.79425 -10.7125 20.8716
      vertex 9.96459 -10.6284 20.933
      vertex 8.78541 -10.6284 20.933
    endloop
  endfacet
  facet normal 0.707165 -0.63674 0.307374
    outer loop
      vertex 12.5309 -9.10425 20.604
      vertex 11.083 -10.6659 20.7001
      vertex 11.1236 -10.6672 20.604
    endloop
  endfacet
  facet normal 0.199373 -0.0647787 0.97778
    outer loop
      vertex 13.7509 -6.12231 20.9973
      vertex 14.5489 -3.99531 20.9755
      vertex 14.4555 -3.95372 20.9973
    endloop
  endfacet
  facet normal 0.199379 -0.0647808 0.977779
    outer loop
      vertex 14.5489 -3.99531 20.9755
      vertex 13.7509 -6.12231 20.9973
      vertex 13.8443 -6.16389 20.9755
    endloop
  endfacet
  facet normal 0 -0.74478 -0.66731
    outer loop
      vertex -9.95575 -10.7125 0.128428
      vertex -8.80156 -10.7821 0.206108
      vertex -9.94844 -10.7821 0.206108
    endloop
  endfacet
  facet normal 0 -0.74478 -0.66731
    outer loop
      vertex -8.80156 -10.7821 0.206108
      vertex -9.95575 -10.7125 0.128428
      vertex -8.79425 -10.7125 0.128428
    endloop
  endfacet
  facet normal 0 -0.74478 -0.66731
    outer loop
      vertex 8.79425 -10.7125 0.128428
      vertex 9.94844 -10.7821 0.206108
      vertex 8.80156 -10.7821 0.206108
    endloop
  endfacet
  facet normal 0 -0.74478 -0.66731
    outer loop
      vertex 9.94844 -10.7821 0.206108
      vertex 8.79425 -10.7125 0.128428
      vertex 9.95575 -10.7125 0.128428
    endloop
  endfacet
  facet normal 0.644517 0.580517 0.497592
    outer loop
      vertex 14.7773 -3.66398 20.7034
      vertex 14.6785 -3.63186 20.7939
      vertex 14.7351 -3.6947 20.7939
    endloop
  endfacet
  facet normal 0.155799 0.140286 0.977776
    outer loop
      vertex 14.1095 -3.37152 20.9755
      vertex 14.4428 -3.89362 20.9973
      vertex 14.5112 -3.81764 20.9755
    endloop
  endfacet
  facet normal 0.155797 0.140285 0.977777
    outer loop
      vertex 14.4428 -3.89362 20.9973
      vertex 14.1095 -3.37152 20.9755
      vertex 14.0268 -3.43162 20.9973
    endloop
  endfacet
  facet normal 0 -0.408366 0.912818
    outer loop
      vertex -8.77543 -10.5334 20.9755
      vertex -9.96459 -10.6284 20.933
      vertex -8.78541 -10.6284 20.933
    endloop
  endfacet
  facet normal 0 -0.408366 0.912818
    outer loop
      vertex -9.96459 -10.6284 20.933
      vertex -8.77543 -10.5334 20.9755
      vertex -9.97457 -10.5334 20.9755
    endloop
  endfacet
  facet normal 0 -0.408366 0.912818
    outer loop
      vertex 9.97457 -10.5334 20.9755
      vertex 8.78541 -10.6284 20.933
      vertex 9.96459 -10.6284 20.933
    endloop
  endfacet
  facet normal 0 -0.408366 0.912818
    outer loop
      vertex 8.78541 -10.6284 20.933
      vertex 9.97457 -10.5334 20.9755
      vertex 8.77543 -10.5334 20.9755
    endloop
  endfacet
  facet normal 0.43822 0.394577 0.807633
    outer loop
      vertex 14.2552 -3.26569 20.8716
      vertex 14.6101 -3.78552 20.933
      vertex 14.6785 -3.73581 20.8716
    endloop
  endfacet
  facet normal 0.43822 0.394577 0.807633
    outer loop
      vertex 14.6101 -3.78552 20.933
      vertex 14.2552 -3.26569 20.8716
      vertex 14.1868 -3.3154 20.933
    endloop
  endfacet
  facet normal 0.303572 0.273101 0.912831
    outer loop
      vertex 14.6101 -3.78552 20.933
      vertex 14.5112 -3.81764 20.9755
      vertex 14.5328 -3.84165 20.9755
    endloop
  endfacet
  facet normal 0.199289 -0.0652148 0.977768
    outer loop
      vertex 14.4589 -3.94333 20.9973
      vertex 14.4555 -3.95372 20.9973
      vertex 14.5589 -3.96459 20.9755
    endloop
  endfacet
  facet normal 0.644317 0.580278 0.49813
    outer loop
      vertex 14.6785 -3.63186 20.7939
      vertex 14.354 -3.19386 20.7034
      vertex 14.3117 -3.22458 20.7939
    endloop
  endfacet
  facet normal 0.644566 0.580373 0.497697
    outer loop
      vertex 14.354 -3.19386 20.7034
      vertex 14.6785 -3.63186 20.7939
      vertex 14.7773 -3.66398 20.7034
    endloop
  endfacet
  facet normal 0.989113 -0.104076 0.104036
    outer loop
      vertex 14.8969 -3.93246 20.604
      vertex 14.8862 -4.03415 20.604
      vertex 14.8969 -4.03642 20.5
    endloop
  endfacet
  facet normal 0.945894 -0.307333 0.104076
    outer loop
      vertex 14.8546 -4.13139 20.604
      vertex 14.1923 -6.205 20.5
      vertex 14.8969 -4.03642 20.5
    endloop
  endfacet
  facet normal 0.945894 -0.307333 0.104076
    outer loop
      vertex 14.1923 -6.205 20.5
      vertex 14.8546 -4.13139 20.604
      vertex 14.15 -6.29997 20.604
    endloop
  endfacet
  facet normal 0.86133 -0.497312 0.103878
    outer loop
      vertex 14.0989 -6.38852 20.604
      vertex 12.592 -9.02015 20.5
      vertex 14.16 -6.30442 20.5
    endloop
  endfacet
  facet normal 0.86133 -0.497312 0.103878
    outer loop
      vertex 12.592 -9.02015 20.5
      vertex 14.0989 -6.38852 20.604
      vertex 12.5309 -9.10425 20.604
    endloop
  endfacet
  facet normal 0.750605 0.433844 0.498369
    outer loop
      vertex 14.7773 -3.66398 20.7034
      vertex 14.7773 -3.76794 20.7939
      vertex 14.8251 -3.74668 20.7034
    endloop
  endfacet
  facet normal 0.751628 0.433079 0.497491
    outer loop
      vertex 14.7773 -3.66398 20.7034
      vertex 14.7351 -3.6947 20.7939
      vertex 14.7773 -3.76794 20.7939
    endloop
  endfacet
  facet normal 0.741057 -0.0777705 0.666923
    outer loop
      vertex 14.7424 -3.93246 20.8716
      vertex 14.7351 -4.00202 20.8716
      vertex 14.8035 -4.01657 20.7939
    endloop
  endfacet
  facet normal 0.824278 0.268541 0.498449
    outer loop
      vertex 14.8251 -3.74668 20.7034
      vertex 14.7773 -3.76794 20.7939
      vertex 14.8035 -3.84836 20.7939
    endloop
  endfacet
  facet normal 0.553609 -0.498557 0.667052
    outer loop
      vertex 12.4059 -9.01343 20.8716
      vertex 12.4059 -9.11739 20.7939
      vertex 12.4625 -9.05454 20.7939
    endloop
  endfacet
  facet normal 0.750623 -0.433854 0.498333
    outer loop
      vertex 14.0727 -6.26558 20.7939
      vertex 14.0727 -6.36953 20.7034
      vertex 14.1205 -6.28683 20.7034
    endloop
  endfacet
  facet normal 0.388456 -0.126451 0.91275
    outer loop
      vertex 14.5589 -3.96459 20.9755
      vertex 14.5489 -3.99531 20.9755
      vertex 14.6523 -3.98444 20.933
    endloop
  endfacet
  facet normal 0.51086 -0.294597 0.80761
    outer loop
      vertex 12.3636 -8.91846 20.933
      vertex 12.3375 -8.96372 20.933
      vertex 12.4059 -9.01343 20.8716
    endloop
  endfacet
  facet normal 0.38828 -0.126157 0.912865
    outer loop
      vertex 13.8443 -6.16389 20.9755
      vertex 14.6362 -4.03415 20.933
      vertex 14.5489 -3.99531 20.9755
    endloop
  endfacet
  facet normal 0.38828 -0.126157 0.912865
    outer loop
      vertex 14.6362 -4.03415 20.933
      vertex 13.8443 -6.16389 20.9755
      vertex 13.9316 -6.20273 20.933
    endloop
  endfacet
  facet normal -0.208272 -0.0229923 0.977801
    outer loop
      vertex -14.4601 -3.93246 20.9973
      vertex -14.5589 -3.96459 20.9755
      vertex -14.4589 -3.94333 20.9973
    endloop
  endfacet
  facet normal 0.561227 -0.181769 0.807455
    outer loop
      vertex 14.6523 -3.98444 20.933
      vertex 14.6362 -4.03415 20.933
      vertex 14.7134 -4.06854 20.8716
    endloop
  endfacet
  facet normal 0.510575 -0.294794 0.807719
    outer loop
      vertex 12.3636 -8.91846 20.933
      vertex 13.9739 -6.2977 20.8716
      vertex 13.9316 -6.20273 20.933
    endloop
  endfacet
  facet normal 0.510575 -0.294794 0.807719
    outer loop
      vertex 13.9739 -6.2977 20.8716
      vertex 12.3636 -8.91846 20.933
      vertex 12.4059 -9.01343 20.8716
    endloop
  endfacet
  facet normal -0.861423 -0.497106 0.1041
    outer loop
      vertex -14.15 -6.29997 20.604
      vertex -14.16 -6.30442 20.5
      vertex -14.0989 -6.38852 20.604
    endloop
  endfacet
  facet normal -0.750605 0.433844 0.498369
    outer loop
      vertex -14.7773 -3.66398 20.7034
      vertex -14.8251 -3.74668 20.7034
      vertex -14.7773 -3.76794 20.7939
    endloop
  endfacet
  facet normal -0.946301 0.0995812 0.307568
    outer loop
      vertex -14.8862 -3.83078 20.604
      vertex -14.8969 -3.93246 20.604
      vertex -14.8546 -3.8375 20.7034
    endloop
  endfacet
  facet normal 0.406205 -0.0429806 0.91277
    outer loop
      vertex 14.6578 -3.93246 20.933
      vertex 14.5589 -3.96459 20.9755
      vertex 14.6523 -3.98444 20.933
    endloop
  endfacet
  facet normal 0.181658 0.104565 0.977786
    outer loop
      vertex 14.5328 -3.84165 20.9755
      vertex 14.4555 -3.91121 20.9973
      vertex 14.5489 -3.86962 20.9755
    endloop
  endfacet
  facet normal 0 -0.951329 0.308177
    outer loop
      vertex -9.9396 -10.8662 20.604
      vertex -8.80702 -10.834 20.7034
      vertex -9.94298 -10.834 20.7034
    endloop
  endfacet
  facet normal 0 -0.951329 0.308177
    outer loop
      vertex -8.80702 -10.834 20.7034
      vertex -9.9396 -10.8662 20.604
      vertex -8.8104 -10.8662 20.604
    endloop
  endfacet
  facet normal 0 -0.951329 0.308177
    outer loop
      vertex 8.8104 -10.8662 20.604
      vertex 9.94298 -10.834 20.7034
      vertex 8.80702 -10.834 20.7034
    endloop
  endfacet
  facet normal 0 -0.951329 0.308177
    outer loop
      vertex 9.94298 -10.834 20.7034
      vertex 8.8104 -10.8662 20.604
      vertex 9.9396 -10.8662 20.604
    endloop
  endfacet
  facet normal 0.644357 -0.580188 0.498182
    outer loop
      vertex 12.4059 -9.11739 20.7939
      vertex 11.0822 -10.6652 20.7034
      vertex 12.5048 -9.08526 20.7034
    endloop
  endfacet
  facet normal 0.64507 -0.580708 0.496651
    outer loop
      vertex 11.0822 -10.6652 20.7034
      vertex 12.4059 -9.11739 20.7939
      vertex 11.0789 -10.6663 20.7064
    endloop
  endfacet
  facet normal -0.208563 0.0220771 0.97776
    outer loop
      vertex -14.5589 -3.90034 20.9755
      vertex -14.5623 -3.93246 20.9755
      vertex -14.4601 -3.93246 20.9973
    endloop
  endfacet
  facet normal -0.741057 -0.0777705 0.666923
    outer loop
      vertex -14.7424 -3.93246 20.8716
      vertex -14.8035 -4.01657 20.7939
      vertex -14.7351 -4.00202 20.8716
    endloop
  endfacet
  facet normal 0 -0.951341 -0.308141
    outer loop
      vertex -9.94298 -10.834 0.296632
      vertex -8.8104 -10.8662 0.396045
      vertex -9.9396 -10.8662 0.396045
    endloop
  endfacet
  facet normal 0 -0.951341 -0.308141
    outer loop
      vertex -8.8104 -10.8662 0.396045
      vertex -9.94298 -10.834 0.296632
      vertex -8.80702 -10.834 0.296632
    endloop
  endfacet
  facet normal 0 -0.951341 -0.308141
    outer loop
      vertex 8.80702 -10.834 0.296632
      vertex 9.9396 -10.8662 0.396045
      vertex 8.8104 -10.8662 0.396045
    endloop
  endfacet
  facet normal 0 -0.951341 -0.308141
    outer loop
      vertex 9.9396 -10.8662 0.396045
      vertex 8.80702 -10.834 0.296632
      vertex 9.94298 -10.834 0.296632
    endloop
  endfacet
  facet normal -0.181658 0.104565 0.977786
    outer loop
      vertex -14.5328 -3.84165 20.9755
      vertex -14.5489 -3.86962 20.9755
      vertex -14.4555 -3.91121 20.9973
    endloop
  endfacet
  facet normal 0.586054 0.0615037 0.807934
    outer loop
      vertex 14.7351 -3.8629 20.8716
      vertex 14.6523 -3.88049 20.933
      vertex 14.7424 -3.93246 20.8716
    endloop
  endfacet
  facet normal 0.708378 0.230782 0.667038
    outer loop
      vertex 14.7773 -3.76794 20.7939
      vertex 14.7134 -3.79638 20.8716
      vertex 14.8035 -3.84836 20.7939
    endloop
  endfacet
  facet normal -0.199373 -0.0647787 0.97778
    outer loop
      vertex -14.5489 -3.99531 20.9755
      vertex -13.7509 -6.12231 20.9973
      vertex -14.4555 -3.95372 20.9973
    endloop
  endfacet
  facet normal -0.199379 -0.0647808 0.977779
    outer loop
      vertex -13.7509 -6.12231 20.9973
      vertex -14.5489 -3.99531 20.9755
      vertex -13.8443 -6.16389 20.9755
    endloop
  endfacet
  facet normal 0.155921 -0.140175 0.977773
    outer loop
      vertex 12.1775 -8.8475 20.9973
      vertex 12.1702 -8.85562 20.9973
      vertex 12.2386 -8.9316 20.9755
    endloop
  endfacet
  facet normal 0.303503 0.273276 0.912801
    outer loop
      vertex 14.1868 -3.3154 20.933
      vertex 14.5112 -3.81764 20.9755
      vertex 14.6101 -3.78552 20.933
    endloop
  endfacet
  facet normal 0.30348 0.273263 0.912813
    outer loop
      vertex 14.5112 -3.81764 20.9755
      vertex 14.1868 -3.3154 20.933
      vertex 14.1095 -3.37152 20.9755
    endloop
  endfacet
  facet normal 0.741062 0.0777711 0.666917
    outer loop
      vertex 14.8035 -3.84836 20.7939
      vertex 14.7351 -3.8629 20.8716
      vertex 14.7424 -3.93246 20.8716
    endloop
  endfacet
  facet normal 0.989112 0.104086 0.104036
    outer loop
      vertex 14.8969 -3.82851 20.5
      vertex 14.8862 -3.83078 20.604
      vertex 14.8969 -3.93246 20.604
    endloop
  endfacet
  facet normal 0.946301 0.0995812 0.307568
    outer loop
      vertex 14.8862 -3.83078 20.604
      vertex 14.8546 -3.8375 20.7034
      vertex 14.8969 -3.93246 20.604
    endloop
  endfacet
  facet normal 0.645538 0.371955 0.667031
    outer loop
      vertex 14.7773 -3.76794 20.7939
      vertex 14.6785 -3.73581 20.8716
      vertex 14.7134 -3.79638 20.8716
    endloop
  endfacet
  facet normal 0.38843 0.125804 0.91285
    outer loop
      vertex 14.6362 -3.83078 20.933
      vertex 14.5489 -3.86962 20.9755
      vertex 14.6523 -3.88049 20.933
    endloop
  endfacet
  facet normal 0.862474 -0.0908154 0.497886
    outer loop
      vertex 14.8646 -3.93246 20.7034
      vertex 14.8035 -4.01657 20.7939
      vertex 14.8546 -4.02743 20.7034
    endloop
  endfacet
  facet normal 0.862288 0.0902275 0.498316
    outer loop
      vertex 14.8646 -3.93246 20.7034
      vertex 14.8035 -3.84836 20.7939
      vertex 14.8123 -3.93246 20.7939
    endloop
  endfacet
  facet normal 0.511052 0.294464 0.807537
    outer loop
      vertex 14.6785 -3.73581 20.8716
      vertex 14.6362 -3.83078 20.933
      vertex 14.7134 -3.79638 20.8716
    endloop
  endfacet
  facet normal 0.388456 0.126451 0.91275
    outer loop
      vertex 14.6523 -3.88049 20.933
      vertex 14.5489 -3.86962 20.9755
      vertex 14.5589 -3.90034 20.9755
    endloop
  endfacet
  facet normal 0.708374 -0.230752 0.667053
    outer loop
      vertex 14.0989 -6.18515 20.7939
      vertex 14.0088 -6.23713 20.8716
      vertex 14.0727 -6.26558 20.7939
    endloop
  endfacet
  facet normal 0.824301 -0.268515 0.498426
    outer loop
      vertex 14.0989 -6.18515 20.7939
      vertex 14.0727 -6.26558 20.7939
      vertex 14.1205 -6.28683 20.7034
    endloop
  endfacet
  facet normal 0.645472 -0.372657 0.666703
    outer loop
      vertex 13.9739 -6.2977 20.8716
      vertex 12.5048 -8.98131 20.7939
      vertex 14.0727 -6.26558 20.7939
    endloop
  endfacet
  facet normal 0.645113 -0.372473 0.667153
    outer loop
      vertex 12.5048 -8.98131 20.7939
      vertex 13.9739 -6.2977 20.8716
      vertex 12.4059 -9.01343 20.8716
    endloop
  endfacet
  facet normal 0.824012 -0.475517 0.30804
    outer loop
      vertex 14.15 -6.29997 20.604
      vertex 14.0727 -6.36953 20.7034
      vertex 14.0989 -6.38852 20.604
    endloop
  endfacet
  facet normal 0.823849 -0.476179 0.30745
    outer loop
      vertex 14.1205 -6.28683 20.7034
      vertex 14.0727 -6.36953 20.7034
      vertex 14.15 -6.29997 20.604
    endloop
  endfacet
  facet normal 0.56102 -0.182283 0.807483
    outer loop
      vertex 13.9316 -6.20273 20.933
      vertex 14.7134 -4.06854 20.8716
      vertex 14.6362 -4.03415 20.933
    endloop
  endfacet
  facet normal 0.561007 -0.182278 0.807494
    outer loop
      vertex 14.7134 -4.06854 20.8716
      vertex 13.9316 -6.20273 20.933
      vertex 14.0088 -6.23713 20.8716
    endloop
  endfacet
  facet normal -0.945894 -0.307333 0.104076
    outer loop
      vertex -14.1923 -6.205 20.5
      vertex -14.8546 -4.13139 20.604
      vertex -14.8969 -4.03642 20.5
    endloop
  endfacet
  facet normal -0.945894 -0.307333 0.104076
    outer loop
      vertex -14.8546 -4.13139 20.604
      vertex -14.1923 -6.205 20.5
      vertex -14.15 -6.29997 20.604
    endloop
  endfacet
  facet normal -0.945883 -0.307383 0.104026
    outer loop
      vertex -14.8862 -4.03415 20.604
      vertex -14.8969 -4.03642 20.5
      vertex -14.8546 -4.13139 20.604
    endloop
  endfacet
  facet normal -0.862288 -0.0902168 0.498317
    outer loop
      vertex -14.8123 -3.93246 20.7939
      vertex -14.8646 -3.93246 20.7034
      vertex -14.8035 -4.01657 20.7939
    endloop
  endfacet
  facet normal -0.823849 0.476179 0.30745
    outer loop
      vertex -14.7773 -3.66398 20.7034
      vertex -14.8546 -3.73354 20.604
      vertex -14.8251 -3.74668 20.7034
    endloop
  endfacet
  facet normal -0.824012 0.475517 0.30804
    outer loop
      vertex -14.8035 -3.64499 20.604
      vertex -14.8546 -3.73354 20.604
      vertex -14.7773 -3.66398 20.7034
    endloop
  endfacet
  facet normal -0.904942 0.294078 0.307569
    outer loop
      vertex -14.8546 -3.73354 20.604
      vertex -14.8862 -3.83078 20.604
      vertex -14.8546 -3.8375 20.7034
    endloop
  endfacet
  facet normal -0.824825 0.267918 0.49788
    outer loop
      vertex -14.8251 -3.74668 20.7034
      vertex -14.8546 -3.8375 20.7034
      vertex -14.8035 -3.84836 20.7939
    endloop
  endfacet
  facet normal 0.155921 0.140175 0.977773
    outer loop
      vertex 14.5112 -3.81764 20.9755
      vertex 14.4428 -3.89362 20.9973
      vertex 14.4501 -3.90174 20.9973
    endloop
  endfacet
  facet normal 0.155862 0.140218 0.977776
    outer loop
      vertex 14.5112 -3.81764 20.9755
      vertex 14.4501 -3.90174 20.9973
      vertex 14.5328 -3.84165 20.9755
    endloop
  endfacet
  facet normal 0.707174 -0.636749 0.307335
    outer loop
      vertex 11.0822 -10.6652 20.7034
      vertex 12.5309 -9.10425 20.604
      vertex 12.5048 -9.08526 20.7034
    endloop
  endfacet
  facet normal 0.707329 -0.636941 0.306582
    outer loop
      vertex 12.5309 -9.10425 20.604
      vertex 11.0822 -10.6652 20.7034
      vertex 11.083 -10.6659 20.7001
    endloop
  endfacet
  facet normal 0 -0.994651 0.103291
    outer loop
      vertex -9.93846 -10.877 20.5
      vertex -8.8104 -10.8662 20.604
      vertex -9.9396 -10.8662 20.604
    endloop
  endfacet
  facet normal 0 -0.994651 0.103291
    outer loop
      vertex -8.8104 -10.8662 20.604
      vertex -9.93846 -10.877 20.5
      vertex -8.81154 -10.877 20.5
    endloop
  endfacet
  facet normal 0 -0.994651 0.103291
    outer loop
      vertex 8.81154 -10.877 20.5
      vertex 9.9396 -10.8662 20.604
      vertex 8.8104 -10.8662 20.604
    endloop
  endfacet
  facet normal 0 -0.994651 0.103291
    outer loop
      vertex 9.9396 -10.8662 20.604
      vertex 8.81154 -10.877 20.5
      vertex 9.93846 -10.877 20.5
    endloop
  endfacet
  facet normal 0.303504 -0.273273 0.912802
    outer loop
      vertex 12.2386 -8.9316 20.9755
      vertex 10.9302 -10.5267 20.933
      vertex 12.3375 -8.96372 20.933
    endloop
  endfacet
  facet normal 0.30354 -0.273303 0.912781
    outer loop
      vertex 10.9302 -10.5267 20.933
      vertex 12.2386 -8.9316 20.9755
      vertex 10.8313 -10.4946 20.9755
    endloop
  endfacet
  facet normal 0.438222 -0.394575 0.807634
    outer loop
      vertex 12.3375 -8.96372 20.933
      vertex 10.9986 -10.5764 20.8716
      vertex 12.4059 -9.01343 20.8716
    endloop
  endfacet
  facet normal 0.438246 -0.394594 0.807611
    outer loop
      vertex 10.9986 -10.5764 20.8716
      vertex 12.3375 -8.96372 20.933
      vertex 10.9302 -10.5267 20.933
    endloop
  endfacet
  facet normal -0.155432 -0.140536 0.977799
    outer loop
      vertex -12.1775 -8.8475 20.9973
      vertex -12.2603 -8.9076 20.9755
      vertex -12.2386 -8.9316 20.9755
    endloop
  endfacet
  facet normal 0.553859 0.49881 0.666655
    outer loop
      vertex 14.2552 -3.26569 20.8716
      vertex 14.6785 -3.63186 20.7939
      vertex 14.3117 -3.22458 20.7939
    endloop
  endfacet
  facet normal 0.553696 0.498553 0.666983
    outer loop
      vertex 14.6785 -3.63186 20.7939
      vertex 14.2552 -3.26569 20.8716
      vertex 14.6785 -3.73581 20.8716
    endloop
  endfacet
  facet normal 0.406206 0.0429982 0.912769
    outer loop
      vertex 14.6578 -3.93246 20.933
      vertex 14.5589 -3.90034 20.9755
      vertex 14.5623 -3.93246 20.9755
    endloop
  endfacet
  facet normal 0.824803 -0.267989 0.497876
    outer loop
      vertex 14.0989 -6.18515 20.7939
      vertex 14.8546 -4.02743 20.7034
      vertex 14.8035 -4.01657 20.7939
    endloop
  endfacet
  facet normal 0.824792 -0.267984 0.497899
    outer loop
      vertex 14.8546 -4.02743 20.7034
      vertex 14.0989 -6.18515 20.7939
      vertex 14.15 -6.19602 20.7034
    endloop
  endfacet
  facet normal 0.824804 -0.267941 0.497901
    outer loop
      vertex 14.15 -6.19602 20.7034
      vertex 14.0989 -6.18515 20.7939
      vertex 14.1205 -6.28683 20.7034
    endloop
  endfacet
  facet normal 0.904971 -0.294035 0.307524
    outer loop
      vertex 14.15 -6.19602 20.7034
      vertex 14.8546 -4.13139 20.604
      vertex 14.8546 -4.02743 20.7034
    endloop
  endfacet
  facet normal 0.904978 -0.294039 0.307499
    outer loop
      vertex 14.8546 -4.13139 20.604
      vertex 14.15 -6.19602 20.7034
      vertex 14.15 -6.29997 20.604
    endloop
  endfacet
  facet normal 0.946315 -0.0996436 0.307505
    outer loop
      vertex 14.8646 -3.93246 20.7034
      vertex 14.8546 -4.02743 20.7034
      vertex 14.8969 -3.93246 20.604
    endloop
  endfacet
  facet normal 0.946314 0.099654 0.307504
    outer loop
      vertex 14.8969 -3.93246 20.604
      vertex 14.8546 -3.8375 20.7034
      vertex 14.8646 -3.93246 20.7034
    endloop
  endfacet
  facet normal 0.741198 0.0775569 0.666792
    outer loop
      vertex 14.8035 -3.84836 20.7939
      vertex 14.7424 -3.93246 20.8716
      vertex 14.8123 -3.93246 20.7939
    endloop
  endfacet
  facet normal 0.741198 -0.0775478 0.666792
    outer loop
      vertex 14.8123 -3.93246 20.7939
      vertex 14.7424 -3.93246 20.8716
      vertex 14.8035 -4.01657 20.7939
    endloop
  endfacet
  facet normal 0.561213 0.181765 0.807466
    outer loop
      vertex 14.7134 -3.79638 20.8716
      vertex 14.6362 -3.83078 20.933
      vertex 14.6523 -3.88049 20.933
    endloop
  endfacet
  facet normal 0.560266 0.182769 0.807897
    outer loop
      vertex 14.7134 -3.79638 20.8716
      vertex 14.6523 -3.88049 20.933
      vertex 14.7351 -3.8629 20.8716
    endloop
  endfacet
  facet normal 0.750827 -0.433702 0.498158
    outer loop
      vertex 12.5048 -8.98131 20.7939
      vertex 12.4625 -9.05454 20.7939
      vertex 12.5048 -9.08526 20.7034
    endloop
  endfacet
  facet normal 0.645102 -0.372632 0.667075
    outer loop
      vertex 12.5048 -8.98131 20.7939
      vertex 12.4059 -9.01343 20.8716
      vertex 12.4625 -9.05454 20.7939
    endloop
  endfacet
  facet normal 0.586244 -0.0620304 0.807756
    outer loop
      vertex 14.6578 -3.93246 20.933
      vertex 14.6523 -3.98444 20.933
      vertex 14.7424 -3.93246 20.8716
    endloop
  endfacet
  facet normal 0.586244 0.0620423 0.807756
    outer loop
      vertex 14.7424 -3.93246 20.8716
      vertex 14.6523 -3.88049 20.933
      vertex 14.6578 -3.93246 20.933
    endloop
  endfacet
  facet normal 0.208268 0.023013 0.977801
    outer loop
      vertex 14.5589 -3.90034 20.9755
      vertex 14.4589 -3.9216 20.9973
      vertex 14.4601 -3.93246 20.9973
    endloop
  endfacet
  facet normal -0.155862 0.140218 0.977776
    outer loop
      vertex -14.5112 -3.81764 20.9755
      vertex -14.5328 -3.84165 20.9755
      vertex -14.4501 -3.90174 20.9973
    endloop
  endfacet
  facet normal -0.644317 0.580278 0.49813
    outer loop
      vertex -14.354 -3.19386 20.7034
      vertex -14.6785 -3.63186 20.7939
      vertex -14.3117 -3.22458 20.7939
    endloop
  endfacet
  facet normal -0.644566 0.580373 0.497697
    outer loop
      vertex -14.6785 -3.63186 20.7939
      vertex -14.354 -3.19386 20.7034
      vertex -14.7773 -3.66398 20.7034
    endloop
  endfacet
  facet normal -0.824012 -0.475517 0.30804
    outer loop
      vertex -14.0727 -6.36953 20.7034
      vertex -14.15 -6.29997 20.604
      vertex -14.0989 -6.38852 20.604
    endloop
  endfacet
  facet normal -0.946302 -0.0995716 0.307568
    outer loop
      vertex -14.8546 -4.02743 20.7034
      vertex -14.8969 -3.93246 20.604
      vertex -14.8862 -4.03415 20.604
    endloop
  endfacet
  facet normal -0.707021 0.636608 0.307979
    outer loop
      vertex -14.8035 -3.64499 20.604
      vertex -14.354 -3.19386 20.7034
      vertex -14.3802 -3.17487 20.604
    endloop
  endfacet
  facet normal -0.707021 0.636608 0.307979
    outer loop
      vertex -14.354 -3.19386 20.7034
      vertex -14.8035 -3.64499 20.604
      vertex -14.7773 -3.66398 20.7034
    endloop
  endfacet
  facet normal -0.861427 0.497108 0.104052
    outer loop
      vertex -14.8035 -3.64499 20.604
      vertex -14.8646 -3.7291 20.5
      vertex -14.8546 -3.73354 20.604
    endloop
  endfacet
  facet normal -0.945893 0.307337 0.104072
    outer loop
      vertex -14.8646 -3.7291 20.5
      vertex -14.8969 -3.82851 20.5
      vertex -14.8546 -3.73354 20.604
    endloop
  endfacet
  facet normal 0.199327 0.0648849 0.977783
    outer loop
      vertex 14.5489 -3.86962 20.9755
      vertex 14.4555 -3.91121 20.9973
      vertex 14.5589 -3.90034 20.9755
    endloop
  endfacet
  facet normal 0.182234 0.103914 0.977749
    outer loop
      vertex 14.5328 -3.84165 20.9755
      vertex 14.4501 -3.90174 20.9973
      vertex 14.4555 -3.91121 20.9973
    endloop
  endfacet
  facet normal 0 -0.867475 0.49748
    outer loop
      vertex -9.94298 -10.834 20.7034
      vertex -8.80156 -10.7821 20.7939
      vertex -9.94844 -10.7821 20.7939
    endloop
  endfacet
  facet normal 0 -0.867475 0.49748
    outer loop
      vertex -8.80156 -10.7821 20.7939
      vertex -9.94298 -10.834 20.7034
      vertex -8.80702 -10.834 20.7034
    endloop
  endfacet
  facet normal 0 -0.867475 0.49748
    outer loop
      vertex 8.80702 -10.834 20.7034
      vertex 9.94844 -10.7821 20.7939
      vertex 8.80156 -10.7821 20.7939
    endloop
  endfacet
  facet normal 0 -0.867475 0.49748
    outer loop
      vertex 9.94844 -10.7821 20.7939
      vertex 8.80702 -10.834 20.7034
      vertex 9.94298 -10.834 20.7034
    endloop
  endfacet
  facet normal 0.51086 0.294597 0.80761
    outer loop
      vertex 14.6785 -3.73581 20.8716
      vertex 14.6101 -3.78552 20.933
      vertex 14.6362 -3.83078 20.933
    endloop
  endfacet
  facet normal 0.353669 0.20395 0.912865
    outer loop
      vertex 14.6101 -3.78552 20.933
      vertex 14.5489 -3.86962 20.9755
      vertex 14.6362 -3.83078 20.933
    endloop
  endfacet
  facet normal 0.38843 -0.125804 0.91285
    outer loop
      vertex 14.6523 -3.98444 20.933
      vertex 14.5489 -3.99531 20.9755
      vertex 14.6362 -4.03415 20.933
    endloop
  endfacet
  facet normal 0.406204 0.0429887 0.912771
    outer loop
      vertex 14.6523 -3.88049 20.933
      vertex 14.5589 -3.90034 20.9755
      vertex 14.6578 -3.93246 20.933
    endloop
  endfacet
  facet normal 0.406206 -0.0429848 0.91277
    outer loop
      vertex 14.5623 -3.93246 20.9755
      vertex 14.5589 -3.96459 20.9755
      vertex 14.6578 -3.93246 20.933
    endloop
  endfacet
  facet normal -0.155921 0.140175 0.977773
    outer loop
      vertex -14.4428 -3.89362 20.9973
      vertex -14.5112 -3.81764 20.9755
      vertex -14.4501 -3.90174 20.9973
    endloop
  endfacet
  facet normal -0.645539 0.371951 0.667032
    outer loop
      vertex -14.7351 -3.6947 20.7939
      vertex -14.7773 -3.76794 20.7939
      vertex -14.6785 -3.73581 20.8716
    endloop
  endfacet
  facet normal -0.561213 0.181765 0.807466
    outer loop
      vertex -14.6362 -3.83078 20.933
      vertex -14.7134 -3.79638 20.8716
      vertex -14.6523 -3.88049 20.933
    endloop
  endfacet
  facet normal -0.946314 0.099654 0.307504
    outer loop
      vertex -14.8546 -3.8375 20.7034
      vertex -14.8969 -3.93246 20.604
      vertex -14.8646 -3.93246 20.7034
    endloop
  endfacet
  facet normal -0.861547 -0.496827 0.104398
    outer loop
      vertex -12.5309 -9.10425 20.604
      vertex -12.592 -9.02015 20.5
      vertex -12.5398 -9.11067 20.5
    endloop
  endfacet
  facet normal -0.738822 -0.665777 0.104325
    outer loop
      vertex -12.5309 -9.10425 20.604
      vertex -12.5398 -9.11067 20.5
      vertex -12.4698 -9.18835 20.5
    endloop
  endfacet
  facet normal -0.51086 0.294597 0.80761
    outer loop
      vertex -14.6101 -3.78552 20.933
      vertex -14.6785 -3.73581 20.8716
      vertex -14.6362 -3.83078 20.933
    endloop
  endfacet
  facet normal -0.155921 -0.140175 0.977773
    outer loop
      vertex -12.1775 -8.8475 20.9973
      vertex -12.2386 -8.9316 20.9755
      vertex -12.1702 -8.85562 20.9973
    endloop
  endfacet
  facet normal 0.739117 -0.66551 0.103936
    outer loop
      vertex 11.1236 -10.6672 20.604
      vertex 12.4698 -9.18835 20.5
      vertex 12.5309 -9.10425 20.604
    endloop
  endfacet
  facet normal 0.739117 -0.66551 0.103936
    outer loop
      vertex 12.4698 -9.18835 20.5
      vertex 11.1236 -10.6672 20.604
      vertex 11.0625 -10.7513 20.5
    endloop
  endfacet
  facet normal 0.199289 0.0652148 0.977768
    outer loop
      vertex 14.5589 -3.90034 20.9755
      vertex 14.4555 -3.91121 20.9973
      vertex 14.4589 -3.9216 20.9973
    endloop
  endfacet
  facet normal 0.208563 0.0220771 0.97776
    outer loop
      vertex 14.5589 -3.90034 20.9755
      vertex 14.4601 -3.93246 20.9973
      vertex 14.5623 -3.93246 20.9755
    endloop
  endfacet
  facet normal 0.208563 -0.0220702 0.97776
    outer loop
      vertex 14.5623 -3.93246 20.9755
      vertex 14.4601 -3.93246 20.9973
      vertex 14.5589 -3.96459 20.9755
    endloop
  endfacet
  facet normal -0.38843 -0.125804 0.91285
    outer loop
      vertex -14.5489 -3.99531 20.9755
      vertex -14.6523 -3.98444 20.933
      vertex -14.6362 -4.03415 20.933
    endloop
  endfacet
  facet normal -0.155797 0.140285 0.977777
    outer loop
      vertex -14.1095 -3.37152 20.9755
      vertex -14.4428 -3.89362 20.9973
      vertex -14.0268 -3.43162 20.9973
    endloop
  endfacet
  facet normal -0.155799 0.140286 0.977776
    outer loop
      vertex -14.4428 -3.89362 20.9973
      vertex -14.1095 -3.37152 20.9755
      vertex -14.5112 -3.81764 20.9755
    endloop
  endfacet
  facet normal -0.644517 0.580517 0.497592
    outer loop
      vertex -14.6785 -3.63186 20.7939
      vertex -14.7773 -3.66398 20.7034
      vertex -14.7351 -3.6947 20.7939
    endloop
  endfacet
  facet normal -0.751628 0.433079 0.497491
    outer loop
      vertex -14.7773 -3.66398 20.7034
      vertex -14.7773 -3.76794 20.7939
      vertex -14.7351 -3.6947 20.7939
    endloop
  endfacet
  facet normal -0.904942 -0.294078 0.307569
    outer loop
      vertex -14.8546 -4.02743 20.7034
      vertex -14.8862 -4.03415 20.604
      vertex -14.8546 -4.13139 20.604
    endloop
  endfacet
  facet normal -0.862288 0.0902275 0.498316
    outer loop
      vertex -14.8035 -3.84836 20.7939
      vertex -14.8646 -3.93246 20.7034
      vertex -14.8123 -3.93246 20.7939
    endloop
  endfacet
  facet normal -0.904971 -0.294035 0.307524
    outer loop
      vertex -14.8546 -4.13139 20.604
      vertex -14.15 -6.19602 20.7034
      vertex -14.8546 -4.02743 20.7034
    endloop
  endfacet
  facet normal -0.904978 -0.294039 0.307499
    outer loop
      vertex -14.15 -6.19602 20.7034
      vertex -14.8546 -4.13139 20.604
      vertex -14.15 -6.29997 20.604
    endloop
  endfacet
  facet normal -0.645538 0.371955 0.667031
    outer loop
      vertex -14.6785 -3.73581 20.8716
      vertex -14.7773 -3.76794 20.7939
      vertex -14.7134 -3.79638 20.8716
    endloop
  endfacet
  facet normal -0.708378 0.230782 0.667038
    outer loop
      vertex -14.7773 -3.76794 20.7939
      vertex -14.8035 -3.84836 20.7939
      vertex -14.7134 -3.79638 20.8716
    endloop
  endfacet
  facet normal -0.708411 -0.231096 0.666895
    outer loop
      vertex -14.7351 -4.00202 20.8716
      vertex -14.8035 -4.01657 20.7939
      vertex -14.7134 -4.06854 20.8716
    endloop
  endfacet
  facet normal -0.741198 0.0775569 0.666792
    outer loop
      vertex -14.8035 -3.84836 20.7939
      vertex -14.8123 -3.93246 20.7939
      vertex -14.7424 -3.93246 20.8716
    endloop
  endfacet
  facet normal -0.511052 -0.294464 0.807537
    outer loop
      vertex -13.9316 -6.20273 20.933
      vertex -14.0088 -6.23713 20.8716
      vertex -13.9739 -6.2977 20.8716
    endloop
  endfacet
  facet normal -0.70827 -0.230126 0.66738
    outer loop
      vertex -14.0989 -6.18515 20.7939
      vertex -14.7134 -4.06854 20.8716
      vertex -14.8035 -4.01657 20.7939
    endloop
  endfacet
  facet normal -0.708283 -0.230129 0.667364
    outer loop
      vertex -14.7134 -4.06854 20.8716
      vertex -14.0989 -6.18515 20.7939
      vertex -14.0088 -6.23713 20.8716
    endloop
  endfacet
  facet normal 0.644474 -0.58027 0.497936
    outer loop
      vertex 12.4059 -9.11739 20.7939
      vertex 10.9986 -10.6804 20.7939
      vertex 11.0789 -10.6663 20.7064
    endloop
  endfacet
  facet normal -0.30317 -0.274116 0.91266
    outer loop
      vertex -12.2603 -8.9076 20.9755
      vertex -12.3375 -8.96372 20.933
      vertex -12.2386 -8.9316 20.9755
    endloop
  endfacet
  facet normal -0.354255 -0.203842 0.912662
    outer loop
      vertex -12.2764 -8.87962 20.9755
      vertex -12.3375 -8.96372 20.933
      vertex -12.2603 -8.9076 20.9755
    endloop
  endfacet
  facet normal -0.18168 -0.104541 0.977785
    outer loop
      vertex -12.183 -8.83804 20.9973
      vertex -12.2764 -8.87962 20.9755
      vertex -12.2603 -8.9076 20.9755
    endloop
  endfacet
  facet normal -0.750827 -0.433702 0.498158
    outer loop
      vertex -12.5048 -8.98131 20.7939
      vertex -12.5048 -9.08526 20.7034
      vertex -12.4625 -9.05454 20.7939
    endloop
  endfacet
  facet normal -0.644357 -0.580188 0.498182
    outer loop
      vertex -11.0822 -10.6652 20.7034
      vertex -12.4059 -9.11739 20.7939
      vertex -12.5048 -9.08526 20.7034
    endloop
  endfacet
  facet normal -0.64507 -0.580708 0.496651
    outer loop
      vertex -12.4059 -9.11739 20.7939
      vertex -11.0822 -10.6652 20.7034
      vertex -11.0789 -10.6663 20.7064
    endloop
  endfacet
  facet normal -0.303572 0.273101 0.912831
    outer loop
      vertex -14.5112 -3.81764 20.9755
      vertex -14.6101 -3.78552 20.933
      vertex -14.5328 -3.84165 20.9755
    endloop
  endfacet
  facet normal 0.155802 -0.140283 0.977776
    outer loop
      vertex 10.7629 -10.4186 20.9973
      vertex 12.2386 -8.9316 20.9755
      vertex 12.1702 -8.85562 20.9973
    endloop
  endfacet
  facet normal 0.155783 -0.140264 0.977782
    outer loop
      vertex 12.2386 -8.9316 20.9755
      vertex 10.7629 -10.4186 20.9973
      vertex 10.8313 -10.4946 20.9755
    endloop
  endfacet
  facet normal -0.862474 -0.0908154 0.497886
    outer loop
      vertex -14.8035 -4.01657 20.7939
      vertex -14.8646 -3.93246 20.7034
      vertex -14.8546 -4.02743 20.7034
    endloop
  endfacet
  facet normal -0.946315 -0.0996436 0.307505
    outer loop
      vertex -14.8646 -3.93246 20.7034
      vertex -14.8969 -3.93246 20.604
      vertex -14.8546 -4.02743 20.7034
    endloop
  endfacet
  facet normal -0.388456 -0.126451 0.91275
    outer loop
      vertex -14.5589 -3.96459 20.9755
      vertex -14.6523 -3.98444 20.933
      vertex -14.5489 -3.99531 20.9755
    endloop
  endfacet
  facet normal -0.586244 -0.0620304 0.807756
    outer loop
      vertex -14.6578 -3.93246 20.933
      vertex -14.7424 -3.93246 20.8716
      vertex -14.6523 -3.98444 20.933
    endloop
  endfacet
  facet normal -0.823849 -0.476179 0.30745
    outer loop
      vertex -14.1205 -6.28683 20.7034
      vertex -14.15 -6.29997 20.604
      vertex -14.0727 -6.36953 20.7034
    endloop
  endfacet
  facet normal -0.741198 -0.0775478 0.666792
    outer loop
      vertex -14.7424 -3.93246 20.8716
      vertex -14.8123 -3.93246 20.7939
      vertex -14.8035 -4.01657 20.7939
    endloop
  endfacet
  facet normal -0.824803 -0.267989 0.497876
    outer loop
      vertex -14.8546 -4.02743 20.7034
      vertex -14.0989 -6.18515 20.7939
      vertex -14.8035 -4.01657 20.7939
    endloop
  endfacet
  facet normal -0.824792 -0.267984 0.497899
    outer loop
      vertex -14.0989 -6.18515 20.7939
      vertex -14.8546 -4.02743 20.7034
      vertex -14.15 -6.19602 20.7034
    endloop
  endfacet
  facet normal -0.561227 -0.181769 0.807455
    outer loop
      vertex -14.6523 -3.98444 20.933
      vertex -14.7134 -4.06854 20.8716
      vertex -14.6362 -4.03415 20.933
    endloop
  endfacet
  facet normal -0.56102 -0.182283 0.807483
    outer loop
      vertex -14.7134 -4.06854 20.8716
      vertex -13.9316 -6.20273 20.933
      vertex -14.6362 -4.03415 20.933
    endloop
  endfacet
  facet normal -0.561007 -0.182278 0.807494
    outer loop
      vertex -13.9316 -6.20273 20.933
      vertex -14.7134 -4.06854 20.8716
      vertex -14.0088 -6.23713 20.8716
    endloop
  endfacet
  facet normal -0.406205 -0.0429806 0.91277
    outer loop
      vertex -14.5589 -3.96459 20.9755
      vertex -14.6578 -3.93246 20.933
      vertex -14.6523 -3.98444 20.933
    endloop
  endfacet
  facet normal -0.511052 0.294464 0.807537
    outer loop
      vertex -14.6785 -3.73581 20.8716
      vertex -14.7134 -3.79638 20.8716
      vertex -14.6362 -3.83078 20.933
    endloop
  endfacet
  facet normal -0.43822 0.394577 0.807633
    outer loop
      vertex -14.2552 -3.26569 20.8716
      vertex -14.6101 -3.78552 20.933
      vertex -14.1868 -3.3154 20.933
    endloop
  endfacet
  facet normal -0.43822 0.394577 0.807633
    outer loop
      vertex -14.6101 -3.78552 20.933
      vertex -14.2552 -3.26569 20.8716
      vertex -14.6785 -3.73581 20.8716
    endloop
  endfacet
  facet normal 0.553676 -0.49853 0.667017
    outer loop
      vertex 10.9986 -10.5764 20.8716
      vertex 12.4059 -9.11739 20.7939
      vertex 12.4059 -9.01343 20.8716
    endloop
  endfacet
  facet normal 0.553591 -0.498441 0.667154
    outer loop
      vertex 12.4059 -9.11739 20.7939
      vertex 10.9986 -10.5764 20.8716
      vertex 10.9986 -10.6804 20.7939
    endloop
  endfacet
  facet normal -0.353851 -0.204292 0.912718
    outer loop
      vertex -13.8443 -6.16389 20.9755
      vertex -12.3636 -8.91846 20.933
      vertex -12.2764 -8.87962 20.9755
    endloop
  endfacet
  facet normal -0.353577 -0.204147 0.912856
    outer loop
      vertex -12.3636 -8.91846 20.933
      vertex -13.8443 -6.16389 20.9755
      vertex -13.9316 -6.20273 20.933
    endloop
  endfacet
  facet normal 0 -0.744865 0.667215
    outer loop
      vertex -9.94844 -10.7821 20.7939
      vertex -8.79425 -10.7125 20.8716
      vertex -9.95575 -10.7125 20.8716
    endloop
  endfacet
  facet normal 0 -0.744865 0.667215
    outer loop
      vertex -8.79425 -10.7125 20.8716
      vertex -9.94844 -10.7821 20.7939
      vertex -8.80156 -10.7821 20.7939
    endloop
  endfacet
  facet normal 0 -0.744865 0.667215
    outer loop
      vertex 8.80156 -10.7821 20.7939
      vertex 9.95575 -10.7125 20.8716
      vertex 8.79425 -10.7125 20.8716
    endloop
  endfacet
  facet normal 0 -0.744865 0.667215
    outer loop
      vertex 9.95575 -10.7125 20.8716
      vertex 8.80156 -10.7821 20.7939
      vertex 9.94844 -10.7821 20.7939
    endloop
  endfacet
  facet normal -0.510575 -0.294794 0.807719
    outer loop
      vertex -13.9739 -6.2977 20.8716
      vertex -12.3636 -8.91846 20.933
      vertex -13.9316 -6.20273 20.933
    endloop
  endfacet
  facet normal -0.510575 -0.294794 0.807719
    outer loop
      vertex -12.3636 -8.91846 20.933
      vertex -13.9739 -6.2977 20.8716
      vertex -12.4059 -9.01343 20.8716
    endloop
  endfacet
  facet normal -0.644474 -0.58027 0.497936
    outer loop
      vertex -10.9986 -10.6804 20.7939
      vertex -12.4059 -9.11739 20.7939
      vertex -11.0789 -10.6663 20.7064
    endloop
  endfacet
  facet normal -0.30348 0.273263 0.912813
    outer loop
      vertex -14.1868 -3.3154 20.933
      vertex -14.5112 -3.81764 20.9755
      vertex -14.1095 -3.37152 20.9755
    endloop
  endfacet
  facet normal -0.303503 0.273276 0.912801
    outer loop
      vertex -14.5112 -3.81764 20.9755
      vertex -14.1868 -3.3154 20.933
      vertex -14.6101 -3.78552 20.933
    endloop
  endfacet
  facet normal -0.750993 -0.433578 0.498016
    outer loop
      vertex -14.0727 -6.36953 20.7034
      vertex -12.5048 -8.98131 20.7939
      vertex -14.0727 -6.26558 20.7939
    endloop
  endfacet
  facet normal -0.750993 -0.433578 0.498016
    outer loop
      vertex -12.5048 -8.98131 20.7939
      vertex -14.0727 -6.36953 20.7034
      vertex -12.5048 -9.08526 20.7034
    endloop
  endfacet
  facet normal -0.38828 -0.126157 0.912865
    outer loop
      vertex -14.6362 -4.03415 20.933
      vertex -13.8443 -6.16389 20.9755
      vertex -14.5489 -3.99531 20.9755
    endloop
  endfacet
  facet normal -0.38828 -0.126157 0.912865
    outer loop
      vertex -13.8443 -6.16389 20.9755
      vertex -14.6362 -4.03415 20.933
      vertex -13.9316 -6.20273 20.933
    endloop
  endfacet
  facet normal -0.586054 0.0615037 0.807934
    outer loop
      vertex -14.7351 -3.8629 20.8716
      vertex -14.7424 -3.93246 20.8716
      vertex -14.6523 -3.88049 20.933
    endloop
  endfacet
  facet normal -0.560266 0.182769 0.807897
    outer loop
      vertex -14.7134 -3.79638 20.8716
      vertex -14.7351 -3.8629 20.8716
      vertex -14.6523 -3.88049 20.933
    endloop
  endfacet
  facet normal -0.199327 -0.0648849 0.977783
    outer loop
      vertex -14.4555 -3.95372 20.9973
      vertex -14.5589 -3.96459 20.9755
      vertex -14.5489 -3.99531 20.9755
    endloop
  endfacet
  facet normal -0.199289 -0.0652148 0.977768
    outer loop
      vertex -14.4589 -3.94333 20.9973
      vertex -14.5589 -3.96459 20.9755
      vertex -14.4555 -3.95372 20.9973
    endloop
  endfacet
  facet normal -0.353934 0.20373 0.912811
    outer loop
      vertex -14.5328 -3.84165 20.9755
      vertex -14.6101 -3.78552 20.933
      vertex -14.5489 -3.86962 20.9755
    endloop
  endfacet
  facet normal -0.353669 0.20395 0.912865
    outer loop
      vertex -14.6101 -3.78552 20.933
      vertex -14.6362 -3.83078 20.933
      vertex -14.5489 -3.86962 20.9755
    endloop
  endfacet
  facet normal -0.645113 -0.372473 0.667153
    outer loop
      vertex -13.9739 -6.2977 20.8716
      vertex -12.5048 -8.98131 20.7939
      vertex -12.4059 -9.01343 20.8716
    endloop
  endfacet
  facet normal -0.645472 -0.372657 0.666703
    outer loop
      vertex -12.5048 -8.98131 20.7939
      vertex -13.9739 -6.2977 20.8716
      vertex -14.0727 -6.26558 20.7939
    endloop
  endfacet
  facet normal -0.181045 -0.105259 0.977826
    outer loop
      vertex -12.183 -8.83804 20.9973
      vertex -12.2603 -8.9076 20.9755
      vertex -12.1775 -8.8475 20.9973
    endloop
  endfacet
  facet normal 0 -0.209595 0.977788
    outer loop
      vertex -8.76474 -10.4317 20.9973
      vertex -9.97457 -10.5334 20.9755
      vertex -8.77543 -10.5334 20.9755
    endloop
  endfacet
  facet normal 0 -0.209595 0.977788
    outer loop
      vertex -9.97457 -10.5334 20.9755
      vertex -8.76474 -10.4317 20.9973
      vertex -9.98526 -10.4317 20.9973
    endloop
  endfacet
  facet normal 0 -0.209595 0.977788
    outer loop
      vertex 9.98526 -10.4317 20.9973
      vertex 8.77543 -10.5334 20.9755
      vertex 9.97457 -10.5334 20.9755
    endloop
  endfacet
  facet normal 0 -0.209595 0.977788
    outer loop
      vertex 8.77543 -10.5334 20.9755
      vertex 9.98526 -10.4317 20.9973
      vertex 8.76474 -10.4317 20.9973
    endloop
  endfacet
  facet normal -0.553676 -0.49853 0.667017
    outer loop
      vertex -12.4059 -9.11739 20.7939
      vertex -10.9986 -10.5764 20.8716
      vertex -12.4059 -9.01343 20.8716
    endloop
  endfacet
  facet normal -0.553591 -0.498441 0.667154
    outer loop
      vertex -10.9986 -10.5764 20.8716
      vertex -12.4059 -9.11739 20.7939
      vertex -10.9986 -10.6804 20.7939
    endloop
  endfacet
  facet normal -0.38843 0.125804 0.91285
    outer loop
      vertex -14.6362 -3.83078 20.933
      vertex -14.6523 -3.88049 20.933
      vertex -14.5489 -3.86962 20.9755
    endloop
  endfacet
  facet normal -0.388456 0.126451 0.91275
    outer loop
      vertex -14.5489 -3.86962 20.9755
      vertex -14.6523 -3.88049 20.933
      vertex -14.5589 -3.90034 20.9755
    endloop
  endfacet
  facet normal -0.824301 -0.268515 0.498426
    outer loop
      vertex -14.0989 -6.18515 20.7939
      vertex -14.1205 -6.28683 20.7034
      vertex -14.0727 -6.26558 20.7939
    endloop
  endfacet
  facet normal -0.708374 -0.230752 0.667053
    outer loop
      vertex -14.0088 -6.23713 20.8716
      vertex -14.0989 -6.18515 20.7939
      vertex -14.0727 -6.26558 20.7939
    endloop
  endfacet
  facet normal -0.560279 -0.182773 0.807887
    outer loop
      vertex -14.6523 -3.98444 20.933
      vertex -14.7351 -4.00202 20.8716
      vertex -14.7134 -4.06854 20.8716
    endloop
  endfacet
  facet normal -0.586059 -0.0615042 0.807931
    outer loop
      vertex -14.6523 -3.98444 20.933
      vertex -14.7424 -3.93246 20.8716
      vertex -14.7351 -4.00202 20.8716
    endloop
  endfacet
  facet normal -0.406204 0.0429887 0.912771
    outer loop
      vertex -14.6523 -3.88049 20.933
      vertex -14.6578 -3.93246 20.933
      vertex -14.5589 -3.90034 20.9755
    endloop
  endfacet
  facet normal -0.586244 0.0620423 0.807756
    outer loop
      vertex -14.6523 -3.88049 20.933
      vertex -14.7424 -3.93246 20.8716
      vertex -14.6578 -3.93246 20.933
    endloop
  endfacet
  facet normal -0.708425 0.231101 0.666878
    outer loop
      vertex -14.7134 -3.79638 20.8716
      vertex -14.8035 -3.84836 20.7939
      vertex -14.7351 -3.8629 20.8716
    endloop
  endfacet
  facet normal -0.741062 0.0777711 0.666917
    outer loop
      vertex -14.7351 -3.8629 20.8716
      vertex -14.8035 -3.84836 20.7939
      vertex -14.7424 -3.93246 20.8716
    endloop
  endfacet
  facet normal -0.208268 0.023013 0.977801
    outer loop
      vertex -14.4589 -3.9216 20.9973
      vertex -14.5589 -3.90034 20.9755
      vertex -14.4601 -3.93246 20.9973
    endloop
  endfacet
  facet normal -0.406206 -0.0429848 0.91277
    outer loop
      vertex -14.5623 -3.93246 20.9755
      vertex -14.6578 -3.93246 20.933
      vertex -14.5589 -3.96459 20.9755
    endloop
  endfacet
  facet normal -0.644333 -0.580259 0.498131
    outer loop
      vertex -12.4625 -9.05454 20.7939
      vertex -12.5048 -9.08526 20.7034
      vertex -12.4059 -9.11739 20.7939
    endloop
  endfacet
  facet normal -0.553609 -0.498557 0.667052
    outer loop
      vertex -12.4059 -9.01343 20.8716
      vertex -12.4625 -9.05454 20.7939
      vertex -12.4059 -9.11739 20.7939
    endloop
  endfacet
  facet normal -0.353938 -0.204105 0.912726
    outer loop
      vertex -12.2764 -8.87962 20.9755
      vertex -12.3636 -8.91846 20.933
      vertex -12.3375 -8.96372 20.933
    endloop
  endfacet
  facet normal -0.51086 -0.294597 0.80761
    outer loop
      vertex -12.3636 -8.91846 20.933
      vertex -12.4059 -9.01343 20.8716
      vertex -12.3375 -8.96372 20.933
    endloop
  endfacet
  facet normal -0.181555 -0.104819 0.977779
    outer loop
      vertex -13.7509 -6.12231 20.9973
      vertex -12.2764 -8.87962 20.9755
      vertex -12.183 -8.83804 20.9973
    endloop
  endfacet
  facet normal -0.181555 -0.104819 0.977779
    outer loop
      vertex -12.2764 -8.87962 20.9755
      vertex -13.7509 -6.12231 20.9973
      vertex -13.8443 -6.16389 20.9755
    endloop
  endfacet
  facet normal -0.155802 -0.140283 0.977776
    outer loop
      vertex -12.2386 -8.9316 20.9755
      vertex -10.7629 -10.4186 20.9973
      vertex -12.1702 -8.85562 20.9973
    endloop
  endfacet
  facet normal -0.155783 -0.140264 0.977782
    outer loop
      vertex -10.7629 -10.4186 20.9973
      vertex -12.2386 -8.9316 20.9755
      vertex -10.8313 -10.4946 20.9755
    endloop
  endfacet
  facet normal -0.406206 0.0429982 0.912769
    outer loop
      vertex -14.5589 -3.90034 20.9755
      vertex -14.6578 -3.93246 20.933
      vertex -14.5623 -3.93246 20.9755
    endloop
  endfacet
  facet normal -0.208563 -0.0220702 0.97776
    outer loop
      vertex -14.4601 -3.93246 20.9973
      vertex -14.5623 -3.93246 20.9755
      vertex -14.5589 -3.96459 20.9755
    endloop
  endfacet
  facet normal -0.199289 0.0652148 0.977768
    outer loop
      vertex -14.4555 -3.91121 20.9973
      vertex -14.5589 -3.90034 20.9755
      vertex -14.4589 -3.9216 20.9973
    endloop
  endfacet
  facet normal -0.199327 0.0648849 0.977783
    outer loop
      vertex -14.5489 -3.86962 20.9755
      vertex -14.5589 -3.90034 20.9755
      vertex -14.4555 -3.91121 20.9973
    endloop
  endfacet
  facet normal -0.30354 -0.273303 0.912781
    outer loop
      vertex -12.2386 -8.9316 20.9755
      vertex -10.9302 -10.5267 20.933
      vertex -10.8313 -10.4946 20.9755
    endloop
  endfacet
  facet normal -0.303504 -0.273273 0.912802
    outer loop
      vertex -10.9302 -10.5267 20.933
      vertex -12.2386 -8.9316 20.9755
      vertex -12.3375 -8.96372 20.933
    endloop
  endfacet
  facet normal -0.438246 -0.394594 0.807611
    outer loop
      vertex -12.3375 -8.96372 20.933
      vertex -10.9986 -10.5764 20.8716
      vertex -10.9302 -10.5267 20.933
    endloop
  endfacet
  facet normal -0.438222 -0.394575 0.807634
    outer loop
      vertex -10.9986 -10.5764 20.8716
      vertex -12.3375 -8.96372 20.933
      vertex -12.4059 -9.01343 20.8716
    endloop
  endfacet
  facet normal 0.155385 -0.728179 -0.667541
    outer loop
      vertex 3.92328 -14.8285 0.206108
      vertex 3.83325 -14.7765 0.128428
      vertex 3.90167 -14.7619 0.128428
    endloop
  endfacet
  facet normal 0.155094 -0.728941 -0.666776
    outer loop
      vertex 1.61021 -15.3201 0.206108
      vertex 1.6029 -15.2506 0.128428
      vertex 1.69293 -15.3025 0.206108
    endloop
  endfacet
  facet normal 0.180279 -0.848108 -0.498209
    outer loop
      vertex 1.69293 -15.3025 0.206108
      vertex 3.84603 -14.898 0.296632
      vertex 1.61567 -15.3721 0.296632
    endloop
  endfacet
  facet normal 0.180323 -0.848487 -0.497547
    outer loop
      vertex 3.84603 -14.898 0.296632
      vertex 1.69293 -15.3025 0.206108
      vertex 3.92328 -14.8285 0.206108
    endloop
  endfacet
  facet normal 0.352837 -0.792447 -0.497528
    outer loop
      vertex 4.02667 -14.8393 0.296632
      vertex 3.92328 -14.8285 0.206108
      vertex 4.00054 -14.7941 0.206108
    endloop
  endfacet
  facet normal -0.861246 -0.497479 0.103777
    outer loop
      vertex -4.24507 -14.6427 20.604
      vertex -4.25506 -14.6471 20.5
      vertex -4.19395 -14.7312 20.604
    endloop
  endfacet
  facet normal 0.404412 -0.908643 -0.104014
    outer loop
      vertex 3.95279 -14.9193 0.5
      vertex 3.94942 -14.9089 0.396045
      vertex 4.04828 -14.8768 0.5
    endloop
  endfacet
  facet normal -0.180323 -0.848487 -0.497547
    outer loop
      vertex -1.69293 -15.3025 0.206108
      vertex -3.84603 -14.898 0.296632
      vertex -3.92328 -14.8285 0.206108
    endloop
  endfacet
  facet normal -0.180279 -0.848108 -0.498209
    outer loop
      vertex -3.84603 -14.898 0.296632
      vertex -1.69293 -15.3025 0.206108
      vertex -1.61567 -15.3721 0.296632
    endloop
  endfacet
  facet normal -0.707267 -0.63654 -0.307557
    outer loop
      vertex -4.10392 -14.7832 0.296632
      vertex -4.19395 -14.7312 0.396045
      vertex -4.16782 -14.7122 0.296632
    endloop
  endfacet
  facet normal 0.20624 -0.972929 -0.104276
    outer loop
      vertex 1.62019 -15.4151 0.5
      vertex 1.61905 -15.4042 0.396045
      vertex 1.71906 -15.383 0.396045
    endloop
  endfacet
  facet normal 0.553688 -0.49832 -0.667163
    outer loop
      vertex 4.06895 -14.7444 0.206108
      vertex 4.02215 -14.6924 0.128428
      vertex 4.06895 -14.6404 0.128428
    endloop
  endfacet
  facet normal 0 -0.867119 -0.498102
    outer loop
      vertex -1.61021 -15.3201 0.206108
      vertex 1.61567 -15.3721 0.296632
      vertex -1.61567 -15.3721 0.296632
    endloop
  endfacet
  facet normal 0 -0.867119 -0.498102
    outer loop
      vertex 1.61567 -15.3721 0.296632
      vertex -1.61021 -15.3201 0.206108
      vertex 1.61021 -15.3201 0.206108
    endloop
  endfacet
  facet normal 0 -1 0
    outer loop
      vertex -1.62019 -15.4151 0.5
      vertex 1.62019 -15.4151 20.5
      vertex -1.62019 -15.4151 20.5
    endloop
  endfacet
  facet normal 0 -1 -0
    outer loop
      vertex 1.62019 -15.4151 20.5
      vertex -1.62019 -15.4151 0.5
      vertex 1.62019 -15.4151 0.5
    endloop
  endfacet
  facet normal 0 -0.589906 -0.807472
    outer loop
      vertex 1.6029 -15.2506 0.128428
      vertex -1.59406 -15.1665 0.066988
      vertex 1.59406 -15.1665 0.066988
    endloop
  endfacet
  facet normal 0 -0.589906 -0.807472
    outer loop
      vertex -1.59406 -15.1665 0.066988
      vertex 1.6029 -15.2506 0.128428
      vertex -1.6029 -15.2506 0.128428
    endloop
  endfacet
  facet normal -0.123022 -0.576961 -0.807454
    outer loop
      vertex -1.6029 -15.2506 0.128428
      vertex -1.64518 -15.1556 0.066988
      vertex -1.59406 -15.1665 0.066988
    endloop
  endfacet
  facet normal -0.197828 -0.930663 -0.307783
    outer loop
      vertex -3.84603 -14.898 0.296632
      vertex -1.71906 -15.383 0.396045
      vertex -3.94942 -14.9089 0.396045
    endloop
  endfacet
  facet normal -0.197828 -0.930663 -0.307783
    outer loop
      vertex -1.71906 -15.383 0.396045
      vertex -3.84603 -14.898 0.296632
      vertex -1.61567 -15.3721 0.296632
    endloop
  endfacet
  facet normal 0.584937 -0.80436 0.104184
    outer loop
      vertex 4.13285 -14.8153 20.5
      vertex 4.04282 -14.8673 20.604
      vertex 4.04828 -14.8768 20.5
    endloop
  endfacet
  facet normal -0.553824 -0.498266 -0.667091
    outer loop
      vertex -4.06895 -14.7444 0.206108
      vertex -4.12554 -14.6815 0.206108
      vertex -4.06895 -14.6404 0.128428
    endloop
  endfacet
  facet normal 0.0434373 -0.204353 -0.977933
    outer loop
      vertex 3.84603 -14.5907 0.0244722
      vertex 1.58408 -15.0715 0.0244722
      vertex 1.58408 -14.9675 0.00273991
    endloop
  endfacet
  facet normal -0.904992 -0.294069 0.307431
    outer loop
      vertex -4.44056 -14.041 20.604
      vertex -4.24507 -14.5387 20.7034
      vertex -4.41105 -14.0279 20.7034
    endloop
  endfacet
  facet normal -0.904946 -0.294013 0.30762
    outer loop
      vertex -4.24507 -14.5387 20.7034
      vertex -4.44056 -14.041 20.604
      vertex -4.24507 -14.6427 20.604
    endloop
  endfacet
  facet normal -0.353982 -0.204185 -0.912691
    outer loop
      vertex -4.00054 -14.5907 0.066988
      vertex -4.02667 -14.5454 0.066988
      vertex -3.93943 -14.5066 0.0244722
    endloop
  endfacet
  facet normal -0.945871 -0.307361 -0.104202
    outer loop
      vertex -4.44056 -14.041 0.396045
      vertex -4.28736 -14.5477 0.5
      vertex -4.45055 -14.0455 0.5
    endloop
  endfacet
  facet normal -0.94591 -0.307322 -0.103957
    outer loop
      vertex -4.28736 -14.5477 0.5
      vertex -4.44056 -14.041 0.396045
      vertex -4.24507 -14.6427 0.396045
    endloop
  endfacet
  facet normal 0.206794 -0.972843 0.103985
    outer loop
      vertex 1.72243 -15.3934 20.5
      vertex 3.94942 -14.9089 20.604
      vertex 1.71906 -15.383 20.604
    endloop
  endfacet
  facet normal 0.206794 -0.972843 0.103985
    outer loop
      vertex 3.94942 -14.9089 20.604
      vertex 1.72243 -15.3934 20.5
      vertex 3.95279 -14.9193 20.5
    endloop
  endfacet
  facet normal 0.122572 -0.576631 0.807758
    outer loop
      vertex 1.64518 -15.1556 20.933
      vertex 3.83325 -14.7765 20.8716
      vertex 3.87554 -14.6815 20.933
    endloop
  endfacet
  facet normal 0.122571 -0.576622 0.807765
    outer loop
      vertex 3.83325 -14.7765 20.8716
      vertex 1.64518 -15.1556 20.933
      vertex 1.6029 -15.2506 20.8716
    endloop
  endfacet
  facet normal 0.165843 -0.37346 -0.912701
    outer loop
      vertex 3.87554 -14.6815 0.066988
      vertex 3.84603 -14.5907 0.0244722
      vertex 3.92328 -14.6603 0.066988
    endloop
  endfacet
  facet normal -0.197347 -0.930921 -0.307312
    outer loop
      vertex -3.84603 -14.898 0.296632
      vertex -3.94942 -14.9089 0.396045
      vertex -3.93943 -14.8782 0.296632
    endloop
  endfacet
  facet normal 0.823999 -0.475767 -0.307687
    outer loop
      vertex 4.24507 -14.6427 0.396045
      vertex 4.16782 -14.7122 0.296632
      vertex 4.21557 -14.6295 0.296632
    endloop
  endfacet
  facet normal 0.180456 -0.848143 -0.498086
    outer loop
      vertex 1.61567 -15.3721 0.296632
      vertex 1.61021 -15.3201 0.206108
      vertex 1.69293 -15.3025 0.206108
    endloop
  endfacet
  facet normal -0.559107 -0.769894 -0.307672
    outer loop
      vertex -4.04282 -14.8673 0.396045
      vertex -4.10392 -14.7832 0.296632
      vertex -4.02667 -14.8393 0.296632
    endloop
  endfacet
  facet normal 0.0439664 -0.204348 -0.97791
    outer loop
      vertex 1.58408 -15.0715 0.0244722
      vertex 1.57339 -14.9698 0.00273991
      vertex 1.58408 -14.9675 0.00273991
    endloop
  endfacet
  facet normal 0.122625 -0.576876 -0.807575
    outer loop
      vertex 3.83325 -14.7765 0.128428
      vertex 1.64518 -15.1556 0.066988
      vertex 3.87554 -14.6815 0.066988
    endloop
  endfacet
  facet normal 0.122623 -0.576867 -0.807582
    outer loop
      vertex 1.64518 -15.1556 0.066988
      vertex 3.83325 -14.7765 0.128428
      vertex 1.6029 -15.2506 0.128428
    endloop
  endfacet
  facet normal 0.0849572 -0.399686 -0.912707
    outer loop
      vertex 1.64518 -15.1556 0.066988
      vertex 1.58408 -15.0715 0.0244722
      vertex 3.84603 -14.5907 0.0244722
    endloop
  endfacet
  facet normal -0.303614 -0.273643 -0.912654
    outer loop
      vertex -3.96557 -14.6295 0.066988
      vertex -4.00054 -14.5907 0.066988
      vertex -3.90167 -14.5586 0.0244722
    endloop
  endfacet
  facet normal -0.9459 -0.30737 -0.10391
    outer loop
      vertex -4.25506 -14.6471 0.5
      vertex -4.28736 -14.5477 0.5
      vertex -4.24507 -14.6427 0.396045
    endloop
  endfacet
  facet normal 0.86126 -0.497437 -0.103864
    outer loop
      vertex 4.20279 -14.7376 0.5
      vertex 4.19395 -14.7312 0.396045
      vertex 4.25506 -14.6471 0.5
    endloop
  endfacet
  facet normal -0.207921 -0.978146 0
    outer loop
      vertex -3.95279 -14.9193 0.5
      vertex -1.72243 -15.3934 20.5
      vertex -3.95279 -14.9193 20.5
    endloop
  endfacet
  facet normal -0.207921 -0.978146 -0
    outer loop
      vertex -1.72243 -15.3934 20.5
      vertex -3.95279 -14.9193 0.5
      vertex -1.72243 -15.3934 0.5
    endloop
  endfacet
  facet normal 0.206495 -0.972907 0.103982
    outer loop
      vertex 1.71906 -15.383 20.604
      vertex 1.62019 -15.4151 20.5
      vertex 1.72243 -15.3934 20.5
    endloop
  endfacet
  facet normal 0.197828 -0.930663 -0.307783
    outer loop
      vertex 3.84603 -14.898 0.296632
      vertex 1.71906 -15.383 0.396045
      vertex 1.61567 -15.3721 0.296632
    endloop
  endfacet
  facet normal 0.197828 -0.930663 -0.307783
    outer loop
      vertex 1.71906 -15.383 0.396045
      vertex 3.84603 -14.898 0.296632
      vertex 3.94942 -14.9089 0.396045
    endloop
  endfacet
  facet normal 0.584934 -0.804356 -0.104229
    outer loop
      vertex 4.04828 -14.8768 0.5
      vertex 4.04282 -14.8673 0.396045
      vertex 4.13285 -14.8153 0.5
    endloop
  endfacet
  facet normal 0 -0.994548 -0.104281
    outer loop
      vertex -1.61905 -15.4042 0.396045
      vertex 1.62019 -15.4151 0.5
      vertex -1.62019 -15.4151 0.5
    endloop
  endfacet
  facet normal 0 -0.994548 -0.104281
    outer loop
      vertex 1.62019 -15.4151 0.5
      vertex -1.61905 -15.4042 0.396045
      vertex 1.61905 -15.4042 0.396045
    endloop
  endfacet
  facet normal -0.302413 -0.680429 -0.667504
    outer loop
      vertex -3.92328 -14.8285 0.206108
      vertex -3.96557 -14.7335 0.128428
      vertex -3.90167 -14.7619 0.128428
    endloop
  endfacet
  facet normal -0.197337 -0.930927 -0.307301
    outer loop
      vertex -1.61905 -15.4042 0.396045
      vertex -1.71906 -15.383 0.396045
      vertex -1.61567 -15.3721 0.296632
    endloop
  endfacet
  facet normal 0 -0.208972 -0.977922
    outer loop
      vertex 1.58408 -15.0715 0.0244722
      vertex -1.57339 -14.9698 0.00273991
      vertex 1.57339 -14.9698 0.00273991
    endloop
  endfacet
  facet normal 0 -0.208972 -0.977922
    outer loop
      vertex -1.57339 -14.9698 0.00273991
      vertex 1.58408 -15.0715 0.0244722
      vertex -1.58408 -15.0715 0.0244722
    endloop
  endfacet
  facet normal -0.155094 -0.728941 -0.666776
    outer loop
      vertex -1.61021 -15.3201 0.206108
      vertex -1.69293 -15.3025 0.206108
      vertex -1.6029 -15.2506 0.128428
    endloop
  endfacet
  facet normal 0.165803 -0.3735 -0.912692
    outer loop
      vertex 3.92328 -14.6603 0.066988
      vertex 3.84603 -14.5907 0.0244722
      vertex 3.87554 -14.5776 0.0244722
    endloop
  endfacet
  facet normal 0.302413 -0.680429 -0.667504
    outer loop
      vertex 3.92328 -14.8285 0.206108
      vertex 3.90167 -14.7619 0.128428
      vertex 3.96557 -14.7335 0.128428
    endloop
  endfacet
  facet normal -0.404646 -0.908508 -0.104278
    outer loop
      vertex -3.94942 -14.9089 0.396045
      vertex -4.04828 -14.8768 0.5
      vertex -4.04282 -14.8673 0.396045
    endloop
  endfacet
  facet normal -0.584934 -0.804356 -0.104229
    outer loop
      vertex -4.04828 -14.8768 0.5
      vertex -4.13285 -14.8153 0.5
      vertex -4.04282 -14.8673 0.396045
    endloop
  endfacet
  facet normal -0.743247 -0.669018 0
    outer loop
      vertex -4.13285 -14.8153 0.5
      vertex -4.20279 -14.7376 20.5
      vertex -4.20279 -14.7376 0.5
    endloop
  endfacet
  facet normal -0.743247 -0.669018 0
    outer loop
      vertex -4.20279 -14.7376 20.5
      vertex -4.13285 -14.8153 0.5
      vertex -4.13285 -14.8153 20.5
    endloop
  endfacet
  facet normal -0.861264 -0.497439 0.103819
    outer loop
      vertex -4.19395 -14.7312 20.604
      vertex -4.25506 -14.6471 20.5
      vertex -4.20279 -14.7376 20.5
    endloop
  endfacet
  facet normal -0.387125 -0.869171 -0.307695
    outer loop
      vertex -3.94942 -14.9089 0.396045
      vertex -4.04282 -14.8673 0.396045
      vertex -4.02667 -14.8393 0.296632
    endloop
  endfacet
  facet normal -0.644682 -0.580213 -0.497733
    outer loop
      vertex -4.10392 -14.7832 0.296632
      vertex -4.16782 -14.7122 0.296632
      vertex -4.06895 -14.7444 0.206108
    endloop
  endfacet
  facet normal -0.739228 -0.665403 -0.103829
    outer loop
      vertex -4.13285 -14.8153 0.5
      vertex -4.19395 -14.7312 0.396045
      vertex -4.12554 -14.8072 0.396045
    endloop
  endfacet
  facet normal 0.905003 -0.294073 -0.307394
    outer loop
      vertex 4.44056 -14.041 0.396045
      vertex 4.24507 -14.5387 0.296632
      vertex 4.41105 -14.0279 0.296632
    endloop
  endfacet
  facet normal 0.904957 -0.294017 -0.307583
    outer loop
      vertex 4.24507 -14.5387 0.296632
      vertex 4.44056 -14.041 0.396045
      vertex 4.24507 -14.6427 0.396045
    endloop
  endfacet
  facet normal -0.240238 -0.33039 0.912758
    outer loop
      vertex -3.90167 -14.5586 20.9755
      vertex -3.92328 -14.6603 20.933
      vertex -3.87554 -14.5776 20.9755
    endloop
  endfacet
  facet normal -0.0849309 -0.399562 0.912763
    outer loop
      vertex -1.58408 -15.0715 20.9755
      vertex -3.84603 -14.5907 20.9755
      vertex -1.64518 -15.1556 20.933
    endloop
  endfacet
  facet normal 0 -0.209595 0.977788
    outer loop
      vertex -1.57339 -14.9698 20.9973
      vertex 1.58408 -15.0715 20.9755
      vertex 1.57339 -14.9698 20.9973
    endloop
  endfacet
  facet normal 0 -0.209595 0.977788
    outer loop
      vertex 1.58408 -15.0715 20.9755
      vertex -1.57339 -14.9698 20.9973
      vertex -1.58408 -15.0715 20.9755
    endloop
  endfacet
  facet normal 0.155325 -0.139857 -0.977913
    outer loop
      vertex 3.90167 -14.5586 0.0244722
      vertex 3.84057 -14.4745 0.00273991
      vertex 3.92328 -14.5346 0.0244722
    endloop
  endfacet
  facet normal 0.197347 -0.930921 -0.307312
    outer loop
      vertex 3.94942 -14.9089 0.396045
      vertex 3.84603 -14.898 0.296632
      vertex 3.93943 -14.8782 0.296632
    endloop
  endfacet
  facet normal 0.179852 -0.848394 -0.497877
    outer loop
      vertex 3.93943 -14.8782 0.296632
      vertex 3.84603 -14.898 0.296632
      vertex 3.92328 -14.8285 0.206108
    endloop
  endfacet
  facet normal 0.206494 -0.972902 -0.104026
    outer loop
      vertex 1.72243 -15.3934 0.5
      vertex 1.62019 -15.4151 0.5
      vertex 1.71906 -15.383 0.396045
    endloop
  endfacet
  facet normal -0.20624 -0.972929 -0.104276
    outer loop
      vertex -1.62019 -15.4151 0.5
      vertex -1.71906 -15.383 0.396045
      vertex -1.61905 -15.4042 0.396045
    endloop
  endfacet
  facet normal 0.207921 -0.978146 0
    outer loop
      vertex 1.72243 -15.3934 0.5
      vertex 3.95279 -14.9193 20.5
      vertex 1.72243 -15.3934 20.5
    endloop
  endfacet
  facet normal 0.207921 -0.978146 0
    outer loop
      vertex 3.95279 -14.9193 20.5
      vertex 1.72243 -15.3934 0.5
      vertex 3.95279 -14.9193 0.5
    endloop
  endfacet
  facet normal 0 -0.745256 -0.666778
    outer loop
      vertex -1.6029 -15.2506 0.128428
      vertex 1.61021 -15.3201 0.206108
      vertex -1.61021 -15.3201 0.206108
    endloop
  endfacet
  facet normal 0 -0.745256 -0.666778
    outer loop
      vertex 1.61021 -15.3201 0.206108
      vertex -1.6029 -15.2506 0.128428
      vertex 1.6029 -15.2506 0.128428
    endloop
  endfacet
  facet normal -0.180456 -0.848143 -0.498086
    outer loop
      vertex -1.61567 -15.3721 0.296632
      vertex -1.69293 -15.3025 0.206108
      vertex -1.61021 -15.3201 0.206108
    endloop
  endfacet
  facet normal -0.0851909 -0.399538 -0.91275
    outer loop
      vertex -1.59406 -15.1665 0.066988
      vertex -1.64518 -15.1556 0.066988
      vertex -1.58408 -15.0715 0.0244722
    endloop
  endfacet
  facet normal 0.239646 -0.539202 -0.80736
    outer loop
      vertex 3.96557 -14.7335 0.128428
      vertex 3.90167 -14.7619 0.128428
      vertex 3.92328 -14.6603 0.066988
    endloop
  endfacet
  facet normal 0.239443 -0.539198 -0.807424
    outer loop
      vertex 3.90167 -14.7619 0.128428
      vertex 3.87554 -14.6815 0.066988
      vertex 3.92328 -14.6603 0.066988
    endloop
  endfacet
  facet normal 0.387125 -0.869171 -0.307695
    outer loop
      vertex 4.04282 -14.8673 0.396045
      vertex 3.94942 -14.9089 0.396045
      vertex 4.02667 -14.8393 0.296632
    endloop
  endfacet
  facet normal 0.0848186 -0.191068 -0.977905
    outer loop
      vertex 3.84603 -14.5907 0.0244722
      vertex 3.81443 -14.4935 0.00273991
      vertex 3.87554 -14.5776 0.0244722
    endloop
  endfacet
  facet normal 0.0434634 -0.204512 -0.977899
    outer loop
      vertex 3.84603 -14.5907 0.0244722
      vertex 1.58408 -14.9675 0.00273991
      vertex 3.81443 -14.4935 0.00273991
    endloop
  endfacet
  facet normal -0.404412 -0.908643 -0.104014
    outer loop
      vertex -3.95279 -14.9193 0.5
      vertex -4.04828 -14.8768 0.5
      vertex -3.94942 -14.9089 0.396045
    endloop
  endfacet
  facet normal -0.73923 -0.665402 -0.103827
    outer loop
      vertex -4.13285 -14.8153 0.5
      vertex -4.20279 -14.7376 0.5
      vertex -4.19395 -14.7312 0.396045
    endloop
  endfacet
  facet normal -0.179852 -0.848394 -0.497877
    outer loop
      vertex -3.84603 -14.898 0.296632
      vertex -3.93943 -14.8782 0.296632
      vertex -3.92328 -14.8285 0.206108
    endloop
  endfacet
  facet normal -0.584612 -0.804644 -0.103806
    outer loop
      vertex -4.04282 -14.8673 0.396045
      vertex -4.13285 -14.8153 0.5
      vertex -4.12554 -14.8072 0.396045
    endloop
  endfacet
  facet normal -0.588138 -0.808761 0
    outer loop
      vertex -4.13285 -14.8153 0.5
      vertex -4.04828 -14.8768 20.5
      vertex -4.13285 -14.8153 20.5
    endloop
  endfacet
  facet normal -0.588138 -0.808761 -0
    outer loop
      vertex -4.04828 -14.8768 20.5
      vertex -4.13285 -14.8153 0.5
      vertex -4.04828 -14.8768 0.5
    endloop
  endfacet
  facet normal -0.951048 -0.309043 0
    outer loop
      vertex -4.28736 -14.5477 0.5
      vertex -4.45055 -14.0455 20.5
      vertex -4.45055 -14.0455 0.5
    endloop
  endfacet
  facet normal -0.951048 -0.309043 0
    outer loop
      vertex -4.45055 -14.0455 20.5
      vertex -4.28736 -14.5477 0.5
      vertex -4.28736 -14.5477 20.5
    endloop
  endfacet
  facet normal 0.12289 -0.169006 -0.977924
    outer loop
      vertex 3.87554 -14.5776 0.0244722
      vertex 3.83325 -14.4826 0.00273991
      vertex 3.90167 -14.5586 0.0244722
    endloop
  endfacet
  facet normal -0.865943 -0.500142 0
    outer loop
      vertex -4.20279 -14.7376 0.5
      vertex -4.25506 -14.6471 20.5
      vertex -4.25506 -14.6471 0.5
    endloop
  endfacet
  facet normal -0.865943 -0.500142 0
    outer loop
      vertex -4.25506 -14.6471 20.5
      vertex -4.20279 -14.7376 0.5
      vertex -4.20279 -14.7376 20.5
    endloop
  endfacet
  facet normal 0.346606 -0.477153 0.807582
    outer loop
      vertex 4.02215 -14.6924 20.8716
      vertex 3.92328 -14.6603 20.933
      vertex 3.96557 -14.7335 20.8716
    endloop
  endfacet
  facet normal -0.197334 -0.930915 0.307338
    outer loop
      vertex -1.61567 -15.3721 20.7034
      vertex -1.71906 -15.383 20.604
      vertex -1.61905 -15.4042 20.604
    endloop
  endfacet
  facet normal -0.197825 -0.930651 0.30782
    outer loop
      vertex -1.71906 -15.383 20.604
      vertex -3.84603 -14.898 20.7034
      vertex -3.94942 -14.9089 20.604
    endloop
  endfacet
  facet normal -0.197825 -0.930651 0.30782
    outer loop
      vertex -3.84603 -14.898 20.7034
      vertex -1.71906 -15.383 20.604
      vertex -1.61567 -15.3721 20.7034
    endloop
  endfacet
  facet normal 0.588138 -0.808761 0
    outer loop
      vertex 4.04828 -14.8768 0.5
      vertex 4.13285 -14.8153 20.5
      vertex 4.04828 -14.8768 20.5
    endloop
  endfacet
  facet normal 0.588138 -0.808761 0
    outer loop
      vertex 4.13285 -14.8153 20.5
      vertex 4.04828 -14.8768 0.5
      vertex 4.13285 -14.8153 0.5
    endloop
  endfacet
  facet normal 0.509839 -0.701773 -0.497572
    outer loop
      vertex 4.02667 -14.8393 0.296632
      vertex 4.00054 -14.7941 0.206108
      vertex 4.06895 -14.7444 0.206108
    endloop
  endfacet
  facet normal 0.70857 -0.2302 -0.667035
    outer loop
      vertex 4.19395 -14.5279 0.206108
      vertex 4.29941 -13.9782 0.128428
      vertex 4.36331 -14.0066 0.206108
    endloop
  endfacet
  facet normal 0.708396 -0.230193 -0.667223
    outer loop
      vertex 4.29941 -13.9782 0.128428
      vertex 4.19395 -14.5279 0.206108
      vertex 4.10392 -14.5798 0.128428
    endloop
  endfacet
  facet normal 0 -0.408366 0.912818
    outer loop
      vertex -1.58408 -15.0715 20.9755
      vertex 1.59406 -15.1665 20.933
      vertex 1.58408 -15.0715 20.9755
    endloop
  endfacet
  facet normal 0 -0.408366 0.912818
    outer loop
      vertex 1.59406 -15.1665 20.933
      vertex -1.58408 -15.0715 20.9755
      vertex -1.59406 -15.1665 20.933
    endloop
  endfacet
  facet normal -0.0440974 -0.204957 0.977777
    outer loop
      vertex -1.58408 -14.9675 20.9973
      vertex -1.58408 -15.0715 20.9755
      vertex -1.57339 -14.9698 20.9973
    endloop
  endfacet
  facet normal 0.0440974 -0.204957 0.977777
    outer loop
      vertex 1.58408 -14.9675 20.9973
      vertex 1.57339 -14.9698 20.9973
      vertex 1.58408 -15.0715 20.9755
    endloop
  endfacet
  facet normal 0.346994 -0.476441 0.807836
    outer loop
      vertex 3.96557 -14.6295 20.933
      vertex 3.92328 -14.6603 20.933
      vertex 4.02215 -14.6924 20.8716
    endloop
  endfacet
  facet normal -0.388631 -0.126286 -0.912698
    outer loop
      vertex -4.22216 -13.9438 0.066988
      vertex -3.93943 -14.5066 0.0244722
      vertex -4.02667 -14.5454 0.066988
    endloop
  endfacet
  facet normal -0.388534 -0.126233 -0.912747
    outer loop
      vertex -3.93943 -14.5066 0.0244722
      vertex -4.22216 -13.9438 0.066988
      vertex -4.13492 -13.9049 0.0244722
    endloop
  endfacet
  facet normal -0.206241 -0.972934 0.104232
    outer loop
      vertex -1.61905 -15.4042 20.604
      vertex -1.71906 -15.383 20.604
      vertex -1.62019 -15.4151 20.5
    endloop
  endfacet
  facet normal 0.206241 -0.972934 0.104232
    outer loop
      vertex 1.71906 -15.383 20.604
      vertex 1.61905 -15.4042 20.604
      vertex 1.62019 -15.4151 20.5
    endloop
  endfacet
  facet normal 0.207621 -0.978209 0
    outer loop
      vertex 1.62019 -15.4151 0.5
      vertex 1.72243 -15.3934 20.5
      vertex 1.62019 -15.4151 20.5
    endloop
  endfacet
  facet normal 0.207621 -0.978209 0
    outer loop
      vertex 1.72243 -15.3934 20.5
      vertex 1.62019 -15.4151 0.5
      vertex 1.72243 -15.3934 0.5
    endloop
  endfacet
  facet normal 0.404414 -0.908647 0.103969
    outer loop
      vertex 4.04828 -14.8768 20.5
      vertex 3.94942 -14.9089 20.604
      vertex 3.95279 -14.9193 20.5
    endloop
  endfacet
  facet normal 0.197337 -0.930927 -0.307301
    outer loop
      vertex 1.61905 -15.4042 0.396045
      vertex 1.61567 -15.3721 0.296632
      vertex 1.71906 -15.383 0.396045
    endloop
  endfacet
  facet normal 0.206793 -0.972838 -0.10403
    outer loop
      vertex 3.94942 -14.9089 0.396045
      vertex 1.72243 -15.3934 0.5
      vertex 1.71906 -15.383 0.396045
    endloop
  endfacet
  facet normal 0.206793 -0.972838 -0.10403
    outer loop
      vertex 1.72243 -15.3934 0.5
      vertex 3.94942 -14.9089 0.396045
      vertex 3.95279 -14.9193 0.5
    endloop
  endfacet
  facet normal 0.123022 -0.576961 -0.807454
    outer loop
      vertex 1.6029 -15.2506 0.128428
      vertex 1.59406 -15.1665 0.066988
      vertex 1.64518 -15.1556 0.066988
    endloop
  endfacet
  facet normal 0.0851909 -0.399538 -0.91275
    outer loop
      vertex 1.59406 -15.1665 0.066988
      vertex 1.58408 -15.0715 0.0244722
      vertex 1.64518 -15.1556 0.066988
    endloop
  endfacet
  facet normal -0.553688 -0.49832 -0.667163
    outer loop
      vertex -4.02215 -14.6924 0.128428
      vertex -4.06895 -14.7444 0.206108
      vertex -4.06895 -14.6404 0.128428
    endloop
  endfacet
  facet normal 0.43836 -0.394524 -0.807584
    outer loop
      vertex 4.02215 -14.6924 0.128428
      vertex 3.96557 -14.6295 0.066988
      vertex 4.06895 -14.6404 0.128428
    endloop
  endfacet
  facet normal 0.824746 -0.267944 -0.497996
    outer loop
      vertex 4.41105 -14.0279 0.296632
      vertex 4.19395 -14.5279 0.206108
      vertex 4.36331 -14.0066 0.206108
    endloop
  endfacet
  facet normal 0.824849 -0.268028 -0.49778
    outer loop
      vertex 4.19395 -14.5279 0.206108
      vertex 4.41105 -14.0279 0.296632
      vertex 4.24507 -14.5387 0.296632
    endloop
  endfacet
  facet normal 0.353982 -0.204185 -0.912691
    outer loop
      vertex 4.00054 -14.5907 0.066988
      vertex 3.93943 -14.5066 0.0244722
      vertex 4.02667 -14.5454 0.066988
    endloop
  endfacet
  facet normal 0.645117 -0.372273 -0.66726
    outer loop
      vertex 4.16782 -14.6083 0.206108
      vertex 4.06895 -14.6404 0.128428
      vertex 4.10392 -14.5798 0.128428
    endloop
  endfacet
  facet normal 0.347142 -0.476644 -0.807653
    outer loop
      vertex 4.02215 -14.6924 0.128428
      vertex 3.92328 -14.6603 0.066988
      vertex 3.96557 -14.6295 0.066988
    endloop
  endfacet
  facet normal -0.207621 -0.978209 0
    outer loop
      vertex -1.72243 -15.3934 0.5
      vertex -1.62019 -15.4151 20.5
      vertex -1.72243 -15.3934 20.5
    endloop
  endfacet
  facet normal -0.207621 -0.978209 -0
    outer loop
      vertex -1.62019 -15.4151 20.5
      vertex -1.72243 -15.3934 0.5
      vertex -1.62019 -15.4151 0.5
    endloop
  endfacet
  facet normal -0.206494 -0.972902 -0.104026
    outer loop
      vertex -1.62019 -15.4151 0.5
      vertex -1.72243 -15.3934 0.5
      vertex -1.71906 -15.383 0.396045
    endloop
  endfacet
  facet normal -0.951048 -0.309043 0
    outer loop
      vertex -4.25506 -14.6471 0.5
      vertex -4.28736 -14.5477 20.5
      vertex -4.28736 -14.5477 0.5
    endloop
  endfacet
  facet normal -0.951048 -0.309043 0
    outer loop
      vertex -4.28736 -14.5477 20.5
      vertex -4.25506 -14.6471 0.5
      vertex -4.25506 -14.6471 20.5
    endloop
  endfacet
  facet normal -0.86126 -0.497437 -0.103864
    outer loop
      vertex -4.20279 -14.7376 0.5
      vertex -4.25506 -14.6471 0.5
      vertex -4.19395 -14.7312 0.396045
    endloop
  endfacet
  facet normal -0.708401 -0.23023 -0.667204
    outer loop
      vertex -4.16782 -14.6083 0.206108
      vertex -4.19395 -14.5279 0.206108
      vertex -4.10392 -14.5798 0.128428
    endloop
  endfacet
  facet normal -0.240634 -0.330403 -0.91265
    outer loop
      vertex -3.92328 -14.6603 0.066988
      vertex -3.96557 -14.6295 0.066988
      vertex -3.90167 -14.5586 0.0244722
    endloop
  endfacet
  facet normal -0.437782 -0.602669 -0.667186
    outer loop
      vertex -3.96557 -14.7335 0.128428
      vertex -4.06895 -14.7444 0.206108
      vertex -4.02215 -14.6924 0.128428
    endloop
  endfacet
  facet normal -0.353182 -0.792073 -0.497878
    outer loop
      vertex -3.93943 -14.8782 0.296632
      vertex -4.02667 -14.8393 0.296632
      vertex -3.92328 -14.8285 0.206108
    endloop
  endfacet
  facet normal -0.154863 -0.728689 0.667106
    outer loop
      vertex -1.69293 -15.3025 20.7939
      vertex -3.83325 -14.7765 20.8716
      vertex -3.92328 -14.8285 20.7939
    endloop
  endfacet
  facet normal -0.154988 -0.729123 0.666603
    outer loop
      vertex -3.83325 -14.7765 20.8716
      vertex -1.69293 -15.3025 20.7939
      vertex -1.6029 -15.2506 20.8716
    endloop
  endfacet
  facet normal -0.823989 -0.475761 0.307724
    outer loop
      vertex -4.21557 -14.6295 20.7034
      vertex -4.24507 -14.6427 20.604
      vertex -4.16782 -14.7122 20.7034
    endloop
  endfacet
  facet normal 0 -0.994553 0.104237
    outer loop
      vertex -1.62019 -15.4151 20.5
      vertex 1.61905 -15.4042 20.604
      vertex -1.61905 -15.4042 20.604
    endloop
  endfacet
  facet normal 0 -0.994553 0.104237
    outer loop
      vertex 1.61905 -15.4042 20.604
      vertex -1.62019 -15.4151 20.5
      vertex 1.62019 -15.4151 20.5
    endloop
  endfacet
  facet normal -0.206794 -0.972843 0.103985
    outer loop
      vertex -1.72243 -15.3934 20.5
      vertex -3.94942 -14.9089 20.604
      vertex -3.95279 -14.9193 20.5
    endloop
  endfacet
  facet normal -0.206794 -0.972843 0.103985
    outer loop
      vertex -3.94942 -14.9089 20.604
      vertex -1.72243 -15.3934 20.5
      vertex -1.71906 -15.383 20.604
    endloop
  endfacet
  facet normal -0.406618 -0.913598 0
    outer loop
      vertex -4.04828 -14.8768 0.5
      vertex -3.95279 -14.9193 20.5
      vertex -4.04828 -14.8768 20.5
    endloop
  endfacet
  facet normal -0.406618 -0.913598 -0
    outer loop
      vertex -3.95279 -14.9193 20.5
      vertex -4.04828 -14.8768 0.5
      vertex -3.95279 -14.9193 0.5
    endloop
  endfacet
  facet normal 0.17984 -0.848338 0.497976
    outer loop
      vertex 3.92328 -14.8285 20.7939
      vertex 3.84603 -14.898 20.7034
      vertex 3.93943 -14.8782 20.7034
    endloop
  endfacet
  facet normal 0.739233 -0.665405 0.103783
    outer loop
      vertex 4.19395 -14.7312 20.604
      vertex 4.13285 -14.8153 20.5
      vertex 4.20279 -14.7376 20.5
    endloop
  endfacet
  facet normal -0.559304 -0.769811 0.307521
    outer loop
      vertex -4.10392 -14.7832 20.7034
      vertex -4.12554 -14.8072 20.604
      vertex -4.04282 -14.8673 20.604
    endloop
  endfacet
  facet normal -0.123071 -0.576749 0.807598
    outer loop
      vertex -3.87554 -14.6815 20.933
      vertex -3.90167 -14.7619 20.8716
      vertex -3.83325 -14.7765 20.8716
    endloop
  endfacet
  facet normal 0.406618 -0.913598 0
    outer loop
      vertex 3.95279 -14.9193 0.5
      vertex 4.04828 -14.8768 20.5
      vertex 3.95279 -14.9193 20.5
    endloop
  endfacet
  facet normal 0.406618 -0.913598 0
    outer loop
      vertex 4.04828 -14.8768 20.5
      vertex 3.95279 -14.9193 0.5
      vertex 4.04828 -14.8768 0.5
    endloop
  endfacet
  facet normal 0.645096 -0.372605 -0.667096
    outer loop
      vertex 4.12554 -14.6815 0.206108
      vertex 4.06895 -14.6404 0.128428
      vertex 4.16782 -14.6083 0.206108
    endloop
  endfacet
  facet normal 0.824799 -0.26806 -0.497846
    outer loop
      vertex 4.21557 -14.6295 0.296632
      vertex 4.16782 -14.6083 0.206108
      vertex 4.19395 -14.5279 0.206108
    endloop
  endfacet
  facet normal 0.353882 -0.204114 0.912746
    outer loop
      vertex 3.93943 -14.5066 20.9755
      vertex 3.92328 -14.5346 20.9755
      vertex 4.00054 -14.5907 20.933
    endloop
  endfacet
  facet normal 0.945871 -0.307361 -0.104202
    outer loop
      vertex 4.28736 -14.5477 0.5
      vertex 4.44056 -14.041 0.396045
      vertex 4.45055 -14.0455 0.5
    endloop
  endfacet
  facet normal 0.94591 -0.307322 -0.103957
    outer loop
      vertex 4.44056 -14.041 0.396045
      vertex 4.28736 -14.5477 0.5
      vertex 4.24507 -14.6427 0.396045
    endloop
  endfacet
  facet normal 0.861246 -0.497479 0.103777
    outer loop
      vertex 4.24507 -14.6427 20.604
      vertex 4.19395 -14.7312 20.604
      vertex 4.25506 -14.6471 20.5
    endloop
  endfacet
  facet normal 0.861264 -0.497439 0.103819
    outer loop
      vertex 4.25506 -14.6471 20.5
      vertex 4.19395 -14.7312 20.604
      vertex 4.20279 -14.7376 20.5
    endloop
  endfacet
  facet normal -0.584615 -0.804648 0.103761
    outer loop
      vertex -4.12554 -14.8072 20.604
      vertex -4.13285 -14.8153 20.5
      vertex -4.04282 -14.8673 20.604
    endloop
  endfacet
  facet normal -0.206793 -0.972838 -0.10403
    outer loop
      vertex -3.94942 -14.9089 0.396045
      vertex -1.72243 -15.3934 0.5
      vertex -3.95279 -14.9193 0.5
    endloop
  endfacet
  facet normal -0.206793 -0.972838 -0.10403
    outer loop
      vertex -1.72243 -15.3934 0.5
      vertex -3.94942 -14.9089 0.396045
      vertex -1.71906 -15.383 0.396045
    endloop
  endfacet
  facet normal 0 -0.951621 -0.307274
    outer loop
      vertex -1.61567 -15.3721 0.296632
      vertex 1.61905 -15.4042 0.396045
      vertex -1.61905 -15.4042 0.396045
    endloop
  endfacet
  facet normal 0 -0.951621 -0.307274
    outer loop
      vertex 1.61905 -15.4042 0.396045
      vertex -1.61567 -15.3721 0.296632
      vertex 1.61567 -15.3721 0.296632
    endloop
  endfacet
  facet normal 0.0849704 -0.399736 -0.912684
    outer loop
      vertex 3.87554 -14.6815 0.066988
      vertex 1.64518 -15.1556 0.066988
      vertex 3.84603 -14.5907 0.0244722
    endloop
  endfacet
  facet normal 0.123124 -0.576994 -0.807415
    outer loop
      vertex 3.90167 -14.7619 0.128428
      vertex 3.83325 -14.7765 0.128428
      vertex 3.87554 -14.6815 0.066988
    endloop
  endfacet
  facet normal 0.15497 -0.729039 -0.666698
    outer loop
      vertex 3.83325 -14.7765 0.128428
      vertex 1.69293 -15.3025 0.206108
      vertex 1.6029 -15.2506 0.128428
    endloop
  endfacet
  facet normal 0.154845 -0.728605 -0.667201
    outer loop
      vertex 1.69293 -15.3025 0.206108
      vertex 3.83325 -14.7765 0.128428
      vertex 3.92328 -14.8285 0.206108
    endloop
  endfacet
  facet normal 0.437806 -0.602623 -0.667212
    outer loop
      vertex 4.00054 -14.7941 0.206108
      vertex 3.96557 -14.7335 0.128428
      vertex 4.06895 -14.7444 0.206108
    endloop
  endfacet
  facet normal 0.302971 -0.680452 -0.667228
    outer loop
      vertex 4.00054 -14.7941 0.206108
      vertex 3.92328 -14.8285 0.206108
      vertex 3.96557 -14.7335 0.128428
    endloop
  endfacet
  facet normal 0.181252 -0.104172 -0.977904
    outer loop
      vertex 3.92328 -14.5346 0.0244722
      vertex 3.84057 -14.4745 0.00273991
      vertex 3.84603 -14.465 0.00273991
    endloop
  endfacet
  facet normal 0.708401 -0.23023 -0.667204
    outer loop
      vertex 4.16782 -14.6083 0.206108
      vertex 4.10392 -14.5798 0.128428
      vertex 4.19395 -14.5279 0.206108
    endloop
  endfacet
  facet normal 0.438227 -0.394969 -0.807439
    outer loop
      vertex 4.06895 -14.6404 0.128428
      vertex 3.96557 -14.6295 0.066988
      vertex 4.00054 -14.5907 0.066988
    endloop
  endfacet
  facet normal 0.240634 -0.330403 -0.91265
    outer loop
      vertex 3.92328 -14.6603 0.066988
      vertex 3.90167 -14.5586 0.0244722
      vertex 3.96557 -14.6295 0.066988
    endloop
  endfacet
  facet normal -0.387535 -0.869115 -0.307337
    outer loop
      vertex -3.94942 -14.9089 0.396045
      vertex -4.02667 -14.8393 0.296632
      vertex -3.93943 -14.8782 0.296632
    endloop
  endfacet
  facet normal -0.823999 -0.475767 -0.307687
    outer loop
      vertex -4.16782 -14.7122 0.296632
      vertex -4.24507 -14.6427 0.396045
      vertex -4.21557 -14.6295 0.296632
    endloop
  endfacet
  facet normal -0.559311 -0.769821 -0.307485
    outer loop
      vertex -4.04282 -14.8673 0.396045
      vertex -4.12554 -14.8072 0.396045
      vertex -4.10392 -14.7832 0.296632
    endloop
  endfacet
  facet normal -0.751104 -0.433679 -0.49776
    outer loop
      vertex -4.16782 -14.7122 0.296632
      vertex -4.21557 -14.6295 0.296632
      vertex -4.16782 -14.6083 0.206108
    endloop
  endfacet
  facet normal -0.824746 -0.267944 -0.497996
    outer loop
      vertex -4.19395 -14.5279 0.206108
      vertex -4.41105 -14.0279 0.296632
      vertex -4.36331 -14.0066 0.206108
    endloop
  endfacet
  facet normal -0.824849 -0.268028 -0.49778
    outer loop
      vertex -4.41105 -14.0279 0.296632
      vertex -4.19395 -14.5279 0.206108
      vertex -4.24507 -14.5387 0.296632
    endloop
  endfacet
  facet normal 0 -0.408493 -0.912762
    outer loop
      vertex 1.59406 -15.1665 0.066988
      vertex -1.58408 -15.0715 0.0244722
      vertex 1.58408 -15.0715 0.0244722
    endloop
  endfacet
  facet normal 0 -0.408493 -0.912762
    outer loop
      vertex -1.58408 -15.0715 0.0244722
      vertex 1.59406 -15.1665 0.066988
      vertex -1.59406 -15.1665 0.066988
    endloop
  endfacet
  facet normal -0.352837 -0.792447 -0.497528
    outer loop
      vertex -3.92328 -14.8285 0.206108
      vertex -4.02667 -14.8393 0.296632
      vertex -4.00054 -14.7941 0.206108
    endloop
  endfacet
  facet normal -0.645096 -0.372605 -0.667096
    outer loop
      vertex -4.12554 -14.6815 0.206108
      vertex -4.16782 -14.6083 0.206108
      vertex -4.06895 -14.6404 0.128428
    endloop
  endfacet
  facet normal -0.155325 -0.139857 -0.977913
    outer loop
      vertex -3.90167 -14.5586 0.0244722
      vertex -3.92328 -14.5346 0.0244722
      vertex -3.84057 -14.4745 0.00273991
    endloop
  endfacet
  facet normal -0.510928 -0.294837 -0.80748
    outer loop
      vertex -4.06895 -14.6404 0.128428
      vertex -4.10392 -14.5798 0.128428
      vertex -4.02667 -14.5454 0.066988
    endloop
  endfacet
  facet normal -0.0857633 -0.190395 -0.977954
    outer loop
      vertex -3.81443 -14.4935 0.00273991
      vertex -3.87554 -14.5776 0.0244722
      vertex -3.82442 -14.489 0.00273991
    endloop
  endfacet
  facet normal -0.708651 -0.230227 0.66694
    outer loop
      vertex -4.19395 -14.5279 20.7939
      vertex -4.29941 -13.9782 20.8716
      vertex -4.36331 -14.0066 20.7939
    endloop
  endfacet
  facet normal -0.708477 -0.23022 0.667127
    outer loop
      vertex -4.29941 -13.9782 20.8716
      vertex -4.19395 -14.5279 20.7939
      vertex -4.10392 -14.5798 20.8716
    endloop
  endfacet
  facet normal -0.180311 -0.848432 0.497646
    outer loop
      vertex -3.84603 -14.898 20.7034
      vertex -1.69293 -15.3025 20.7939
      vertex -3.92328 -14.8285 20.7939
    endloop
  endfacet
  facet normal -0.180267 -0.848052 0.498309
    outer loop
      vertex -1.69293 -15.3025 20.7939
      vertex -3.84603 -14.898 20.7034
      vertex -1.61567 -15.3721 20.7034
    endloop
  endfacet
  facet normal -0.945875 -0.307362 0.104158
    outer loop
      vertex -4.28736 -14.5477 20.5
      vertex -4.44056 -14.041 20.604
      vertex -4.45055 -14.0455 20.5
    endloop
  endfacet
  facet normal -0.945914 -0.307324 0.103913
    outer loop
      vertex -4.44056 -14.041 20.604
      vertex -4.28736 -14.5477 20.5
      vertex -4.24507 -14.6427 20.604
    endloop
  endfacet
  facet normal -0.206495 -0.972907 0.103982
    outer loop
      vertex -1.71906 -15.383 20.604
      vertex -1.72243 -15.3934 20.5
      vertex -1.62019 -15.4151 20.5
    endloop
  endfacet
  facet normal -0.404414 -0.908647 0.103969
    outer loop
      vertex -3.94942 -14.9089 20.604
      vertex -4.04828 -14.8768 20.5
      vertex -3.95279 -14.9193 20.5
    endloop
  endfacet
  facet normal 0.584615 -0.804648 0.103761
    outer loop
      vertex 4.12554 -14.8072 20.604
      vertex 4.04282 -14.8673 20.604
      vertex 4.13285 -14.8153 20.5
    endloop
  endfacet
  facet normal 0 -0.951609 0.30731
    outer loop
      vertex -1.61905 -15.4042 20.604
      vertex 1.61567 -15.3721 20.7034
      vertex -1.61567 -15.3721 20.7034
    endloop
  endfacet
  facet normal 0 -0.951609 0.30731
    outer loop
      vertex 1.61567 -15.3721 20.7034
      vertex -1.61905 -15.4042 20.604
      vertex 1.61905 -15.4042 20.604
    endloop
  endfacet
  facet normal 0.197334 -0.930915 0.307338
    outer loop
      vertex 1.71906 -15.383 20.604
      vertex 1.61567 -15.3721 20.7034
      vertex 1.61905 -15.4042 20.604
    endloop
  endfacet
  facet normal 0.0435928 -0.205121 0.977765
    outer loop
      vertex 3.81443 -14.4935 20.9973
      vertex 1.58408 -14.9675 20.9973
      vertex 3.84603 -14.5907 20.9755
    endloop
  endfacet
  facet normal -0.438041 -0.394801 0.807622
    outer loop
      vertex -4.00054 -14.5907 20.933
      vertex -4.06895 -14.6404 20.8716
      vertex -3.96557 -14.6295 20.933
    endloop
  endfacet
  facet normal 0.404646 -0.908508 -0.104278
    outer loop
      vertex 4.04828 -14.8768 0.5
      vertex 3.94942 -14.9089 0.396045
      vertex 4.04282 -14.8673 0.396045
    endloop
  endfacet
  facet normal 0.553824 -0.498266 -0.667091
    outer loop
      vertex 4.12554 -14.6815 0.206108
      vertex 4.06895 -14.7444 0.206108
      vertex 4.06895 -14.6404 0.128428
    endloop
  endfacet
  facet normal 0.823989 -0.475761 0.307724
    outer loop
      vertex 4.21557 -14.6295 20.7034
      vertex 4.16782 -14.7122 20.7034
      vertex 4.24507 -14.6427 20.604
    endloop
  endfacet
  facet normal 0.644639 -0.580175 0.497832
    outer loop
      vertex 4.16782 -14.7122 20.7034
      vertex 4.06895 -14.7444 20.7939
      vertex 4.10392 -14.7832 20.7034
    endloop
  endfacet
  facet normal 0.303597 -0.273364 0.912744
    outer loop
      vertex 3.92328 -14.5346 20.9755
      vertex 3.90167 -14.5586 20.9755
      vertex 4.00054 -14.5907 20.933
    endloop
  endfacet
  facet normal 0.824807 -0.267971 0.497881
    outer loop
      vertex 4.24507 -14.5387 20.7034
      vertex 4.19395 -14.5279 20.7939
      vertex 4.21557 -14.6295 20.7034
    endloop
  endfacet
  facet normal 0.708483 -0.230257 0.667109
    outer loop
      vertex 4.19395 -14.5279 20.7939
      vertex 4.10392 -14.5798 20.8716
      vertex 4.16782 -14.6083 20.7939
    endloop
  endfacet
  facet normal 0.743247 -0.669018 0
    outer loop
      vertex 4.13285 -14.8153 20.5
      vertex 4.20279 -14.7376 0.5
      vertex 4.20279 -14.7376 20.5
    endloop
  endfacet
  facet normal 0.743247 -0.669018 0
    outer loop
      vertex 4.20279 -14.7376 0.5
      vertex 4.13285 -14.8153 20.5
      vertex 4.13285 -14.8153 0.5
    endloop
  endfacet
  facet normal 0.865943 -0.500142 0
    outer loop
      vertex 4.20279 -14.7376 20.5
      vertex 4.25506 -14.6471 0.5
      vertex 4.25506 -14.6471 20.5
    endloop
  endfacet
  facet normal 0.865943 -0.500142 0
    outer loop
      vertex 4.25506 -14.6471 0.5
      vertex 4.20279 -14.7376 20.5
      vertex 4.20279 -14.7376 0.5
    endloop
  endfacet
  facet normal -0.199422 -0.0648024 0.977769
    outer loop
      vertex -4.13492 -13.9049 20.9755
      vertex -3.84603 -14.465 20.9973
      vertex -4.04152 -13.8634 20.9973
    endloop
  endfacet
  facet normal -0.199369 -0.0647741 0.977781
    outer loop
      vertex -3.84603 -14.465 20.9973
      vertex -4.13492 -13.9049 20.9755
      vertex -3.93943 -14.5066 20.9755
    endloop
  endfacet
  facet normal 0.437782 -0.602669 -0.667186
    outer loop
      vertex 4.06895 -14.7444 0.206108
      vertex 3.96557 -14.7335 0.128428
      vertex 4.02215 -14.6924 0.128428
    endloop
  endfacet
  facet normal 0.346753 -0.477355 -0.807399
    outer loop
      vertex 3.96557 -14.7335 0.128428
      vertex 3.92328 -14.6603 0.066988
      vertex 4.02215 -14.6924 0.128428
    endloop
  endfacet
  facet normal 0.353991 -0.204177 -0.912689
    outer loop
      vertex 4.00054 -14.5907 0.066988
      vertex 3.92328 -14.5346 0.0244722
      vertex 3.93943 -14.5066 0.0244722
    endloop
  endfacet
  facet normal 0.510928 -0.294837 -0.80748
    outer loop
      vertex 4.06895 -14.6404 0.128428
      vertex 4.02667 -14.5454 0.066988
      vertex 4.10392 -14.5798 0.128428
    endloop
  endfacet
  facet normal -0.438227 -0.394969 -0.807439
    outer loop
      vertex -3.96557 -14.6295 0.066988
      vertex -4.06895 -14.6404 0.128428
      vertex -4.00054 -14.5907 0.066988
    endloop
  endfacet
  facet normal -0.0434373 -0.204353 -0.977933
    outer loop
      vertex -1.58408 -15.0715 0.0244722
      vertex -3.84603 -14.5907 0.0244722
      vertex -1.58408 -14.9675 0.00273991
    endloop
  endfacet
  facet normal 0.240312 -0.330493 -0.912702
    outer loop
      vertex 3.92328 -14.6603 0.066988
      vertex 3.87554 -14.5776 0.0244722
      vertex 3.90167 -14.5586 0.0244722
    endloop
  endfacet
  facet normal -0.509666 -0.701812 -0.497695
    outer loop
      vertex -4.02667 -14.8393 0.296632
      vertex -4.10392 -14.7832 0.296632
      vertex -4.06895 -14.7444 0.206108
    endloop
  endfacet
  facet normal -0.707235 -0.636605 -0.307494
    outer loop
      vertex -4.12554 -14.8072 0.396045
      vertex -4.19395 -14.7312 0.396045
      vertex -4.10392 -14.7832 0.296632
    endloop
  endfacet
  facet normal -0.70857 -0.2302 -0.667035
    outer loop
      vertex -4.29941 -13.9782 0.128428
      vertex -4.19395 -14.5279 0.206108
      vertex -4.36331 -14.0066 0.206108
    endloop
  endfacet
  facet normal -0.708396 -0.230193 -0.667223
    outer loop
      vertex -4.19395 -14.5279 0.206108
      vertex -4.29941 -13.9782 0.128428
      vertex -4.10392 -14.5798 0.128428
    endloop
  endfacet
  facet normal -0.644735 -0.580056 -0.497847
    outer loop
      vertex -4.06895 -14.7444 0.206108
      vertex -4.16782 -14.7122 0.296632
      vertex -4.12554 -14.6815 0.206108
    endloop
  endfacet
  facet normal -0.90496 -0.294012 -0.307578
    outer loop
      vertex -4.21557 -14.6295 0.296632
      vertex -4.24507 -14.6427 0.396045
      vertex -4.24507 -14.5387 0.296632
    endloop
  endfacet
  facet normal -0.905003 -0.294073 -0.307394
    outer loop
      vertex -4.24507 -14.5387 0.296632
      vertex -4.44056 -14.041 0.396045
      vertex -4.41105 -14.0279 0.296632
    endloop
  endfacet
  facet normal -0.904957 -0.294017 -0.307583
    outer loop
      vertex -4.44056 -14.041 0.396045
      vertex -4.24507 -14.5387 0.296632
      vertex -4.24507 -14.6427 0.396045
    endloop
  endfacet
  facet normal -0.645117 -0.372273 -0.66726
    outer loop
      vertex -4.06895 -14.6404 0.128428
      vertex -4.16782 -14.6083 0.206108
      vertex -4.10392 -14.5798 0.128428
    endloop
  endfacet
  facet normal -0.750987 -0.433767 -0.497861
    outer loop
      vertex -4.12554 -14.6815 0.206108
      vertex -4.16782 -14.7122 0.296632
      vertex -4.16782 -14.6083 0.206108
    endloop
  endfacet
  facet normal -0.0849704 -0.399736 -0.912684
    outer loop
      vertex -1.64518 -15.1556 0.066988
      vertex -3.87554 -14.6815 0.066988
      vertex -3.84603 -14.5907 0.0244722
    endloop
  endfacet
  facet normal -0.0849572 -0.399686 -0.912707
    outer loop
      vertex -1.64518 -15.1556 0.066988
      vertex -3.84603 -14.5907 0.0244722
      vertex -1.58408 -15.0715 0.0244722
    endloop
  endfacet
  facet normal -0.123124 -0.576994 -0.807415
    outer loop
      vertex -3.83325 -14.7765 0.128428
      vertex -3.90167 -14.7619 0.128428
      vertex -3.87554 -14.6815 0.066988
    endloop
  endfacet
  facet normal -0.122623 -0.576867 -0.807582
    outer loop
      vertex -3.83325 -14.7765 0.128428
      vertex -1.64518 -15.1556 0.066988
      vertex -1.6029 -15.2506 0.128428
    endloop
  endfacet
  facet normal -0.122625 -0.576876 -0.807575
    outer loop
      vertex -1.64518 -15.1556 0.066988
      vertex -3.83325 -14.7765 0.128428
      vertex -3.87554 -14.6815 0.066988
    endloop
  endfacet
  facet normal -0.165843 -0.37346 -0.912701
    outer loop
      vertex -3.87554 -14.6815 0.066988
      vertex -3.92328 -14.6603 0.066988
      vertex -3.84603 -14.5907 0.0244722
    endloop
  endfacet
  facet normal -0.239443 -0.539198 -0.807424
    outer loop
      vertex -3.90167 -14.7619 0.128428
      vertex -3.92328 -14.6603 0.066988
      vertex -3.87554 -14.6815 0.066988
    endloop
  endfacet
  facet normal -0.240312 -0.330493 -0.912702
    outer loop
      vertex -3.87554 -14.5776 0.0244722
      vertex -3.92328 -14.6603 0.066988
      vertex -3.90167 -14.5586 0.0244722
    endloop
  endfacet
  facet normal -0.181252 -0.104172 -0.977904
    outer loop
      vertex -3.84057 -14.4745 0.00273991
      vertex -3.92328 -14.5346 0.0244722
      vertex -3.84603 -14.465 0.00273991
    endloop
  endfacet
  facet normal -0.155014 -0.140087 -0.97793
    outer loop
      vertex -3.83325 -14.4826 0.00273991
      vertex -3.90167 -14.5586 0.0244722
      vertex -3.84057 -14.4745 0.00273991
    endloop
  endfacet
  facet normal -0.198777 -0.0645817 -0.977915
    outer loop
      vertex -4.13492 -13.9049 0.0244722
      vertex -3.84603 -14.465 0.00273991
      vertex -3.93943 -14.5066 0.0244722
    endloop
  endfacet
  facet normal -0.19883 -0.0646099 -0.977902
    outer loop
      vertex -3.84603 -14.465 0.00273991
      vertex -4.13492 -13.9049 0.0244722
      vertex -4.04152 -13.8634 0.00273991
    endloop
  endfacet
  facet normal -0.511025 -0.29477 -0.807443
    outer loop
      vertex -4.00054 -14.5907 0.066988
      vertex -4.06895 -14.6404 0.128428
      vertex -4.02667 -14.5454 0.066988
    endloop
  endfacet
  facet normal 0.155014 -0.140087 -0.97793
    outer loop
      vertex 3.90167 -14.5586 0.0244722
      vertex 3.83325 -14.4826 0.00273991
      vertex 3.84057 -14.4745 0.00273991
    endloop
  endfacet
  facet normal -0.0850713 -0.191638 0.977772
    outer loop
      vertex -3.81443 -14.4935 20.9973
      vertex -3.87554 -14.5776 20.9755
      vertex -3.84603 -14.5907 20.9755
    endloop
  endfacet
  facet normal -0.824692 -0.267926 0.498095
    outer loop
      vertex -4.41105 -14.0279 20.7034
      vertex -4.19395 -14.5279 20.7939
      vertex -4.36331 -14.0066 20.7939
    endloop
  endfacet
  facet normal -0.824795 -0.26801 0.497879
    outer loop
      vertex -4.19395 -14.5279 20.7939
      vertex -4.41105 -14.0279 20.7034
      vertex -4.24507 -14.5387 20.7034
    endloop
  endfacet
  facet normal -0.510808 -0.294645 0.807626
    outer loop
      vertex -4.02667 -14.5454 20.933
      vertex -4.06895 -14.6404 20.8716
      vertex -4.00054 -14.5907 20.933
    endloop
  endfacet
  facet normal 0.0435667 -0.204962 0.9778
    outer loop
      vertex 1.58408 -14.9675 20.9973
      vertex 1.58408 -15.0715 20.9755
      vertex 3.84603 -14.5907 20.9755
    endloop
  endfacet
  facet normal -0.945904 -0.307371 0.103866
    outer loop
      vertex -4.24507 -14.6427 20.604
      vertex -4.28736 -14.5477 20.5
      vertex -4.25506 -14.6471 20.5
    endloop
  endfacet
  facet normal -0.739233 -0.665405 0.103783
    outer loop
      vertex -4.19395 -14.7312 20.604
      vertex -4.20279 -14.7376 20.5
      vertex -4.13285 -14.8153 20.5
    endloop
  endfacet
  facet normal -0.509632 -0.701766 0.497794
    outer loop
      vertex -4.06895 -14.7444 20.7939
      vertex -4.10392 -14.7832 20.7034
      vertex -4.02667 -14.8393 20.7034
    endloop
  endfacet
  facet normal 0.239341 -0.538969 0.807607
    outer loop
      vertex 3.92328 -14.6603 20.933
      vertex 3.87554 -14.6815 20.933
      vertex 3.90167 -14.7619 20.8716
    endloop
  endfacet
  facet normal 0 -0.745342 0.666683
    outer loop
      vertex -1.61021 -15.3201 20.7939
      vertex 1.6029 -15.2506 20.8716
      vertex -1.6029 -15.2506 20.8716
    endloop
  endfacet
  facet normal 0 -0.745342 0.666683
    outer loop
      vertex 1.6029 -15.2506 20.8716
      vertex -1.61021 -15.3201 20.7939
      vertex 1.61021 -15.3201 20.7939
    endloop
  endfacet
  facet normal -0.303006 -0.68053 0.667133
    outer loop
      vertex -3.96557 -14.7335 20.8716
      vertex -4.00054 -14.7941 20.7939
      vertex -3.92328 -14.8285 20.7939
    endloop
  endfacet
  facet normal -0.509806 -0.701727 0.497672
    outer loop
      vertex -4.00054 -14.7941 20.7939
      vertex -4.06895 -14.7444 20.7939
      vertex -4.02667 -14.8393 20.7034
    endloop
  endfacet
  facet normal 0.823946 -0.475934 0.30757
    outer loop
      vertex 4.24507 -14.6427 20.604
      vertex 4.16782 -14.7122 20.7034
      vertex 4.19395 -14.7312 20.604
    endloop
  endfacet
  facet normal 0.404648 -0.908513 0.104233
    outer loop
      vertex 4.04282 -14.8673 20.604
      vertex 3.94942 -14.9089 20.604
      vertex 4.04828 -14.8768 20.5
    endloop
  endfacet
  facet normal 0.155112 -0.729025 0.666681
    outer loop
      vertex 1.69293 -15.3025 20.7939
      vertex 1.6029 -15.2506 20.8716
      vertex 1.61021 -15.3201 20.7939
    endloop
  endfacet
  facet normal 0.197825 -0.930651 0.30782
    outer loop
      vertex 1.71906 -15.383 20.604
      vertex 3.84603 -14.898 20.7034
      vertex 1.61567 -15.3721 20.7034
    endloop
  endfacet
  facet normal 0.197825 -0.930651 0.30782
    outer loop
      vertex 3.84603 -14.898 20.7034
      vertex 1.71906 -15.383 20.604
      vertex 3.94942 -14.9089 20.604
    endloop
  endfacet
  facet normal 0 -0.867062 0.498201
    outer loop
      vertex -1.61567 -15.3721 20.7034
      vertex 1.61021 -15.3201 20.7939
      vertex -1.61021 -15.3201 20.7939
    endloop
  endfacet
  facet normal 0 -0.867062 0.498201
    outer loop
      vertex 1.61021 -15.3201 20.7939
      vertex -1.61567 -15.3721 20.7034
      vertex 1.61567 -15.3721 20.7034
    endloop
  endfacet
  facet normal 0.0850713 -0.191638 0.977772
    outer loop
      vertex 3.87554 -14.5776 20.9755
      vertex 3.81443 -14.4935 20.9973
      vertex 3.84603 -14.5907 20.9755
    endloop
  endfacet
  facet normal 0 -0.589655 0.807655
    outer loop
      vertex -1.59406 -15.1665 20.933
      vertex 1.6029 -15.2506 20.8716
      vertex 1.59406 -15.1665 20.933
    endloop
  endfacet
  facet normal 0 -0.589655 0.807655
    outer loop
      vertex 1.6029 -15.2506 20.8716
      vertex -1.59406 -15.1665 20.933
      vertex -1.6029 -15.2506 20.8716
    endloop
  endfacet
  facet normal 0.387535 -0.869115 -0.307337
    outer loop
      vertex 3.94942 -14.9089 0.396045
      vertex 3.93943 -14.8782 0.296632
      vertex 4.02667 -14.8393 0.296632
    endloop
  endfacet
  facet normal 0.353182 -0.792073 -0.497878
    outer loop
      vertex 3.93943 -14.8782 0.296632
      vertex 3.92328 -14.8285 0.206108
      vertex 4.02667 -14.8393 0.296632
    endloop
  endfacet
  facet normal 0.509666 -0.701812 -0.497695
    outer loop
      vertex 4.10392 -14.7832 0.296632
      vertex 4.02667 -14.8393 0.296632
      vertex 4.06895 -14.7444 0.206108
    endloop
  endfacet
  facet normal 0.750987 -0.433767 -0.497861
    outer loop
      vertex 4.16782 -14.7122 0.296632
      vertex 4.12554 -14.6815 0.206108
      vertex 4.16782 -14.6083 0.206108
    endloop
  endfacet
  facet normal 0.73923 -0.665402 -0.103827
    outer loop
      vertex 4.20279 -14.7376 0.5
      vertex 4.13285 -14.8153 0.5
      vertex 4.19395 -14.7312 0.396045
    endloop
  endfacet
  facet normal 0.861242 -0.497477 -0.103821
    outer loop
      vertex 4.25506 -14.6471 0.5
      vertex 4.19395 -14.7312 0.396045
      vertex 4.24507 -14.6427 0.396045
    endloop
  endfacet
  facet normal 0.181792 -0.104482 0.977771
    outer loop
      vertex 3.84603 -14.465 20.9973
      vertex 3.84057 -14.4745 20.9973
      vertex 3.92328 -14.5346 20.9755
    endloop
  endfacet
  facet normal 0.945904 -0.307371 0.103866
    outer loop
      vertex 4.28736 -14.5477 20.5
      vertex 4.24507 -14.6427 20.604
      vertex 4.25506 -14.6471 20.5
    endloop
  endfacet
  facet normal 0.945875 -0.307362 0.104158
    outer loop
      vertex 4.44056 -14.041 20.604
      vertex 4.28736 -14.5477 20.5
      vertex 4.45055 -14.0455 20.5
    endloop
  endfacet
  facet normal 0.945914 -0.307324 0.103913
    outer loop
      vertex 4.28736 -14.5477 20.5
      vertex 4.44056 -14.041 20.604
      vertex 4.24507 -14.6427 20.604
    endloop
  endfacet
  facet normal 0.165752 -0.373384 0.912749
    outer loop
      vertex 3.87554 -14.5776 20.9755
      vertex 3.84603 -14.5907 20.9755
      vertex 3.92328 -14.6603 20.933
    endloop
  endfacet
  facet normal 0.707226 -0.636597 0.307531
    outer loop
      vertex 4.19395 -14.7312 20.604
      vertex 4.10392 -14.7832 20.7034
      vertex 4.12554 -14.8072 20.604
    endloop
  endfacet
  facet normal 0.12297 -0.576716 0.807637
    outer loop
      vertex 1.64518 -15.1556 20.933
      vertex 1.59406 -15.1665 20.933
      vertex 1.6029 -15.2506 20.8716
    endloop
  endfacet
  facet normal -0.0434634 -0.204512 -0.977899
    outer loop
      vertex -1.58408 -14.9675 0.00273991
      vertex -3.84603 -14.5907 0.0244722
      vertex -3.81443 -14.4935 0.00273991
    endloop
  endfacet
  facet normal -0.122593 -0.169141 -0.977938
    outer loop
      vertex -3.82442 -14.489 0.00273991
      vertex -3.87554 -14.5776 0.0244722
      vertex -3.83325 -14.4826 0.00273991
    endloop
  endfacet
  facet normal 0.90496 -0.294012 -0.307578
    outer loop
      vertex 4.24507 -14.6427 0.396045
      vertex 4.21557 -14.6295 0.296632
      vertex 4.24507 -14.5387 0.296632
    endloop
  endfacet
  facet normal 0.561031 -0.182307 -0.807471
    outer loop
      vertex 4.02667 -14.5454 0.066988
      vertex 4.29941 -13.9782 0.128428
      vertex 4.10392 -14.5798 0.128428
    endloop
  endfacet
  facet normal 0.561031 -0.182307 -0.807471
    outer loop
      vertex 4.29941 -13.9782 0.128428
      vertex 4.02667 -14.5454 0.066988
      vertex 4.22216 -13.9438 0.066988
    endloop
  endfacet
  facet normal 0.707267 -0.63654 -0.307557
    outer loop
      vertex 4.19395 -14.7312 0.396045
      vertex 4.10392 -14.7832 0.296632
      vertex 4.16782 -14.7122 0.296632
    endloop
  endfacet
  facet normal 0.388631 -0.126286 -0.912698
    outer loop
      vertex 3.93943 -14.5066 0.0244722
      vertex 4.22216 -13.9438 0.066988
      vertex 4.02667 -14.5454 0.066988
    endloop
  endfacet
  facet normal 0.388534 -0.126233 -0.912747
    outer loop
      vertex 4.22216 -13.9438 0.066988
      vertex 3.93943 -14.5066 0.0244722
      vertex 4.13492 -13.9049 0.0244722
    endloop
  endfacet
  facet normal -0.0439664 -0.204348 -0.97791
    outer loop
      vertex -1.57339 -14.9698 0.00273991
      vertex -1.58408 -15.0715 0.0244722
      vertex -1.58408 -14.9675 0.00273991
    endloop
  endfacet
  facet normal 0.181034 -0.104418 -0.977918
    outer loop
      vertex 3.92328 -14.5346 0.0244722
      vertex 3.84603 -14.465 0.00273991
      vertex 3.93943 -14.5066 0.0244722
    endloop
  endfacet
  facet normal -0.12289 -0.169006 -0.977924
    outer loop
      vertex -3.87554 -14.5776 0.0244722
      vertex -3.90167 -14.5586 0.0244722
      vertex -3.83325 -14.4826 0.00273991
    endloop
  endfacet
  facet normal -0.43836 -0.394524 -0.807584
    outer loop
      vertex -4.02215 -14.6924 0.128428
      vertex -4.06895 -14.6404 0.128428
      vertex -3.96557 -14.6295 0.066988
    endloop
  endfacet
  facet normal -0.347142 -0.476644 -0.807653
    outer loop
      vertex -3.92328 -14.6603 0.066988
      vertex -4.02215 -14.6924 0.128428
      vertex -3.96557 -14.6295 0.066988
    endloop
  endfacet
  facet normal -0.155385 -0.728179 -0.667541
    outer loop
      vertex -3.83325 -14.7765 0.128428
      vertex -3.92328 -14.8285 0.206108
      vertex -3.90167 -14.7619 0.128428
    endloop
  endfacet
  facet normal -0.509839 -0.701773 -0.497572
    outer loop
      vertex -4.02667 -14.8393 0.296632
      vertex -4.06895 -14.7444 0.206108
      vertex -4.00054 -14.7941 0.206108
    endloop
  endfacet
  facet normal -0.861242 -0.497477 -0.103821
    outer loop
      vertex -4.19395 -14.7312 0.396045
      vertex -4.25506 -14.6471 0.5
      vertex -4.24507 -14.6427 0.396045
    endloop
  endfacet
  facet normal -0.823957 -0.47594 -0.307534
    outer loop
      vertex -4.19395 -14.7312 0.396045
      vertex -4.24507 -14.6427 0.396045
      vertex -4.16782 -14.7122 0.296632
    endloop
  endfacet
  facet normal -0.824799 -0.26806 -0.497846
    outer loop
      vertex -4.16782 -14.6083 0.206108
      vertex -4.21557 -14.6295 0.296632
      vertex -4.19395 -14.5279 0.206108
    endloop
  endfacet
  facet normal -0.824861 -0.267989 -0.497781
    outer loop
      vertex -4.21557 -14.6295 0.296632
      vertex -4.24507 -14.5387 0.296632
      vertex -4.19395 -14.5279 0.206108
    endloop
  endfacet
  facet normal -0.154845 -0.728605 -0.667201
    outer loop
      vertex -3.83325 -14.7765 0.128428
      vertex -1.69293 -15.3025 0.206108
      vertex -3.92328 -14.8285 0.206108
    endloop
  endfacet
  facet normal -0.15497 -0.729039 -0.666698
    outer loop
      vertex -1.69293 -15.3025 0.206108
      vertex -3.83325 -14.7765 0.128428
      vertex -1.6029 -15.2506 0.128428
    endloop
  endfacet
  facet normal -0.561031 -0.182307 -0.807471
    outer loop
      vertex -4.29941 -13.9782 0.128428
      vertex -4.02667 -14.5454 0.066988
      vertex -4.10392 -14.5798 0.128428
    endloop
  endfacet
  facet normal -0.561031 -0.182307 -0.807471
    outer loop
      vertex -4.02667 -14.5454 0.066988
      vertex -4.29941 -13.9782 0.128428
      vertex -4.22216 -13.9438 0.066988
    endloop
  endfacet
  facet normal -0.181034 -0.104418 -0.977918
    outer loop
      vertex -3.92328 -14.5346 0.0244722
      vertex -3.93943 -14.5066 0.0244722
      vertex -3.84603 -14.465 0.00273991
    endloop
  endfacet
  facet normal -0.0848186 -0.191068 -0.977905
    outer loop
      vertex -3.84603 -14.5907 0.0244722
      vertex -3.87554 -14.5776 0.0244722
      vertex -3.81443 -14.4935 0.00273991
    endloop
  endfacet
  facet normal -0.165803 -0.3735 -0.912692
    outer loop
      vertex -3.84603 -14.5907 0.0244722
      vertex -3.92328 -14.6603 0.066988
      vertex -3.87554 -14.5776 0.0244722
    endloop
  endfacet
  facet normal 0.122593 -0.169141 -0.977938
    outer loop
      vertex 3.87554 -14.5776 0.0244722
      vertex 3.82442 -14.489 0.00273991
      vertex 3.83325 -14.4826 0.00273991
    endloop
  endfacet
  facet normal -0.303597 -0.273364 0.912744
    outer loop
      vertex -3.92328 -14.5346 20.9755
      vertex -4.00054 -14.5907 20.933
      vertex -3.90167 -14.5586 20.9755
    endloop
  endfacet
  facet normal -0.240559 -0.3303 0.912706
    outer loop
      vertex -3.90167 -14.5586 20.9755
      vertex -3.96557 -14.6295 20.933
      vertex -3.92328 -14.6603 20.933
    endloop
  endfacet
  facet normal -0.553888 -0.498323 0.666996
    outer loop
      vertex -4.06895 -14.6404 20.8716
      vertex -4.12554 -14.6815 20.7939
      vertex -4.06895 -14.7444 20.7939
    endloop
  endfacet
  facet normal -0.510711 -0.294712 0.807663
    outer loop
      vertex -4.02667 -14.5454 20.933
      vertex -4.10392 -14.5798 20.8716
      vertex -4.06895 -14.6404 20.8716
    endloop
  endfacet
  facet normal -0.353873 -0.204121 0.912748
    outer loop
      vertex -3.93943 -14.5066 20.9755
      vertex -4.02667 -14.5454 20.933
      vertex -4.00054 -14.5907 20.933
    endloop
  endfacet
  facet normal -0.12297 -0.576716 0.807637
    outer loop
      vertex -1.59406 -15.1665 20.933
      vertex -1.64518 -15.1556 20.933
      vertex -1.6029 -15.2506 20.8716
    endloop
  endfacet
  facet normal -0.122571 -0.576622 0.807765
    outer loop
      vertex -1.64518 -15.1556 20.933
      vertex -3.83325 -14.7765 20.8716
      vertex -1.6029 -15.2506 20.8716
    endloop
  endfacet
  facet normal -0.122572 -0.576631 0.807758
    outer loop
      vertex -3.83325 -14.7765 20.8716
      vertex -1.64518 -15.1556 20.933
      vertex -3.87554 -14.6815 20.933
    endloop
  endfacet
  facet normal -0.644639 -0.580175 0.497832
    outer loop
      vertex -4.06895 -14.7444 20.7939
      vertex -4.16782 -14.7122 20.7034
      vertex -4.10392 -14.7832 20.7034
    endloop
  endfacet
  facet normal -0.707226 -0.636597 0.307531
    outer loop
      vertex -4.10392 -14.7832 20.7034
      vertex -4.19395 -14.7312 20.604
      vertex -4.12554 -14.8072 20.604
    endloop
  endfacet
  facet normal -0.353159 -0.792021 0.497977
    outer loop
      vertex -3.92328 -14.8285 20.7939
      vertex -4.02667 -14.8393 20.7034
      vertex -3.93943 -14.8782 20.7034
    endloop
  endfacet
  facet normal 0.559304 -0.769811 0.307521
    outer loop
      vertex 4.10392 -14.7832 20.7034
      vertex 4.04282 -14.8673 20.604
      vertex 4.12554 -14.8072 20.604
    endloop
  endfacet
  facet normal 0.739232 -0.665406 0.103784
    outer loop
      vertex 4.19395 -14.7312 20.604
      vertex 4.12554 -14.8072 20.604
      vertex 4.13285 -14.8153 20.5
    endloop
  endfacet
  facet normal 0.197345 -0.930909 0.307348
    outer loop
      vertex 3.93943 -14.8782 20.7034
      vertex 3.84603 -14.898 20.7034
      vertex 3.94942 -14.9089 20.604
    endloop
  endfacet
  facet normal 0.353159 -0.792021 0.497977
    outer loop
      vertex 4.02667 -14.8393 20.7034
      vertex 3.92328 -14.8285 20.7939
      vertex 3.93943 -14.8782 20.7034
    endloop
  endfacet
  facet normal 0.180444 -0.848087 0.498185
    outer loop
      vertex 1.69293 -15.3025 20.7939
      vertex 1.61021 -15.3201 20.7939
      vertex 1.61567 -15.3721 20.7034
    endloop
  endfacet
  facet normal 0.180267 -0.848052 0.498309
    outer loop
      vertex 3.84603 -14.898 20.7034
      vertex 1.69293 -15.3025 20.7939
      vertex 1.61567 -15.3721 20.7034
    endloop
  endfacet
  facet normal 0.180311 -0.848432 0.497646
    outer loop
      vertex 1.69293 -15.3025 20.7939
      vertex 3.84603 -14.898 20.7034
      vertex 3.92328 -14.8285 20.7939
    endloop
  endfacet
  facet normal -0.155112 -0.729025 0.666681
    outer loop
      vertex -1.6029 -15.2506 20.8716
      vertex -1.69293 -15.3025 20.7939
      vertex -1.61021 -15.3201 20.7939
    endloop
  endfacet
  facet normal -0.180444 -0.848087 0.498185
    outer loop
      vertex -1.61021 -15.3201 20.7939
      vertex -1.69293 -15.3025 20.7939
      vertex -1.61567 -15.3721 20.7034
    endloop
  endfacet
  facet normal -0.30352 -0.273559 0.912711
    outer loop
      vertex -3.90167 -14.5586 20.9755
      vertex -4.00054 -14.5907 20.933
      vertex -3.96557 -14.6295 20.933
    endloop
  endfacet
  facet normal 0.123256 -0.169509 0.977791
    outer loop
      vertex 3.90167 -14.5586 20.9755
      vertex 3.83325 -14.4826 20.9973
      vertex 3.87554 -14.5776 20.9755
    endloop
  endfacet
  facet normal 0.240238 -0.33039 0.912758
    outer loop
      vertex 3.90167 -14.5586 20.9755
      vertex 3.87554 -14.5776 20.9755
      vertex 3.92328 -14.6603 20.933
    endloop
  endfacet
  facet normal 0.559311 -0.769821 -0.307485
    outer loop
      vertex 4.12554 -14.8072 0.396045
      vertex 4.04282 -14.8673 0.396045
      vertex 4.10392 -14.7832 0.296632
    endloop
  endfacet
  facet normal 0.824861 -0.267989 -0.497781
    outer loop
      vertex 4.21557 -14.6295 0.296632
      vertex 4.19395 -14.5279 0.206108
      vertex 4.24507 -14.5387 0.296632
    endloop
  endfacet
  facet normal 0.510808 -0.294645 0.807626
    outer loop
      vertex 4.02667 -14.5454 20.933
      vertex 4.00054 -14.5907 20.933
      vertex 4.06895 -14.6404 20.8716
    endloop
  endfacet
  facet normal 0.9459 -0.30737 -0.10391
    outer loop
      vertex 4.25506 -14.6471 0.5
      vertex 4.24507 -14.6427 0.396045
      vertex 4.28736 -14.5477 0.5
    endloop
  endfacet
  facet normal 0.904992 -0.294069 0.307431
    outer loop
      vertex 4.24507 -14.5387 20.7034
      vertex 4.44056 -14.041 20.604
      vertex 4.41105 -14.0279 20.7034
    endloop
  endfacet
  facet normal 0.904946 -0.294013 0.30762
    outer loop
      vertex 4.44056 -14.041 20.604
      vertex 4.24507 -14.5387 20.7034
      vertex 4.24507 -14.6427 20.604
    endloop
  endfacet
  facet normal 0.388414 -0.126194 0.912803
    outer loop
      vertex 3.93943 -14.5066 20.9755
      vertex 4.22216 -13.9438 20.933
      vertex 4.13492 -13.9049 20.9755
    endloop
  endfacet
  facet normal 0.388511 -0.126247 0.912755
    outer loop
      vertex 4.22216 -13.9438 20.933
      vertex 3.93943 -14.5066 20.9755
      vertex 4.02667 -14.5454 20.933
    endloop
  endfacet
  facet normal 0.553888 -0.498323 0.666996
    outer loop
      vertex 4.06895 -14.6404 20.8716
      vertex 4.06895 -14.7444 20.7939
      vertex 4.12554 -14.6815 20.7939
    endloop
  endfacet
  facet normal 0.904949 -0.294009 0.307615
    outer loop
      vertex 4.24507 -14.5387 20.7034
      vertex 4.21557 -14.6295 20.7034
      vertex 4.24507 -14.6427 20.604
    endloop
  endfacet
  facet normal 0.511025 -0.29477 -0.807443
    outer loop
      vertex 4.06895 -14.6404 0.128428
      vertex 4.00054 -14.5907 0.066988
      vertex 4.02667 -14.5454 0.066988
    endloop
  endfacet
  facet normal 0.198777 -0.0645817 -0.977915
    outer loop
      vertex 3.84603 -14.465 0.00273991
      vertex 4.13492 -13.9049 0.0244722
      vertex 3.93943 -14.5066 0.0244722
    endloop
  endfacet
  facet normal 0.19883 -0.0646099 -0.977902
    outer loop
      vertex 4.13492 -13.9049 0.0244722
      vertex 3.84603 -14.465 0.00273991
      vertex 4.04152 -13.8634 0.00273991
    endloop
  endfacet
  facet normal 0.0857633 -0.190395 -0.977954
    outer loop
      vertex 3.87554 -14.5776 0.0244722
      vertex 3.81443 -14.4935 0.00273991
      vertex 3.82442 -14.489 0.00273991
    endloop
  endfacet
  facet normal -0.346753 -0.477355 -0.807399
    outer loop
      vertex -3.96557 -14.7335 0.128428
      vertex -4.02215 -14.6924 0.128428
      vertex -3.92328 -14.6603 0.066988
    endloop
  endfacet
  facet normal -0.239646 -0.539202 -0.80736
    outer loop
      vertex -3.90167 -14.7619 0.128428
      vertex -3.96557 -14.7335 0.128428
      vertex -3.92328 -14.6603 0.066988
    endloop
  endfacet
  facet normal -0.353991 -0.204177 -0.912689
    outer loop
      vertex -3.92328 -14.5346 0.0244722
      vertex -4.00054 -14.5907 0.066988
      vertex -3.93943 -14.5066 0.0244722
    endloop
  endfacet
  facet normal -0.303691 -0.273448 -0.912687
    outer loop
      vertex -3.90167 -14.5586 0.0244722
      vertex -4.00054 -14.5907 0.066988
      vertex -3.92328 -14.5346 0.0244722
    endloop
  endfacet
  facet normal -0.122959 -0.169644 0.977805
    outer loop
      vertex -3.83325 -14.4826 20.9973
      vertex -3.87554 -14.5776 20.9755
      vertex -3.82442 -14.489 20.9973
    endloop
  endfacet
  facet normal -0.388414 -0.126194 0.912803
    outer loop
      vertex -4.22216 -13.9438 20.933
      vertex -3.93943 -14.5066 20.9755
      vertex -4.13492 -13.9049 20.9755
    endloop
  endfacet
  facet normal -0.388511 -0.126247 0.912755
    outer loop
      vertex -3.93943 -14.5066 20.9755
      vertex -4.22216 -13.9438 20.933
      vertex -4.02667 -14.5454 20.933
    endloop
  endfacet
  facet normal -0.346994 -0.476441 0.807836
    outer loop
      vertex -3.96557 -14.6295 20.933
      vertex -4.02215 -14.6924 20.8716
      vertex -3.92328 -14.6603 20.933
    endloop
  endfacet
  facet normal -0.823946 -0.475934 0.30757
    outer loop
      vertex -4.16782 -14.7122 20.7034
      vertex -4.24507 -14.6427 20.604
      vertex -4.19395 -14.7312 20.604
    endloop
  endfacet
  facet normal -0.707258 -0.636532 0.307593
    outer loop
      vertex -4.16782 -14.7122 20.7034
      vertex -4.19395 -14.7312 20.604
      vertex -4.10392 -14.7832 20.7034
    endloop
  endfacet
  facet normal -0.38753 -0.869104 0.307373
    outer loop
      vertex -3.93943 -14.8782 20.7034
      vertex -4.02667 -14.8393 20.7034
      vertex -3.94942 -14.9089 20.604
    endloop
  endfacet
  facet normal -0.352814 -0.792395 0.497627
    outer loop
      vertex -4.00054 -14.7941 20.7939
      vertex -4.02667 -14.8393 20.7034
      vertex -3.92328 -14.8285 20.7939
    endloop
  endfacet
  facet normal -0.438174 -0.394356 0.807767
    outer loop
      vertex -3.96557 -14.6295 20.933
      vertex -4.06895 -14.6404 20.8716
      vertex -4.02215 -14.6924 20.8716
    endloop
  endfacet
  facet normal -0.644692 -0.580018 0.497946
    outer loop
      vertex -4.12554 -14.6815 20.7939
      vertex -4.16782 -14.7122 20.7034
      vertex -4.06895 -14.7444 20.7939
    endloop
  endfacet
  facet normal 0.303006 -0.68053 0.667133
    outer loop
      vertex 3.96557 -14.7335 20.8716
      vertex 3.92328 -14.8285 20.7939
      vertex 4.00054 -14.7941 20.7939
    endloop
  endfacet
  facet normal 0.559101 -0.769884 0.307709
    outer loop
      vertex 4.10392 -14.7832 20.7034
      vertex 4.02667 -14.8393 20.7034
      vertex 4.04282 -14.8673 20.604
    endloop
  endfacet
  facet normal 0.0849309 -0.399562 0.912763
    outer loop
      vertex 3.84603 -14.5907 20.9755
      vertex 1.58408 -15.0715 20.9755
      vertex 1.64518 -15.1556 20.933
    endloop
  endfacet
  facet normal 0.0851646 -0.399414 0.912806
    outer loop
      vertex 1.64518 -15.1556 20.933
      vertex 1.58408 -15.0715 20.9755
      vertex 1.59406 -15.1665 20.933
    endloop
  endfacet
  facet normal 0.584612 -0.804644 -0.103806
    outer loop
      vertex 4.13285 -14.8153 0.5
      vertex 4.04282 -14.8673 0.396045
      vertex 4.12554 -14.8072 0.396045
    endloop
  endfacet
  facet normal 0.559107 -0.769894 -0.307672
    outer loop
      vertex 4.04282 -14.8673 0.396045
      vertex 4.02667 -14.8393 0.296632
      vertex 4.10392 -14.7832 0.296632
    endloop
  endfacet
  facet normal 0.823957 -0.47594 -0.307534
    outer loop
      vertex 4.19395 -14.7312 0.396045
      vertex 4.16782 -14.7122 0.296632
      vertex 4.24507 -14.6427 0.396045
    endloop
  endfacet
  facet normal 0.751104 -0.433679 -0.49776
    outer loop
      vertex 4.21557 -14.6295 0.296632
      vertex 4.16782 -14.7122 0.296632
      vertex 4.16782 -14.6083 0.206108
    endloop
  endfacet
  facet normal -0.0860188 -0.190962 0.977821
    outer loop
      vertex -3.82442 -14.489 20.9973
      vertex -3.87554 -14.5776 20.9755
      vertex -3.81443 -14.4935 20.9973
    endloop
  endfacet
  facet normal 0.353873 -0.204121 0.912748
    outer loop
      vertex 4.02667 -14.5454 20.933
      vertex 3.93943 -14.5066 20.9755
      vertex 4.00054 -14.5907 20.933
    endloop
  endfacet
  facet normal 0.181574 -0.104729 0.977785
    outer loop
      vertex 3.93943 -14.5066 20.9755
      vertex 3.84603 -14.465 20.9973
      vertex 3.92328 -14.5346 20.9755
    endloop
  endfacet
  facet normal 0.951048 -0.309043 0
    outer loop
      vertex 4.25506 -14.6471 20.5
      vertex 4.28736 -14.5477 0.5
      vertex 4.28736 -14.5477 20.5
    endloop
  endfacet
  facet normal 0.951048 -0.309043 0
    outer loop
      vertex 4.28736 -14.5477 0.5
      vertex 4.25506 -14.6471 20.5
      vertex 4.25506 -14.6471 0.5
    endloop
  endfacet
  facet normal 0.951048 -0.309043 0
    outer loop
      vertex 4.28736 -14.5477 20.5
      vertex 4.45055 -14.0455 0.5
      vertex 4.45055 -14.0455 20.5
    endloop
  endfacet
  facet normal 0.951048 -0.309043 0
    outer loop
      vertex 4.45055 -14.0455 0.5
      vertex 4.28736 -14.5477 20.5
      vertex 4.28736 -14.5477 0.5
    endloop
  endfacet
  facet normal 0.30352 -0.273559 0.912711
    outer loop
      vertex 4.00054 -14.5907 20.933
      vertex 3.90167 -14.5586 20.9755
      vertex 3.96557 -14.6295 20.933
    endloop
  endfacet
  facet normal 0.438174 -0.394356 0.807767
    outer loop
      vertex 4.06895 -14.6404 20.8716
      vertex 3.96557 -14.6295 20.933
      vertex 4.02215 -14.6924 20.8716
    endloop
  endfacet
  facet normal 0.303614 -0.273643 -0.912654
    outer loop
      vertex 3.96557 -14.6295 0.066988
      vertex 3.90167 -14.5586 0.0244722
      vertex 4.00054 -14.5907 0.066988
    endloop
  endfacet
  facet normal 0.303691 -0.273448 -0.912687
    outer loop
      vertex 4.00054 -14.5907 0.066988
      vertex 3.90167 -14.5586 0.0244722
      vertex 3.92328 -14.5346 0.0244722
    endloop
  endfacet
  facet normal -0.302971 -0.680452 -0.667228
    outer loop
      vertex -3.92328 -14.8285 0.206108
      vertex -4.00054 -14.7941 0.206108
      vertex -3.96557 -14.7335 0.128428
    endloop
  endfacet
  facet normal -0.437806 -0.602623 -0.667212
    outer loop
      vertex -4.00054 -14.7941 0.206108
      vertex -4.06895 -14.7444 0.206108
      vertex -3.96557 -14.7335 0.128428
    endloop
  endfacet
  facet normal -0.560793 -0.18223 0.807653
    outer loop
      vertex -4.29941 -13.9782 20.8716
      vertex -4.02667 -14.5454 20.933
      vertex -4.22216 -13.9438 20.933
    endloop
  endfacet
  facet normal -0.560793 -0.18223 0.807653
    outer loop
      vertex -4.02667 -14.5454 20.933
      vertex -4.29941 -13.9782 20.8716
      vertex -4.10392 -14.5798 20.8716
    endloop
  endfacet
  facet normal -0.553752 -0.498377 0.667068
    outer loop
      vertex -4.06895 -14.6404 20.8716
      vertex -4.06895 -14.7444 20.7939
      vertex -4.02215 -14.6924 20.8716
    endloop
  endfacet
  facet normal -0.437857 -0.602692 0.667117
    outer loop
      vertex -3.96557 -14.7335 20.8716
      vertex -4.06895 -14.7444 20.7939
      vertex -4.00054 -14.7941 20.7939
    endloop
  endfacet
  facet normal -0.0851646 -0.399414 0.912806
    outer loop
      vertex -1.58408 -15.0715 20.9755
      vertex -1.64518 -15.1556 20.933
      vertex -1.59406 -15.1665 20.933
    endloop
  endfacet
  facet normal -0.165752 -0.373384 0.912749
    outer loop
      vertex -3.87554 -14.5776 20.9755
      vertex -3.92328 -14.6603 20.933
      vertex -3.84603 -14.5907 20.9755
    endloop
  endfacet
  facet normal -0.155476 -0.140504 0.977796
    outer loop
      vertex -3.84057 -14.4745 20.9973
      vertex -3.90167 -14.5586 20.9755
      vertex -3.83325 -14.4826 20.9973
    endloop
  endfacet
  facet normal -0.123256 -0.169509 0.977791
    outer loop
      vertex -3.83325 -14.4826 20.9973
      vertex -3.90167 -14.5586 20.9755
      vertex -3.87554 -14.5776 20.9755
    endloop
  endfacet
  facet normal -0.181574 -0.104729 0.977785
    outer loop
      vertex -3.84603 -14.465 20.9973
      vertex -3.93943 -14.5066 20.9755
      vertex -3.92328 -14.5346 20.9755
    endloop
  endfacet
  facet normal -0.353882 -0.204114 0.912746
    outer loop
      vertex -3.93943 -14.5066 20.9755
      vertex -4.00054 -14.5907 20.933
      vertex -3.92328 -14.5346 20.9755
    endloop
  endfacet
  facet normal -0.739232 -0.665406 0.103784
    outer loop
      vertex -4.12554 -14.8072 20.604
      vertex -4.19395 -14.7312 20.604
      vertex -4.13285 -14.8153 20.5
    endloop
  endfacet
  facet normal -0.824745 -0.268042 0.497945
    outer loop
      vertex -4.19395 -14.5279 20.7939
      vertex -4.21557 -14.6295 20.7034
      vertex -4.16782 -14.6083 20.7939
    endloop
  endfacet
  facet normal -0.751055 -0.43365 0.497859
    outer loop
      vertex -4.16782 -14.6083 20.7939
      vertex -4.21557 -14.6295 20.7034
      vertex -4.16782 -14.7122 20.7034
    endloop
  endfacet
  facet normal -0.197345 -0.930909 0.307348
    outer loop
      vertex -3.93943 -14.8782 20.7034
      vertex -3.94942 -14.9089 20.604
      vertex -3.84603 -14.898 20.7034
    endloop
  endfacet
  facet normal -0.17984 -0.848338 0.497976
    outer loop
      vertex -3.92328 -14.8285 20.7939
      vertex -3.93943 -14.8782 20.7034
      vertex -3.84603 -14.898 20.7034
    endloop
  endfacet
  facet normal 0.509632 -0.701766 0.497794
    outer loop
      vertex 4.06895 -14.7444 20.7939
      vertex 4.02667 -14.8393 20.7034
      vertex 4.10392 -14.7832 20.7034
    endloop
  endfacet
  facet normal 0.510711 -0.294712 0.807663
    outer loop
      vertex 4.10392 -14.5798 20.8716
      vertex 4.02667 -14.5454 20.933
      vertex 4.06895 -14.6404 20.8716
    endloop
  endfacet
  facet normal 0.155402 -0.728263 0.667446
    outer loop
      vertex 3.90167 -14.7619 20.8716
      vertex 3.83325 -14.7765 20.8716
      vertex 3.92328 -14.8285 20.7939
    endloop
  endfacet
  facet normal 0.302448 -0.680507 0.667409
    outer loop
      vertex 3.96557 -14.7335 20.8716
      vertex 3.90167 -14.7619 20.8716
      vertex 3.92328 -14.8285 20.7939
    endloop
  endfacet
  facet normal 0.644682 -0.580213 -0.497733
    outer loop
      vertex 4.10392 -14.7832 0.296632
      vertex 4.06895 -14.7444 0.206108
      vertex 4.16782 -14.7122 0.296632
    endloop
  endfacet
  facet normal 0.644735 -0.580056 -0.497847
    outer loop
      vertex 4.16782 -14.7122 0.296632
      vertex 4.06895 -14.7444 0.206108
      vertex 4.12554 -14.6815 0.206108
    endloop
  endfacet
  facet normal 0.707235 -0.636605 -0.307494
    outer loop
      vertex 4.12554 -14.8072 0.396045
      vertex 4.10392 -14.7832 0.296632
      vertex 4.19395 -14.7312 0.396045
    endloop
  endfacet
  facet normal 0.739228 -0.665403 -0.103829
    outer loop
      vertex 4.13285 -14.8153 0.5
      vertex 4.12554 -14.8072 0.396045
      vertex 4.19395 -14.7312 0.396045
    endloop
  endfacet
  facet normal 0.122959 -0.169644 0.977805
    outer loop
      vertex 3.83325 -14.4826 20.9973
      vertex 3.82442 -14.489 20.9973
      vertex 3.87554 -14.5776 20.9755
    endloop
  endfacet
  facet normal 0.0860188 -0.190962 0.977821
    outer loop
      vertex 3.82442 -14.489 20.9973
      vertex 3.81443 -14.4935 20.9973
      vertex 3.87554 -14.5776 20.9755
    endloop
  endfacet
  facet normal 0.824692 -0.267926 0.498095
    outer loop
      vertex 4.19395 -14.5279 20.7939
      vertex 4.41105 -14.0279 20.7034
      vertex 4.36331 -14.0066 20.7939
    endloop
  endfacet
  facet normal 0.824795 -0.26801 0.497879
    outer loop
      vertex 4.41105 -14.0279 20.7034
      vertex 4.19395 -14.5279 20.7939
      vertex 4.24507 -14.5387 20.7034
    endloop
  endfacet
  facet normal -0.239544 -0.538973 0.807543
    outer loop
      vertex -3.92328 -14.6603 20.933
      vertex -3.96557 -14.7335 20.8716
      vertex -3.90167 -14.7619 20.8716
    endloop
  endfacet
  facet normal -0.302448 -0.680507 0.667409
    outer loop
      vertex -3.90167 -14.7619 20.8716
      vertex -3.96557 -14.7335 20.8716
      vertex -3.92328 -14.8285 20.7939
    endloop
  endfacet
  facet normal -0.0435667 -0.204962 0.9778
    outer loop
      vertex -1.58408 -14.9675 20.9973
      vertex -3.84603 -14.5907 20.9755
      vertex -1.58408 -15.0715 20.9755
    endloop
  endfacet
  facet normal -0.0435928 -0.205121 0.977765
    outer loop
      vertex -3.81443 -14.4935 20.9973
      vertex -3.84603 -14.5907 20.9755
      vertex -1.58408 -14.9675 20.9973
    endloop
  endfacet
  facet normal -0.437832 -0.602738 0.66709
    outer loop
      vertex -4.02215 -14.6924 20.8716
      vertex -4.06895 -14.7444 20.7939
      vertex -3.96557 -14.7335 20.8716
    endloop
  endfacet
  facet normal -0.346606 -0.477153 0.807582
    outer loop
      vertex -3.92328 -14.6603 20.933
      vertex -4.02215 -14.6924 20.8716
      vertex -3.96557 -14.7335 20.8716
    endloop
  endfacet
  facet normal -0.155787 -0.140273 0.97778
    outer loop
      vertex -3.84057 -14.4745 20.9973
      vertex -3.92328 -14.5346 20.9755
      vertex -3.90167 -14.5586 20.9755
    endloop
  endfacet
  facet normal -0.181792 -0.104482 0.977771
    outer loop
      vertex -3.84603 -14.465 20.9973
      vertex -3.92328 -14.5346 20.9755
      vertex -3.84057 -14.4745 20.9973
    endloop
  endfacet
  facet normal -0.584937 -0.80436 0.104184
    outer loop
      vertex -4.04282 -14.8673 20.604
      vertex -4.13285 -14.8153 20.5
      vertex -4.04828 -14.8768 20.5
    endloop
  endfacet
  facet normal -0.404648 -0.908513 0.104233
    outer loop
      vertex -4.04282 -14.8673 20.604
      vertex -4.04828 -14.8768 20.5
      vertex -3.94942 -14.9089 20.604
    endloop
  endfacet
  facet normal -0.64517 -0.372647 0.667001
    outer loop
      vertex -4.06895 -14.6404 20.8716
      vertex -4.16782 -14.6083 20.7939
      vertex -4.12554 -14.6815 20.7939
    endloop
  endfacet
  facet normal -0.750937 -0.433738 0.49796
    outer loop
      vertex -4.16782 -14.6083 20.7939
      vertex -4.16782 -14.7122 20.7034
      vertex -4.12554 -14.6815 20.7939
    endloop
  endfacet
  facet normal 0.352814 -0.792395 0.497627
    outer loop
      vertex 4.00054 -14.7941 20.7939
      vertex 3.92328 -14.8285 20.7939
      vertex 4.02667 -14.8393 20.7034
    endloop
  endfacet
  facet normal 0.707258 -0.636532 0.307593
    outer loop
      vertex 4.16782 -14.7122 20.7034
      vertex 4.10392 -14.7832 20.7034
      vertex 4.19395 -14.7312 20.604
    endloop
  endfacet
  facet normal 0.553752 -0.498377 0.667068
    outer loop
      vertex 4.06895 -14.6404 20.8716
      vertex 4.02215 -14.6924 20.8716
      vertex 4.06895 -14.7444 20.7939
    endloop
  endfacet
  facet normal 0.240559 -0.3303 0.912706
    outer loop
      vertex 3.96557 -14.6295 20.933
      vertex 3.90167 -14.5586 20.9755
      vertex 3.92328 -14.6603 20.933
    endloop
  endfacet
  facet normal 0.38753 -0.869104 0.307373
    outer loop
      vertex 4.02667 -14.8393 20.7034
      vertex 3.93943 -14.8782 20.7034
      vertex 3.94942 -14.9089 20.604
    endloop
  endfacet
  facet normal 0.387121 -0.86916 0.307731
    outer loop
      vertex 4.02667 -14.8393 20.7034
      vertex 3.94942 -14.9089 20.604
      vertex 4.04282 -14.8673 20.604
    endloop
  endfacet
  facet normal 0.123071 -0.576749 0.807598
    outer loop
      vertex 3.87554 -14.6815 20.933
      vertex 3.83325 -14.7765 20.8716
      vertex 3.90167 -14.7619 20.8716
    endloop
  endfacet
  facet normal 0.239544 -0.538973 0.807543
    outer loop
      vertex 3.92328 -14.6603 20.933
      vertex 3.90167 -14.7619 20.8716
      vertex 3.96557 -14.7335 20.8716
    endloop
  endfacet
  facet normal 0.165792 -0.373345 0.912758
    outer loop
      vertex 3.92328 -14.6603 20.933
      vertex 3.84603 -14.5907 20.9755
      vertex 3.87554 -14.6815 20.933
    endloop
  endfacet
  facet normal 0.154988 -0.729123 0.666603
    outer loop
      vertex 1.69293 -15.3025 20.7939
      vertex 3.83325 -14.7765 20.8716
      vertex 1.6029 -15.2506 20.8716
    endloop
  endfacet
  facet normal 0.154863 -0.728689 0.667106
    outer loop
      vertex 3.83325 -14.7765 20.8716
      vertex 1.69293 -15.3025 20.7939
      vertex 3.92328 -14.8285 20.7939
    endloop
  endfacet
  facet normal 0.199422 -0.0648024 0.977769
    outer loop
      vertex 3.84603 -14.465 20.9973
      vertex 4.13492 -13.9049 20.9755
      vertex 4.04152 -13.8634 20.9973
    endloop
  endfacet
  facet normal 0.199369 -0.0647741 0.977781
    outer loop
      vertex 4.13492 -13.9049 20.9755
      vertex 3.84603 -14.465 20.9973
      vertex 3.93943 -14.5066 20.9755
    endloop
  endfacet
  facet normal 0.560793 -0.18223 0.807653
    outer loop
      vertex 4.02667 -14.5454 20.933
      vertex 4.29941 -13.9782 20.8716
      vertex 4.22216 -13.9438 20.933
    endloop
  endfacet
  facet normal 0.560793 -0.18223 0.807653
    outer loop
      vertex 4.29941 -13.9782 20.8716
      vertex 4.02667 -14.5454 20.933
      vertex 4.10392 -14.5798 20.8716
    endloop
  endfacet
  facet normal 0.155787 -0.140273 0.97778
    outer loop
      vertex 3.92328 -14.5346 20.9755
      vertex 3.84057 -14.4745 20.9973
      vertex 3.90167 -14.5586 20.9755
    endloop
  endfacet
  facet normal 0.155476 -0.140504 0.977796
    outer loop
      vertex 3.84057 -14.4745 20.9973
      vertex 3.83325 -14.4826 20.9973
      vertex 3.90167 -14.5586 20.9755
    endloop
  endfacet
  facet normal 0.708651 -0.230227 0.66694
    outer loop
      vertex 4.29941 -13.9782 20.8716
      vertex 4.19395 -14.5279 20.7939
      vertex 4.36331 -14.0066 20.7939
    endloop
  endfacet
  facet normal 0.708477 -0.23022 0.667127
    outer loop
      vertex 4.19395 -14.5279 20.7939
      vertex 4.29941 -13.9782 20.8716
      vertex 4.10392 -14.5798 20.8716
    endloop
  endfacet
  facet normal -0.239341 -0.538969 0.807607
    outer loop
      vertex -3.87554 -14.6815 20.933
      vertex -3.92328 -14.6603 20.933
      vertex -3.90167 -14.7619 20.8716
    endloop
  endfacet
  facet normal -0.155402 -0.728263 0.667446
    outer loop
      vertex -3.90167 -14.7619 20.8716
      vertex -3.92328 -14.8285 20.7939
      vertex -3.83325 -14.7765 20.8716
    endloop
  endfacet
  facet normal -0.387121 -0.86916 0.307731
    outer loop
      vertex -4.02667 -14.8393 20.7034
      vertex -4.04282 -14.8673 20.604
      vertex -3.94942 -14.9089 20.604
    endloop
  endfacet
  facet normal -0.559101 -0.769884 0.307709
    outer loop
      vertex -4.02667 -14.8393 20.7034
      vertex -4.10392 -14.7832 20.7034
      vertex -4.04282 -14.8673 20.604
    endloop
  endfacet
  facet normal -0.824807 -0.267971 0.497881
    outer loop
      vertex -4.19395 -14.5279 20.7939
      vertex -4.24507 -14.5387 20.7034
      vertex -4.21557 -14.6295 20.7034
    endloop
  endfacet
  facet normal -0.904949 -0.294009 0.307615
    outer loop
      vertex -4.24507 -14.5387 20.7034
      vertex -4.24507 -14.6427 20.604
      vertex -4.21557 -14.6295 20.7034
    endloop
  endfacet
  facet normal 0.751055 -0.43365 0.497859
    outer loop
      vertex 4.16782 -14.6083 20.7939
      vertex 4.16782 -14.7122 20.7034
      vertex 4.21557 -14.6295 20.7034
    endloop
  endfacet
  facet normal 0.824745 -0.268042 0.497945
    outer loop
      vertex 4.19395 -14.5279 20.7939
      vertex 4.16782 -14.6083 20.7939
      vertex 4.21557 -14.6295 20.7034
    endloop
  endfacet
  facet normal 0.644692 -0.580018 0.497946
    outer loop
      vertex 4.12554 -14.6815 20.7939
      vertex 4.06895 -14.7444 20.7939
      vertex 4.16782 -14.7122 20.7034
    endloop
  endfacet
  facet normal 0.437832 -0.602738 0.66709
    outer loop
      vertex 4.02215 -14.6924 20.8716
      vertex 3.96557 -14.7335 20.8716
      vertex 4.06895 -14.7444 20.7939
    endloop
  endfacet
  facet normal 0.0849441 -0.399612 0.91274
    outer loop
      vertex 3.84603 -14.5907 20.9755
      vertex 1.64518 -15.1556 20.933
      vertex 3.87554 -14.6815 20.933
    endloop
  endfacet
  facet normal -0.0849441 -0.399612 0.91274
    outer loop
      vertex -3.84603 -14.5907 20.9755
      vertex -3.87554 -14.6815 20.933
      vertex -1.64518 -15.1556 20.933
    endloop
  endfacet
  facet normal -0.165792 -0.373345 0.912758
    outer loop
      vertex -3.84603 -14.5907 20.9755
      vertex -3.92328 -14.6603 20.933
      vertex -3.87554 -14.6815 20.933
    endloop
  endfacet
  facet normal -0.645191 -0.372316 0.667165
    outer loop
      vertex -4.10392 -14.5798 20.8716
      vertex -4.16782 -14.6083 20.7939
      vertex -4.06895 -14.6404 20.8716
    endloop
  endfacet
  facet normal -0.708483 -0.230257 0.667109
    outer loop
      vertex -4.10392 -14.5798 20.8716
      vertex -4.19395 -14.5279 20.7939
      vertex -4.16782 -14.6083 20.7939
    endloop
  endfacet
  facet normal 0.509806 -0.701727 0.497672
    outer loop
      vertex 4.06895 -14.7444 20.7939
      vertex 4.00054 -14.7941 20.7939
      vertex 4.02667 -14.8393 20.7034
    endloop
  endfacet
  facet normal 0.437857 -0.602692 0.667117
    outer loop
      vertex 4.06895 -14.7444 20.7939
      vertex 3.96557 -14.7335 20.8716
      vertex 4.00054 -14.7941 20.7939
    endloop
  endfacet
  facet normal 0.750937 -0.433738 0.49796
    outer loop
      vertex 4.16782 -14.6083 20.7939
      vertex 4.12554 -14.6815 20.7939
      vertex 4.16782 -14.7122 20.7034
    endloop
  endfacet
  facet normal 0.438041 -0.394801 0.807622
    outer loop
      vertex 4.00054 -14.5907 20.933
      vertex 3.96557 -14.6295 20.933
      vertex 4.06895 -14.6404 20.8716
    endloop
  endfacet
  facet normal 0.64517 -0.372647 0.667001
    outer loop
      vertex 4.16782 -14.6083 20.7939
      vertex 4.06895 -14.6404 20.8716
      vertex 4.12554 -14.6815 20.7939
    endloop
  endfacet
  facet normal 0.645191 -0.372316 0.667165
    outer loop
      vertex 4.10392 -14.5798 20.8716
      vertex 4.06895 -14.6404 20.8716
      vertex 4.16782 -14.6083 20.7939
    endloop
  endfacet
  facet normal -0.206793 0.972838 -0.10403
    outer loop
      vertex -3.94942 14.9089 0.396045
      vertex -1.72243 15.3934 0.5
      vertex -1.71906 15.383 0.396045
    endloop
  endfacet
  facet normal -0.206793 0.972838 -0.10403
    outer loop
      vertex -1.72243 15.3934 0.5
      vertex -3.94942 14.9089 0.396045
      vertex -3.95279 14.9193 0.5
    endloop
  endfacet
  facet normal 0.588138 0.808761 -0
    outer loop
      vertex 4.13285 14.8153 0.5
      vertex 4.04828 14.8768 20.5
      vertex 4.13285 14.8153 20.5
    endloop
  endfacet
  facet normal 0.588138 0.808761 0
    outer loop
      vertex 4.04828 14.8768 20.5
      vertex 4.13285 14.8153 0.5
      vertex 4.04828 14.8768 0.5
    endloop
  endfacet
  facet normal 0.0434634 0.204512 -0.977899
    outer loop
      vertex 3.81443 14.4935 0.00273991
      vertex 1.58408 14.9675 0.00273991
      vertex 3.84603 14.5907 0.0244722
    endloop
  endfacet
  facet normal 0.206494 0.972902 -0.104026
    outer loop
      vertex 1.71906 15.383 0.396045
      vertex 1.62019 15.4151 0.5
      vertex 1.72243 15.3934 0.5
    endloop
  endfacet
  facet normal -0.346606 0.477153 0.807582
    outer loop
      vertex -3.96557 14.7335 20.8716
      vertex -4.02215 14.6924 20.8716
      vertex -3.92328 14.6603 20.933
    endloop
  endfacet
  facet normal 0 0.408493 -0.912762
    outer loop
      vertex -1.58408 15.0715 0.0244722
      vertex 1.59406 15.1665 0.066988
      vertex 1.58408 15.0715 0.0244722
    endloop
  endfacet
  facet normal 0 0.408493 -0.912762
    outer loop
      vertex 1.59406 15.1665 0.066988
      vertex -1.58408 15.0715 0.0244722
      vertex -1.59406 15.1665 0.066988
    endloop
  endfacet
  facet normal 0.352837 0.792447 -0.497528
    outer loop
      vertex 4.00054 14.7941 0.206108
      vertex 3.92328 14.8285 0.206108
      vertex 4.02667 14.8393 0.296632
    endloop
  endfacet
  facet normal 0.155402 0.728263 0.667446
    outer loop
      vertex 3.92328 14.8285 20.7939
      vertex 3.83325 14.7765 20.8716
      vertex 3.90167 14.7619 20.8716
    endloop
  endfacet
  facet normal 0 0.994553 0.104237
    outer loop
      vertex 1.62019 15.4151 20.5
      vertex -1.61905 15.4042 20.604
      vertex 1.61905 15.4042 20.604
    endloop
  endfacet
  facet normal 0 0.994553 0.104237
    outer loop
      vertex -1.61905 15.4042 20.604
      vertex 1.62019 15.4151 20.5
      vertex -1.62019 15.4151 20.5
    endloop
  endfacet
  facet normal 0.207621 0.978209 -0
    outer loop
      vertex 1.72243 15.3934 0.5
      vertex 1.62019 15.4151 20.5
      vertex 1.72243 15.3934 20.5
    endloop
  endfacet
  facet normal 0.207621 0.978209 0
    outer loop
      vertex 1.62019 15.4151 20.5
      vertex 1.72243 15.3934 0.5
      vertex 1.62019 15.4151 0.5
    endloop
  endfacet
  facet normal 0.0860188 0.190962 0.977821
    outer loop
      vertex 3.87554 14.5776 20.9755
      vertex 3.81443 14.4935 20.9973
      vertex 3.82442 14.489 20.9973
    endloop
  endfacet
  facet normal 0.559311 0.769821 -0.307485
    outer loop
      vertex 4.10392 14.7832 0.296632
      vertex 4.04282 14.8673 0.396045
      vertex 4.12554 14.8072 0.396045
    endloop
  endfacet
  facet normal -0.302971 0.680452 -0.667228
    outer loop
      vertex -3.96557 14.7335 0.128428
      vertex -4.00054 14.7941 0.206108
      vertex -3.92328 14.8285 0.206108
    endloop
  endfacet
  facet normal 0.406618 0.913598 -0
    outer loop
      vertex 4.04828 14.8768 0.5
      vertex 3.95279 14.9193 20.5
      vertex 4.04828 14.8768 20.5
    endloop
  endfacet
  facet normal 0.406618 0.913598 0
    outer loop
      vertex 3.95279 14.9193 20.5
      vertex 4.04828 14.8768 0.5
      vertex 3.95279 14.9193 0.5
    endloop
  endfacet
  facet normal -0.17984 0.848338 0.497976
    outer loop
      vertex -3.84603 14.898 20.7034
      vertex -3.93943 14.8782 20.7034
      vertex -3.92328 14.8285 20.7939
    endloop
  endfacet
  facet normal 0 0.208972 -0.977922
    outer loop
      vertex -1.57339 14.9698 0.00273991
      vertex 1.58408 15.0715 0.0244722
      vertex 1.57339 14.9698 0.00273991
    endloop
  endfacet
  facet normal 0 0.208972 -0.977922
    outer loop
      vertex 1.58408 15.0715 0.0244722
      vertex -1.57339 14.9698 0.00273991
      vertex -1.58408 15.0715 0.0244722
    endloop
  endfacet
  facet normal -0.584612 0.804644 -0.103806
    outer loop
      vertex -4.12554 14.8072 0.396045
      vertex -4.13285 14.8153 0.5
      vertex -4.04282 14.8673 0.396045
    endloop
  endfacet
  facet normal -0.165803 0.3735 -0.912692
    outer loop
      vertex -3.87554 14.5776 0.0244722
      vertex -3.92328 14.6603 0.066988
      vertex -3.84603 14.5907 0.0244722
    endloop
  endfacet
  facet normal -0.406618 0.913598 0
    outer loop
      vertex -3.95279 14.9193 0.5
      vertex -4.04828 14.8768 20.5
      vertex -3.95279 14.9193 20.5
    endloop
  endfacet
  facet normal -0.406618 0.913598 0
    outer loop
      vertex -4.04828 14.8768 20.5
      vertex -3.95279 14.9193 0.5
      vertex -4.04828 14.8768 0.5
    endloop
  endfacet
  facet normal -0.165752 0.373384 0.912749
    outer loop
      vertex -3.84603 14.5907 20.9755
      vertex -3.92328 14.6603 20.933
      vertex -3.87554 14.5776 20.9755
    endloop
  endfacet
  facet normal 0 0.951609 0.30731
    outer loop
      vertex 1.61905 15.4042 20.604
      vertex -1.61567 15.3721 20.7034
      vertex 1.61567 15.3721 20.7034
    endloop
  endfacet
  facet normal 0 0.951609 0.30731
    outer loop
      vertex -1.61567 15.3721 20.7034
      vertex 1.61905 15.4042 20.604
      vertex -1.61905 15.4042 20.604
    endloop
  endfacet
  facet normal 0.207921 0.978146 -0
    outer loop
      vertex 3.95279 14.9193 0.5
      vertex 1.72243 15.3934 20.5
      vertex 3.95279 14.9193 20.5
    endloop
  endfacet
  facet normal 0.207921 0.978146 0
    outer loop
      vertex 1.72243 15.3934 20.5
      vertex 3.95279 14.9193 0.5
      vertex 1.72243 15.3934 0.5
    endloop
  endfacet
  facet normal 0.206495 0.972907 0.103982
    outer loop
      vertex 1.72243 15.3934 20.5
      vertex 1.62019 15.4151 20.5
      vertex 1.71906 15.383 20.604
    endloop
  endfacet
  facet normal 0 1 -0
    outer loop
      vertex 1.62019 15.4151 0.5
      vertex -1.62019 15.4151 20.5
      vertex 1.62019 15.4151 20.5
    endloop
  endfacet
  facet normal 0 1 0
    outer loop
      vertex -1.62019 15.4151 20.5
      vertex 1.62019 15.4151 0.5
      vertex -1.62019 15.4151 0.5
    endloop
  endfacet
  facet normal -0.865943 0.500142 0
    outer loop
      vertex -4.25506 14.6471 0.5
      vertex -4.20279 14.7376 20.5
      vertex -4.20279 14.7376 0.5
    endloop
  endfacet
  facet normal -0.865943 0.500142 0
    outer loop
      vertex -4.20279 14.7376 20.5
      vertex -4.25506 14.6471 0.5
      vertex -4.25506 14.6471 20.5
    endloop
  endfacet
  facet normal 0.154845 0.728605 -0.667201
    outer loop
      vertex 3.83325 14.7765 0.128428
      vertex 1.69293 15.3025 0.206108
      vertex 3.92328 14.8285 0.206108
    endloop
  endfacet
  facet normal 0.15497 0.729039 -0.666698
    outer loop
      vertex 1.69293 15.3025 0.206108
      vertex 3.83325 14.7765 0.128428
      vertex 1.6029 15.2506 0.128428
    endloop
  endfacet
  facet normal 0.0439664 0.204348 -0.97791
    outer loop
      vertex 1.58408 14.9675 0.00273991
      vertex 1.57339 14.9698 0.00273991
      vertex 1.58408 15.0715 0.0244722
    endloop
  endfacet
  facet normal -0.0434634 0.204512 -0.977899
    outer loop
      vertex -3.81443 14.4935 0.00273991
      vertex -3.84603 14.5907 0.0244722
      vertex -1.58408 14.9675 0.00273991
    endloop
  endfacet
  facet normal 0.823999 0.475767 -0.307687
    outer loop
      vertex 4.21557 14.6295 0.296632
      vertex 4.16782 14.7122 0.296632
      vertex 4.24507 14.6427 0.396045
    endloop
  endfacet
  facet normal 0.155385 0.728179 -0.667541
    outer loop
      vertex 3.90167 14.7619 0.128428
      vertex 3.83325 14.7765 0.128428
      vertex 3.92328 14.8285 0.206108
    endloop
  endfacet
  facet normal -0.239341 0.538969 0.807607
    outer loop
      vertex -3.90167 14.7619 20.8716
      vertex -3.92328 14.6603 20.933
      vertex -3.87554 14.6815 20.933
    endloop
  endfacet
  facet normal -0.0435928 0.205121 0.977765
    outer loop
      vertex -1.58408 14.9675 20.9973
      vertex -3.84603 14.5907 20.9755
      vertex -3.81443 14.4935 20.9973
    endloop
  endfacet
  facet normal 0.206241 0.972934 0.104232
    outer loop
      vertex 1.62019 15.4151 20.5
      vertex 1.61905 15.4042 20.604
      vertex 1.71906 15.383 20.604
    endloop
  endfacet
  facet normal 0.155112 0.729025 0.666681
    outer loop
      vertex 1.61021 15.3201 20.7939
      vertex 1.6029 15.2506 20.8716
      vertex 1.69293 15.3025 20.7939
    endloop
  endfacet
  facet normal 0.90496 0.294012 -0.307578
    outer loop
      vertex 4.24507 14.5387 0.296632
      vertex 4.21557 14.6295 0.296632
      vertex 4.24507 14.6427 0.396045
    endloop
  endfacet
  facet normal 0.644639 0.580175 0.497832
    outer loop
      vertex 4.10392 14.7832 20.7034
      vertex 4.06895 14.7444 20.7939
      vertex 4.16782 14.7122 20.7034
    endloop
  endfacet
  facet normal -0.0851646 0.399414 0.912806
    outer loop
      vertex -1.59406 15.1665 20.933
      vertex -1.64518 15.1556 20.933
      vertex -1.58408 15.0715 20.9755
    endloop
  endfacet
  facet normal -0.823989 0.475761 0.307724
    outer loop
      vertex -4.16782 14.7122 20.7034
      vertex -4.24507 14.6427 20.604
      vertex -4.21557 14.6295 20.7034
    endloop
  endfacet
  facet normal -0.180444 0.848087 0.498185
    outer loop
      vertex -1.61567 15.3721 20.7034
      vertex -1.69293 15.3025 20.7939
      vertex -1.61021 15.3201 20.7939
    endloop
  endfacet
  facet normal 0.303597 0.273364 0.912744
    outer loop
      vertex 4.00054 14.5907 20.933
      vertex 3.90167 14.5586 20.9755
      vertex 3.92328 14.5346 20.9755
    endloop
  endfacet
  facet normal 0.387121 0.86916 0.307731
    outer loop
      vertex 4.04282 14.8673 20.604
      vertex 3.94942 14.9089 20.604
      vertex 4.02667 14.8393 20.7034
    endloop
  endfacet
  facet normal 0.179852 0.848394 -0.497877
    outer loop
      vertex 3.92328 14.8285 0.206108
      vertex 3.84603 14.898 0.296632
      vertex 3.93943 14.8782 0.296632
    endloop
  endfacet
  facet normal 0 0.589906 -0.807472
    outer loop
      vertex -1.59406 15.1665 0.066988
      vertex 1.6029 15.2506 0.128428
      vertex 1.59406 15.1665 0.066988
    endloop
  endfacet
  facet normal 0 0.589906 -0.807472
    outer loop
      vertex 1.6029 15.2506 0.128428
      vertex -1.59406 15.1665 0.066988
      vertex -1.6029 15.2506 0.128428
    endloop
  endfacet
  facet normal -0.207621 0.978209 0
    outer loop
      vertex -1.62019 15.4151 0.5
      vertex -1.72243 15.3934 20.5
      vertex -1.62019 15.4151 20.5
    endloop
  endfacet
  facet normal -0.207621 0.978209 0
    outer loop
      vertex -1.72243 15.3934 20.5
      vertex -1.62019 15.4151 0.5
      vertex -1.72243 15.3934 0.5
    endloop
  endfacet
  facet normal -0.904949 0.294009 0.307615
    outer loop
      vertex -4.24507 14.6427 20.604
      vertex -4.24507 14.5387 20.7034
      vertex -4.21557 14.6295 20.7034
    endloop
  endfacet
  facet normal -0.404414 0.908647 0.103969
    outer loop
      vertex -3.95279 14.9193 20.5
      vertex -4.04828 14.8768 20.5
      vertex -3.94942 14.9089 20.604
    endloop
  endfacet
  facet normal -0.0848186 0.191068 -0.977905
    outer loop
      vertex -3.81443 14.4935 0.00273991
      vertex -3.87554 14.5776 0.0244722
      vertex -3.84603 14.5907 0.0244722
    endloop
  endfacet
  facet normal 0.0434373 0.204353 -0.977933
    outer loop
      vertex 3.84603 14.5907 0.0244722
      vertex 1.58408 14.9675 0.00273991
      vertex 1.58408 15.0715 0.0244722
    endloop
  endfacet
  facet normal -0.181034 0.104418 -0.977918
    outer loop
      vertex -3.84603 14.465 0.00273991
      vertex -3.93943 14.5066 0.0244722
      vertex -3.92328 14.5346 0.0244722
    endloop
  endfacet
  facet normal -0.0851909 0.399538 -0.91275
    outer loop
      vertex -1.58408 15.0715 0.0244722
      vertex -1.64518 15.1556 0.066988
      vertex -1.59406 15.1665 0.066988
    endloop
  endfacet
  facet normal 0.239443 0.539198 -0.807424
    outer loop
      vertex 3.92328 14.6603 0.066988
      vertex 3.87554 14.6815 0.066988
      vertex 3.90167 14.7619 0.128428
    endloop
  endfacet
  facet normal 0.123124 0.576994 -0.807415
    outer loop
      vertex 3.87554 14.6815 0.066988
      vertex 3.83325 14.7765 0.128428
      vertex 3.90167 14.7619 0.128428
    endloop
  endfacet
  facet normal -0.0849572 0.399686 -0.912707
    outer loop
      vertex -1.58408 15.0715 0.0244722
      vertex -3.84603 14.5907 0.0244722
      vertex -1.64518 15.1556 0.066988
    endloop
  endfacet
  facet normal -0.388534 0.126233 -0.912747
    outer loop
      vertex -4.22216 13.9438 0.066988
      vertex -3.93943 14.5066 0.0244722
      vertex -4.13492 13.9049 0.0244722
    endloop
  endfacet
  facet normal -0.388631 0.126286 -0.912698
    outer loop
      vertex -3.93943 14.5066 0.0244722
      vertex -4.22216 13.9438 0.066988
      vertex -4.02667 14.5454 0.066988
    endloop
  endfacet
  facet normal 0.122593 0.169141 -0.977938
    outer loop
      vertex 3.83325 14.4826 0.00273991
      vertex 3.82442 14.489 0.00273991
      vertex 3.87554 14.5776 0.0244722
    endloop
  endfacet
  facet normal -0.0439664 0.204348 -0.97791
    outer loop
      vertex -1.57339 14.9698 0.00273991
      vertex -1.58408 14.9675 0.00273991
      vertex -1.58408 15.0715 0.0244722
    endloop
  endfacet
  facet normal 0.86126 0.497437 -0.103864
    outer loop
      vertex 4.25506 14.6471 0.5
      vertex 4.19395 14.7312 0.396045
      vertex 4.20279 14.7376 0.5
    endloop
  endfacet
  facet normal 0.9459 0.30737 -0.10391
    outer loop
      vertex 4.28736 14.5477 0.5
      vertex 4.24507 14.6427 0.396045
      vertex 4.25506 14.6471 0.5
    endloop
  endfacet
  facet normal 0.353873 0.204121 0.912748
    outer loop
      vertex 4.00054 14.5907 20.933
      vertex 3.93943 14.5066 20.9755
      vertex 4.02667 14.5454 20.933
    endloop
  endfacet
  facet normal -0.180267 0.848052 0.498309
    outer loop
      vertex -3.84603 14.898 20.7034
      vertex -1.69293 15.3025 20.7939
      vertex -1.61567 15.3721 20.7034
    endloop
  endfacet
  facet normal -0.180311 0.848432 0.497646
    outer loop
      vertex -1.69293 15.3025 20.7939
      vertex -3.84603 14.898 20.7034
      vertex -3.92328 14.8285 20.7939
    endloop
  endfacet
  facet normal -0.707226 0.636597 0.307531
    outer loop
      vertex -4.12554 14.8072 20.604
      vertex -4.19395 14.7312 20.604
      vertex -4.10392 14.7832 20.7034
    endloop
  endfacet
  facet normal -0.0435667 0.204962 0.9778
    outer loop
      vertex -1.58408 15.0715 20.9755
      vertex -3.84603 14.5907 20.9755
      vertex -1.58408 14.9675 20.9973
    endloop
  endfacet
  facet normal 0.12297 0.576716 0.807637
    outer loop
      vertex 1.6029 15.2506 20.8716
      vertex 1.59406 15.1665 20.933
      vertex 1.64518 15.1556 20.933
    endloop
  endfacet
  facet normal 0.346606 0.477153 0.807582
    outer loop
      vertex 3.96557 14.7335 20.8716
      vertex 3.92328 14.6603 20.933
      vertex 4.02215 14.6924 20.8716
    endloop
  endfacet
  facet normal 0.180444 0.848087 0.498185
    outer loop
      vertex 1.61567 15.3721 20.7034
      vertex 1.61021 15.3201 20.7939
      vertex 1.69293 15.3025 20.7939
    endloop
  endfacet
  facet normal -0.179852 0.848394 -0.497877
    outer loop
      vertex -3.92328 14.8285 0.206108
      vertex -3.93943 14.8782 0.296632
      vertex -3.84603 14.898 0.296632
    endloop
  endfacet
  facet normal -0.123124 0.576994 -0.807415
    outer loop
      vertex -3.87554 14.6815 0.066988
      vertex -3.90167 14.7619 0.128428
      vertex -3.83325 14.7765 0.128428
    endloop
  endfacet
  facet normal -0.207921 0.978146 0
    outer loop
      vertex -1.72243 15.3934 0.5
      vertex -3.95279 14.9193 20.5
      vertex -1.72243 15.3934 20.5
    endloop
  endfacet
  facet normal -0.207921 0.978146 0
    outer loop
      vertex -3.95279 14.9193 20.5
      vertex -1.72243 15.3934 0.5
      vertex -3.95279 14.9193 0.5
    endloop
  endfacet
  facet normal -0.951048 0.309043 0
    outer loop
      vertex -4.45055 14.0455 0.5
      vertex -4.28736 14.5477 20.5
      vertex -4.28736 14.5477 0.5
    endloop
  endfacet
  facet normal -0.951048 0.309043 0
    outer loop
      vertex -4.28736 14.5477 20.5
      vertex -4.45055 14.0455 0.5
      vertex -4.45055 14.0455 20.5
    endloop
  endfacet
  facet normal -0.823999 0.475767 -0.307687
    outer loop
      vertex -4.21557 14.6295 0.296632
      vertex -4.24507 14.6427 0.396045
      vertex -4.16782 14.7122 0.296632
    endloop
  endfacet
  facet normal -0.553688 0.49832 -0.667163
    outer loop
      vertex -4.02215 14.6924 0.128428
      vertex -4.06895 14.6404 0.128428
      vertex -4.06895 14.7444 0.206108
    endloop
  endfacet
  facet normal 0.165843 0.37346 -0.912701
    outer loop
      vertex 3.92328 14.6603 0.066988
      vertex 3.84603 14.5907 0.0244722
      vertex 3.87554 14.6815 0.066988
    endloop
  endfacet
  facet normal 0.0848186 0.191068 -0.977905
    outer loop
      vertex 3.87554 14.5776 0.0244722
      vertex 3.81443 14.4935 0.00273991
      vertex 3.84603 14.5907 0.0244722
    endloop
  endfacet
  facet normal -0.0434373 0.204353 -0.977933
    outer loop
      vertex -1.58408 14.9675 0.00273991
      vertex -3.84603 14.5907 0.0244722
      vertex -1.58408 15.0715 0.0244722
    endloop
  endfacet
  facet normal 0.404412 0.908643 -0.104014
    outer loop
      vertex 4.04828 14.8768 0.5
      vertex 3.94942 14.9089 0.396045
      vertex 3.95279 14.9193 0.5
    endloop
  endfacet
  facet normal 0.708401 0.23023 -0.667204
    outer loop
      vertex 4.19395 14.5279 0.206108
      vertex 4.10392 14.5798 0.128428
      vertex 4.16782 14.6083 0.206108
    endloop
  endfacet
  facet normal 0.353991 0.204177 -0.912689
    outer loop
      vertex 3.93943 14.5066 0.0244722
      vertex 3.92328 14.5346 0.0244722
      vertex 4.00054 14.5907 0.066988
    endloop
  endfacet
  facet normal -0.438227 0.394969 -0.807439
    outer loop
      vertex -4.00054 14.5907 0.066988
      vertex -4.06895 14.6404 0.128428
      vertex -3.96557 14.6295 0.066988
    endloop
  endfacet
  facet normal -0.165843 0.37346 -0.912701
    outer loop
      vertex -3.84603 14.5907 0.0244722
      vertex -3.92328 14.6603 0.066988
      vertex -3.87554 14.6815 0.066988
    endloop
  endfacet
  facet normal -0.239443 0.539198 -0.807424
    outer loop
      vertex -3.87554 14.6815 0.066988
      vertex -3.92328 14.6603 0.066988
      vertex -3.90167 14.7619 0.128428
    endloop
  endfacet
  facet normal -0.155014 0.140087 -0.97793
    outer loop
      vertex -3.84057 14.4745 0.00273991
      vertex -3.90167 14.5586 0.0244722
      vertex -3.83325 14.4826 0.00273991
    endloop
  endfacet
  facet normal -0.122593 0.169141 -0.977938
    outer loop
      vertex -3.83325 14.4826 0.00273991
      vertex -3.87554 14.5776 0.0244722
      vertex -3.82442 14.489 0.00273991
    endloop
  endfacet
  facet normal -0.19883 0.0646099 -0.977902
    outer loop
      vertex -4.13492 13.9049 0.0244722
      vertex -3.84603 14.465 0.00273991
      vertex -4.04152 13.8634 0.00273991
    endloop
  endfacet
  facet normal -0.198777 0.0645817 -0.977915
    outer loop
      vertex -3.84603 14.465 0.00273991
      vertex -4.13492 13.9049 0.0244722
      vertex -3.93943 14.5066 0.0244722
    endloop
  endfacet
  facet normal 0.181252 0.104172 -0.977904
    outer loop
      vertex 3.84603 14.465 0.00273991
      vertex 3.84057 14.4745 0.00273991
      vertex 3.92328 14.5346 0.0244722
    endloop
  endfacet
  facet normal 0.12289 0.169006 -0.977924
    outer loop
      vertex 3.90167 14.5586 0.0244722
      vertex 3.83325 14.4826 0.00273991
      vertex 3.87554 14.5776 0.0244722
    endloop
  endfacet
  facet normal 0.951048 0.309043 0
    outer loop
      vertex 4.45055 14.0455 20.5
      vertex 4.28736 14.5477 0.5
      vertex 4.28736 14.5477 20.5
    endloop
  endfacet
  facet normal 0.951048 0.309043 0
    outer loop
      vertex 4.28736 14.5477 0.5
      vertex 4.45055 14.0455 20.5
      vertex 4.45055 14.0455 0.5
    endloop
  endfacet
  facet normal 0.750987 0.433767 -0.497861
    outer loop
      vertex 4.16782 14.6083 0.206108
      vertex 4.12554 14.6815 0.206108
      vertex 4.16782 14.7122 0.296632
    endloop
  endfacet
  facet normal 0.707235 0.636605 -0.307494
    outer loop
      vertex 4.19395 14.7312 0.396045
      vertex 4.10392 14.7832 0.296632
      vertex 4.12554 14.8072 0.396045
    endloop
  endfacet
  facet normal 0.197828 0.930663 -0.307783
    outer loop
      vertex 3.84603 14.898 0.296632
      vertex 1.71906 15.383 0.396045
      vertex 3.94942 14.9089 0.396045
    endloop
  endfacet
  facet normal 0.197828 0.930663 -0.307783
    outer loop
      vertex 1.71906 15.383 0.396045
      vertex 3.84603 14.898 0.296632
      vertex 1.61567 15.3721 0.296632
    endloop
  endfacet
  facet normal 0.404646 0.908508 -0.104278
    outer loop
      vertex 4.04282 14.8673 0.396045
      vertex 3.94942 14.9089 0.396045
      vertex 4.04828 14.8768 0.5
    endloop
  endfacet
  facet normal 0.123071 0.576749 0.807598
    outer loop
      vertex 3.90167 14.7619 20.8716
      vertex 3.83325 14.7765 20.8716
      vertex 3.87554 14.6815 20.933
    endloop
  endfacet
  facet normal 0.743247 0.669018 0
    outer loop
      vertex 4.20279 14.7376 20.5
      vertex 4.13285 14.8153 0.5
      vertex 4.13285 14.8153 20.5
    endloop
  endfacet
  facet normal 0.743247 0.669018 0
    outer loop
      vertex 4.13285 14.8153 0.5
      vertex 4.20279 14.7376 20.5
      vertex 4.20279 14.7376 0.5
    endloop
  endfacet
  facet normal 0.824807 0.267971 0.497881
    outer loop
      vertex 4.21557 14.6295 20.7034
      vertex 4.19395 14.5279 20.7939
      vertex 4.24507 14.5387 20.7034
    endloop
  endfacet
  facet normal 0.945904 0.307371 0.103866
    outer loop
      vertex 4.25506 14.6471 20.5
      vertex 4.24507 14.6427 20.604
      vertex 4.28736 14.5477 20.5
    endloop
  endfacet
  facet normal 0.180311 0.848432 0.497646
    outer loop
      vertex 3.84603 14.898 20.7034
      vertex 1.69293 15.3025 20.7939
      vertex 3.92328 14.8285 20.7939
    endloop
  endfacet
  facet normal 0.180267 0.848052 0.498309
    outer loop
      vertex 1.69293 15.3025 20.7939
      vertex 3.84603 14.898 20.7034
      vertex 1.61567 15.3721 20.7034
    endloop
  endfacet
  facet normal -0.510711 0.294712 0.807663
    outer loop
      vertex -4.06895 14.6404 20.8716
      vertex -4.10392 14.5798 20.8716
      vertex -4.02667 14.5454 20.933
    endloop
  endfacet
  facet normal -0.584615 0.804648 0.103761
    outer loop
      vertex -4.04282 14.8673 20.604
      vertex -4.13285 14.8153 20.5
      vertex -4.12554 14.8072 20.604
    endloop
  endfacet
  facet normal -0.951048 0.309043 0
    outer loop
      vertex -4.28736 14.5477 0.5
      vertex -4.25506 14.6471 20.5
      vertex -4.25506 14.6471 0.5
    endloop
  endfacet
  facet normal -0.951048 0.309043 0
    outer loop
      vertex -4.25506 14.6471 20.5
      vertex -4.28736 14.5477 0.5
      vertex -4.28736 14.5477 20.5
    endloop
  endfacet
  facet normal -0.437832 0.602738 0.66709
    outer loop
      vertex -3.96557 14.7335 20.8716
      vertex -4.06895 14.7444 20.7939
      vertex -4.02215 14.6924 20.8716
    endloop
  endfacet
  facet normal -0.707258 0.636532 0.307593
    outer loop
      vertex -4.10392 14.7832 20.7034
      vertex -4.19395 14.7312 20.604
      vertex -4.16782 14.7122 20.7034
    endloop
  endfacet
  facet normal -0.154988 0.729123 0.666603
    outer loop
      vertex -1.69293 15.3025 20.7939
      vertex -3.83325 14.7765 20.8716
      vertex -1.6029 15.2506 20.8716
    endloop
  endfacet
  facet normal -0.154863 0.728689 0.667106
    outer loop
      vertex -3.83325 14.7765 20.8716
      vertex -1.69293 15.3025 20.7939
      vertex -3.92328 14.8285 20.7939
    endloop
  endfacet
  facet normal -0.861246 0.497479 0.103777
    outer loop
      vertex -4.19395 14.7312 20.604
      vertex -4.25506 14.6471 20.5
      vertex -4.24507 14.6427 20.604
    endloop
  endfacet
  facet normal -0.155402 0.728263 0.667446
    outer loop
      vertex -3.83325 14.7765 20.8716
      vertex -3.92328 14.8285 20.7939
      vertex -3.90167 14.7619 20.8716
    endloop
  endfacet
  facet normal -0.155112 0.729025 0.666681
    outer loop
      vertex -1.61021 15.3201 20.7939
      vertex -1.69293 15.3025 20.7939
      vertex -1.6029 15.2506 20.8716
    endloop
  endfacet
  facet normal -0.206241 0.972934 0.104232
    outer loop
      vertex -1.62019 15.4151 20.5
      vertex -1.71906 15.383 20.604
      vertex -1.61905 15.4042 20.604
    endloop
  endfacet
  facet normal -0.197334 0.930915 0.307338
    outer loop
      vertex -1.61905 15.4042 20.604
      vertex -1.71906 15.383 20.604
      vertex -1.61567 15.3721 20.7034
    endloop
  endfacet
  facet normal -0.0440974 0.204957 0.977777
    outer loop
      vertex -1.58408 15.0715 20.9755
      vertex -1.58408 14.9675 20.9973
      vertex -1.57339 14.9698 20.9973
    endloop
  endfacet
  facet normal 0.708483 0.230257 0.667109
    outer loop
      vertex 4.16782 14.6083 20.7939
      vertex 4.10392 14.5798 20.8716
      vertex 4.19395 14.5279 20.7939
    endloop
  endfacet
  facet normal 0 0.209595 0.977788
    outer loop
      vertex 1.58408 15.0715 20.9755
      vertex -1.57339 14.9698 20.9973
      vertex 1.57339 14.9698 20.9973
    endloop
  endfacet
  facet normal 0 0.209595 0.977788
    outer loop
      vertex -1.57339 14.9698 20.9973
      vertex 1.58408 15.0715 20.9755
      vertex -1.58408 15.0715 20.9755
    endloop
  endfacet
  facet normal -0.12297 0.576716 0.807637
    outer loop
      vertex -1.6029 15.2506 20.8716
      vertex -1.64518 15.1556 20.933
      vertex -1.59406 15.1665 20.933
    endloop
  endfacet
  facet normal 0.644692 0.580018 0.497946
    outer loop
      vertex 4.16782 14.7122 20.7034
      vertex 4.06895 14.7444 20.7939
      vertex 4.12554 14.6815 20.7939
    endloop
  endfacet
  facet normal 0.861246 0.497479 0.103777
    outer loop
      vertex 4.25506 14.6471 20.5
      vertex 4.19395 14.7312 20.604
      vertex 4.24507 14.6427 20.604
    endloop
  endfacet
  facet normal 0 0.745342 0.666683
    outer loop
      vertex 1.61021 15.3201 20.7939
      vertex -1.6029 15.2506 20.8716
      vertex 1.6029 15.2506 20.8716
    endloop
  endfacet
  facet normal 0 0.745342 0.666683
    outer loop
      vertex -1.6029 15.2506 20.8716
      vertex 1.61021 15.3201 20.7939
      vertex -1.61021 15.3201 20.7939
    endloop
  endfacet
  facet normal -0.240559 0.3303 0.912706
    outer loop
      vertex -3.92328 14.6603 20.933
      vertex -3.96557 14.6295 20.933
      vertex -3.90167 14.5586 20.9755
    endloop
  endfacet
  facet normal -0.206495 0.972907 0.103982
    outer loop
      vertex -1.62019 15.4151 20.5
      vertex -1.72243 15.3934 20.5
      vertex -1.71906 15.383 20.604
    endloop
  endfacet
  facet normal -0.197825 0.930651 0.30782
    outer loop
      vertex -1.71906 15.383 20.604
      vertex -3.84603 14.898 20.7034
      vertex -1.61567 15.3721 20.7034
    endloop
  endfacet
  facet normal -0.197825 0.930651 0.30782
    outer loop
      vertex -3.84603 14.898 20.7034
      vertex -1.71906 15.383 20.604
      vertex -3.94942 14.9089 20.604
    endloop
  endfacet
  facet normal 0 0.867119 -0.498102
    outer loop
      vertex 1.61021 15.3201 0.206108
      vertex -1.61567 15.3721 0.296632
      vertex 1.61567 15.3721 0.296632
    endloop
  endfacet
  facet normal 0 0.867119 -0.498102
    outer loop
      vertex -1.61567 15.3721 0.296632
      vertex 1.61021 15.3201 0.206108
      vertex -1.61021 15.3201 0.206108
    endloop
  endfacet
  facet normal 0.122625 0.576876 -0.807575
    outer loop
      vertex 1.64518 15.1556 0.066988
      vertex 3.83325 14.7765 0.128428
      vertex 3.87554 14.6815 0.066988
    endloop
  endfacet
  facet normal 0.122623 0.576867 -0.807582
    outer loop
      vertex 3.83325 14.7765 0.128428
      vertex 1.64518 15.1556 0.066988
      vertex 1.6029 15.2506 0.128428
    endloop
  endfacet
  facet normal 0 0.745256 -0.666778
    outer loop
      vertex 1.6029 15.2506 0.128428
      vertex -1.61021 15.3201 0.206108
      vertex 1.61021 15.3201 0.206108
    endloop
  endfacet
  facet normal 0 0.745256 -0.666778
    outer loop
      vertex -1.61021 15.3201 0.206108
      vertex 1.6029 15.2506 0.128428
      vertex -1.6029 15.2506 0.128428
    endloop
  endfacet
  facet normal -0.180279 0.848108 -0.498209
    outer loop
      vertex -1.69293 15.3025 0.206108
      vertex -3.84603 14.898 0.296632
      vertex -1.61567 15.3721 0.296632
    endloop
  endfacet
  facet normal -0.180323 0.848487 -0.497547
    outer loop
      vertex -3.84603 14.898 0.296632
      vertex -1.69293 15.3025 0.206108
      vertex -3.92328 14.8285 0.206108
    endloop
  endfacet
  facet normal -0.437782 0.602669 -0.667186
    outer loop
      vertex -4.02215 14.6924 0.128428
      vertex -4.06895 14.7444 0.206108
      vertex -3.96557 14.7335 0.128428
    endloop
  endfacet
  facet normal -0.559311 0.769821 -0.307485
    outer loop
      vertex -4.10392 14.7832 0.296632
      vertex -4.12554 14.8072 0.396045
      vertex -4.04282 14.8673 0.396045
    endloop
  endfacet
  facet normal -0.197828 0.930663 -0.307783
    outer loop
      vertex -3.84603 14.898 0.296632
      vertex -1.71906 15.383 0.396045
      vertex -1.61567 15.3721 0.296632
    endloop
  endfacet
  facet normal -0.197828 0.930663 -0.307783
    outer loop
      vertex -1.71906 15.383 0.396045
      vertex -3.84603 14.898 0.296632
      vertex -3.94942 14.9089 0.396045
    endloop
  endfacet
  facet normal -0.206494 0.972902 -0.104026
    outer loop
      vertex -1.71906 15.383 0.396045
      vertex -1.72243 15.3934 0.5
      vertex -1.62019 15.4151 0.5
    endloop
  endfacet
  facet normal -0.197347 0.930921 -0.307312
    outer loop
      vertex -3.93943 14.8782 0.296632
      vertex -3.94942 14.9089 0.396045
      vertex -3.84603 14.898 0.296632
    endloop
  endfacet
  facet normal -0.509839 0.701773 -0.497572
    outer loop
      vertex -4.00054 14.7941 0.206108
      vertex -4.06895 14.7444 0.206108
      vertex -4.02667 14.8393 0.296632
    endloop
  endfacet
  facet normal -0.861264 0.497439 0.103819
    outer loop
      vertex -4.20279 14.7376 20.5
      vertex -4.25506 14.6471 20.5
      vertex -4.19395 14.7312 20.604
    endloop
  endfacet
  facet normal -0.94591 0.307322 -0.103957
    outer loop
      vertex -4.44056 14.041 0.396045
      vertex -4.28736 14.5477 0.5
      vertex -4.24507 14.6427 0.396045
    endloop
  endfacet
  facet normal -0.945871 0.307361 -0.104202
    outer loop
      vertex -4.28736 14.5477 0.5
      vertex -4.44056 14.041 0.396045
      vertex -4.45055 14.0455 0.5
    endloop
  endfacet
  facet normal -0.86126 0.497437 -0.103864
    outer loop
      vertex -4.19395 14.7312 0.396045
      vertex -4.25506 14.6471 0.5
      vertex -4.20279 14.7376 0.5
    endloop
  endfacet
  facet normal 0.206793 0.972838 -0.10403
    outer loop
      vertex 3.94942 14.9089 0.396045
      vertex 1.72243 15.3934 0.5
      vertex 3.95279 14.9193 0.5
    endloop
  endfacet
  facet normal 0.206793 0.972838 -0.10403
    outer loop
      vertex 1.72243 15.3934 0.5
      vertex 3.94942 14.9089 0.396045
      vertex 1.71906 15.383 0.396045
    endloop
  endfacet
  facet normal 0.353182 0.792073 -0.497878
    outer loop
      vertex 4.02667 14.8393 0.296632
      vertex 3.92328 14.8285 0.206108
      vertex 3.93943 14.8782 0.296632
    endloop
  endfacet
  facet normal 0.824861 0.267989 -0.497781
    outer loop
      vertex 4.24507 14.5387 0.296632
      vertex 4.19395 14.5279 0.206108
      vertex 4.21557 14.6295 0.296632
    endloop
  endfacet
  facet normal -0.347142 0.476644 -0.807653
    outer loop
      vertex -3.96557 14.6295 0.066988
      vertex -4.02215 14.6924 0.128428
      vertex -3.92328 14.6603 0.066988
    endloop
  endfacet
  facet normal -0.346753 0.477355 -0.807399
    outer loop
      vertex -3.92328 14.6603 0.066988
      vertex -4.02215 14.6924 0.128428
      vertex -3.96557 14.7335 0.128428
    endloop
  endfacet
  facet normal -0.303691 0.273448 -0.912687
    outer loop
      vertex -3.92328 14.5346 0.0244722
      vertex -4.00054 14.5907 0.066988
      vertex -3.90167 14.5586 0.0244722
    endloop
  endfacet
  facet normal -0.240634 0.330403 -0.91265
    outer loop
      vertex -3.90167 14.5586 0.0244722
      vertex -3.96557 14.6295 0.066988
      vertex -3.92328 14.6603 0.066988
    endloop
  endfacet
  facet normal -0.181252 0.104172 -0.977904
    outer loop
      vertex -3.84603 14.465 0.00273991
      vertex -3.92328 14.5346 0.0244722
      vertex -3.84057 14.4745 0.00273991
    endloop
  endfacet
  facet normal 0.510928 0.294837 -0.80748
    outer loop
      vertex 4.10392 14.5798 0.128428
      vertex 4.02667 14.5454 0.066988
      vertex 4.06895 14.6404 0.128428
    endloop
  endfacet
  facet normal 0.303691 0.273448 -0.912687
    outer loop
      vertex 3.92328 14.5346 0.0244722
      vertex 3.90167 14.5586 0.0244722
      vertex 4.00054 14.5907 0.066988
    endloop
  endfacet
  facet normal 0.239646 0.539202 -0.80736
    outer loop
      vertex 3.92328 14.6603 0.066988
      vertex 3.90167 14.7619 0.128428
      vertex 3.96557 14.7335 0.128428
    endloop
  endfacet
  facet normal 0.0857633 0.190395 -0.977954
    outer loop
      vertex 3.82442 14.489 0.00273991
      vertex 3.81443 14.4935 0.00273991
      vertex 3.87554 14.5776 0.0244722
    endloop
  endfacet
  facet normal 0.584612 0.804644 -0.103806
    outer loop
      vertex 4.12554 14.8072 0.396045
      vertex 4.04282 14.8673 0.396045
      vertex 4.13285 14.8153 0.5
    endloop
  endfacet
  facet normal 0.584934 0.804356 -0.104229
    outer loop
      vertex 4.13285 14.8153 0.5
      vertex 4.04282 14.8673 0.396045
      vertex 4.04828 14.8768 0.5
    endloop
  endfacet
  facet normal 0.387535 0.869115 -0.307337
    outer loop
      vertex 4.02667 14.8393 0.296632
      vertex 3.93943 14.8782 0.296632
      vertex 3.94942 14.9089 0.396045
    endloop
  endfacet
  facet normal 0.197347 0.930921 -0.307312
    outer loop
      vertex 3.93943 14.8782 0.296632
      vertex 3.84603 14.898 0.296632
      vertex 3.94942 14.9089 0.396045
    endloop
  endfacet
  facet normal 0.584615 0.804648 0.103761
    outer loop
      vertex 4.13285 14.8153 20.5
      vertex 4.04282 14.8673 20.604
      vertex 4.12554 14.8072 20.604
    endloop
  endfacet
  facet normal 0.509632 0.701766 0.497794
    outer loop
      vertex 4.10392 14.7832 20.7034
      vertex 4.02667 14.8393 20.7034
      vertex 4.06895 14.7444 20.7939
    endloop
  endfacet
  facet normal 0.438041 0.394801 0.807622
    outer loop
      vertex 4.06895 14.6404 20.8716
      vertex 3.96557 14.6295 20.933
      vertex 4.00054 14.5907 20.933
    endloop
  endfacet
  facet normal 0.239544 0.538973 0.807543
    outer loop
      vertex 3.96557 14.7335 20.8716
      vertex 3.90167 14.7619 20.8716
      vertex 3.92328 14.6603 20.933
    endloop
  endfacet
  facet normal -0.303006 0.68053 0.667133
    outer loop
      vertex -3.92328 14.8285 20.7939
      vertex -4.00054 14.7941 20.7939
      vertex -3.96557 14.7335 20.8716
    endloop
  endfacet
  facet normal -0.30352 0.273559 0.912711
    outer loop
      vertex -3.96557 14.6295 20.933
      vertex -4.00054 14.5907 20.933
      vertex -3.90167 14.5586 20.9755
    endloop
  endfacet
  facet normal -0.945904 0.307371 0.103866
    outer loop
      vertex -4.25506 14.6471 20.5
      vertex -4.28736 14.5477 20.5
      vertex -4.24507 14.6427 20.604
    endloop
  endfacet
  facet normal -0.584937 0.80436 0.104184
    outer loop
      vertex -4.04828 14.8768 20.5
      vertex -4.13285 14.8153 20.5
      vertex -4.04282 14.8673 20.604
    endloop
  endfacet
  facet normal -0.708483 0.230257 0.667109
    outer loop
      vertex -4.16782 14.6083 20.7939
      vertex -4.19395 14.5279 20.7939
      vertex -4.10392 14.5798 20.8716
    endloop
  endfacet
  facet normal -0.510808 0.294645 0.807626
    outer loop
      vertex -4.00054 14.5907 20.933
      vertex -4.06895 14.6404 20.8716
      vertex -4.02667 14.5454 20.933
    endloop
  endfacet
  facet normal -0.239544 0.538973 0.807543
    outer loop
      vertex -3.90167 14.7619 20.8716
      vertex -3.96557 14.7335 20.8716
      vertex -3.92328 14.6603 20.933
    endloop
  endfacet
  facet normal 0.197334 0.930915 0.307338
    outer loop
      vertex 1.61905 15.4042 20.604
      vertex 1.61567 15.3721 20.7034
      vertex 1.71906 15.383 20.604
    endloop
  endfacet
  facet normal 0 0.589655 0.807655
    outer loop
      vertex 1.6029 15.2506 20.8716
      vertex -1.59406 15.1665 20.933
      vertex 1.59406 15.1665 20.933
    endloop
  endfacet
  facet normal 0 0.589655 0.807655
    outer loop
      vertex -1.59406 15.1665 20.933
      vertex 1.6029 15.2506 20.8716
      vertex -1.6029 15.2506 20.8716
    endloop
  endfacet
  facet normal 0 0.408366 0.912818
    outer loop
      vertex 1.59406 15.1665 20.933
      vertex -1.58408 15.0715 20.9755
      vertex 1.58408 15.0715 20.9755
    endloop
  endfacet
  facet normal 0 0.408366 0.912818
    outer loop
      vertex -1.58408 15.0715 20.9755
      vertex 1.59406 15.1665 20.933
      vertex -1.59406 15.1665 20.933
    endloop
  endfacet
  facet normal 0 0.867062 0.498201
    outer loop
      vertex 1.61567 15.3721 20.7034
      vertex -1.61021 15.3201 20.7939
      vertex 1.61021 15.3201 20.7939
    endloop
  endfacet
  facet normal 0 0.867062 0.498201
    outer loop
      vertex -1.61021 15.3201 20.7939
      vertex 1.61567 15.3721 20.7034
      vertex -1.61567 15.3721 20.7034
    endloop
  endfacet
  facet normal -0.155787 0.140273 0.97778
    outer loop
      vertex -3.90167 14.5586 20.9755
      vertex -3.92328 14.5346 20.9755
      vertex -3.84057 14.4745 20.9973
    endloop
  endfacet
  facet normal -0.181574 0.104729 0.977785
    outer loop
      vertex -3.92328 14.5346 20.9755
      vertex -3.93943 14.5066 20.9755
      vertex -3.84603 14.465 20.9973
    endloop
  endfacet
  facet normal -0.197337 0.930927 -0.307301
    outer loop
      vertex -1.61567 15.3721 0.296632
      vertex -1.71906 15.383 0.396045
      vertex -1.61905 15.4042 0.396045
    endloop
  endfacet
  facet normal 0.155094 0.728941 -0.666776
    outer loop
      vertex 1.69293 15.3025 0.206108
      vertex 1.6029 15.2506 0.128428
      vertex 1.61021 15.3201 0.206108
    endloop
  endfacet
  facet normal 0.180456 0.848143 -0.498086
    outer loop
      vertex 1.69293 15.3025 0.206108
      vertex 1.61021 15.3201 0.206108
      vertex 1.61567 15.3721 0.296632
    endloop
  endfacet
  facet normal 0 0.951621 -0.307274
    outer loop
      vertex 1.61567 15.3721 0.296632
      vertex -1.61905 15.4042 0.396045
      vertex 1.61905 15.4042 0.396045
    endloop
  endfacet
  facet normal 0 0.951621 -0.307274
    outer loop
      vertex -1.61905 15.4042 0.396045
      vertex 1.61567 15.3721 0.296632
      vertex -1.61567 15.3721 0.296632
    endloop
  endfacet
  facet normal 0.0851909 0.399538 -0.91275
    outer loop
      vertex 1.64518 15.1556 0.066988
      vertex 1.58408 15.0715 0.0244722
      vertex 1.59406 15.1665 0.066988
    endloop
  endfacet
  facet normal 0.123022 0.576961 -0.807454
    outer loop
      vertex 1.64518 15.1556 0.066988
      vertex 1.59406 15.1665 0.066988
      vertex 1.6029 15.2506 0.128428
    endloop
  endfacet
  facet normal -0.861242 0.497477 -0.103821
    outer loop
      vertex -4.24507 14.6427 0.396045
      vertex -4.25506 14.6471 0.5
      vertex -4.19395 14.7312 0.396045
    endloop
  endfacet
  facet normal -0.404412 0.908643 -0.104014
    outer loop
      vertex -3.94942 14.9089 0.396045
      vertex -4.04828 14.8768 0.5
      vertex -3.95279 14.9193 0.5
    endloop
  endfacet
  facet normal -0.123022 0.576961 -0.807454
    outer loop
      vertex -1.59406 15.1665 0.066988
      vertex -1.64518 15.1556 0.066988
      vertex -1.6029 15.2506 0.128428
    endloop
  endfacet
  facet normal -0.155385 0.728179 -0.667541
    outer loop
      vertex -3.90167 14.7619 0.128428
      vertex -3.92328 14.8285 0.206108
      vertex -3.83325 14.7765 0.128428
    endloop
  endfacet
  facet normal -0.584934 0.804356 -0.104229
    outer loop
      vertex -4.04282 14.8673 0.396045
      vertex -4.13285 14.8153 0.5
      vertex -4.04828 14.8768 0.5
    endloop
  endfacet
  facet normal -0.404646 0.908508 -0.104278
    outer loop
      vertex -4.04282 14.8673 0.396045
      vertex -4.04828 14.8768 0.5
      vertex -3.94942 14.9089 0.396045
    endloop
  endfacet
  facet normal -0.588138 0.808761 0
    outer loop
      vertex -4.04828 14.8768 0.5
      vertex -4.13285 14.8153 20.5
      vertex -4.04828 14.8768 20.5
    endloop
  endfacet
  facet normal -0.588138 0.808761 0
    outer loop
      vertex -4.13285 14.8153 20.5
      vertex -4.04828 14.8768 0.5
      vertex -4.13285 14.8153 0.5
    endloop
  endfacet
  facet normal -0.904957 0.294017 -0.307583
    outer loop
      vertex -4.24507 14.5387 0.296632
      vertex -4.44056 14.041 0.396045
      vertex -4.24507 14.6427 0.396045
    endloop
  endfacet
  facet normal -0.905003 0.294073 -0.307394
    outer loop
      vertex -4.44056 14.041 0.396045
      vertex -4.24507 14.5387 0.296632
      vertex -4.41105 14.0279 0.296632
    endloop
  endfacet
  facet normal -0.645096 0.372605 -0.667096
    outer loop
      vertex -4.06895 14.6404 0.128428
      vertex -4.16782 14.6083 0.206108
      vertex -4.12554 14.6815 0.206108
    endloop
  endfacet
  facet normal -0.9459 0.30737 -0.10391
    outer loop
      vertex -4.24507 14.6427 0.396045
      vertex -4.28736 14.5477 0.5
      vertex -4.25506 14.6471 0.5
    endloop
  endfacet
  facet normal 0.302413 0.680429 -0.667504
    outer loop
      vertex 3.96557 14.7335 0.128428
      vertex 3.90167 14.7619 0.128428
      vertex 3.92328 14.8285 0.206108
    endloop
  endfacet
  facet normal 0.302971 0.680452 -0.667228
    outer loop
      vertex 3.96557 14.7335 0.128428
      vertex 3.92328 14.8285 0.206108
      vertex 4.00054 14.7941 0.206108
    endloop
  endfacet
  facet normal 0.437806 0.602623 -0.667212
    outer loop
      vertex 4.06895 14.7444 0.206108
      vertex 3.96557 14.7335 0.128428
      vertex 4.00054 14.7941 0.206108
    endloop
  endfacet
  facet normal 0.509839 0.701773 -0.497572
    outer loop
      vertex 4.06895 14.7444 0.206108
      vertex 4.00054 14.7941 0.206108
      vertex 4.02667 14.8393 0.296632
    endloop
  endfacet
  facet normal -0.240312 0.330493 -0.912702
    outer loop
      vertex -3.90167 14.5586 0.0244722
      vertex -3.92328 14.6603 0.066988
      vertex -3.87554 14.5776 0.0244722
    endloop
  endfacet
  facet normal 0.645117 0.372273 -0.66726
    outer loop
      vertex 4.10392 14.5798 0.128428
      vertex 4.06895 14.6404 0.128428
      vertex 4.16782 14.6083 0.206108
    endloop
  endfacet
  facet normal -0.12289 0.169006 -0.977924
    outer loop
      vertex -3.83325 14.4826 0.00273991
      vertex -3.90167 14.5586 0.0244722
      vertex -3.87554 14.5776 0.0244722
    endloop
  endfacet
  facet normal 0.155325 0.139857 -0.977913
    outer loop
      vertex 3.92328 14.5346 0.0244722
      vertex 3.84057 14.4745 0.00273991
      vertex 3.90167 14.5586 0.0244722
    endloop
  endfacet
  facet normal 0.240634 0.330403 -0.91265
    outer loop
      vertex 3.96557 14.6295 0.066988
      vertex 3.90167 14.5586 0.0244722
      vertex 3.92328 14.6603 0.066988
    endloop
  endfacet
  facet normal 0.346753 0.477355 -0.807399
    outer loop
      vertex 4.02215 14.6924 0.128428
      vertex 3.92328 14.6603 0.066988
      vertex 3.96557 14.7335 0.128428
    endloop
  endfacet
  facet normal 0.165803 0.3735 -0.912692
    outer loop
      vertex 3.87554 14.5776 0.0244722
      vertex 3.84603 14.5907 0.0244722
      vertex 3.92328 14.6603 0.066988
    endloop
  endfacet
  facet normal 0.240312 0.330493 -0.912702
    outer loop
      vertex 3.90167 14.5586 0.0244722
      vertex 3.87554 14.5776 0.0244722
      vertex 3.92328 14.6603 0.066988
    endloop
  endfacet
  facet normal 0.865943 0.500142 0
    outer loop
      vertex 4.25506 14.6471 20.5
      vertex 4.20279 14.7376 0.5
      vertex 4.20279 14.7376 20.5
    endloop
  endfacet
  facet normal 0.865943 0.500142 0
    outer loop
      vertex 4.20279 14.7376 0.5
      vertex 4.25506 14.6471 20.5
      vertex 4.25506 14.6471 0.5
    endloop
  endfacet
  facet normal 0.559304 0.769811 0.307521
    outer loop
      vertex 4.12554 14.8072 20.604
      vertex 4.04282 14.8673 20.604
      vertex 4.10392 14.7832 20.7034
    endloop
  endfacet
  facet normal 0.861242 0.497477 -0.103821
    outer loop
      vertex 4.24507 14.6427 0.396045
      vertex 4.19395 14.7312 0.396045
      vertex 4.25506 14.6471 0.5
    endloop
  endfacet
  facet normal 0.951048 0.309043 0
    outer loop
      vertex 4.28736 14.5477 20.5
      vertex 4.25506 14.6471 0.5
      vertex 4.25506 14.6471 20.5
    endloop
  endfacet
  facet normal 0.951048 0.309043 0
    outer loop
      vertex 4.25506 14.6471 0.5
      vertex 4.28736 14.5477 20.5
      vertex 4.28736 14.5477 0.5
    endloop
  endfacet
  facet normal 0.824849 0.268028 -0.49778
    outer loop
      vertex 4.41105 14.0279 0.296632
      vertex 4.19395 14.5279 0.206108
      vertex 4.24507 14.5387 0.296632
    endloop
  endfacet
  facet normal 0.824746 0.267944 -0.497996
    outer loop
      vertex 4.19395 14.5279 0.206108
      vertex 4.41105 14.0279 0.296632
      vertex 4.36331 14.0066 0.206108
    endloop
  endfacet
  facet normal 0.180323 0.848487 -0.497547
    outer loop
      vertex 1.69293 15.3025 0.206108
      vertex 3.84603 14.898 0.296632
      vertex 3.92328 14.8285 0.206108
    endloop
  endfacet
  facet normal 0.180279 0.848108 -0.498209
    outer loop
      vertex 3.84603 14.898 0.296632
      vertex 1.69293 15.3025 0.206108
      vertex 1.61567 15.3721 0.296632
    endloop
  endfacet
  facet normal 0.387125 0.869171 -0.307695
    outer loop
      vertex 4.02667 14.8393 0.296632
      vertex 3.94942 14.9089 0.396045
      vertex 4.04282 14.8673 0.396045
    endloop
  endfacet
  facet normal 0.559107 0.769894 -0.307672
    outer loop
      vertex 4.10392 14.7832 0.296632
      vertex 4.02667 14.8393 0.296632
      vertex 4.04282 14.8673 0.396045
    endloop
  endfacet
  facet normal 0.584937 0.80436 0.104184
    outer loop
      vertex 4.04828 14.8768 20.5
      vertex 4.04282 14.8673 20.604
      vertex 4.13285 14.8153 20.5
    endloop
  endfacet
  facet normal 0.197345 0.930909 0.307348
    outer loop
      vertex 3.94942 14.9089 20.604
      vertex 3.84603 14.898 20.7034
      vertex 3.93943 14.8782 20.7034
    endloop
  endfacet
  facet normal 0.708477 0.23022 0.667127
    outer loop
      vertex 4.29941 13.9782 20.8716
      vertex 4.19395 14.5279 20.7939
      vertex 4.10392 14.5798 20.8716
    endloop
  endfacet
  facet normal 0.708651 0.230227 0.66694
    outer loop
      vertex 4.19395 14.5279 20.7939
      vertex 4.29941 13.9782 20.8716
      vertex 4.36331 14.0066 20.7939
    endloop
  endfacet
  facet normal 0.437832 0.602738 0.66709
    outer loop
      vertex 4.06895 14.7444 20.7939
      vertex 3.96557 14.7335 20.8716
      vertex 4.02215 14.6924 20.8716
    endloop
  endfacet
  facet normal 0.404648 0.908513 0.104233
    outer loop
      vertex 4.04828 14.8768 20.5
      vertex 3.94942 14.9089 20.604
      vertex 4.04282 14.8673 20.604
    endloop
  endfacet
  facet normal 0.823989 0.475761 0.307724
    outer loop
      vertex 4.24507 14.6427 20.604
      vertex 4.16782 14.7122 20.7034
      vertex 4.21557 14.6295 20.7034
    endloop
  endfacet
  facet normal 0.945914 0.307324 0.103913
    outer loop
      vertex 4.44056 14.041 20.604
      vertex 4.28736 14.5477 20.5
      vertex 4.24507 14.6427 20.604
    endloop
  endfacet
  facet normal 0.945875 0.307362 0.104158
    outer loop
      vertex 4.28736 14.5477 20.5
      vertex 4.44056 14.041 20.604
      vertex 4.45055 14.0455 20.5
    endloop
  endfacet
  facet normal 0.823946 0.475934 0.30757
    outer loop
      vertex 4.19395 14.7312 20.604
      vertex 4.16782 14.7122 20.7034
      vertex 4.24507 14.6427 20.604
    endloop
  endfacet
  facet normal 0.824795 0.26801 0.497879
    outer loop
      vertex 4.19395 14.5279 20.7939
      vertex 4.41105 14.0279 20.7034
      vertex 4.24507 14.5387 20.7034
    endloop
  endfacet
  facet normal 0.824692 0.267926 0.498095
    outer loop
      vertex 4.41105 14.0279 20.7034
      vertex 4.19395 14.5279 20.7939
      vertex 4.36331 14.0066 20.7939
    endloop
  endfacet
  facet normal -0.438041 0.394801 0.807622
    outer loop
      vertex -3.96557 14.6295 20.933
      vertex -4.06895 14.6404 20.8716
      vertex -4.00054 14.5907 20.933
    endloop
  endfacet
  facet normal -0.743247 0.669018 0
    outer loop
      vertex -4.20279 14.7376 0.5
      vertex -4.13285 14.8153 20.5
      vertex -4.13285 14.8153 0.5
    endloop
  endfacet
  facet normal -0.743247 0.669018 0
    outer loop
      vertex -4.13285 14.8153 20.5
      vertex -4.20279 14.7376 0.5
      vertex -4.20279 14.7376 20.5
    endloop
  endfacet
  facet normal -0.353159 0.792021 0.497977
    outer loop
      vertex -3.93943 14.8782 20.7034
      vertex -4.02667 14.8393 20.7034
      vertex -3.92328 14.8285 20.7939
    endloop
  endfacet
  facet normal -0.404648 0.908513 0.104233
    outer loop
      vertex -3.94942 14.9089 20.604
      vertex -4.04828 14.8768 20.5
      vertex -4.04282 14.8673 20.604
    endloop
  endfacet
  facet normal -0.945875 0.307362 0.104158
    outer loop
      vertex -4.44056 14.041 20.604
      vertex -4.28736 14.5477 20.5
      vertex -4.45055 14.0455 20.5
    endloop
  endfacet
  facet normal -0.945914 0.307324 0.103913
    outer loop
      vertex -4.28736 14.5477 20.5
      vertex -4.44056 14.041 20.604
      vertex -4.24507 14.6427 20.604
    endloop
  endfacet
  facet normal -0.560793 0.18223 0.807653
    outer loop
      vertex -4.29941 13.9782 20.8716
      vertex -4.02667 14.5454 20.933
      vertex -4.10392 14.5798 20.8716
    endloop
  endfacet
  facet normal -0.560793 0.18223 0.807653
    outer loop
      vertex -4.02667 14.5454 20.933
      vertex -4.29941 13.9782 20.8716
      vertex -4.22216 13.9438 20.933
    endloop
  endfacet
  facet normal -0.824807 0.267971 0.497881
    outer loop
      vertex -4.21557 14.6295 20.7034
      vertex -4.24507 14.5387 20.7034
      vertex -4.19395 14.5279 20.7939
    endloop
  endfacet
  facet normal -0.0849441 0.399612 0.91274
    outer loop
      vertex -1.64518 15.1556 20.933
      vertex -3.87554 14.6815 20.933
      vertex -3.84603 14.5907 20.9755
    endloop
  endfacet
  facet normal -0.0849309 0.399562 0.912763
    outer loop
      vertex -1.64518 15.1556 20.933
      vertex -3.84603 14.5907 20.9755
      vertex -1.58408 15.0715 20.9755
    endloop
  endfacet
  facet normal -0.123071 0.576749 0.807598
    outer loop
      vertex -3.83325 14.7765 20.8716
      vertex -3.90167 14.7619 20.8716
      vertex -3.87554 14.6815 20.933
    endloop
  endfacet
  facet normal -0.122571 0.576622 0.807765
    outer loop
      vertex -3.83325 14.7765 20.8716
      vertex -1.64518 15.1556 20.933
      vertex -1.6029 15.2506 20.8716
    endloop
  endfacet
  facet normal -0.122572 0.576631 0.807758
    outer loop
      vertex -1.64518 15.1556 20.933
      vertex -3.83325 14.7765 20.8716
      vertex -3.87554 14.6815 20.933
    endloop
  endfacet
  facet normal 0.122959 0.169644 0.977805
    outer loop
      vertex 3.87554 14.5776 20.9755
      vertex 3.82442 14.489 20.9973
      vertex 3.83325 14.4826 20.9973
    endloop
  endfacet
  facet normal -0.165792 0.373345 0.912758
    outer loop
      vertex -3.87554 14.6815 20.933
      vertex -3.92328 14.6603 20.933
      vertex -3.84603 14.5907 20.9755
    endloop
  endfacet
  facet normal 0.181792 0.104482 0.977771
    outer loop
      vertex 3.92328 14.5346 20.9755
      vertex 3.84057 14.4745 20.9973
      vertex 3.84603 14.465 20.9973
    endloop
  endfacet
  facet normal 0.0851646 0.399414 0.912806
    outer loop
      vertex 1.59406 15.1665 20.933
      vertex 1.58408 15.0715 20.9755
      vertex 1.64518 15.1556 20.933
    endloop
  endfacet
  facet normal 0.165792 0.373345 0.912758
    outer loop
      vertex 3.87554 14.6815 20.933
      vertex 3.84603 14.5907 20.9755
      vertex 3.92328 14.6603 20.933
    endloop
  endfacet
  facet normal 0.0849441 0.399612 0.91274
    outer loop
      vertex 3.87554 14.6815 20.933
      vertex 1.64518 15.1556 20.933
      vertex 3.84603 14.5907 20.9755
    endloop
  endfacet
  facet normal -0.181792 0.104482 0.977771
    outer loop
      vertex -3.84057 14.4745 20.9973
      vertex -3.92328 14.5346 20.9755
      vertex -3.84603 14.465 20.9973
    endloop
  endfacet
  facet normal 0.199369 0.0647741 0.977781
    outer loop
      vertex 3.84603 14.465 20.9973
      vertex 4.13492 13.9049 20.9755
      vertex 3.93943 14.5066 20.9755
    endloop
  endfacet
  facet normal 0.199422 0.0648024 0.977769
    outer loop
      vertex 4.13492 13.9049 20.9755
      vertex 3.84603 14.465 20.9973
      vertex 4.04152 13.8634 20.9973
    endloop
  endfacet
  facet normal -0.0850713 0.191638 0.977772
    outer loop
      vertex -3.84603 14.5907 20.9755
      vertex -3.87554 14.5776 20.9755
      vertex -3.81443 14.4935 20.9973
    endloop
  endfacet
  facet normal -0.353873 0.204121 0.912748
    outer loop
      vertex -4.00054 14.5907 20.933
      vertex -4.02667 14.5454 20.933
      vertex -3.93943 14.5066 20.9755
    endloop
  endfacet
  facet normal 0.0849309 0.399562 0.912763
    outer loop
      vertex 1.64518 15.1556 20.933
      vertex 1.58408 15.0715 20.9755
      vertex 3.84603 14.5907 20.9755
    endloop
  endfacet
  facet normal 0.197337 0.930927 -0.307301
    outer loop
      vertex 1.71906 15.383 0.396045
      vertex 1.61567 15.3721 0.296632
      vertex 1.61905 15.4042 0.396045
    endloop
  endfacet
  facet normal 0.20624 0.972929 -0.104276
    outer loop
      vertex 1.71906 15.383 0.396045
      vertex 1.61905 15.4042 0.396045
      vertex 1.62019 15.4151 0.5
    endloop
  endfacet
  facet normal -0.20624 0.972929 -0.104276
    outer loop
      vertex -1.61905 15.4042 0.396045
      vertex -1.71906 15.383 0.396045
      vertex -1.62019 15.4151 0.5
    endloop
  endfacet
  facet normal 0 0.994548 -0.104281
    outer loop
      vertex 1.61905 15.4042 0.396045
      vertex -1.62019 15.4151 0.5
      vertex 1.62019 15.4151 0.5
    endloop
  endfacet
  facet normal 0 0.994548 -0.104281
    outer loop
      vertex -1.62019 15.4151 0.5
      vertex 1.61905 15.4042 0.396045
      vertex -1.61905 15.4042 0.396045
    endloop
  endfacet
  facet normal -0.0849704 0.399736 -0.912684
    outer loop
      vertex -3.84603 14.5907 0.0244722
      vertex -3.87554 14.6815 0.066988
      vertex -1.64518 15.1556 0.066988
    endloop
  endfacet
  facet normal -0.155094 0.728941 -0.666776
    outer loop
      vertex -1.6029 15.2506 0.128428
      vertex -1.69293 15.3025 0.206108
      vertex -1.61021 15.3201 0.206108
    endloop
  endfacet
  facet normal 0.0849704 0.399736 -0.912684
    outer loop
      vertex 3.84603 14.5907 0.0244722
      vertex 1.64518 15.1556 0.066988
      vertex 3.87554 14.6815 0.066988
    endloop
  endfacet
  facet normal 0.0849572 0.399686 -0.912707
    outer loop
      vertex 3.84603 14.5907 0.0244722
      vertex 1.58408 15.0715 0.0244722
      vertex 1.64518 15.1556 0.066988
    endloop
  endfacet
  facet normal -0.352837 0.792447 -0.497528
    outer loop
      vertex -4.00054 14.7941 0.206108
      vertex -4.02667 14.8393 0.296632
      vertex -3.92328 14.8285 0.206108
    endloop
  endfacet
  facet normal -0.437806 0.602623 -0.667212
    outer loop
      vertex -3.96557 14.7335 0.128428
      vertex -4.06895 14.7444 0.206108
      vertex -4.00054 14.7941 0.206108
    endloop
  endfacet
  facet normal -0.180456 0.848143 -0.498086
    outer loop
      vertex -1.61021 15.3201 0.206108
      vertex -1.69293 15.3025 0.206108
      vertex -1.61567 15.3721 0.296632
    endloop
  endfacet
  facet normal -0.15497 0.729039 -0.666698
    outer loop
      vertex -3.83325 14.7765 0.128428
      vertex -1.69293 15.3025 0.206108
      vertex -1.6029 15.2506 0.128428
    endloop
  endfacet
  facet normal -0.154845 0.728605 -0.667201
    outer loop
      vertex -1.69293 15.3025 0.206108
      vertex -3.83325 14.7765 0.128428
      vertex -3.92328 14.8285 0.206108
    endloop
  endfacet
  facet normal -0.239646 0.539202 -0.80736
    outer loop
      vertex -3.92328 14.6603 0.066988
      vertex -3.96557 14.7335 0.128428
      vertex -3.90167 14.7619 0.128428
    endloop
  endfacet
  facet normal -0.302413 0.680429 -0.667504
    outer loop
      vertex -3.90167 14.7619 0.128428
      vertex -3.96557 14.7335 0.128428
      vertex -3.92328 14.8285 0.206108
    endloop
  endfacet
  facet normal -0.73923 0.665402 -0.103827
    outer loop
      vertex -4.19395 14.7312 0.396045
      vertex -4.20279 14.7376 0.5
      vertex -4.13285 14.8153 0.5
    endloop
  endfacet
  facet normal -0.739228 0.665403 -0.103829
    outer loop
      vertex -4.12554 14.8072 0.396045
      vertex -4.19395 14.7312 0.396045
      vertex -4.13285 14.8153 0.5
    endloop
  endfacet
  facet normal -0.559107 0.769894 -0.307672
    outer loop
      vertex -4.02667 14.8393 0.296632
      vertex -4.10392 14.7832 0.296632
      vertex -4.04282 14.8673 0.396045
    endloop
  endfacet
  facet normal -0.509666 0.701812 -0.497695
    outer loop
      vertex -4.06895 14.7444 0.206108
      vertex -4.10392 14.7832 0.296632
      vertex -4.02667 14.8393 0.296632
    endloop
  endfacet
  facet normal -0.739232 0.665406 0.103784
    outer loop
      vertex -4.13285 14.8153 20.5
      vertex -4.19395 14.7312 20.604
      vertex -4.12554 14.8072 20.604
    endloop
  endfacet
  facet normal -0.739233 0.665405 0.103783
    outer loop
      vertex -4.13285 14.8153 20.5
      vertex -4.20279 14.7376 20.5
      vertex -4.19395 14.7312 20.604
    endloop
  endfacet
  facet normal -0.750987 0.433767 -0.497861
    outer loop
      vertex -4.12554 14.6815 0.206108
      vertex -4.16782 14.6083 0.206108
      vertex -4.16782 14.7122 0.296632
    endloop
  endfacet
  facet normal -0.708396 0.230193 -0.667223
    outer loop
      vertex -4.29941 13.9782 0.128428
      vertex -4.19395 14.5279 0.206108
      vertex -4.10392 14.5798 0.128428
    endloop
  endfacet
  facet normal -0.70857 0.2302 -0.667035
    outer loop
      vertex -4.19395 14.5279 0.206108
      vertex -4.29941 13.9782 0.128428
      vertex -4.36331 14.0066 0.206108
    endloop
  endfacet
  facet normal -0.511025 0.29477 -0.807443
    outer loop
      vertex -4.02667 14.5454 0.066988
      vertex -4.06895 14.6404 0.128428
      vertex -4.00054 14.5907 0.066988
    endloop
  endfacet
  facet normal -0.43836 0.394524 -0.807584
    outer loop
      vertex -3.96557 14.6295 0.066988
      vertex -4.06895 14.6404 0.128428
      vertex -4.02215 14.6924 0.128428
    endloop
  endfacet
  facet normal 0.739228 0.665403 -0.103829
    outer loop
      vertex 4.19395 14.7312 0.396045
      vertex 4.12554 14.8072 0.396045
      vertex 4.13285 14.8153 0.5
    endloop
  endfacet
  facet normal 0.73923 0.665402 -0.103827
    outer loop
      vertex 4.19395 14.7312 0.396045
      vertex 4.13285 14.8153 0.5
      vertex 4.20279 14.7376 0.5
    endloop
  endfacet
  facet normal 0.645096 0.372605 -0.667096
    outer loop
      vertex 4.16782 14.6083 0.206108
      vertex 4.06895 14.6404 0.128428
      vertex 4.12554 14.6815 0.206108
    endloop
  endfacet
  facet normal 0.509666 0.701812 -0.497695
    outer loop
      vertex 4.06895 14.7444 0.206108
      vertex 4.02667 14.8393 0.296632
      vertex 4.10392 14.7832 0.296632
    endloop
  endfacet
  facet normal -0.303614 0.273643 -0.912654
    outer loop
      vertex -3.90167 14.5586 0.0244722
      vertex -4.00054 14.5907 0.066988
      vertex -3.96557 14.6295 0.066988
    endloop
  endfacet
  facet normal -0.155325 0.139857 -0.977913
    outer loop
      vertex -3.84057 14.4745 0.00273991
      vertex -3.92328 14.5346 0.0244722
      vertex -3.90167 14.5586 0.0244722
    endloop
  endfacet
  facet normal 0.155014 0.140087 -0.97793
    outer loop
      vertex 3.84057 14.4745 0.00273991
      vertex 3.83325 14.4826 0.00273991
      vertex 3.90167 14.5586 0.0244722
    endloop
  endfacet
  facet normal -0.0857633 0.190395 -0.977954
    outer loop
      vertex -3.82442 14.489 0.00273991
      vertex -3.87554 14.5776 0.0244722
      vertex -3.81443 14.4935 0.00273991
    endloop
  endfacet
  facet normal 0.904957 0.294017 -0.307583
    outer loop
      vertex 4.44056 14.041 0.396045
      vertex 4.24507 14.5387 0.296632
      vertex 4.24507 14.6427 0.396045
    endloop
  endfacet
  facet normal 0.905003 0.294073 -0.307394
    outer loop
      vertex 4.24507 14.5387 0.296632
      vertex 4.44056 14.041 0.396045
      vertex 4.41105 14.0279 0.296632
    endloop
  endfacet
  facet normal 0.388534 0.126233 -0.912747
    outer loop
      vertex 3.93943 14.5066 0.0244722
      vertex 4.22216 13.9438 0.066988
      vertex 4.13492 13.9049 0.0244722
    endloop
  endfacet
  facet normal 0.388631 0.126286 -0.912698
    outer loop
      vertex 4.22216 13.9438 0.066988
      vertex 3.93943 14.5066 0.0244722
      vertex 4.02667 14.5454 0.066988
    endloop
  endfacet
  facet normal 0.19883 0.0646099 -0.977902
    outer loop
      vertex 3.84603 14.465 0.00273991
      vertex 4.13492 13.9049 0.0244722
      vertex 4.04152 13.8634 0.00273991
    endloop
  endfacet
  facet normal 0.198777 0.0645817 -0.977915
    outer loop
      vertex 4.13492 13.9049 0.0244722
      vertex 3.84603 14.465 0.00273991
      vertex 3.93943 14.5066 0.0244722
    endloop
  endfacet
  facet normal 0.561031 0.182307 -0.807471
    outer loop
      vertex 4.02667 14.5454 0.066988
      vertex 4.29941 13.9782 0.128428
      vertex 4.22216 13.9438 0.066988
    endloop
  endfacet
  facet normal 0.561031 0.182307 -0.807471
    outer loop
      vertex 4.29941 13.9782 0.128428
      vertex 4.02667 14.5454 0.066988
      vertex 4.10392 14.5798 0.128428
    endloop
  endfacet
  facet normal 0.353982 0.204185 -0.912691
    outer loop
      vertex 4.02667 14.5454 0.066988
      vertex 3.93943 14.5066 0.0244722
      vertex 4.00054 14.5907 0.066988
    endloop
  endfacet
  facet normal 0.181034 0.104418 -0.977918
    outer loop
      vertex 3.93943 14.5066 0.0244722
      vertex 3.84603 14.465 0.00273991
      vertex 3.92328 14.5346 0.0244722
    endloop
  endfacet
  facet normal 0.823957 0.47594 -0.307534
    outer loop
      vertex 4.24507 14.6427 0.396045
      vertex 4.16782 14.7122 0.296632
      vertex 4.19395 14.7312 0.396045
    endloop
  endfacet
  facet normal 0.707267 0.63654 -0.307557
    outer loop
      vertex 4.16782 14.7122 0.296632
      vertex 4.10392 14.7832 0.296632
      vertex 4.19395 14.7312 0.396045
    endloop
  endfacet
  facet normal 0.17984 0.848338 0.497976
    outer loop
      vertex 3.93943 14.8782 20.7034
      vertex 3.84603 14.898 20.7034
      vertex 3.92328 14.8285 20.7939
    endloop
  endfacet
  facet normal 0.197825 0.930651 0.30782
    outer loop
      vertex 1.71906 15.383 20.604
      vertex 3.84603 14.898 20.7034
      vertex 3.94942 14.9089 20.604
    endloop
  endfacet
  facet normal 0.197825 0.930651 0.30782
    outer loop
      vertex 3.84603 14.898 20.7034
      vertex 1.71906 15.383 20.604
      vertex 1.61567 15.3721 20.7034
    endloop
  endfacet
  facet normal 0.861264 0.497439 0.103819
    outer loop
      vertex 4.20279 14.7376 20.5
      vertex 4.19395 14.7312 20.604
      vertex 4.25506 14.6471 20.5
    endloop
  endfacet
  facet normal 0.64517 0.372647 0.667001
    outer loop
      vertex 4.12554 14.6815 20.7939
      vertex 4.06895 14.6404 20.8716
      vertex 4.16782 14.6083 20.7939
    endloop
  endfacet
  facet normal 0.553888 0.498323 0.666996
    outer loop
      vertex 4.06895 14.7444 20.7939
      vertex 4.06895 14.6404 20.8716
      vertex 4.12554 14.6815 20.7939
    endloop
  endfacet
  facet normal 0.352814 0.792395 0.497627
    outer loop
      vertex 4.02667 14.8393 20.7034
      vertex 3.92328 14.8285 20.7939
      vertex 4.00054 14.7941 20.7939
    endloop
  endfacet
  facet normal 0.302448 0.680507 0.667409
    outer loop
      vertex 3.92328 14.8285 20.7939
      vertex 3.90167 14.7619 20.8716
      vertex 3.96557 14.7335 20.8716
    endloop
  endfacet
  facet normal 0.404414 0.908647 0.103969
    outer loop
      vertex 3.95279 14.9193 20.5
      vertex 3.94942 14.9089 20.604
      vertex 4.04828 14.8768 20.5
    endloop
  endfacet
  facet normal 0.38753 0.869104 0.307373
    outer loop
      vertex 3.94942 14.9089 20.604
      vertex 3.93943 14.8782 20.7034
      vertex 4.02667 14.8393 20.7034
    endloop
  endfacet
  facet normal 0.739233 0.665405 0.103783
    outer loop
      vertex 4.20279 14.7376 20.5
      vertex 4.13285 14.8153 20.5
      vertex 4.19395 14.7312 20.604
    endloop
  endfacet
  facet normal 0.739232 0.665406 0.103784
    outer loop
      vertex 4.13285 14.8153 20.5
      vertex 4.12554 14.8072 20.604
      vertex 4.19395 14.7312 20.604
    endloop
  endfacet
  facet normal 0.904946 0.294013 0.30762
    outer loop
      vertex 4.24507 14.5387 20.7034
      vertex 4.44056 14.041 20.604
      vertex 4.24507 14.6427 20.604
    endloop
  endfacet
  facet normal 0.904992 0.294069 0.307431
    outer loop
      vertex 4.44056 14.041 20.604
      vertex 4.24507 14.5387 20.7034
      vertex 4.41105 14.0279 20.7034
    endloop
  endfacet
  facet normal -0.708651 0.230227 0.66694
    outer loop
      vertex -4.29941 13.9782 20.8716
      vertex -4.19395 14.5279 20.7939
      vertex -4.36331 14.0066 20.7939
    endloop
  endfacet
  facet normal -0.708477 0.23022 0.667127
    outer loop
      vertex -4.19395 14.5279 20.7939
      vertex -4.29941 13.9782 20.8716
      vertex -4.10392 14.5798 20.8716
    endloop
  endfacet
  facet normal -0.824795 0.26801 0.497879
    outer loop
      vertex -4.41105 14.0279 20.7034
      vertex -4.19395 14.5279 20.7939
      vertex -4.24507 14.5387 20.7034
    endloop
  endfacet
  facet normal -0.824692 0.267926 0.498095
    outer loop
      vertex -4.19395 14.5279 20.7939
      vertex -4.41105 14.0279 20.7034
      vertex -4.36331 14.0066 20.7939
    endloop
  endfacet
  facet normal -0.206794 0.972843 0.103985
    outer loop
      vertex -1.72243 15.3934 20.5
      vertex -3.94942 14.9089 20.604
      vertex -1.71906 15.383 20.604
    endloop
  endfacet
  facet normal -0.206794 0.972843 0.103985
    outer loop
      vertex -3.94942 14.9089 20.604
      vertex -1.72243 15.3934 20.5
      vertex -3.95279 14.9193 20.5
    endloop
  endfacet
  facet normal -0.197345 0.930909 0.307348
    outer loop
      vertex -3.84603 14.898 20.7034
      vertex -3.94942 14.9089 20.604
      vertex -3.93943 14.8782 20.7034
    endloop
  endfacet
  facet normal -0.38753 0.869104 0.307373
    outer loop
      vertex -3.94942 14.9089 20.604
      vertex -4.02667 14.8393 20.7034
      vertex -3.93943 14.8782 20.7034
    endloop
  endfacet
  facet normal -0.559304 0.769811 0.307521
    outer loop
      vertex -4.04282 14.8673 20.604
      vertex -4.12554 14.8072 20.604
      vertex -4.10392 14.7832 20.7034
    endloop
  endfacet
  facet normal -0.824745 0.268042 0.497945
    outer loop
      vertex -4.16782 14.6083 20.7939
      vertex -4.21557 14.6295 20.7034
      vertex -4.19395 14.5279 20.7939
    endloop
  endfacet
  facet normal 0.0435667 0.204962 0.9778
    outer loop
      vertex 1.58408 15.0715 20.9755
      vertex 1.58408 14.9675 20.9973
      vertex 3.84603 14.5907 20.9755
    endloop
  endfacet
  facet normal 0.0440974 0.204957 0.977777
    outer loop
      vertex 1.58408 15.0715 20.9755
      vertex 1.57339 14.9698 20.9973
      vertex 1.58408 14.9675 20.9973
    endloop
  endfacet
  facet normal -0.199369 0.0647741 0.977781
    outer loop
      vertex -4.13492 13.9049 20.9755
      vertex -3.84603 14.465 20.9973
      vertex -3.93943 14.5066 20.9755
    endloop
  endfacet
  facet normal -0.199422 0.0648024 0.977769
    outer loop
      vertex -3.84603 14.465 20.9973
      vertex -4.13492 13.9049 20.9755
      vertex -4.04152 13.8634 20.9973
    endloop
  endfacet
  facet normal 0.123256 0.169509 0.977791
    outer loop
      vertex 3.87554 14.5776 20.9755
      vertex 3.83325 14.4826 20.9973
      vertex 3.90167 14.5586 20.9755
    endloop
  endfacet
  facet normal 0.155476 0.140504 0.977796
    outer loop
      vertex 3.90167 14.5586 20.9755
      vertex 3.83325 14.4826 20.9973
      vertex 3.84057 14.4745 20.9973
    endloop
  endfacet
  facet normal -0.388511 0.126247 0.912755
    outer loop
      vertex -4.22216 13.9438 20.933
      vertex -3.93943 14.5066 20.9755
      vertex -4.02667 14.5454 20.933
    endloop
  endfacet
  facet normal -0.388414 0.126194 0.912803
    outer loop
      vertex -3.93943 14.5066 20.9755
      vertex -4.22216 13.9438 20.933
      vertex -4.13492 13.9049 20.9755
    endloop
  endfacet
  facet normal -0.122959 0.169644 0.977805
    outer loop
      vertex -3.82442 14.489 20.9973
      vertex -3.87554 14.5776 20.9755
      vertex -3.83325 14.4826 20.9973
    endloop
  endfacet
  facet normal -0.0860188 0.190962 0.977821
    outer loop
      vertex -3.81443 14.4935 20.9973
      vertex -3.87554 14.5776 20.9755
      vertex -3.82442 14.489 20.9973
    endloop
  endfacet
  facet normal 0.165752 0.373384 0.912749
    outer loop
      vertex 3.92328 14.6603 20.933
      vertex 3.84603 14.5907 20.9755
      vertex 3.87554 14.5776 20.9755
    endloop
  endfacet
  facet normal -0.644735 0.580056 -0.497847
    outer loop
      vertex -4.12554 14.6815 0.206108
      vertex -4.16782 14.7122 0.296632
      vertex -4.06895 14.7444 0.206108
    endloop
  endfacet
  facet normal -0.387125 0.869171 -0.307695
    outer loop
      vertex -4.02667 14.8393 0.296632
      vertex -4.04282 14.8673 0.396045
      vertex -3.94942 14.9089 0.396045
    endloop
  endfacet
  facet normal -0.553824 0.498266 -0.667091
    outer loop
      vertex -4.06895 14.6404 0.128428
      vertex -4.12554 14.6815 0.206108
      vertex -4.06895 14.7444 0.206108
    endloop
  endfacet
  facet normal -0.707235 0.636605 -0.307494
    outer loop
      vertex -4.10392 14.7832 0.296632
      vertex -4.19395 14.7312 0.396045
      vertex -4.12554 14.8072 0.396045
    endloop
  endfacet
  facet normal -0.90496 0.294012 -0.307578
    outer loop
      vertex -4.21557 14.6295 0.296632
      vertex -4.24507 14.5387 0.296632
      vertex -4.24507 14.6427 0.396045
    endloop
  endfacet
  facet normal -0.823957 0.47594 -0.307534
    outer loop
      vertex -4.16782 14.7122 0.296632
      vertex -4.24507 14.6427 0.396045
      vertex -4.19395 14.7312 0.396045
    endloop
  endfacet
  facet normal -0.387535 0.869115 -0.307337
    outer loop
      vertex -3.93943 14.8782 0.296632
      vertex -4.02667 14.8393 0.296632
      vertex -3.94942 14.9089 0.396045
    endloop
  endfacet
  facet normal -0.353182 0.792073 -0.497878
    outer loop
      vertex -3.92328 14.8285 0.206108
      vertex -4.02667 14.8393 0.296632
      vertex -3.93943 14.8782 0.296632
    endloop
  endfacet
  facet normal -0.904946 0.294013 0.30762
    outer loop
      vertex -4.44056 14.041 20.604
      vertex -4.24507 14.5387 20.7034
      vertex -4.24507 14.6427 20.604
    endloop
  endfacet
  facet normal -0.904992 0.294069 0.307431
    outer loop
      vertex -4.24507 14.5387 20.7034
      vertex -4.44056 14.041 20.604
      vertex -4.41105 14.0279 20.7034
    endloop
  endfacet
  facet normal -0.561031 0.182307 -0.807471
    outer loop
      vertex -4.29941 13.9782 0.128428
      vertex -4.02667 14.5454 0.066988
      vertex -4.22216 13.9438 0.066988
    endloop
  endfacet
  facet normal -0.561031 0.182307 -0.807471
    outer loop
      vertex -4.02667 14.5454 0.066988
      vertex -4.29941 13.9782 0.128428
      vertex -4.10392 14.5798 0.128428
    endloop
  endfacet
  facet normal -0.353991 0.204177 -0.912689
    outer loop
      vertex -3.93943 14.5066 0.0244722
      vertex -4.00054 14.5907 0.066988
      vertex -3.92328 14.5346 0.0244722
    endloop
  endfacet
  facet normal -0.353982 0.204185 -0.912691
    outer loop
      vertex -3.93943 14.5066 0.0244722
      vertex -4.02667 14.5454 0.066988
      vertex -4.00054 14.5907 0.066988
    endloop
  endfacet
  facet normal 0.43836 0.394524 -0.807584
    outer loop
      vertex 4.06895 14.6404 0.128428
      vertex 3.96557 14.6295 0.066988
      vertex 4.02215 14.6924 0.128428
    endloop
  endfacet
  facet normal 0.553824 0.498266 -0.667091
    outer loop
      vertex 4.12554 14.6815 0.206108
      vertex 4.06895 14.6404 0.128428
      vertex 4.06895 14.7444 0.206108
    endloop
  endfacet
  facet normal 0.751104 0.433679 -0.49776
    outer loop
      vertex 4.21557 14.6295 0.296632
      vertex 4.16782 14.6083 0.206108
      vertex 4.16782 14.7122 0.296632
    endloop
  endfacet
  facet normal 0.824799 0.26806 -0.497846
    outer loop
      vertex 4.19395 14.5279 0.206108
      vertex 4.16782 14.6083 0.206108
      vertex 4.21557 14.6295 0.296632
    endloop
  endfacet
  facet normal 0.945871 0.307361 -0.104202
    outer loop
      vertex 4.44056 14.041 0.396045
      vertex 4.28736 14.5477 0.5
      vertex 4.45055 14.0455 0.5
    endloop
  endfacet
  facet normal 0.94591 0.307322 -0.103957
    outer loop
      vertex 4.28736 14.5477 0.5
      vertex 4.44056 14.041 0.396045
      vertex 4.24507 14.6427 0.396045
    endloop
  endfacet
  facet normal 0.303614 0.273643 -0.912654
    outer loop
      vertex 4.00054 14.5907 0.066988
      vertex 3.90167 14.5586 0.0244722
      vertex 3.96557 14.6295 0.066988
    endloop
  endfacet
  facet normal 0.511025 0.29477 -0.807443
    outer loop
      vertex 4.02667 14.5454 0.066988
      vertex 4.00054 14.5907 0.066988
      vertex 4.06895 14.6404 0.128428
    endloop
  endfacet
  facet normal 0.644735 0.580056 -0.497847
    outer loop
      vertex 4.12554 14.6815 0.206108
      vertex 4.06895 14.7444 0.206108
      vertex 4.16782 14.7122 0.296632
    endloop
  endfacet
  facet normal 0.644682 0.580213 -0.497733
    outer loop
      vertex 4.16782 14.7122 0.296632
      vertex 4.06895 14.7444 0.206108
      vertex 4.10392 14.7832 0.296632
    endloop
  endfacet
  facet normal 0.70857 0.2302 -0.667035
    outer loop
      vertex 4.29941 13.9782 0.128428
      vertex 4.19395 14.5279 0.206108
      vertex 4.36331 14.0066 0.206108
    endloop
  endfacet
  facet normal 0.708396 0.230193 -0.667223
    outer loop
      vertex 4.19395 14.5279 0.206108
      vertex 4.29941 13.9782 0.128428
      vertex 4.10392 14.5798 0.128428
    endloop
  endfacet
  facet normal 0.303006 0.68053 0.667133
    outer loop
      vertex 4.00054 14.7941 20.7939
      vertex 3.92328 14.8285 20.7939
      vertex 3.96557 14.7335 20.8716
    endloop
  endfacet
  facet normal 0.353159 0.792021 0.497977
    outer loop
      vertex 3.93943 14.8782 20.7034
      vertex 3.92328 14.8285 20.7939
      vertex 4.02667 14.8393 20.7034
    endloop
  endfacet
  facet normal 0.206794 0.972843 0.103985
    outer loop
      vertex 1.72243 15.3934 20.5
      vertex 3.94942 14.9089 20.604
      vertex 3.95279 14.9193 20.5
    endloop
  endfacet
  facet normal 0.206794 0.972843 0.103985
    outer loop
      vertex 3.94942 14.9089 20.604
      vertex 1.72243 15.3934 20.5
      vertex 1.71906 15.383 20.604
    endloop
  endfacet
  facet normal 0.0435928 0.205121 0.977765
    outer loop
      vertex 3.84603 14.5907 20.9755
      vertex 1.58408 14.9675 20.9973
      vertex 3.81443 14.4935 20.9973
    endloop
  endfacet
  facet normal 0.239341 0.538969 0.807607
    outer loop
      vertex 3.90167 14.7619 20.8716
      vertex 3.87554 14.6815 20.933
      vertex 3.92328 14.6603 20.933
    endloop
  endfacet
  facet normal 0.645191 0.372316 0.667165
    outer loop
      vertex 4.16782 14.6083 20.7939
      vertex 4.06895 14.6404 20.8716
      vertex 4.10392 14.5798 20.8716
    endloop
  endfacet
  facet normal 0.559101 0.769884 0.307709
    outer loop
      vertex 4.04282 14.8673 20.604
      vertex 4.02667 14.8393 20.7034
      vertex 4.10392 14.7832 20.7034
    endloop
  endfacet
  facet normal 0.553752 0.498377 0.667068
    outer loop
      vertex 4.06895 14.7444 20.7939
      vertex 4.02215 14.6924 20.8716
      vertex 4.06895 14.6404 20.8716
    endloop
  endfacet
  facet normal 0.904949 0.294009 0.307615
    outer loop
      vertex 4.24507 14.6427 20.604
      vertex 4.21557 14.6295 20.7034
      vertex 4.24507 14.5387 20.7034
    endloop
  endfacet
  facet normal 0.707226 0.636597 0.307531
    outer loop
      vertex 4.12554 14.8072 20.604
      vertex 4.10392 14.7832 20.7034
      vertex 4.19395 14.7312 20.604
    endloop
  endfacet
  facet normal 0.560793 0.18223 0.807653
    outer loop
      vertex 4.02667 14.5454 20.933
      vertex 4.29941 13.9782 20.8716
      vertex 4.10392 14.5798 20.8716
    endloop
  endfacet
  facet normal 0.560793 0.18223 0.807653
    outer loop
      vertex 4.29941 13.9782 20.8716
      vertex 4.02667 14.5454 20.933
      vertex 4.22216 13.9438 20.933
    endloop
  endfacet
  facet normal -0.438174 0.394356 0.807767
    outer loop
      vertex -4.02215 14.6924 20.8716
      vertex -4.06895 14.6404 20.8716
      vertex -3.96557 14.6295 20.933
    endloop
  endfacet
  facet normal -0.346994 0.476441 0.807836
    outer loop
      vertex -3.92328 14.6603 20.933
      vertex -4.02215 14.6924 20.8716
      vertex -3.96557 14.6295 20.933
    endloop
  endfacet
  facet normal -0.155476 0.140504 0.977796
    outer loop
      vertex -3.83325 14.4826 20.9973
      vertex -3.90167 14.5586 20.9755
      vertex -3.84057 14.4745 20.9973
    endloop
  endfacet
  facet normal -0.303597 0.273364 0.912744
    outer loop
      vertex -3.90167 14.5586 20.9755
      vertex -4.00054 14.5907 20.933
      vertex -3.92328 14.5346 20.9755
    endloop
  endfacet
  facet normal -0.353882 0.204114 0.912746
    outer loop
      vertex -3.92328 14.5346 20.9755
      vertex -4.00054 14.5907 20.933
      vertex -3.93943 14.5066 20.9755
    endloop
  endfacet
  facet normal -0.240238 0.33039 0.912758
    outer loop
      vertex -3.87554 14.5776 20.9755
      vertex -3.92328 14.6603 20.933
      vertex -3.90167 14.5586 20.9755
    endloop
  endfacet
  facet normal -0.123256 0.169509 0.977791
    outer loop
      vertex -3.87554 14.5776 20.9755
      vertex -3.90167 14.5586 20.9755
      vertex -3.83325 14.4826 20.9973
    endloop
  endfacet
  facet normal -0.122623 0.576867 -0.807582
    outer loop
      vertex -1.64518 15.1556 0.066988
      vertex -3.83325 14.7765 0.128428
      vertex -1.6029 15.2506 0.128428
    endloop
  endfacet
  facet normal -0.122625 0.576876 -0.807575
    outer loop
      vertex -3.83325 14.7765 0.128428
      vertex -1.64518 15.1556 0.066988
      vertex -3.87554 14.6815 0.066988
    endloop
  endfacet
  facet normal -0.707267 0.63654 -0.307557
    outer loop
      vertex -4.16782 14.7122 0.296632
      vertex -4.19395 14.7312 0.396045
      vertex -4.10392 14.7832 0.296632
    endloop
  endfacet
  facet normal -0.644682 0.580213 -0.497733
    outer loop
      vertex -4.06895 14.7444 0.206108
      vertex -4.16782 14.7122 0.296632
      vertex -4.10392 14.7832 0.296632
    endloop
  endfacet
  facet normal -0.824849 0.268028 -0.49778
    outer loop
      vertex -4.19395 14.5279 0.206108
      vertex -4.41105 14.0279 0.296632
      vertex -4.24507 14.5387 0.296632
    endloop
  endfacet
  facet normal -0.824746 0.267944 -0.497996
    outer loop
      vertex -4.41105 14.0279 0.296632
      vertex -4.19395 14.5279 0.206108
      vertex -4.36331 14.0066 0.206108
    endloop
  endfacet
  facet normal -0.751104 0.433679 -0.49776
    outer loop
      vertex -4.16782 14.6083 0.206108
      vertex -4.21557 14.6295 0.296632
      vertex -4.16782 14.7122 0.296632
    endloop
  endfacet
  facet normal 0.438227 0.394969 -0.807439
    outer loop
      vertex 4.00054 14.5907 0.066988
      vertex 3.96557 14.6295 0.066988
      vertex 4.06895 14.6404 0.128428
    endloop
  endfacet
  facet normal 0.347142 0.476644 -0.807653
    outer loop
      vertex 3.96557 14.6295 0.066988
      vertex 3.92328 14.6603 0.066988
      vertex 4.02215 14.6924 0.128428
    endloop
  endfacet
  facet normal 0.154863 0.728689 0.667106
    outer loop
      vertex 1.69293 15.3025 20.7939
      vertex 3.83325 14.7765 20.8716
      vertex 3.92328 14.8285 20.7939
    endloop
  endfacet
  facet normal 0.154988 0.729123 0.666603
    outer loop
      vertex 3.83325 14.7765 20.8716
      vertex 1.69293 15.3025 20.7939
      vertex 1.6029 15.2506 20.8716
    endloop
  endfacet
  facet normal 0.122572 0.576631 0.807758
    outer loop
      vertex 3.83325 14.7765 20.8716
      vertex 1.64518 15.1556 20.933
      vertex 3.87554 14.6815 20.933
    endloop
  endfacet
  facet normal 0.122571 0.576622 0.807765
    outer loop
      vertex 1.64518 15.1556 20.933
      vertex 3.83325 14.7765 20.8716
      vertex 1.6029 15.2506 20.8716
    endloop
  endfacet
  facet normal 0.437857 0.602692 0.667117
    outer loop
      vertex 4.00054 14.7941 20.7939
      vertex 3.96557 14.7335 20.8716
      vertex 4.06895 14.7444 20.7939
    endloop
  endfacet
  facet normal 0.509806 0.701727 0.497672
    outer loop
      vertex 4.02667 14.8393 20.7034
      vertex 4.00054 14.7941 20.7939
      vertex 4.06895 14.7444 20.7939
    endloop
  endfacet
  facet normal 0.353882 0.204114 0.912746
    outer loop
      vertex 4.00054 14.5907 20.933
      vertex 3.92328 14.5346 20.9755
      vertex 3.93943 14.5066 20.9755
    endloop
  endfacet
  facet normal 0.346994 0.476441 0.807836
    outer loop
      vertex 4.02215 14.6924 20.8716
      vertex 3.92328 14.6603 20.933
      vertex 3.96557 14.6295 20.933
    endloop
  endfacet
  facet normal 0.0850713 0.191638 0.977772
    outer loop
      vertex 3.84603 14.5907 20.9755
      vertex 3.81443 14.4935 20.9973
      vertex 3.87554 14.5776 20.9755
    endloop
  endfacet
  facet normal 0.388511 0.126247 0.912755
    outer loop
      vertex 3.93943 14.5066 20.9755
      vertex 4.22216 13.9438 20.933
      vertex 4.02667 14.5454 20.933
    endloop
  endfacet
  facet normal 0.388414 0.126194 0.912803
    outer loop
      vertex 4.22216 13.9438 20.933
      vertex 3.93943 14.5066 20.9755
      vertex 4.13492 13.9049 20.9755
    endloop
  endfacet
  facet normal 0.707258 0.636532 0.307593
    outer loop
      vertex 4.19395 14.7312 20.604
      vertex 4.10392 14.7832 20.7034
      vertex 4.16782 14.7122 20.7034
    endloop
  endfacet
  facet normal 0.824745 0.268042 0.497945
    outer loop
      vertex 4.21557 14.6295 20.7034
      vertex 4.16782 14.6083 20.7939
      vertex 4.19395 14.5279 20.7939
    endloop
  endfacet
  facet normal 0.750937 0.433738 0.49796
    outer loop
      vertex 4.16782 14.7122 20.7034
      vertex 4.12554 14.6815 20.7939
      vertex 4.16782 14.6083 20.7939
    endloop
  endfacet
  facet normal 0.751055 0.43365 0.497859
    outer loop
      vertex 4.16782 14.7122 20.7034
      vertex 4.16782 14.6083 20.7939
      vertex 4.21557 14.6295 20.7034
    endloop
  endfacet
  facet normal -0.302448 0.680507 0.667409
    outer loop
      vertex -3.92328 14.8285 20.7939
      vertex -3.96557 14.7335 20.8716
      vertex -3.90167 14.7619 20.8716
    endloop
  endfacet
  facet normal -0.509806 0.701727 0.497672
    outer loop
      vertex -4.02667 14.8393 20.7034
      vertex -4.06895 14.7444 20.7939
      vertex -4.00054 14.7941 20.7939
    endloop
  endfacet
  facet normal -0.823946 0.475934 0.30757
    outer loop
      vertex -4.19395 14.7312 20.604
      vertex -4.24507 14.6427 20.604
      vertex -4.16782 14.7122 20.7034
    endloop
  endfacet
  facet normal -0.509632 0.701766 0.497794
    outer loop
      vertex -4.02667 14.8393 20.7034
      vertex -4.10392 14.7832 20.7034
      vertex -4.06895 14.7444 20.7939
    endloop
  endfacet
  facet normal 0.181574 0.104729 0.977785
    outer loop
      vertex 3.92328 14.5346 20.9755
      vertex 3.84603 14.465 20.9973
      vertex 3.93943 14.5066 20.9755
    endloop
  endfacet
  facet normal -0.645117 0.372273 -0.66726
    outer loop
      vertex -4.10392 14.5798 0.128428
      vertex -4.16782 14.6083 0.206108
      vertex -4.06895 14.6404 0.128428
    endloop
  endfacet
  facet normal -0.510928 0.294837 -0.80748
    outer loop
      vertex -4.02667 14.5454 0.066988
      vertex -4.10392 14.5798 0.128428
      vertex -4.06895 14.6404 0.128428
    endloop
  endfacet
  facet normal -0.824861 0.267989 -0.497781
    outer loop
      vertex -4.19395 14.5279 0.206108
      vertex -4.24507 14.5387 0.296632
      vertex -4.21557 14.6295 0.296632
    endloop
  endfacet
  facet normal -0.824799 0.26806 -0.497846
    outer loop
      vertex -4.19395 14.5279 0.206108
      vertex -4.21557 14.6295 0.296632
      vertex -4.16782 14.6083 0.206108
    endloop
  endfacet
  facet normal 0.437782 0.602669 -0.667186
    outer loop
      vertex 4.02215 14.6924 0.128428
      vertex 3.96557 14.7335 0.128428
      vertex 4.06895 14.7444 0.206108
    endloop
  endfacet
  facet normal 0.553688 0.49832 -0.667163
    outer loop
      vertex 4.06895 14.6404 0.128428
      vertex 4.02215 14.6924 0.128428
      vertex 4.06895 14.7444 0.206108
    endloop
  endfacet
  facet normal 0.438174 0.394356 0.807767
    outer loop
      vertex 4.02215 14.6924 20.8716
      vertex 3.96557 14.6295 20.933
      vertex 4.06895 14.6404 20.8716
    endloop
  endfacet
  facet normal 0.30352 0.273559 0.912711
    outer loop
      vertex 3.96557 14.6295 20.933
      vertex 3.90167 14.5586 20.9755
      vertex 4.00054 14.5907 20.933
    endloop
  endfacet
  facet normal 0.240559 0.3303 0.912706
    outer loop
      vertex 3.92328 14.6603 20.933
      vertex 3.90167 14.5586 20.9755
      vertex 3.96557 14.6295 20.933
    endloop
  endfacet
  facet normal 0.510808 0.294645 0.807626
    outer loop
      vertex 4.06895 14.6404 20.8716
      vertex 4.00054 14.5907 20.933
      vertex 4.02667 14.5454 20.933
    endloop
  endfacet
  facet normal 0.510711 0.294712 0.807663
    outer loop
      vertex 4.06895 14.6404 20.8716
      vertex 4.02667 14.5454 20.933
      vertex 4.10392 14.5798 20.8716
    endloop
  endfacet
  facet normal -0.644692 0.580018 0.497946
    outer loop
      vertex -4.06895 14.7444 20.7939
      vertex -4.16782 14.7122 20.7034
      vertex -4.12554 14.6815 20.7939
    endloop
  endfacet
  facet normal -0.553752 0.498377 0.667068
    outer loop
      vertex -4.06895 14.7444 20.7939
      vertex -4.06895 14.6404 20.8716
      vertex -4.02215 14.6924 20.8716
    endloop
  endfacet
  facet normal -0.751055 0.43365 0.497859
    outer loop
      vertex -4.16782 14.7122 20.7034
      vertex -4.21557 14.6295 20.7034
      vertex -4.16782 14.6083 20.7939
    endloop
  endfacet
  facet normal -0.644639 0.580175 0.497832
    outer loop
      vertex -4.10392 14.7832 20.7034
      vertex -4.16782 14.7122 20.7034
      vertex -4.06895 14.7444 20.7939
    endloop
  endfacet
  facet normal 0.155787 0.140273 0.97778
    outer loop
      vertex 3.90167 14.5586 20.9755
      vertex 3.84057 14.4745 20.9973
      vertex 3.92328 14.5346 20.9755
    endloop
  endfacet
  facet normal -0.708401 0.23023 -0.667204
    outer loop
      vertex -4.10392 14.5798 0.128428
      vertex -4.19395 14.5279 0.206108
      vertex -4.16782 14.6083 0.206108
    endloop
  endfacet
  facet normal 0.240238 0.33039 0.912758
    outer loop
      vertex 3.92328 14.6603 20.933
      vertex 3.87554 14.5776 20.9755
      vertex 3.90167 14.5586 20.9755
    endloop
  endfacet
  facet normal -0.352814 0.792395 0.497627
    outer loop
      vertex -3.92328 14.8285 20.7939
      vertex -4.02667 14.8393 20.7034
      vertex -4.00054 14.7941 20.7939
    endloop
  endfacet
  facet normal -0.437857 0.602692 0.667117
    outer loop
      vertex -4.00054 14.7941 20.7939
      vertex -4.06895 14.7444 20.7939
      vertex -3.96557 14.7335 20.8716
    endloop
  endfacet
  facet normal -0.645191 0.372316 0.667165
    outer loop
      vertex -4.06895 14.6404 20.8716
      vertex -4.16782 14.6083 20.7939
      vertex -4.10392 14.5798 20.8716
    endloop
  endfacet
  facet normal -0.750937 0.433738 0.49796
    outer loop
      vertex -4.16782 14.7122 20.7034
      vertex -4.16782 14.6083 20.7939
      vertex -4.12554 14.6815 20.7939
    endloop
  endfacet
  facet normal -0.387121 0.86916 0.307731
    outer loop
      vertex -3.94942 14.9089 20.604
      vertex -4.04282 14.8673 20.604
      vertex -4.02667 14.8393 20.7034
    endloop
  endfacet
  facet normal -0.559101 0.769884 0.307709
    outer loop
      vertex -4.04282 14.8673 20.604
      vertex -4.10392 14.7832 20.7034
      vertex -4.02667 14.8393 20.7034
    endloop
  endfacet
  facet normal -0.64517 0.372647 0.667001
    outer loop
      vertex -4.12554 14.6815 20.7939
      vertex -4.16782 14.6083 20.7939
      vertex -4.06895 14.6404 20.8716
    endloop
  endfacet
  facet normal -0.553888 0.498323 0.666996
    outer loop
      vertex -4.06895 14.7444 20.7939
      vertex -4.12554 14.6815 20.7939
      vertex -4.06895 14.6404 20.8716
    endloop
  endfacet
  facet normal -0.707138 -0.636693 0.307535
    outer loop
      vertex -5.76075 -12.2239 20.604
      vertex -4.97903 -13.0441 20.7034
      vertex -5.73913 -12.1999 20.7034
    endloop
  endfacet
  facet normal -0.707118 -0.636659 0.307652
    outer loop
      vertex -4.97903 -13.0441 20.7034
      vertex -5.76075 -12.2239 20.604
      vertex -5.00517 -13.0631 20.604
    endloop
  endfacet
  facet normal 0.739096 -0.665451 -0.104463
    outer loop
      vertex 5.76806 -12.2321 0.5
      vertex 5.00517 -13.0631 0.396045
      vertex 5.76075 -12.2239 0.396045
    endloop
  endfacet
  facet normal 0.739107 -0.665549 -0.103755
    outer loop
      vertex 5.00517 -13.0631 0.396045
      vertex 5.76806 -12.2321 0.5
      vertex 5.014 -13.0695 0.5
    endloop
  endfacet
  facet normal 0.644508 -0.580314 0.497841
    outer loop
      vertex 4.93675 -13.0134 20.7939
      vertex 5.73913 -12.1999 20.7034
      vertex 5.70416 -12.1611 20.7939
    endloop
  endfacet
  facet normal 0.644475 -0.580272 0.497931
    outer loop
      vertex 5.73913 -12.1999 20.7034
      vertex 4.93675 -13.0134 20.7939
      vertex 4.97903 -13.0441 20.7034
    endloop
  endfacet
  facet normal 0.707138 -0.636693 0.307535
    outer loop
      vertex 4.97903 -13.0441 20.7034
      vertex 5.76075 -12.2239 20.604
      vertex 5.73913 -12.1999 20.7034
    endloop
  endfacet
  facet normal 0.707118 -0.636659 0.307652
    outer loop
      vertex 5.76075 -12.2239 20.604
      vertex 4.97903 -13.0441 20.7034
      vertex 5.00517 -13.0631 20.604
    endloop
  endfacet
  facet normal 0.739099 -0.665454 0.104419
    outer loop
      vertex 5.00517 -13.0631 20.604
      vertex 5.76806 -12.2321 20.5
      vertex 5.76075 -12.2239 20.604
    endloop
  endfacet
  facet normal 0.73911 -0.665552 0.10371
    outer loop
      vertex 5.76806 -12.2321 20.5
      vertex 5.00517 -13.0631 20.604
      vertex 5.014 -13.0695 20.5
    endloop
  endfacet
  facet normal -0.739099 -0.665454 0.104419
    outer loop
      vertex -5.76806 -12.2321 20.5
      vertex -5.00517 -13.0631 20.604
      vertex -5.76075 -12.2239 20.604
    endloop
  endfacet
  facet normal -0.73911 -0.665552 0.10371
    outer loop
      vertex -5.00517 -13.0631 20.604
      vertex -5.76806 -12.2321 20.5
      vertex -5.014 -13.0695 20.5
    endloop
  endfacet
  facet normal -0.644508 -0.580314 0.497841
    outer loop
      vertex -5.73913 -12.1999 20.7034
      vertex -4.93675 -13.0134 20.7939
      vertex -5.70416 -12.1611 20.7939
    endloop
  endfacet
  facet normal -0.644475 -0.580272 0.497931
    outer loop
      vertex -4.93675 -13.0134 20.7939
      vertex -5.73913 -12.1999 20.7034
      vertex -4.97903 -13.0441 20.7034
    endloop
  endfacet
  facet normal 0.553573 -0.498436 -0.667172
    outer loop
      vertex 4.93675 -13.0134 0.206108
      vertex 5.65736 -12.1091 0.128428
      vertex 5.70416 -12.1611 0.206108
    endloop
  endfacet
  facet normal 0.553674 -0.498505 -0.667037
    outer loop
      vertex 5.65736 -12.1091 0.128428
      vertex 4.93675 -13.0134 0.206108
      vertex 4.88017 -12.9723 0.128428
    endloop
  endfacet
  facet normal 0.155776 -0.140251 0.977785
    outer loop
      vertex 5.46847 -11.8993 20.9973
      vertex 4.7345 -12.8665 20.9755
      vertex 5.53688 -11.9753 20.9755
    endloop
  endfacet
  facet normal 0.155782 -0.140256 0.977783
    outer loop
      vertex 4.7345 -12.8665 20.9755
      vertex 5.46847 -11.8993 20.9973
      vertex 4.65178 -12.8064 20.9973
    endloop
  endfacet
  facet normal 0.743118 -0.669161 0
    outer loop
      vertex 5.014 -13.0695 20.5
      vertex 5.76806 -12.2321 0.5
      vertex 5.76806 -12.2321 20.5
    endloop
  endfacet
  facet normal 0.743118 -0.669161 0
    outer loop
      vertex 5.76806 -12.2321 0.5
      vertex 5.014 -13.0695 20.5
      vertex 5.014 -13.0695 0.5
    endloop
  endfacet
  facet normal -0.743118 -0.669161 0
    outer loop
      vertex -5.014 -13.0695 0.5
      vertex -5.76806 -12.2321 20.5
      vertex -5.76806 -12.2321 0.5
    endloop
  endfacet
  facet normal -0.743118 -0.669161 0
    outer loop
      vertex -5.76806 -12.2321 20.5
      vertex -5.014 -13.0695 0.5
      vertex -5.014 -13.0695 20.5
    endloop
  endfacet
  facet normal -0.707147 -0.636701 -0.307498
    outer loop
      vertex -4.97903 -13.0441 0.296632
      vertex -5.76075 -12.2239 0.396045
      vertex -5.73913 -12.1999 0.296632
    endloop
  endfacet
  facet normal -0.707127 -0.636667 -0.307615
    outer loop
      vertex -5.76075 -12.2239 0.396045
      vertex -4.97903 -13.0441 0.296632
      vertex -5.00517 -13.0631 0.396045
    endloop
  endfacet
  facet normal -0.739096 -0.665451 -0.104463
    outer loop
      vertex -5.00517 -13.0631 0.396045
      vertex -5.76806 -12.2321 0.5
      vertex -5.76075 -12.2239 0.396045
    endloop
  endfacet
  facet normal -0.739107 -0.665549 -0.103755
    outer loop
      vertex -5.76806 -12.2321 0.5
      vertex -5.00517 -13.0631 0.396045
      vertex -5.014 -13.0695 0.5
    endloop
  endfacet
  facet normal -0.553674 -0.498505 -0.667037
    outer loop
      vertex -4.93675 -13.0134 0.206108
      vertex -5.65736 -12.1091 0.128428
      vertex -4.88017 -12.9723 0.128428
    endloop
  endfacet
  facet normal -0.553573 -0.498436 -0.667172
    outer loop
      vertex -5.65736 -12.1091 0.128428
      vertex -4.93675 -13.0134 0.206108
      vertex -5.70416 -12.1611 0.206108
    endloop
  endfacet
  facet normal 0.553636 -0.498494 0.667076
    outer loop
      vertex 5.65736 -12.1091 20.8716
      vertex 4.93675 -13.0134 20.7939
      vertex 5.70416 -12.1611 20.7939
    endloop
  endfacet
  facet normal 0.553737 -0.498562 0.666941
    outer loop
      vertex 4.93675 -13.0134 20.7939
      vertex 5.65736 -12.1091 20.8716
      vertex 4.88017 -12.9723 20.8716
    endloop
  endfacet
  facet normal 0.303602 -0.273363 -0.912742
    outer loop
      vertex 4.81175 -12.9226 0.066988
      vertex 5.53688 -11.9753 0.0244722
      vertex 5.60077 -12.0463 0.066988
    endloop
  endfacet
  facet normal 0.303722 -0.273452 -0.912676
    outer loop
      vertex 5.53688 -11.9753 0.0244722
      vertex 4.81175 -12.9226 0.066988
      vertex 4.7345 -12.8665 0.0244722
    endloop
  endfacet
  facet normal -0.64455 -0.580352 -0.497742
    outer loop
      vertex -4.93675 -13.0134 0.206108
      vertex -5.73913 -12.1999 0.296632
      vertex -5.70416 -12.1611 0.206108
    endloop
  endfacet
  facet normal -0.644518 -0.58031 -0.497832
    outer loop
      vertex -5.73913 -12.1999 0.296632
      vertex -4.93675 -13.0134 0.206108
      vertex -4.97903 -13.0441 0.296632
    endloop
  endfacet
  facet normal 0.303508 -0.273279 0.912799
    outer loop
      vertex 5.53688 -11.9753 20.9755
      vertex 4.81175 -12.9226 20.933
      vertex 5.60077 -12.0463 20.933
    endloop
  endfacet
  facet normal 0.303628 -0.273367 0.912733
    outer loop
      vertex 4.81175 -12.9226 20.933
      vertex 5.53688 -11.9753 20.9755
      vertex 4.7345 -12.8665 20.9755
    endloop
  endfacet
  facet normal 0.438478 -0.394787 -0.807391
    outer loop
      vertex 4.88017 -12.9723 0.128428
      vertex 5.60077 -12.0463 0.066988
      vertex 5.65736 -12.1091 0.128428
    endloop
  endfacet
  facet normal 0.43838 -0.394717 -0.807478
    outer loop
      vertex 5.60077 -12.0463 0.066988
      vertex 4.88017 -12.9723 0.128428
      vertex 4.81175 -12.9226 0.066988
    endloop
  endfacet
  facet normal 0.707147 -0.636701 -0.307498
    outer loop
      vertex 5.76075 -12.2239 0.396045
      vertex 4.97903 -13.0441 0.296632
      vertex 5.73913 -12.1999 0.296632
    endloop
  endfacet
  facet normal 0.707127 -0.636667 -0.307615
    outer loop
      vertex 4.97903 -13.0441 0.296632
      vertex 5.76075 -12.2239 0.396045
      vertex 5.00517 -13.0631 0.396045
    endloop
  endfacet
  facet normal 0.438292 -0.39462 0.807574
    outer loop
      vertex 5.60077 -12.0463 20.933
      vertex 4.88017 -12.9723 20.8716
      vertex 5.65736 -12.1091 20.8716
    endloop
  endfacet
  facet normal 0.438194 -0.39455 0.807661
    outer loop
      vertex 4.88017 -12.9723 20.8716
      vertex 5.60077 -12.0463 20.933
      vertex 4.81175 -12.9226 20.933
    endloop
  endfacet
  facet normal 0.155313 -0.139834 -0.977918
    outer loop
      vertex 4.7345 -12.8665 0.0244722
      vertex 5.46847 -11.8993 0.00273991
      vertex 5.53688 -11.9753 0.0244722
    endloop
  endfacet
  facet normal 0.15532 -0.139839 -0.977917
    outer loop
      vertex 5.46847 -11.8993 0.00273991
      vertex 4.7345 -12.8665 0.0244722
      vertex 4.65178 -12.8064 0.00273991
    endloop
  endfacet
  facet normal 0.64455 -0.580352 -0.497742
    outer loop
      vertex 5.73913 -12.1999 0.296632
      vertex 4.93675 -13.0134 0.206108
      vertex 5.70416 -12.1611 0.206108
    endloop
  endfacet
  facet normal 0.644518 -0.58031 -0.497832
    outer loop
      vertex 4.93675 -13.0134 0.206108
      vertex 5.73913 -12.1999 0.296632
      vertex 4.97903 -13.0441 0.296632
    endloop
  endfacet
  facet normal -0.553737 -0.498562 0.666941
    outer loop
      vertex -5.65736 -12.1091 20.8716
      vertex -4.93675 -13.0134 20.7939
      vertex -4.88017 -12.9723 20.8716
    endloop
  endfacet
  facet normal -0.553636 -0.498494 0.667076
    outer loop
      vertex -4.93675 -13.0134 20.7939
      vertex -5.65736 -12.1091 20.8716
      vertex -5.70416 -12.1611 20.7939
    endloop
  endfacet
  facet normal -0.155782 -0.140256 0.977783
    outer loop
      vertex -5.46847 -11.8993 20.9973
      vertex -4.7345 -12.8665 20.9755
      vertex -4.65178 -12.8064 20.9973
    endloop
  endfacet
  facet normal -0.155776 -0.140251 0.977785
    outer loop
      vertex -4.7345 -12.8665 20.9755
      vertex -5.46847 -11.8993 20.9973
      vertex -5.53688 -11.9753 20.9755
    endloop
  endfacet
  facet normal -0.15532 -0.139839 -0.977917
    outer loop
      vertex -4.7345 -12.8665 0.0244722
      vertex -5.46847 -11.8993 0.00273991
      vertex -4.65178 -12.8064 0.00273991
    endloop
  endfacet
  facet normal -0.155313 -0.139834 -0.977918
    outer loop
      vertex -5.46847 -11.8993 0.00273991
      vertex -4.7345 -12.8665 0.0244722
      vertex -5.53688 -11.9753 0.0244722
    endloop
  endfacet
  facet normal -0.303722 -0.273452 -0.912676
    outer loop
      vertex -4.81175 -12.9226 0.066988
      vertex -5.53688 -11.9753 0.0244722
      vertex -4.7345 -12.8665 0.0244722
    endloop
  endfacet
  facet normal -0.303602 -0.273363 -0.912742
    outer loop
      vertex -5.53688 -11.9753 0.0244722
      vertex -4.81175 -12.9226 0.066988
      vertex -5.60077 -12.0463 0.066988
    endloop
  endfacet
  facet normal -0.43838 -0.394717 -0.807478
    outer loop
      vertex -4.88017 -12.9723 0.128428
      vertex -5.60077 -12.0463 0.066988
      vertex -4.81175 -12.9226 0.066988
    endloop
  endfacet
  facet normal -0.438478 -0.394787 -0.807391
    outer loop
      vertex -5.60077 -12.0463 0.066988
      vertex -4.88017 -12.9723 0.128428
      vertex -5.65736 -12.1091 0.128428
    endloop
  endfacet
  facet normal -0.303628 -0.273367 0.912733
    outer loop
      vertex -5.53688 -11.9753 20.9755
      vertex -4.81175 -12.9226 20.933
      vertex -4.7345 -12.8665 20.9755
    endloop
  endfacet
  facet normal -0.303508 -0.273279 0.912799
    outer loop
      vertex -4.81175 -12.9226 20.933
      vertex -5.53688 -11.9753 20.9755
      vertex -5.60077 -12.0463 20.933
    endloop
  endfacet
  facet normal -0.438194 -0.39455 0.807661
    outer loop
      vertex -5.60077 -12.0463 20.933
      vertex -4.88017 -12.9723 20.8716
      vertex -4.81175 -12.9226 20.933
    endloop
  endfacet
  facet normal -0.438292 -0.39462 0.807574
    outer loop
      vertex -4.88017 -12.9723 20.8716
      vertex -5.60077 -12.0463 20.933
      vertex -5.65736 -12.1091 20.8716
    endloop
  endfacet
  facet normal -0.645249 -0.372537 -0.666986
    outer loop
      vertex -4.36331 -14.0066 0.206108
      vertex -4.88017 -12.9723 0.128428
      vertex -4.29941 -13.9782 0.128428
    endloop
  endfacet
  facet normal -0.645201 -0.372517 -0.667043
    outer loop
      vertex -4.88017 -12.9723 0.128428
      vertex -4.36331 -14.0066 0.206108
      vertex -4.93675 -13.0134 0.206108
    endloop
  endfacet
  facet normal 0.824032 -0.475741 0.307639
    outer loop
      vertex 4.41105 -14.0279 20.7034
      vertex 5.00517 -13.0631 20.604
      vertex 4.97903 -13.0441 20.7034
    endloop
  endfacet
  facet normal 0.824095 -0.475808 0.307366
    outer loop
      vertex 5.00517 -13.0631 20.604
      vertex 4.41105 -14.0279 20.7034
      vertex 4.44056 -14.041 20.604
    endloop
  endfacet
  facet normal 0.866042 -0.499971 0
    outer loop
      vertex 4.45055 -14.0455 20.5
      vertex 5.014 -13.0695 0.5
      vertex 5.014 -13.0695 20.5
    endloop
  endfacet
  facet normal 0.866042 -0.499971 0
    outer loop
      vertex 5.014 -13.0695 0.5
      vertex 4.45055 -14.0455 20.5
      vertex 4.45055 -14.0455 0.5
    endloop
  endfacet
  facet normal 0.751015 -0.433611 0.497953
    outer loop
      vertex 4.36331 -14.0066 20.7939
      vertex 4.97903 -13.0441 20.7034
      vertex 4.93675 -13.0134 20.7939
    endloop
  endfacet
  facet normal 0.750924 -0.433533 0.498159
    outer loop
      vertex 4.97903 -13.0441 20.7034
      vertex 4.36331 -14.0066 20.7939
      vertex 4.41105 -14.0279 20.7034
    endloop
  endfacet
  facet normal -0.181083 -0.104548 -0.977895
    outer loop
      vertex -4.13492 -13.9049 0.0244722
      vertex -4.65178 -12.8064 0.00273991
      vertex -4.04152 -13.8634 0.00273991
    endloop
  endfacet
  facet normal -0.180991 -0.104506 -0.977917
    outer loop
      vertex -4.65178 -12.8064 0.00273991
      vertex -4.13492 -13.9049 0.0244722
      vertex -4.7345 -12.8665 0.0244722
    endloop
  endfacet
  facet normal 0.824042 -0.475747 -0.307602
    outer loop
      vertex 5.00517 -13.0631 0.396045
      vertex 4.41105 -14.0279 0.296632
      vertex 4.97903 -13.0441 0.296632
    endloop
  endfacet
  facet normal 0.824106 -0.475814 -0.307329
    outer loop
      vertex 4.41105 -14.0279 0.296632
      vertex 5.00517 -13.0631 0.396045
      vertex 4.44056 -14.041 0.396045
    endloop
  endfacet
  facet normal 0.353809 -0.204272 0.912739
    outer loop
      vertex 4.7345 -12.8665 20.9755
      vertex 4.22216 -13.9438 20.933
      vertex 4.81175 -12.9226 20.933
    endloop
  endfacet
  facet normal 0.353642 -0.204195 0.912821
    outer loop
      vertex 4.22216 -13.9438 20.933
      vertex 4.7345 -12.8665 20.9755
      vertex 4.13492 -13.9049 20.9755
    endloop
  endfacet
  facet normal -0.861346 -0.497315 0.103736
    outer loop
      vertex -5.014 -13.0695 20.5
      vertex -4.44056 -14.041 20.604
      vertex -5.00517 -13.0631 20.604
    endloop
  endfacet
  facet normal -0.861323 -0.497246 0.104252
    outer loop
      vertex -4.44056 -14.041 20.604
      vertex -5.014 -13.0695 20.5
      vertex -4.45055 -14.0455 20.5
    endloop
  endfacet
  facet normal -0.181622 -0.10486 0.977762
    outer loop
      vertex -4.65178 -12.8064 20.9973
      vertex -4.13492 -13.9049 20.9755
      vertex -4.04152 -13.8634 20.9973
    endloop
  endfacet
  facet normal -0.18153 -0.104817 0.977783
    outer loop
      vertex -4.13492 -13.9049 20.9755
      vertex -4.65178 -12.8064 20.9973
      vertex -4.7345 -12.8665 20.9755
    endloop
  endfacet
  facet normal 0.18153 -0.104817 0.977783
    outer loop
      vertex 4.65178 -12.8064 20.9973
      vertex 4.13492 -13.9049 20.9755
      vertex 4.7345 -12.8665 20.9755
    endloop
  endfacet
  facet normal 0.181622 -0.10486 0.977762
    outer loop
      vertex 4.13492 -13.9049 20.9755
      vertex 4.65178 -12.8064 20.9973
      vertex 4.04152 -13.8634 20.9973
    endloop
  endfacet
  facet normal -0.824032 -0.475741 0.307639
    outer loop
      vertex -5.00517 -13.0631 20.604
      vertex -4.41105 -14.0279 20.7034
      vertex -4.97903 -13.0441 20.7034
    endloop
  endfacet
  facet normal -0.824095 -0.475808 0.307366
    outer loop
      vertex -4.41105 -14.0279 20.7034
      vertex -5.00517 -13.0631 20.604
      vertex -4.44056 -14.041 20.604
    endloop
  endfacet
  facet normal -0.751065 -0.433639 -0.497854
    outer loop
      vertex -4.36331 -14.0066 0.206108
      vertex -4.97903 -13.0441 0.296632
      vertex -4.93675 -13.0134 0.206108
    endloop
  endfacet
  facet normal -0.750973 -0.433562 -0.498059
    outer loop
      vertex -4.97903 -13.0441 0.296632
      vertex -4.36331 -14.0066 0.206108
      vertex -4.41105 -14.0279 0.296632
    endloop
  endfacet
  facet normal -0.866042 -0.499971 0
    outer loop
      vertex -4.45055 -14.0455 0.5
      vertex -5.014 -13.0695 20.5
      vertex -5.014 -13.0695 0.5
    endloop
  endfacet
  facet normal -0.866042 -0.499971 0
    outer loop
      vertex -5.014 -13.0695 20.5
      vertex -4.45055 -14.0455 0.5
      vertex -4.45055 -14.0455 20.5
    endloop
  endfacet
  facet normal -0.510872 -0.294952 -0.807474
    outer loop
      vertex -4.29941 -13.9782 0.128428
      vertex -4.81175 -12.9226 0.066988
      vertex -4.22216 -13.9438 0.066988
    endloop
  endfacet
  facet normal -0.510859 -0.294946 -0.807484
    outer loop
      vertex -4.81175 -12.9226 0.066988
      vertex -4.29941 -13.9782 0.128428
      vertex -4.88017 -12.9723 0.128428
    endloop
  endfacet
  facet normal 0.180991 -0.104506 -0.977917
    outer loop
      vertex 4.13492 -13.9049 0.0244722
      vertex 4.65178 -12.8064 0.00273991
      vertex 4.7345 -12.8665 0.0244722
    endloop
  endfacet
  facet normal 0.181083 -0.104548 -0.977895
    outer loop
      vertex 4.65178 -12.8064 0.00273991
      vertex 4.13492 -13.9049 0.0244722
      vertex 4.04152 -13.8634 0.00273991
    endloop
  endfacet
  facet normal 0.510859 -0.294946 -0.807484
    outer loop
      vertex 4.29941 -13.9782 0.128428
      vertex 4.81175 -12.9226 0.066988
      vertex 4.88017 -12.9723 0.128428
    endloop
  endfacet
  facet normal 0.510872 -0.294952 -0.807474
    outer loop
      vertex 4.81175 -12.9226 0.066988
      vertex 4.29941 -13.9782 0.128428
      vertex 4.22216 -13.9438 0.066988
    endloop
  endfacet
  facet normal 0.645275 -0.37256 0.666948
    outer loop
      vertex 4.88017 -12.9723 20.8716
      vertex 4.36331 -14.0066 20.7939
      vertex 4.93675 -13.0134 20.7939
    endloop
  endfacet
  facet normal 0.645323 -0.372579 0.66689
    outer loop
      vertex 4.36331 -14.0066 20.7939
      vertex 4.88017 -12.9723 20.8716
      vertex 4.29941 -13.9782 20.8716
    endloop
  endfacet
  facet normal -0.861342 -0.497313 -0.10378
    outer loop
      vertex -4.44056 -14.041 0.396045
      vertex -5.014 -13.0695 0.5
      vertex -5.00517 -13.0631 0.396045
    endloop
  endfacet
  facet normal -0.861319 -0.497244 -0.104297
    outer loop
      vertex -5.014 -13.0695 0.5
      vertex -4.44056 -14.041 0.396045
      vertex -4.45055 -14.0455 0.5
    endloop
  endfacet
  facet normal -0.824042 -0.475747 -0.307602
    outer loop
      vertex -4.41105 -14.0279 0.296632
      vertex -5.00517 -13.0631 0.396045
      vertex -4.97903 -13.0441 0.296632
    endloop
  endfacet
  facet normal -0.824106 -0.475814 -0.307329
    outer loop
      vertex -5.00517 -13.0631 0.396045
      vertex -4.41105 -14.0279 0.296632
      vertex -4.44056 -14.041 0.396045
    endloop
  endfacet
  facet normal 0.861346 -0.497315 0.103736
    outer loop
      vertex 4.44056 -14.041 20.604
      vertex 5.014 -13.0695 20.5
      vertex 5.00517 -13.0631 20.604
    endloop
  endfacet
  facet normal 0.861323 -0.497246 0.104252
    outer loop
      vertex 5.014 -13.0695 20.5
      vertex 4.44056 -14.041 20.604
      vertex 4.45055 -14.0455 20.5
    endloop
  endfacet
  facet normal 0.861342 -0.497313 -0.10378
    outer loop
      vertex 5.014 -13.0695 0.5
      vertex 4.44056 -14.041 0.396045
      vertex 5.00517 -13.0631 0.396045
    endloop
  endfacet
  facet normal 0.861319 -0.497244 -0.104297
    outer loop
      vertex 4.44056 -14.041 0.396045
      vertex 5.014 -13.0695 0.5
      vertex 4.45055 -14.0455 0.5
    endloop
  endfacet
  facet normal 0.510642 -0.294821 0.807667
    outer loop
      vertex 4.81175 -12.9226 20.933
      vertex 4.29941 -13.9782 20.8716
      vertex 4.88017 -12.9723 20.8716
    endloop
  endfacet
  facet normal 0.510655 -0.294827 0.807657
    outer loop
      vertex 4.29941 -13.9782 20.8716
      vertex 4.81175 -12.9226 20.933
      vertex 4.22216 -13.9438 20.933
    endloop
  endfacet
  facet normal -0.510655 -0.294827 0.807657
    outer loop
      vertex -4.81175 -12.9226 20.933
      vertex -4.29941 -13.9782 20.8716
      vertex -4.22216 -13.9438 20.933
    endloop
  endfacet
  facet normal -0.510642 -0.294821 0.807667
    outer loop
      vertex -4.29941 -13.9782 20.8716
      vertex -4.81175 -12.9226 20.933
      vertex -4.88017 -12.9723 20.8716
    endloop
  endfacet
  facet normal -0.353751 -0.204259 -0.912764
    outer loop
      vertex -4.22216 -13.9438 0.066988
      vertex -4.7345 -12.8665 0.0244722
      vertex -4.13492 -13.9049 0.0244722
    endloop
  endfacet
  facet normal -0.353919 -0.204335 -0.912682
    outer loop
      vertex -4.7345 -12.8665 0.0244722
      vertex -4.22216 -13.9438 0.066988
      vertex -4.81175 -12.9226 0.066988
    endloop
  endfacet
  facet normal -0.645323 -0.372579 0.66689
    outer loop
      vertex -4.88017 -12.9723 20.8716
      vertex -4.36331 -14.0066 20.7939
      vertex -4.29941 -13.9782 20.8716
    endloop
  endfacet
  facet normal -0.645275 -0.37256 0.666948
    outer loop
      vertex -4.36331 -14.0066 20.7939
      vertex -4.88017 -12.9723 20.8716
      vertex -4.93675 -13.0134 20.7939
    endloop
  endfacet
  facet normal -0.751015 -0.433611 0.497953
    outer loop
      vertex -4.97903 -13.0441 20.7034
      vertex -4.36331 -14.0066 20.7939
      vertex -4.93675 -13.0134 20.7939
    endloop
  endfacet
  facet normal -0.750924 -0.433533 0.498159
    outer loop
      vertex -4.36331 -14.0066 20.7939
      vertex -4.97903 -13.0441 20.7034
      vertex -4.41105 -14.0279 20.7034
    endloop
  endfacet
  facet normal -0.353642 -0.204195 0.912821
    outer loop
      vertex -4.7345 -12.8665 20.9755
      vertex -4.22216 -13.9438 20.933
      vertex -4.13492 -13.9049 20.9755
    endloop
  endfacet
  facet normal -0.353809 -0.204272 0.912739
    outer loop
      vertex -4.22216 -13.9438 20.933
      vertex -4.7345 -12.8665 20.9755
      vertex -4.81175 -12.9226 20.933
    endloop
  endfacet
  facet normal 0.353919 -0.204335 -0.912682
    outer loop
      vertex 4.22216 -13.9438 0.066988
      vertex 4.7345 -12.8665 0.0244722
      vertex 4.81175 -12.9226 0.066988
    endloop
  endfacet
  facet normal 0.353751 -0.204259 -0.912764
    outer loop
      vertex 4.7345 -12.8665 0.0244722
      vertex 4.22216 -13.9438 0.066988
      vertex 4.13492 -13.9049 0.0244722
    endloop
  endfacet
  facet normal 0.751065 -0.433639 -0.497854
    outer loop
      vertex 4.97903 -13.0441 0.296632
      vertex 4.36331 -14.0066 0.206108
      vertex 4.93675 -13.0134 0.206108
    endloop
  endfacet
  facet normal 0.750973 -0.433562 -0.498059
    outer loop
      vertex 4.36331 -14.0066 0.206108
      vertex 4.97903 -13.0441 0.296632
      vertex 4.41105 -14.0279 0.296632
    endloop
  endfacet
  facet normal 0.645201 -0.372517 -0.667043
    outer loop
      vertex 4.36331 -14.0066 0.206108
      vertex 4.88017 -12.9723 0.128428
      vertex 4.93675 -13.0134 0.206108
    endloop
  endfacet
  facet normal 0.645249 -0.372537 -0.666986
    outer loop
      vertex 4.88017 -12.9723 0.128428
      vertex 4.36331 -14.0066 0.206108
      vertex 4.29941 -13.9782 0.128428
    endloop
  endfacet
  facet normal 0.206721 -0.972856 0.104004
    outer loop
      vertex 7.70925 -11.1113 20.5
      vertex 8.8104 -10.8662 20.604
      vertex 7.70587 -11.1009 20.604
    endloop
  endfacet
  facet normal 0.2068 -0.972915 0.1033
    outer loop
      vertex 8.8104 -10.8662 20.604
      vertex 7.70925 -11.1113 20.5
      vertex 8.81154 -10.877 20.5
    endloop
  endfacet
  facet normal -0.207913 -0.978147 0
    outer loop
      vertex -8.81154 -10.877 0.5
      vertex -7.70925 -11.1113 20.5
      vertex -8.81154 -10.877 20.5
    endloop
  endfacet
  facet normal -0.207913 -0.978147 -0
    outer loop
      vertex -7.70925 -11.1113 20.5
      vertex -8.81154 -10.877 0.5
      vertex -7.70925 -11.1113 0.5
    endloop
  endfacet
  facet normal 0.207913 -0.978147 0
    outer loop
      vertex 7.70925 -11.1113 0.5
      vertex 8.81154 -10.877 20.5
      vertex 7.70925 -11.1113 20.5
    endloop
  endfacet
  facet normal 0.207913 -0.978147 0
    outer loop
      vertex 8.81154 -10.877 20.5
      vertex 7.70925 -11.1113 0.5
      vertex 8.81154 -10.877 0.5
    endloop
  endfacet
  facet normal 0.154911 -0.728774 -0.667001
    outer loop
      vertex 8.79425 -10.7125 0.128428
      vertex 7.67974 -11.0205 0.206108
      vertex 7.65812 -10.954 0.128428
    endloop
  endfacet
  facet normal 0.154818 -0.728515 -0.667306
    outer loop
      vertex 7.67974 -11.0205 0.206108
      vertex 8.79425 -10.7125 0.128428
      vertex 8.80156 -10.7821 0.206108
    endloop
  endfacet
  facet normal 0.197868 -0.930811 -0.30731
    outer loop
      vertex 8.80702 -10.834 0.296632
      vertex 7.70587 -11.1009 0.396045
      vertex 7.69589 -11.0702 0.296632
    endloop
  endfacet
  facet normal 0.197735 -0.930567 -0.308135
    outer loop
      vertex 7.70587 -11.1009 0.396045
      vertex 8.80702 -10.834 0.296632
      vertex 8.8104 -10.8662 0.396045
    endloop
  endfacet
  facet normal -0.2068 -0.972915 0.1033
    outer loop
      vertex -7.70925 -11.1113 20.5
      vertex -8.8104 -10.8662 20.604
      vertex -8.81154 -10.877 20.5
    endloop
  endfacet
  facet normal -0.206721 -0.972856 0.104004
    outer loop
      vertex -8.8104 -10.8662 20.604
      vertex -7.70925 -11.1113 20.5
      vertex -7.70587 -11.1009 20.604
    endloop
  endfacet
  facet normal 0.20672 -0.972852 -0.104049
    outer loop
      vertex 8.8104 -10.8662 0.396045
      vertex 7.70925 -11.1113 0.5
      vertex 7.70587 -11.1009 0.396045
    endloop
  endfacet
  facet normal 0.206799 -0.97291 -0.103345
    outer loop
      vertex 7.70925 -11.1113 0.5
      vertex 8.8104 -10.8662 0.396045
      vertex 8.81154 -10.877 0.5
    endloop
  endfacet
  facet normal -0.197732 -0.930555 0.308171
    outer loop
      vertex -7.70587 -11.1009 20.604
      vertex -8.80702 -10.834 20.7034
      vertex -8.8104 -10.8662 20.604
    endloop
  endfacet
  facet normal -0.197866 -0.930799 0.307346
    outer loop
      vertex -8.80702 -10.834 20.7034
      vertex -7.70587 -11.1009 20.604
      vertex -7.69589 -11.0702 20.7034
    endloop
  endfacet
  facet normal -0.0848602 -0.399265 0.9129
    outer loop
      vertex -8.77543 -10.5334 20.9755
      vertex -7.632 -10.8736 20.933
      vertex -7.60248 -10.7827 20.9755
    endloop
  endfacet
  facet normal -0.0849167 -0.399444 0.912816
    outer loop
      vertex -7.632 -10.8736 20.933
      vertex -8.77543 -10.5334 20.9755
      vertex -8.78541 -10.6284 20.933
    endloop
  endfacet
  facet normal 0.043574 -0.205015 0.977788
    outer loop
      vertex 8.76474 -10.4317 20.9973
      vertex 7.60248 -10.7827 20.9755
      vertex 8.77543 -10.5334 20.9755
    endloop
  endfacet
  facet normal 0.0436065 -0.205121 0.977765
    outer loop
      vertex 7.60248 -10.7827 20.9755
      vertex 8.76474 -10.4317 20.9973
      vertex 7.57089 -10.6855 20.9973
    endloop
  endfacet
  facet normal 0.180272 -0.848293 -0.497896
    outer loop
      vertex 8.80156 -10.7821 0.206108
      vertex 7.69589 -11.0702 0.296632
      vertex 7.67974 -11.0205 0.206108
    endloop
  endfacet
  facet normal 0.180385 -0.848567 -0.497388
    outer loop
      vertex 7.69589 -11.0702 0.296632
      vertex 8.80156 -10.7821 0.206108
      vertex 8.80702 -10.834 0.296632
    endloop
  endfacet
  facet normal 0.084943 -0.399568 -0.91276
    outer loop
      vertex 7.632 -10.8736 0.066988
      vertex 8.77543 -10.5334 0.0244722
      vertex 8.78541 -10.6284 0.066988
    endloop
  endfacet
  facet normal 0.0848865 -0.399389 -0.912843
    outer loop
      vertex 8.77543 -10.5334 0.0244722
      vertex 7.632 -10.8736 0.066988
      vertex 7.60248 -10.7827 0.0244722
    endloop
  endfacet
  facet normal -0.12269 -0.577128 -0.807385
    outer loop
      vertex -7.65812 -10.954 0.128428
      vertex -8.78541 -10.6284 0.066988
      vertex -7.632 -10.8736 0.066988
    endloop
  endfacet
  facet normal -0.122652 -0.577014 -0.807472
    outer loop
      vertex -8.78541 -10.6284 0.066988
      vertex -7.65812 -10.954 0.128428
      vertex -8.79425 -10.7125 0.128428
    endloop
  endfacet
  facet normal -0.043477 -0.204512 -0.977898
    outer loop
      vertex -7.60248 -10.7827 0.0244722
      vertex -8.76474 -10.4317 0.00273991
      vertex -7.57089 -10.6855 0.00273991
    endloop
  endfacet
  facet normal -0.0434446 -0.204406 -0.977922
    outer loop
      vertex -8.76474 -10.4317 0.00273991
      vertex -7.60248 -10.7827 0.0244722
      vertex -8.77543 -10.5334 0.0244722
    endloop
  endfacet
  facet normal -0.180385 -0.848567 -0.497388
    outer loop
      vertex -8.80156 -10.7821 0.206108
      vertex -7.69589 -11.0702 0.296632
      vertex -8.80702 -10.834 0.296632
    endloop
  endfacet
  facet normal -0.180272 -0.848293 -0.497896
    outer loop
      vertex -7.69589 -11.0702 0.296632
      vertex -8.80156 -10.7821 0.206108
      vertex -7.67974 -11.0205 0.206108
    endloop
  endfacet
  facet normal 0.154929 -0.728858 0.666906
    outer loop
      vertex 7.67974 -11.0205 20.7939
      vertex 8.79425 -10.7125 20.8716
      vertex 7.65812 -10.954 20.8716
    endloop
  endfacet
  facet normal 0.154836 -0.728598 0.667211
    outer loop
      vertex 8.79425 -10.7125 20.8716
      vertex 7.67974 -11.0205 20.7939
      vertex 8.80156 -10.7821 20.7939
    endloop
  endfacet
  facet normal 0.1226 -0.576769 0.807655
    outer loop
      vertex 8.78541 -10.6284 20.933
      vertex 7.65812 -10.954 20.8716
      vertex 8.79425 -10.7125 20.8716
    endloop
  endfacet
  facet normal 0.122638 -0.576883 0.807568
    outer loop
      vertex 7.65812 -10.954 20.8716
      vertex 8.78541 -10.6284 20.933
      vertex 7.632 -10.8736 20.933
    endloop
  endfacet
  facet normal 0.197866 -0.930799 0.307346
    outer loop
      vertex 7.70587 -11.1009 20.604
      vertex 8.80702 -10.834 20.7034
      vertex 7.69589 -11.0702 20.7034
    endloop
  endfacet
  facet normal 0.197732 -0.930555 0.308171
    outer loop
      vertex 8.80702 -10.834 20.7034
      vertex 7.70587 -11.1009 20.604
      vertex 8.8104 -10.8662 20.604
    endloop
  endfacet
  facet normal 0.18026 -0.848237 0.497996
    outer loop
      vertex 7.69589 -11.0702 20.7034
      vertex 8.80156 -10.7821 20.7939
      vertex 7.67974 -11.0205 20.7939
    endloop
  endfacet
  facet normal 0.180374 -0.848512 0.497487
    outer loop
      vertex 8.80156 -10.7821 20.7939
      vertex 7.69589 -11.0702 20.7034
      vertex 8.80702 -10.834 20.7034
    endloop
  endfacet
  facet normal 0.122652 -0.577014 -0.807472
    outer loop
      vertex 7.65812 -10.954 0.128428
      vertex 8.78541 -10.6284 0.066988
      vertex 8.79425 -10.7125 0.128428
    endloop
  endfacet
  facet normal 0.12269 -0.577128 -0.807385
    outer loop
      vertex 8.78541 -10.6284 0.066988
      vertex 7.65812 -10.954 0.128428
      vertex 7.632 -10.8736 0.066988
    endloop
  endfacet
  facet normal -0.206799 -0.97291 -0.103345
    outer loop
      vertex -8.8104 -10.8662 0.396045
      vertex -7.70925 -11.1113 0.5
      vertex -8.81154 -10.877 0.5
    endloop
  endfacet
  facet normal -0.20672 -0.972852 -0.104049
    outer loop
      vertex -7.70925 -11.1113 0.5
      vertex -8.8104 -10.8662 0.396045
      vertex -7.70587 -11.1009 0.396045
    endloop
  endfacet
  facet normal -0.0436065 -0.205121 0.977765
    outer loop
      vertex -8.76474 -10.4317 20.9973
      vertex -7.60248 -10.7827 20.9755
      vertex -7.57089 -10.6855 20.9973
    endloop
  endfacet
  facet normal -0.043574 -0.205015 0.977788
    outer loop
      vertex -7.60248 -10.7827 20.9755
      vertex -8.76474 -10.4317 20.9973
      vertex -8.77543 -10.5334 20.9755
    endloop
  endfacet
  facet normal -0.122638 -0.576883 0.807568
    outer loop
      vertex -8.78541 -10.6284 20.933
      vertex -7.65812 -10.954 20.8716
      vertex -7.632 -10.8736 20.933
    endloop
  endfacet
  facet normal -0.1226 -0.576769 0.807655
    outer loop
      vertex -7.65812 -10.954 20.8716
      vertex -8.78541 -10.6284 20.933
      vertex -8.79425 -10.7125 20.8716
    endloop
  endfacet
  facet normal -0.154836 -0.728598 0.667211
    outer loop
      vertex -7.67974 -11.0205 20.7939
      vertex -8.79425 -10.7125 20.8716
      vertex -8.80156 -10.7821 20.7939
    endloop
  endfacet
  facet normal -0.154929 -0.728858 0.666906
    outer loop
      vertex -8.79425 -10.7125 20.8716
      vertex -7.67974 -11.0205 20.7939
      vertex -7.65812 -10.954 20.8716
    endloop
  endfacet
  facet normal 0.0434446 -0.204406 -0.977922
    outer loop
      vertex 7.60248 -10.7827 0.0244722
      vertex 8.76474 -10.4317 0.00273991
      vertex 8.77543 -10.5334 0.0244722
    endloop
  endfacet
  facet normal 0.043477 -0.204512 -0.977898
    outer loop
      vertex 8.76474 -10.4317 0.00273991
      vertex 7.60248 -10.7827 0.0244722
      vertex 7.57089 -10.6855 0.00273991
    endloop
  endfacet
  facet normal 0.0849167 -0.399444 0.912816
    outer loop
      vertex 8.77543 -10.5334 20.9755
      vertex 7.632 -10.8736 20.933
      vertex 8.78541 -10.6284 20.933
    endloop
  endfacet
  facet normal 0.0848602 -0.399265 0.9129
    outer loop
      vertex 7.632 -10.8736 20.933
      vertex 8.77543 -10.5334 20.9755
      vertex 7.60248 -10.7827 20.9755
    endloop
  endfacet
  facet normal -0.0848865 -0.399389 -0.912843
    outer loop
      vertex -7.632 -10.8736 0.066988
      vertex -8.77543 -10.5334 0.0244722
      vertex -7.60248 -10.7827 0.0244722
    endloop
  endfacet
  facet normal -0.084943 -0.399568 -0.91276
    outer loop
      vertex -8.77543 -10.5334 0.0244722
      vertex -7.632 -10.8736 0.066988
      vertex -8.78541 -10.6284 0.066988
    endloop
  endfacet
  facet normal -0.180374 -0.848512 0.497487
    outer loop
      vertex -7.69589 -11.0702 20.7034
      vertex -8.80156 -10.7821 20.7939
      vertex -8.80702 -10.834 20.7034
    endloop
  endfacet
  facet normal -0.18026 -0.848237 0.497996
    outer loop
      vertex -8.80156 -10.7821 20.7939
      vertex -7.69589 -11.0702 20.7034
      vertex -7.67974 -11.0205 20.7939
    endloop
  endfacet
  facet normal -0.154818 -0.728515 -0.667306
    outer loop
      vertex -8.79425 -10.7125 0.128428
      vertex -7.67974 -11.0205 0.206108
      vertex -8.80156 -10.7821 0.206108
    endloop
  endfacet
  facet normal -0.154911 -0.728774 -0.667001
    outer loop
      vertex -7.67974 -11.0205 0.206108
      vertex -8.79425 -10.7125 0.128428
      vertex -7.65812 -10.954 0.128428
    endloop
  endfacet
  facet normal -0.197735 -0.930567 -0.308135
    outer loop
      vertex -8.80702 -10.834 0.296632
      vertex -7.70587 -11.1009 0.396045
      vertex -8.8104 -10.8662 0.396045
    endloop
  endfacet
  facet normal -0.197868 -0.930811 -0.30731
    outer loop
      vertex -7.70587 -11.1009 0.396045
      vertex -8.80702 -10.834 0.296632
      vertex -7.69589 -11.0702 0.296632
    endloop
  endfacet
  facet normal -0.437877 -0.602702 0.667093
    outer loop
      vertex -6.59704 -11.4264 20.8716
      vertex -5.70416 -12.1611 20.7939
      vertex -5.65736 -12.1091 20.8716
    endloop
  endfacet
  facet normal -0.437863 -0.602687 0.667116
    outer loop
      vertex -5.70416 -12.1611 20.7939
      vertex -6.59704 -11.4264 20.8716
      vertex -6.63201 -11.487 20.7939
    endloop
  endfacet
  facet normal -0.55926 -0.769785 -0.307666
    outer loop
      vertex -6.65814 -11.5322 0.296632
      vertex -5.76075 -12.2239 0.396045
      vertex -6.67429 -11.5602 0.396045
    endloop
  endfacet
  facet normal -0.559309 -0.769822 -0.307485
    outer loop
      vertex -5.76075 -12.2239 0.396045
      vertex -6.65814 -11.5322 0.296632
      vertex -5.73913 -12.1999 0.296632
    endloop
  endfacet
  facet normal 0.509803 -0.701707 -0.497703
    outer loop
      vertex 6.63201 -11.487 0.206108
      vertex 5.73913 -12.1999 0.296632
      vertex 5.70416 -12.1611 0.206108
    endloop
  endfacet
  facet normal 0.509859 -0.70176 -0.497571
    outer loop
      vertex 5.73913 -12.1999 0.296632
      vertex 6.63201 -11.487 0.206108
      vertex 6.65814 -11.5322 0.296632
    endloop
  endfacet
  facet normal 0.559309 -0.769822 -0.307485
    outer loop
      vertex 6.65814 -11.5322 0.296632
      vertex 5.76075 -12.2239 0.396045
      vertex 5.73913 -12.1999 0.296632
    endloop
  endfacet
  facet normal 0.55926 -0.769785 -0.307666
    outer loop
      vertex 5.76075 -12.2239 0.396045
      vertex 6.65814 -11.5322 0.296632
      vertex 6.67429 -11.5602 0.396045
    endloop
  endfacet
  facet normal -0.24011 -0.330503 -0.912751
    outer loop
      vertex -5.60077 -12.0463 0.066988
      vertex -6.50701 -11.2705 0.0244722
      vertex -5.53688 -11.9753 0.0244722
    endloop
  endfacet
  facet normal -0.24016 -0.330559 -0.912718
    outer loop
      vertex -6.50701 -11.2705 0.0244722
      vertex -5.60077 -12.0463 0.066988
      vertex -6.55476 -11.3532 0.066988
    endloop
  endfacet
  facet normal -0.240036 -0.3304 0.912808
    outer loop
      vertex -6.50701 -11.2705 20.9755
      vertex -5.60077 -12.0463 20.933
      vertex -5.53688 -11.9753 20.9755
    endloop
  endfacet
  facet normal -0.240086 -0.330457 0.912774
    outer loop
      vertex -5.60077 -12.0463 20.933
      vertex -6.50701 -11.2705 20.9755
      vertex -6.55476 -11.3532 20.933
    endloop
  endfacet
  facet normal -0.122836 -0.169069 -0.97792
    outer loop
      vertex -5.53688 -11.9753 0.0244722
      vertex -6.45589 -11.1819 0.00273991
      vertex -5.46847 -11.8993 0.00273991
    endloop
  endfacet
  facet normal -0.122795 -0.169023 -0.977933
    outer loop
      vertex -6.45589 -11.1819 0.00273991
      vertex -5.53688 -11.9753 0.0244722
      vertex -6.50701 -11.2705 0.0244722
    endloop
  endfacet
  facet normal 0.123161 -0.169526 0.9778
    outer loop
      vertex 6.45589 -11.1819 20.9973
      vertex 5.53688 -11.9753 20.9755
      vertex 6.50701 -11.2705 20.9755
    endloop
  endfacet
  facet normal 0.123201 -0.169573 0.977787
    outer loop
      vertex 5.53688 -11.9753 20.9755
      vertex 6.45589 -11.1819 20.9973
      vertex 5.46847 -11.8993 20.9973
    endloop
  endfacet
  facet normal -0.584587 -0.804601 -0.104289
    outer loop
      vertex -6.67429 -11.5602 0.396045
      vertex -5.76806 -12.2321 0.5
      vertex -6.67976 -11.5697 0.5
    endloop
  endfacet
  facet normal -0.584548 -0.804592 -0.104571
    outer loop
      vertex -5.76806 -12.2321 0.5
      vertex -6.67429 -11.5602 0.396045
      vertex -5.76075 -12.2239 0.396045
    endloop
  endfacet
  facet normal 0.346661 -0.47715 0.80756
    outer loop
      vertex 6.55476 -11.3532 20.933
      vertex 5.65736 -12.1091 20.8716
      vertex 6.59704 -11.4264 20.8716
    endloop
  endfacet
  facet normal 0.34667 -0.47716 0.807551
    outer loop
      vertex 5.65736 -12.1091 20.8716
      vertex 6.55476 -11.3532 20.933
      vertex 5.60077 -12.0463 20.933
    endloop
  endfacet
  facet normal 0.346808 -0.477353 -0.807377
    outer loop
      vertex 5.65736 -12.1091 0.128428
      vertex 6.55476 -11.3532 0.066988
      vertex 6.59704 -11.4264 0.128428
    endloop
  endfacet
  facet normal 0.346817 -0.477362 -0.807368
    outer loop
      vertex 6.55476 -11.3532 0.066988
      vertex 5.65736 -12.1091 0.128428
      vertex 5.60077 -12.0463 0.066988
    endloop
  endfacet
  facet normal 0.437813 -0.602618 -0.667211
    outer loop
      vertex 5.70416 -12.1611 0.206108
      vertex 6.59704 -11.4264 0.128428
      vertex 6.63201 -11.487 0.206108
    endloop
  endfacet
  facet normal 0.437827 -0.602633 -0.667189
    outer loop
      vertex 6.59704 -11.4264 0.128428
      vertex 5.70416 -12.1611 0.206108
      vertex 5.65736 -12.1091 0.128428
    endloop
  endfacet
  facet normal 0.587792 -0.809012 0
    outer loop
      vertex 5.76806 -12.2321 0.5
      vertex 6.67976 -11.5697 20.5
      vertex 5.76806 -12.2321 20.5
    endloop
  endfacet
  facet normal 0.587792 -0.809012 0
    outer loop
      vertex 6.67976 -11.5697 20.5
      vertex 5.76806 -12.2321 0.5
      vertex 6.67976 -11.5697 0.5
    endloop
  endfacet
  facet normal -0.123201 -0.169573 0.977787
    outer loop
      vertex -6.45589 -11.1819 20.9973
      vertex -5.53688 -11.9753 20.9755
      vertex -5.46847 -11.8993 20.9973
    endloop
  endfacet
  facet normal -0.123161 -0.169526 0.9778
    outer loop
      vertex -5.53688 -11.9753 20.9755
      vertex -6.45589 -11.1819 20.9973
      vertex -6.50701 -11.2705 20.9755
    endloop
  endfacet
  facet normal -0.509825 -0.701714 0.497671
    outer loop
      vertex -5.73913 -12.1999 20.7034
      vertex -6.63201 -11.487 20.7939
      vertex -6.65814 -11.5322 20.7034
    endloop
  endfacet
  facet normal -0.50977 -0.701661 0.497802
    outer loop
      vertex -6.63201 -11.487 20.7939
      vertex -5.73913 -12.1999 20.7034
      vertex -5.70416 -12.1611 20.7939
    endloop
  endfacet
  facet normal 0.584551 -0.804596 0.104526
    outer loop
      vertex 5.76806 -12.2321 20.5
      vertex 6.67429 -11.5602 20.604
      vertex 5.76075 -12.2239 20.604
    endloop
  endfacet
  facet normal 0.584589 -0.804605 0.104245
    outer loop
      vertex 6.67429 -11.5602 20.604
      vertex 5.76806 -12.2321 20.5
      vertex 6.67976 -11.5697 20.5
    endloop
  endfacet
  facet normal 0.24016 -0.330559 -0.912718
    outer loop
      vertex 5.60077 -12.0463 0.066988
      vertex 6.50701 -11.2705 0.0244722
      vertex 6.55476 -11.3532 0.066988
    endloop
  endfacet
  facet normal 0.24011 -0.330503 -0.912751
    outer loop
      vertex 6.50701 -11.2705 0.0244722
      vertex 5.60077 -12.0463 0.066988
      vertex 5.53688 -11.9753 0.0244722
    endloop
  endfacet
  facet normal -0.559253 -0.769776 0.307703
    outer loop
      vertex -5.76075 -12.2239 20.604
      vertex -6.65814 -11.5322 20.7034
      vertex -6.67429 -11.5602 20.604
    endloop
  endfacet
  facet normal -0.559302 -0.769813 0.307521
    outer loop
      vertex -6.65814 -11.5322 20.7034
      vertex -5.76075 -12.2239 20.604
      vertex -5.73913 -12.1999 20.7034
    endloop
  endfacet
  facet normal -0.587792 -0.809012 0
    outer loop
      vertex -6.67976 -11.5697 0.5
      vertex -5.76806 -12.2321 20.5
      vertex -6.67976 -11.5697 20.5
    endloop
  endfacet
  facet normal -0.587792 -0.809012 -0
    outer loop
      vertex -5.76806 -12.2321 20.5
      vertex -6.67976 -11.5697 0.5
      vertex -5.76806 -12.2321 0.5
    endloop
  endfacet
  facet normal -0.584589 -0.804605 0.104245
    outer loop
      vertex -5.76806 -12.2321 20.5
      vertex -6.67429 -11.5602 20.604
      vertex -6.67976 -11.5697 20.5
    endloop
  endfacet
  facet normal -0.584551 -0.804596 0.104526
    outer loop
      vertex -6.67429 -11.5602 20.604
      vertex -5.76806 -12.2321 20.5
      vertex -5.76075 -12.2239 20.604
    endloop
  endfacet
  facet normal 0.122795 -0.169023 -0.977933
    outer loop
      vertex 5.53688 -11.9753 0.0244722
      vertex 6.45589 -11.1819 0.00273991
      vertex 6.50701 -11.2705 0.0244722
    endloop
  endfacet
  facet normal 0.122836 -0.169069 -0.97792
    outer loop
      vertex 6.45589 -11.1819 0.00273991
      vertex 5.53688 -11.9753 0.0244722
      vertex 5.46847 -11.8993 0.00273991
    endloop
  endfacet
  facet normal 0.240086 -0.330457 0.912774
    outer loop
      vertex 6.50701 -11.2705 20.9755
      vertex 5.60077 -12.0463 20.933
      vertex 6.55476 -11.3532 20.933
    endloop
  endfacet
  facet normal 0.240036 -0.3304 0.912808
    outer loop
      vertex 5.60077 -12.0463 20.933
      vertex 6.50701 -11.2705 20.9755
      vertex 5.53688 -11.9753 20.9755
    endloop
  endfacet
  facet normal -0.34667 -0.47716 0.807551
    outer loop
      vertex -6.55476 -11.3532 20.933
      vertex -5.65736 -12.1091 20.8716
      vertex -5.60077 -12.0463 20.933
    endloop
  endfacet
  facet normal -0.346661 -0.47715 0.80756
    outer loop
      vertex -5.65736 -12.1091 20.8716
      vertex -6.55476 -11.3532 20.933
      vertex -6.59704 -11.4264 20.8716
    endloop
  endfacet
  facet normal -0.437827 -0.602633 -0.667189
    outer loop
      vertex -5.70416 -12.1611 0.206108
      vertex -6.59704 -11.4264 0.128428
      vertex -5.65736 -12.1091 0.128428
    endloop
  endfacet
  facet normal -0.437813 -0.602618 -0.667211
    outer loop
      vertex -6.59704 -11.4264 0.128428
      vertex -5.70416 -12.1611 0.206108
      vertex -6.63201 -11.487 0.206108
    endloop
  endfacet
  facet normal 0.584548 -0.804592 -0.104571
    outer loop
      vertex 6.67429 -11.5602 0.396045
      vertex 5.76806 -12.2321 0.5
      vertex 5.76075 -12.2239 0.396045
    endloop
  endfacet
  facet normal 0.584587 -0.804601 -0.104289
    outer loop
      vertex 5.76806 -12.2321 0.5
      vertex 6.67429 -11.5602 0.396045
      vertex 6.67976 -11.5697 0.5
    endloop
  endfacet
  facet normal 0.559302 -0.769813 0.307521
    outer loop
      vertex 5.76075 -12.2239 20.604
      vertex 6.65814 -11.5322 20.7034
      vertex 5.73913 -12.1999 20.7034
    endloop
  endfacet
  facet normal 0.559253 -0.769776 0.307703
    outer loop
      vertex 6.65814 -11.5322 20.7034
      vertex 5.76075 -12.2239 20.604
      vertex 6.67429 -11.5602 20.604
    endloop
  endfacet
  facet normal 0.50977 -0.701661 0.497802
    outer loop
      vertex 5.73913 -12.1999 20.7034
      vertex 6.63201 -11.487 20.7939
      vertex 5.70416 -12.1611 20.7939
    endloop
  endfacet
  facet normal 0.509825 -0.701714 0.497671
    outer loop
      vertex 6.63201 -11.487 20.7939
      vertex 5.73913 -12.1999 20.7034
      vertex 6.65814 -11.5322 20.7034
    endloop
  endfacet
  facet normal 0.437863 -0.602687 0.667116
    outer loop
      vertex 6.59704 -11.4264 20.8716
      vertex 5.70416 -12.1611 20.7939
      vertex 6.63201 -11.487 20.7939
    endloop
  endfacet
  facet normal 0.437877 -0.602702 0.667093
    outer loop
      vertex 5.70416 -12.1611 20.7939
      vertex 6.59704 -11.4264 20.8716
      vertex 5.65736 -12.1091 20.8716
    endloop
  endfacet
  facet normal -0.346817 -0.477362 -0.807368
    outer loop
      vertex -5.65736 -12.1091 0.128428
      vertex -6.55476 -11.3532 0.066988
      vertex -5.60077 -12.0463 0.066988
    endloop
  endfacet
  facet normal -0.346808 -0.477353 -0.807377
    outer loop
      vertex -6.55476 -11.3532 0.066988
      vertex -5.65736 -12.1091 0.128428
      vertex -6.59704 -11.4264 0.128428
    endloop
  endfacet
  facet normal -0.509859 -0.70176 -0.497571
    outer loop
      vertex -6.63201 -11.487 0.206108
      vertex -5.73913 -12.1999 0.296632
      vertex -6.65814 -11.5322 0.296632
    endloop
  endfacet
  facet normal -0.509803 -0.701707 -0.497703
    outer loop
      vertex -5.73913 -12.1999 0.296632
      vertex -6.63201 -11.487 0.206108
      vertex -5.70416 -12.1611 0.206108
    endloop
  endfacet
  facet normal 0.404526 -0.908558 -0.104315
    outer loop
      vertex 7.70587 -11.1009 0.396045
      vertex 6.67976 -11.5697 0.5
      vertex 6.67429 -11.5602 0.396045
    endloop
  endfacet
  facet normal 0.404559 -0.908573 -0.104051
    outer loop
      vertex 6.67976 -11.5697 0.5
      vertex 7.70587 -11.1009 0.396045
      vertex 7.70925 -11.1113 0.5
    endloop
  endfacet
  facet normal -0.387061 -0.869333 -0.307318
    outer loop
      vertex -7.69589 -11.0702 0.296632
      vertex -6.67429 -11.5602 0.396045
      vertex -7.70587 -11.1009 0.396045
    endloop
  endfacet
  facet normal -0.386979 -0.869238 -0.30769
    outer loop
      vertex -6.67429 -11.5602 0.396045
      vertex -7.69589 -11.0702 0.296632
      vertex -6.65814 -11.5322 0.296632
    endloop
  endfacet
  facet normal -0.35269 -0.792216 0.498001
    outer loop
      vertex -6.65814 -11.5322 20.7034
      vertex -7.67974 -11.0205 20.7939
      vertex -7.69589 -11.0702 20.7034
    endloop
  endfacet
  facet normal -0.352813 -0.792395 0.497627
    outer loop
      vertex -7.67974 -11.0205 20.7939
      vertex -6.65814 -11.5322 20.7034
      vertex -6.63201 -11.487 20.7939
    endloop
  endfacet
  facet normal -0.303048 -0.680628 -0.667014
    outer loop
      vertex -7.65812 -10.954 0.128428
      vertex -6.63201 -11.487 0.206108
      vertex -7.67974 -11.0205 0.206108
    endloop
  endfacet
  facet normal -0.302947 -0.680464 -0.667227
    outer loop
      vertex -6.63201 -11.487 0.206108
      vertex -7.65812 -10.954 0.128428
      vertex -6.59704 -11.4264 0.128428
    endloop
  endfacet
  facet normal -0.0852197 -0.191418 0.977802
    outer loop
      vertex -7.57089 -10.6855 20.9973
      vertex -6.50701 -11.2705 20.9755
      vertex -6.45589 -11.1819 20.9973
    endloop
  endfacet
  facet normal -0.0853036 -0.191569 0.977765
    outer loop
      vertex -6.50701 -11.2705 20.9755
      vertex -7.57089 -10.6855 20.9973
      vertex -7.60248 -10.7827 20.9755
    endloop
  endfacet
  facet normal 0.406767 -0.913532 0
    outer loop
      vertex 6.67976 -11.5697 0.5
      vertex 7.70925 -11.1113 20.5
      vertex 6.67976 -11.5697 20.5
    endloop
  endfacet
  facet normal 0.406767 -0.913532 0
    outer loop
      vertex 7.70925 -11.1113 20.5
      vertex 6.67976 -11.5697 0.5
      vertex 7.70925 -11.1113 0.5
    endloop
  endfacet
  facet normal -0.406767 -0.913532 0
    outer loop
      vertex -7.70925 -11.1113 0.5
      vertex -6.67976 -11.5697 20.5
      vertex -7.70925 -11.1113 20.5
    endloop
  endfacet
  facet normal -0.406767 -0.913532 -0
    outer loop
      vertex -6.67976 -11.5697 20.5
      vertex -7.70925 -11.1113 0.5
      vertex -6.67976 -11.5697 0.5
    endloop
  endfacet
  facet normal -0.0849666 -0.19085 -0.977935
    outer loop
      vertex -6.50701 -11.2705 0.0244722
      vertex -7.57089 -10.6855 0.00273991
      vertex -6.45589 -11.1819 0.00273991
    endloop
  endfacet
  facet normal -0.0850502 -0.191 -0.977898
    outer loop
      vertex -7.57089 -10.6855 0.00273991
      vertex -6.50701 -11.2705 0.0244722
      vertex -7.60248 -10.7827 0.0244722
    endloop
  endfacet
  facet normal 0.0850502 -0.191 -0.977898
    outer loop
      vertex 6.50701 -11.2705 0.0244722
      vertex 7.57089 -10.6855 0.00273991
      vertex 7.60248 -10.7827 0.0244722
    endloop
  endfacet
  facet normal 0.0849666 -0.19085 -0.977935
    outer loop
      vertex 7.57089 -10.6855 0.00273991
      vertex 6.50701 -11.2705 0.0244722
      vertex 6.45589 -11.1819 0.00273991
    endloop
  endfacet
  facet normal 0.0853036 -0.191569 0.977765
    outer loop
      vertex 7.57089 -10.6855 20.9973
      vertex 6.50701 -11.2705 20.9755
      vertex 7.60248 -10.7827 20.9755
    endloop
  endfacet
  facet normal 0.0852197 -0.191418 0.977802
    outer loop
      vertex 6.50701 -11.2705 20.9755
      vertex 7.57089 -10.6855 20.9973
      vertex 6.45589 -11.1819 20.9973
    endloop
  endfacet
  facet normal -0.166208 -0.373259 -0.912717
    outer loop
      vertex -6.55476 -11.3532 0.066988
      vertex -7.60248 -10.7827 0.0244722
      vertex -6.50701 -11.2705 0.0244722
    endloop
  endfacet
  facet normal -0.166073 -0.373021 -0.912839
    outer loop
      vertex -7.60248 -10.7827 0.0244722
      vertex -6.55476 -11.3532 0.066988
      vertex -7.632 -10.8736 0.066988
    endloop
  endfacet
  facet normal -0.404559 -0.908573 -0.104051
    outer loop
      vertex -7.70587 -11.1009 0.396045
      vertex -6.67976 -11.5697 0.5
      vertex -7.70925 -11.1113 0.5
    endloop
  endfacet
  facet normal -0.404526 -0.908558 -0.104315
    outer loop
      vertex -6.67976 -11.5697 0.5
      vertex -7.70587 -11.1009 0.396045
      vertex -6.67429 -11.5602 0.396045
    endloop
  endfacet
  facet normal -0.404561 -0.908577 0.104006
    outer loop
      vertex -6.67976 -11.5697 20.5
      vertex -7.70587 -11.1009 20.604
      vertex -7.70925 -11.1113 20.5
    endloop
  endfacet
  facet normal -0.404528 -0.908562 0.10427
    outer loop
      vertex -7.70587 -11.1009 20.604
      vertex -6.67976 -11.5697 20.5
      vertex -6.67429 -11.5602 20.604
    endloop
  endfacet
  facet normal -0.387056 -0.869322 0.307354
    outer loop
      vertex -6.67429 -11.5602 20.604
      vertex -7.69589 -11.0702 20.7034
      vertex -7.70587 -11.1009 20.604
    endloop
  endfacet
  facet normal -0.386975 -0.869227 0.307726
    outer loop
      vertex -7.69589 -11.0702 20.7034
      vertex -6.67429 -11.5602 20.604
      vertex -6.65814 -11.5322 20.7034
    endloop
  endfacet
  facet normal 0.302982 -0.680542 0.667132
    outer loop
      vertex 6.63201 -11.487 20.7939
      vertex 7.65812 -10.954 20.8716
      vertex 6.59704 -11.4264 20.8716
    endloop
  endfacet
  facet normal 0.303083 -0.680706 0.666919
    outer loop
      vertex 7.65812 -10.954 20.8716
      vertex 6.63201 -11.487 20.7939
      vertex 7.67974 -11.0205 20.7939
    endloop
  endfacet
  facet normal 0.239874 -0.538793 0.807565
    outer loop
      vertex 7.632 -10.8736 20.933
      vertex 6.59704 -11.4264 20.8716
      vertex 7.65812 -10.954 20.8716
    endloop
  endfacet
  facet normal 0.239886 -0.538813 0.807549
    outer loop
      vertex 6.59704 -11.4264 20.8716
      vertex 7.632 -10.8736 20.933
      vertex 6.55476 -11.3532 20.933
    endloop
  endfacet
  facet normal -0.166156 -0.373143 0.912774
    outer loop
      vertex -7.60248 -10.7827 20.9755
      vertex -6.55476 -11.3532 20.933
      vertex -6.50701 -11.2705 20.9755
    endloop
  endfacet
  facet normal -0.166022 -0.372905 0.912896
    outer loop
      vertex -6.55476 -11.3532 20.933
      vertex -7.60248 -10.7827 20.9755
      vertex -7.632 -10.8736 20.933
    endloop
  endfacet
  facet normal -0.352713 -0.792268 -0.497901
    outer loop
      vertex -7.67974 -11.0205 0.206108
      vertex -6.65814 -11.5322 0.296632
      vertex -7.69589 -11.0702 0.296632
    endloop
  endfacet
  facet normal -0.352836 -0.792447 -0.497528
    outer loop
      vertex -6.65814 -11.5322 0.296632
      vertex -7.67974 -11.0205 0.206108
      vertex -6.63201 -11.487 0.206108
    endloop
  endfacet
  facet normal 0.352836 -0.792447 -0.497528
    outer loop
      vertex 7.67974 -11.0205 0.206108
      vertex 6.65814 -11.5322 0.296632
      vertex 6.63201 -11.487 0.206108
    endloop
  endfacet
  facet normal 0.352713 -0.792268 -0.497901
    outer loop
      vertex 6.65814 -11.5322 0.296632
      vertex 7.67974 -11.0205 0.206108
      vertex 7.69589 -11.0702 0.296632
    endloop
  endfacet
  facet normal 0.239976 -0.539022 -0.807382
    outer loop
      vertex 6.59704 -11.4264 0.128428
      vertex 7.632 -10.8736 0.066988
      vertex 7.65812 -10.954 0.128428
    endloop
  endfacet
  facet normal 0.239988 -0.539042 -0.807366
    outer loop
      vertex 7.632 -10.8736 0.066988
      vertex 6.59704 -11.4264 0.128428
      vertex 6.55476 -11.3532 0.066988
    endloop
  endfacet
  facet normal 0.352813 -0.792395 0.497627
    outer loop
      vertex 6.65814 -11.5322 20.7034
      vertex 7.67974 -11.0205 20.7939
      vertex 6.63201 -11.487 20.7939
    endloop
  endfacet
  facet normal 0.35269 -0.792216 0.498001
    outer loop
      vertex 7.67974 -11.0205 20.7939
      vertex 6.65814 -11.5322 20.7034
      vertex 7.69589 -11.0702 20.7034
    endloop
  endfacet
  facet normal 0.166022 -0.372905 0.912896
    outer loop
      vertex 7.60248 -10.7827 20.9755
      vertex 6.55476 -11.3532 20.933
      vertex 7.632 -10.8736 20.933
    endloop
  endfacet
  facet normal 0.166156 -0.373143 0.912774
    outer loop
      vertex 6.55476 -11.3532 20.933
      vertex 7.60248 -10.7827 20.9755
      vertex 6.50701 -11.2705 20.9755
    endloop
  endfacet
  facet normal -0.239886 -0.538813 0.807549
    outer loop
      vertex -7.632 -10.8736 20.933
      vertex -6.59704 -11.4264 20.8716
      vertex -6.55476 -11.3532 20.933
    endloop
  endfacet
  facet normal -0.239874 -0.538793 0.807565
    outer loop
      vertex -6.59704 -11.4264 20.8716
      vertex -7.632 -10.8736 20.933
      vertex -7.65812 -10.954 20.8716
    endloop
  endfacet
  facet normal -0.303083 -0.680706 0.666919
    outer loop
      vertex -6.63201 -11.487 20.7939
      vertex -7.65812 -10.954 20.8716
      vertex -7.67974 -11.0205 20.7939
    endloop
  endfacet
  facet normal -0.302982 -0.680542 0.667132
    outer loop
      vertex -7.65812 -10.954 20.8716
      vertex -6.63201 -11.487 20.7939
      vertex -6.59704 -11.4264 20.8716
    endloop
  endfacet
  facet normal -0.239988 -0.539042 -0.807366
    outer loop
      vertex -6.59704 -11.4264 0.128428
      vertex -7.632 -10.8736 0.066988
      vertex -6.55476 -11.3532 0.066988
    endloop
  endfacet
  facet normal -0.239976 -0.539022 -0.807382
    outer loop
      vertex -7.632 -10.8736 0.066988
      vertex -6.59704 -11.4264 0.128428
      vertex -7.65812 -10.954 0.128428
    endloop
  endfacet
  facet normal 0.166073 -0.373021 -0.912839
    outer loop
      vertex 6.55476 -11.3532 0.066988
      vertex 7.60248 -10.7827 0.0244722
      vertex 7.632 -10.8736 0.066988
    endloop
  endfacet
  facet normal 0.166208 -0.373259 -0.912717
    outer loop
      vertex 7.60248 -10.7827 0.0244722
      vertex 6.55476 -11.3532 0.066988
      vertex 6.50701 -11.2705 0.0244722
    endloop
  endfacet
  facet normal 0.404528 -0.908562 0.10427
    outer loop
      vertex 6.67976 -11.5697 20.5
      vertex 7.70587 -11.1009 20.604
      vertex 6.67429 -11.5602 20.604
    endloop
  endfacet
  facet normal 0.404561 -0.908577 0.104006
    outer loop
      vertex 7.70587 -11.1009 20.604
      vertex 6.67976 -11.5697 20.5
      vertex 7.70925 -11.1113 20.5
    endloop
  endfacet
  facet normal 0.386975 -0.869227 0.307726
    outer loop
      vertex 6.67429 -11.5602 20.604
      vertex 7.69589 -11.0702 20.7034
      vertex 6.65814 -11.5322 20.7034
    endloop
  endfacet
  facet normal 0.387056 -0.869322 0.307354
    outer loop
      vertex 7.69589 -11.0702 20.7034
      vertex 6.67429 -11.5602 20.604
      vertex 7.70587 -11.1009 20.604
    endloop
  endfacet
  facet normal 0.302947 -0.680464 -0.667227
    outer loop
      vertex 7.65812 -10.954 0.128428
      vertex 6.63201 -11.487 0.206108
      vertex 6.59704 -11.4264 0.128428
    endloop
  endfacet
  facet normal 0.303048 -0.680628 -0.667014
    outer loop
      vertex 6.63201 -11.487 0.206108
      vertex 7.65812 -10.954 0.128428
      vertex 7.67974 -11.0205 0.206108
    endloop
  endfacet
  facet normal 0.386979 -0.869238 -0.30769
    outer loop
      vertex 7.69589 -11.0702 0.296632
      vertex 6.67429 -11.5602 0.396045
      vertex 6.65814 -11.5322 0.296632
    endloop
  endfacet
  facet normal 0.387061 -0.869333 -0.307318
    outer loop
      vertex 6.67429 -11.5602 0.396045
      vertex 7.69589 -11.0702 0.296632
      vertex 7.70587 -11.1009 0.396045
    endloop
  endfacet
  facet normal 0 -1 0
    outer loop
      vertex -10.6618 -11.0085 0.5
      vertex -10.5572 -11.0085 20.5
      vertex -10.6618 -11.0085 20.5
    endloop
  endfacet
  facet normal 0 -1 -0
    outer loop
      vertex -10.5572 -11.0085 20.5
      vertex -10.6618 -11.0085 0.5
      vertex -10.5572 -11.0085 0.5
    endloop
  endfacet
  facet normal 0 -0.589906 -0.807472
    outer loop
      vertex -10.5745 -10.844 0.128428
      vertex -10.6356 -10.7599 0.066988
      vertex -10.5834 -10.7599 0.066988
    endloop
  endfacet
  facet normal 0 -0.589906 -0.807472
    outer loop
      vertex -10.6356 -10.7599 0.066988
      vertex -10.5745 -10.844 0.128428
      vertex -10.6445 -10.844 0.128428
    endloop
  endfacet
  facet normal 0.0433681 -0.204542 -0.977897
    outer loop
      vertex -10.5618 -10.6582 0.0244722
      vertex -10.5934 -10.6649 0.0244722
      vertex -10.5934 -10.561 0.00273991
    endloop
  endfacet
  facet normal 0.0851939 -0.399395 0.912812
    outer loop
      vertex -10.5323 -10.749 20.933
      vertex -10.5934 -10.6649 20.9755
      vertex -10.5834 -10.7599 20.933
    endloop
  endfacet
  facet normal -0.644659 -0.580103 -0.497891
    outer loop
      vertex -10.9152 -10.8507 0.296632
      vertex -10.979 -10.7798 0.296632
      vertex -10.8802 -10.8119 0.206108
    endloop
  endfacet
  facet normal 0.207698 -0.978193 0
    outer loop
      vertex -10.5572 -11.0085 0.5
      vertex -10.455 -10.9868 20.5
      vertex -10.5572 -11.0085 20.5
    endloop
  endfacet
  facet normal 0.207698 -0.978193 0
    outer loop
      vertex -10.455 -10.9868 20.5
      vertex -10.5572 -11.0085 0.5
      vertex -10.455 -10.9868 0.5
    endloop
  endfacet
  facet normal -0.352553 -0.79222 -0.498091
    outer loop
      vertex -10.7345 -10.896 0.206108
      vertex -10.8379 -10.9069 0.296632
      vertex -10.8118 -10.8616 0.206108
    endloop
  endfacet
  facet normal -0.437684 -0.602747 -0.667179
    outer loop
      vertex -10.7768 -10.801 0.128428
      vertex -10.8802 -10.8119 0.206108
      vertex -10.8334 -10.7599 0.128428
    endloop
  endfacet
  facet normal 0.155035 -0.728489 -0.667284
    outer loop
      vertex -10.5672 -10.9136 0.206108
      vertex -10.5745 -10.844 0.128428
      vertex -10.4845 -10.896 0.206108
    endloop
  endfacet
  facet normal -0.706992 -0.636663 -0.307935
    outer loop
      vertex -10.979 -10.7798 0.296632
      vertex -11.083 -10.6659 0.299916
      vertex -11.0822 -10.6652 0.296632
    endloop
  endfacet
  facet normal -0.70714 -0.636817 -0.307272
    outer loop
      vertex -10.979 -10.7798 0.296632
      vertex -11.1236 -10.6672 0.396045
      vertex -11.083 -10.6659 0.299916
    endloop
  endfacet
  facet normal -0.707264 -0.636322 -0.308012
    outer loop
      vertex -11.1236 -10.6672 0.396045
      vertex -10.979 -10.7798 0.296632
      vertex -11.0052 -10.7988 0.396045
    endloop
  endfacet
  facet normal 0.123004 -0.576654 0.807676
    outer loop
      vertex -10.5323 -10.749 20.933
      vertex -10.5834 -10.7599 20.933
      vertex -10.5745 -10.844 20.8716
    endloop
  endfacet
  facet normal -0.743406 -0.66884 0
    outer loop
      vertex -10.9441 -10.8829 0.5
      vertex -11.0625 -10.7513 20.5
      vertex -11.0625 -10.7513 0.5
    endloop
  endfacet
  facet normal -0.743406 -0.66884 0
    outer loop
      vertex -11.0625 -10.7513 20.5
      vertex -10.9441 -10.8829 0.5
      vertex -10.9441 -10.8829 20.5
    endloop
  endfacet
  facet normal 0.20657 -0.97288 -0.104086
    outer loop
      vertex -10.455 -10.9868 0.5
      vertex -10.5572 -11.0085 0.5
      vertex -10.4584 -10.9764 0.396045
    endloop
  endfacet
  facet normal -0.155783 -0.140264 0.977782
    outer loop
      vertex -10.8313 -10.4946 20.9755
      vertex -10.6445 -10.5501 20.9973
      vertex -10.7629 -10.4186 20.9973
    endloop
  endfacet
  facet normal -0.155783 -0.140264 0.977782
    outer loop
      vertex -10.6445 -10.5501 20.9973
      vertex -10.8313 -10.4946 20.9755
      vertex -10.7129 -10.6261 20.9755
    endloop
  endfacet
  facet normal 0 -0.209169 -0.97788
    outer loop
      vertex -10.5934 -10.6649 0.0244722
      vertex -10.615 -10.5633 0.00273991
      vertex -10.604 -10.5633 0.00273991
    endloop
  endfacet
  facet normal 0 -0.209169 -0.97788
    outer loop
      vertex -10.615 -10.5633 0.00273991
      vertex -10.5934 -10.6649 0.0244722
      vertex -10.6257 -10.6649 0.0244722
    endloop
  endfacet
  facet normal -0.553688 -0.49832 -0.667163
    outer loop
      vertex -10.8334 -10.7599 0.128428
      vertex -10.8802 -10.8119 0.206108
      vertex -10.8802 -10.7079 0.128428
    endloop
  endfacet
  facet normal -0.198255 -0.930776 0.307165
    outer loop
      vertex -10.6573 -10.9656 20.7034
      vertex -10.7606 -10.9764 20.604
      vertex -10.6606 -10.9977 20.604
    endloop
  endfacet
  facet normal -0.303597 -0.27316 0.912805
    outer loop
      vertex -10.7129 -10.6261 20.9755
      vertex -10.8118 -10.6582 20.933
      vertex -10.7768 -10.6971 20.933
    endloop
  endfacet
  facet normal 0.197964 -0.930882 -0.307032
    outer loop
      vertex -9.94298 -10.834 0.296632
      vertex -10.4584 -10.9764 0.396045
      vertex -10.5618 -10.9656 0.296632
    endloop
  endfacet
  facet normal 0.197668 -0.93058 -0.308137
    outer loop
      vertex -10.4584 -10.9764 0.396045
      vertex -9.94298 -10.834 0.296632
      vertex -9.9396 -10.8662 0.396045
    endloop
  endfacet
  facet normal 0.207209 -0.972811 -0.103458
    outer loop
      vertex -10.5572 -11.0085 0.5
      vertex -10.5584 -10.9977 0.396045
      vertex -10.4584 -10.9764 0.396045
    endloop
  endfacet
  facet normal -0.155035 -0.728489 -0.667284
    outer loop
      vertex -10.6518 -10.9136 0.206108
      vertex -10.7345 -10.896 0.206108
      vertex -10.6445 -10.844 0.128428
    endloop
  endfacet
  facet normal -0.438537 -0.394683 -0.80741
    outer loop
      vertex -10.8334 -10.7599 0.128428
      vertex -10.8802 -10.7079 0.128428
      vertex -10.7768 -10.6971 0.066988
    endloop
  endfacet
  facet normal -0.19831 -0.93076 -0.307179
    outer loop
      vertex -10.6573 -10.9656 0.296632
      vertex -10.7606 -10.9764 0.396045
      vertex -10.7507 -10.9457 0.296632
    endloop
  endfacet
  facet normal -0.404372 -0.908648 -0.10413
    outer loop
      vertex -10.764 -10.9868 0.5
      vertex -10.8595 -10.9443 0.5
      vertex -10.7606 -10.9764 0.396045
    endloop
  endfacet
  facet normal -0.239875 -0.330512 0.91281
    outer loop
      vertex -10.7129 -10.6261 20.9755
      vertex -10.7768 -10.6971 20.933
      vertex -10.7345 -10.7278 20.933
    endloop
  endfacet
  facet normal -0.303541 -0.273302 0.912781
    outer loop
      vertex -10.8313 -10.4946 20.9755
      vertex -10.8118 -10.6582 20.933
      vertex -10.7129 -10.6261 20.9755
    endloop
  endfacet
  facet normal -0.303541 -0.273302 0.912781
    outer loop
      vertex -10.8118 -10.6582 20.933
      vertex -10.8313 -10.4946 20.9755
      vertex -10.9302 -10.5267 20.933
    endloop
  endfacet
  facet normal 0.206571 -0.972884 0.104042
    outer loop
      vertex -10.4584 -10.9764 20.604
      vertex -10.5572 -11.0085 20.5
      vertex -10.455 -10.9868 20.5
    endloop
  endfacet
  facet normal -0.7388 -0.665796 0.104354
    outer loop
      vertex -10.9368 -10.8747 20.604
      vertex -11.0052 -10.7988 20.604
      vertex -10.9441 -10.8829 20.5
    endloop
  endfacet
  facet normal -0.122224 -0.169967 0.977841
    outer loop
      vertex -10.6445 -10.5501 20.9973
      vertex -10.6868 -10.6451 20.9755
      vertex -10.6356 -10.5565 20.9973
    endloop
  endfacet
  facet normal 0.206649 -0.972863 -0.104087
    outer loop
      vertex -9.9396 -10.8662 0.396045
      vertex -10.455 -10.9868 0.5
      vertex -10.4584 -10.9764 0.396045
    endloop
  endfacet
  facet normal 0.206809 -0.972908 -0.103344
    outer loop
      vertex -10.455 -10.9868 0.5
      vertex -9.9396 -10.8662 0.396045
      vertex -9.93846 -10.877 0.5
    endloop
  endfacet
  facet normal 0.180372 -0.848158 -0.49809
    outer loop
      vertex -10.4845 -10.896 0.206108
      vertex -9.94298 -10.834 0.296632
      vertex -10.5618 -10.9656 0.296632
    endloop
  endfacet
  facet normal 0.180304 -0.848582 -0.497392
    outer loop
      vertex -9.94298 -10.834 0.296632
      vertex -10.4845 -10.896 0.206108
      vertex -9.94844 -10.7821 0.206108
    endloop
  endfacet
  facet normal 0.180509 -0.848186 -0.497994
    outer loop
      vertex -10.5618 -10.9656 0.296632
      vertex -10.5672 -10.9136 0.206108
      vertex -10.4845 -10.896 0.206108
    endloop
  endfacet
  facet normal -0.438563 -0.394594 -0.807439
    outer loop
      vertex -10.7768 -10.6971 0.066988
      vertex -10.8802 -10.7079 0.128428
      vertex -10.8118 -10.6582 0.066988
    endloop
  endfacet
  facet normal -0.0850736 -0.399612 -0.912728
    outer loop
      vertex -10.6356 -10.7599 0.066988
      vertex -10.6868 -10.749 0.066988
      vertex -10.6257 -10.6649 0.0244722
    endloop
  endfacet
  facet normal 0.0847688 -0.399805 -0.912672
    outer loop
      vertex -10.5323 -10.749 0.066988
      vertex -10.5934 -10.6649 0.0244722
      vertex -10.5618 -10.6582 0.0244722
    endloop
  endfacet
  facet normal -0.558979 -0.770108 -0.30737
    outer loop
      vertex -10.854 -10.9348 0.396045
      vertex -10.9368 -10.8747 0.396045
      vertex -10.9152 -10.8507 0.296632
    endloop
  endfacet
  facet normal -0.387253 -0.869456 -0.306726
    outer loop
      vertex -10.7606 -10.9764 0.396045
      vertex -10.854 -10.9348 0.396045
      vertex -10.8379 -10.9069 0.296632
    endloop
  endfacet
  facet normal -0.154518 -0.728898 -0.666958
    outer loop
      vertex -10.6445 -10.844 0.128428
      vertex -10.7345 -10.896 0.206108
      vertex -10.7129 -10.8295 0.128428
    endloop
  endfacet
  facet normal -0.553526 -0.498384 -0.66725
    outer loop
      vertex -10.9986 -10.6804 0.206108
      vertex -10.8802 -10.7079 0.128428
      vertex -10.8802 -10.8119 0.206108
    endloop
  endfacet
  facet normal -0.553526 -0.498384 -0.66725
    outer loop
      vertex -10.8802 -10.7079 0.128428
      vertex -10.9986 -10.6804 0.206108
      vertex -10.9986 -10.5764 0.128428
    endloop
  endfacet
  facet normal -0.706883 -0.637033 0.307419
    outer loop
      vertex -10.9152 -10.8507 20.7034
      vertex -11.0052 -10.7988 20.604
      vertex -10.9368 -10.8747 20.604
    endloop
  endfacet
  facet normal 0.155053 -0.728573 0.667188
    outer loop
      vertex -10.4845 -10.896 20.7939
      vertex -10.5745 -10.844 20.8716
      vertex -10.5672 -10.9136 20.7939
    endloop
  endfacet
  facet normal 0.0435704 -0.205015 0.977789
    outer loop
      vertex -9.98526 -10.4317 20.9973
      vertex -10.5618 -10.6582 20.9755
      vertex -9.97457 -10.5334 20.9755
    endloop
  endfacet
  facet normal 0.0436107 -0.205115 0.977766
    outer loop
      vertex -10.5618 -10.6582 20.9755
      vertex -9.98526 -10.4317 20.9973
      vertex -10.5934 -10.561 20.9973
    endloop
  endfacet
  facet normal -0.0434973 -0.205151 0.977763
    outer loop
      vertex -10.6257 -10.561 20.9973
      vertex -10.6573 -10.6582 20.9755
      vertex -10.6257 -10.6649 20.9755
    endloop
  endfacet
  facet normal 0.207923 -0.978145 0
    outer loop
      vertex -10.455 -10.9868 0.5
      vertex -9.93846 -10.877 20.5
      vertex -10.455 -10.9868 20.5
    endloop
  endfacet
  facet normal 0.207923 -0.978145 0
    outer loop
      vertex -9.93846 -10.877 20.5
      vertex -10.455 -10.9868 0.5
      vertex -9.93846 -10.877 0.5
    endloop
  endfacet
  facet normal 0 -0.867062 0.498201
    outer loop
      vertex -10.6573 -10.9656 20.7034
      vertex -10.5672 -10.9136 20.7939
      vertex -10.6518 -10.9136 20.7939
    endloop
  endfacet
  facet normal 0 -0.867062 0.498201
    outer loop
      vertex -10.5672 -10.9136 20.7939
      vertex -10.6573 -10.9656 20.7034
      vertex -10.5618 -10.9656 20.7034
    endloop
  endfacet
  facet normal 0 -0.867119 -0.498102
    outer loop
      vertex -10.6518 -10.9136 0.206108
      vertex -10.5618 -10.9656 0.296632
      vertex -10.6573 -10.9656 0.296632
    endloop
  endfacet
  facet normal 0 -0.867119 -0.498102
    outer loop
      vertex -10.5618 -10.9656 0.296632
      vertex -10.6518 -10.9136 0.206108
      vertex -10.5672 -10.9136 0.206108
    endloop
  endfacet
  facet normal 0.198246 -0.930731 -0.307309
    outer loop
      vertex -10.5584 -10.9977 0.396045
      vertex -10.5618 -10.9656 0.296632
      vertex -10.4584 -10.9764 0.396045
    endloop
  endfacet
  facet normal -0.16597 -0.373432 -0.91269
    outer loop
      vertex -10.6868 -10.749 0.066988
      vertex -10.7345 -10.7278 0.066988
      vertex -10.6573 -10.6582 0.0244722
    endloop
  endfacet
  facet normal -0.165872 -0.373528 -0.912668
    outer loop
      vertex -10.6573 -10.6582 0.0244722
      vertex -10.7345 -10.7278 0.066988
      vertex -10.6868 -10.6451 0.0244722
    endloop
  endfacet
  facet normal 0.0848828 -0.399576 -0.912762
    outer loop
      vertex -10.5323 -10.749 0.066988
      vertex -9.97457 -10.5334 0.0244722
      vertex -9.96459 -10.6284 0.066988
    endloop
  endfacet
  facet normal 0.0849557 -0.399748 -0.91268
    outer loop
      vertex -9.97457 -10.5334 0.0244722
      vertex -10.5323 -10.749 0.066988
      vertex -10.5618 -10.6582 0.0244722
    endloop
  endfacet
  facet normal -0.180491 -0.848101 -0.498144
    outer loop
      vertex -10.6573 -10.9656 0.296632
      vertex -10.7345 -10.896 0.206108
      vertex -10.6518 -10.9136 0.206108
    endloop
  endfacet
  facet normal 0 -0.74478 -0.66731
    outer loop
      vertex -10.6445 -10.844 0.128428
      vertex -10.5672 -10.9136 0.206108
      vertex -10.6518 -10.9136 0.206108
    endloop
  endfacet
  facet normal 0 -0.74478 -0.66731
    outer loop
      vertex -10.5672 -10.9136 0.206108
      vertex -10.6445 -10.844 0.128428
      vertex -10.5745 -10.844 0.128428
    endloop
  endfacet
  facet normal -0.303505 -0.680491 -0.666946
    outer loop
      vertex -10.7345 -10.896 0.206108
      vertex -10.7768 -10.801 0.128428
      vertex -10.7129 -10.8295 0.128428
    endloop
  endfacet
  facet normal -0.303635 -0.273387 -0.912724
    outer loop
      vertex -10.8118 -10.6582 0.066988
      vertex -10.8313 -10.4946 0.0244722
      vertex -10.7129 -10.6261 0.0244722
    endloop
  endfacet
  facet normal -0.303635 -0.273387 -0.912724
    outer loop
      vertex -10.8313 -10.4946 0.0244722
      vertex -10.8118 -10.6582 0.066988
      vertex -10.9302 -10.5267 0.066988
    endloop
  endfacet
  facet normal -0.404642 -0.908498 0.104387
    outer loop
      vertex -10.854 -10.9348 20.604
      vertex -10.8595 -10.9443 20.5
      vertex -10.7606 -10.9764 20.604
    endloop
  endfacet
  facet normal -0.180707 -0.848144 -0.497992
    outer loop
      vertex -10.6573 -10.9656 0.296632
      vertex -10.7507 -10.9457 0.296632
      vertex -10.7345 -10.896 0.206108
    endloop
  endfacet
  facet normal -0.509994 -0.701469 -0.497843
    outer loop
      vertex -10.8379 -10.9069 0.296632
      vertex -10.9152 -10.8507 0.296632
      vertex -10.8802 -10.8119 0.206108
    endloop
  endfacet
  facet normal -0.207209 -0.972811 -0.103458
    outer loop
      vertex -10.6618 -11.0085 0.5
      vertex -10.7606 -10.9764 0.396045
      vertex -10.6606 -10.9977 0.396045
    endloop
  endfacet
  facet normal -0.20721 -0.972815 0.103414
    outer loop
      vertex -10.6606 -10.9977 20.604
      vertex -10.7606 -10.9764 20.604
      vertex -10.6618 -11.0085 20.5
    endloop
  endfacet
  facet normal 0 -0.744865 0.667215
    outer loop
      vertex -10.6518 -10.9136 20.7939
      vertex -10.5745 -10.844 20.8716
      vertex -10.6445 -10.844 20.8716
    endloop
  endfacet
  facet normal 0 -0.744865 0.667215
    outer loop
      vertex -10.5745 -10.844 20.8716
      vertex -10.6518 -10.9136 20.7939
      vertex -10.5672 -10.9136 20.7939
    endloop
  endfacet
  facet normal -0.180696 -0.848089 0.498091
    outer loop
      vertex -10.7345 -10.896 20.7939
      vertex -10.7507 -10.9457 20.7034
      vertex -10.6573 -10.9656 20.7034
    endloop
  endfacet
  facet normal -0.207698 -0.978193 0
    outer loop
      vertex -10.764 -10.9868 0.5
      vertex -10.6618 -11.0085 20.5
      vertex -10.764 -10.9868 20.5
    endloop
  endfacet
  facet normal -0.207698 -0.978193 -0
    outer loop
      vertex -10.6618 -11.0085 20.5
      vertex -10.764 -10.9868 0.5
      vertex -10.6618 -11.0085 0.5
    endloop
  endfacet
  facet normal -0.20657 -0.97288 -0.104086
    outer loop
      vertex -10.6618 -11.0085 0.5
      vertex -10.764 -10.9868 0.5
      vertex -10.7606 -10.9764 0.396045
    endloop
  endfacet
  facet normal 0.044512 -0.205142 0.977719
    outer loop
      vertex -10.5934 -10.561 20.9973
      vertex -10.604 -10.5633 20.9973
      vertex -10.5934 -10.6649 20.9755
    endloop
  endfacet
  facet normal 0.0434973 -0.205151 0.977763
    outer loop
      vertex -10.5934 -10.561 20.9973
      vertex -10.5934 -10.6649 20.9755
      vertex -10.5618 -10.6582 20.9755
    endloop
  endfacet
  facet normal 0.180497 -0.84813 0.498093
    outer loop
      vertex -10.4845 -10.896 20.7939
      vertex -10.5672 -10.9136 20.7939
      vertex -10.5618 -10.9656 20.7034
    endloop
  endfacet
  facet normal 0.20665 -0.972867 0.104043
    outer loop
      vertex -10.455 -10.9868 20.5
      vertex -9.9396 -10.8662 20.604
      vertex -10.4584 -10.9764 20.604
    endloop
  endfacet
  facet normal 0.20681 -0.972912 0.1033
    outer loop
      vertex -9.9396 -10.8662 20.604
      vertex -10.455 -10.9868 20.5
      vertex -9.93846 -10.877 20.5
    endloop
  endfacet
  facet normal 0.198243 -0.930719 0.307345
    outer loop
      vertex -10.4584 -10.9764 20.604
      vertex -10.5618 -10.9656 20.7034
      vertex -10.5584 -10.9977 20.604
    endloop
  endfacet
  facet normal 0.154871 -0.728717 0.667074
    outer loop
      vertex -10.4845 -10.896 20.7939
      vertex -9.95575 -10.7125 20.8716
      vertex -10.5745 -10.844 20.8716
    endloop
  endfacet
  facet normal 0.154811 -0.728602 0.667212
    outer loop
      vertex -9.95575 -10.7125 20.8716
      vertex -10.4845 -10.896 20.7939
      vertex -9.94844 -10.7821 20.7939
    endloop
  endfacet
  facet normal 0 -0.408366 0.912818
    outer loop
      vertex -10.6257 -10.6649 20.9755
      vertex -10.5834 -10.7599 20.933
      vertex -10.5934 -10.6649 20.9755
    endloop
  endfacet
  facet normal 0 -0.408366 0.912818
    outer loop
      vertex -10.5834 -10.7599 20.933
      vertex -10.6257 -10.6649 20.9755
      vertex -10.6356 -10.7599 20.933
    endloop
  endfacet
  facet normal 0.0847426 -0.399681 0.912729
    outer loop
      vertex -10.5618 -10.6582 20.9755
      vertex -10.5934 -10.6649 20.9755
      vertex -10.5323 -10.749 20.933
    endloop
  endfacet
  facet normal -0.386886 -0.869495 0.307079
    outer loop
      vertex -10.7507 -10.9457 20.7034
      vertex -10.8379 -10.9069 20.7034
      vertex -10.7606 -10.9764 20.604
    endloop
  endfacet
  facet normal -0.387248 -0.869446 0.306763
    outer loop
      vertex -10.8379 -10.9069 20.7034
      vertex -10.854 -10.9348 20.604
      vertex -10.7606 -10.9764 20.604
    endloop
  endfacet
  facet normal -0.198258 -0.930788 -0.307128
    outer loop
      vertex -10.6606 -10.9977 0.396045
      vertex -10.7606 -10.9764 0.396045
      vertex -10.6573 -10.9656 0.296632
    endloop
  endfacet
  facet normal -0.155321 -0.139848 -0.977915
    outer loop
      vertex -10.8313 -10.4946 0.0244722
      vertex -10.6445 -10.5501 0.00273991
      vertex -10.7129 -10.6261 0.0244722
    endloop
  endfacet
  facet normal -0.155321 -0.139848 -0.977915
    outer loop
      vertex -10.6445 -10.5501 0.00273991
      vertex -10.8313 -10.4946 0.0244722
      vertex -10.7629 -10.4186 0.00273991
    endloop
  endfacet
  facet normal -0.303691 -0.273244 -0.912748
    outer loop
      vertex -10.7768 -10.6971 0.066988
      vertex -10.8118 -10.6582 0.066988
      vertex -10.7129 -10.6261 0.0244722
    endloop
  endfacet
  facet normal 0.123057 -0.576899 -0.807493
    outer loop
      vertex -10.5745 -10.844 0.128428
      vertex -10.5834 -10.7599 0.066988
      vertex -10.5323 -10.749 0.066988
    endloop
  endfacet
  facet normal 0.0852203 -0.399519 -0.912755
    outer loop
      vertex -10.5834 -10.7599 0.066988
      vertex -10.5934 -10.6649 0.0244722
      vertex -10.5323 -10.749 0.066988
    endloop
  endfacet
  facet normal -0.122823 -0.576932 -0.807505
    outer loop
      vertex -10.6445 -10.844 0.128428
      vertex -10.6868 -10.749 0.066988
      vertex -10.6356 -10.7599 0.066988
    endloop
  endfacet
  facet normal -0.346576 -0.477529 -0.807373
    outer loop
      vertex -10.7345 -10.7278 0.066988
      vertex -10.8334 -10.7599 0.128428
      vertex -10.7768 -10.6971 0.066988
    endloop
  endfacet
  facet normal 0.154853 -0.728633 -0.667169
    outer loop
      vertex -9.95575 -10.7125 0.128428
      vertex -10.4845 -10.896 0.206108
      vertex -10.5745 -10.844 0.128428
    endloop
  endfacet
  facet normal 0.154793 -0.728519 -0.667308
    outer loop
      vertex -10.4845 -10.896 0.206108
      vertex -9.95575 -10.7125 0.128428
      vertex -9.94844 -10.7821 0.206108
    endloop
  endfacet
  facet normal -0.239468 -0.538804 -0.807679
    outer loop
      vertex -10.7129 -10.8295 0.128428
      vertex -10.7345 -10.7278 0.066988
      vertex -10.6868 -10.749 0.066988
    endloop
  endfacet
  facet normal -0.122275 -0.576802 -0.807681
    outer loop
      vertex -10.6445 -10.844 0.128428
      vertex -10.7129 -10.8295 0.128428
      vertex -10.6868 -10.749 0.066988
    endloop
  endfacet
  facet normal -0.302819 -0.680463 -0.667286
    outer loop
      vertex -10.7345 -10.896 0.206108
      vertex -10.8118 -10.8616 0.206108
      vertex -10.7768 -10.801 0.128428
    endloop
  endfacet
  facet normal -0.352518 -0.792257 -0.498056
    outer loop
      vertex -10.7507 -10.9457 0.296632
      vertex -10.8379 -10.9069 0.296632
      vertex -10.7345 -10.896 0.206108
    endloop
  endfacet
  facet normal 0 -0.994647 -0.103335
    outer loop
      vertex -10.6606 -10.9977 0.396045
      vertex -10.5572 -11.0085 0.5
      vertex -10.6618 -11.0085 0.5
    endloop
  endfacet
  facet normal 0 -0.994647 -0.103335
    outer loop
      vertex -10.5572 -11.0085 0.5
      vertex -10.6606 -10.9977 0.396045
      vertex -10.5584 -10.9977 0.396045
    endloop
  endfacet
  facet normal -0.584202 -0.804857 0.104466
    outer loop
      vertex -10.9368 -10.8747 20.604
      vertex -10.9441 -10.8829 20.5
      vertex -10.854 -10.9348 20.604
    endloop
  endfacet
  facet normal -0.40464 -0.908494 -0.104432
    outer loop
      vertex -10.7606 -10.9764 0.396045
      vertex -10.8595 -10.9443 0.5
      vertex -10.854 -10.9348 0.396045
    endloop
  endfacet
  facet normal -0.739407 -0.665241 -0.103593
    outer loop
      vertex -11.0052 -10.7988 0.396045
      vertex -11.0625 -10.7513 0.5
      vertex -11.1236 -10.6672 0.396045
    endloop
  endfacet
  facet normal -0.739407 -0.665241 -0.103593
    outer loop
      vertex -11.0625 -10.7513 0.5
      vertex -11.0052 -10.7988 0.396045
      vertex -10.9441 -10.8829 0.5
    endloop
  endfacet
  facet normal -0.240218 -0.538595 0.807596
    outer loop
      vertex -10.7345 -10.7278 20.933
      vertex -10.7768 -10.801 20.8716
      vertex -10.7129 -10.8295 20.8716
    endloop
  endfacet
  facet normal -0.155053 -0.728573 0.667188
    outer loop
      vertex -10.6445 -10.844 20.8716
      vertex -10.7345 -10.896 20.7939
      vertex -10.6518 -10.9136 20.7939
    endloop
  endfacet
  facet normal 0.0848565 -0.399452 0.912819
    outer loop
      vertex -9.97457 -10.5334 20.9755
      vertex -10.5323 -10.749 20.933
      vertex -9.96459 -10.6284 20.933
    endloop
  endfacet
  facet normal 0.0849294 -0.399624 0.912736
    outer loop
      vertex -10.5323 -10.749 20.933
      vertex -9.97457 -10.5334 20.9755
      vertex -10.5618 -10.6582 20.9755
    endloop
  endfacet
  facet normal 0.20721 -0.972815 0.103414
    outer loop
      vertex -10.4584 -10.9764 20.604
      vertex -10.5584 -10.9977 20.604
      vertex -10.5572 -11.0085 20.5
    endloop
  endfacet
  facet normal 0 -0.951609 0.30731
    outer loop
      vertex -10.6606 -10.9977 20.604
      vertex -10.5618 -10.9656 20.7034
      vertex -10.6573 -10.9656 20.7034
    endloop
  endfacet
  facet normal 0 -0.951609 0.30731
    outer loop
      vertex -10.5618 -10.9656 20.7034
      vertex -10.6606 -10.9977 20.604
      vertex -10.5584 -10.9977 20.604
    endloop
  endfacet
  facet normal -0.198307 -0.930749 0.307216
    outer loop
      vertex -10.7507 -10.9457 20.7034
      vertex -10.7606 -10.9764 20.604
      vertex -10.6573 -10.9656 20.7034
    endloop
  endfacet
  facet normal 0 -0.994651 0.103291
    outer loop
      vertex -10.6618 -11.0085 20.5
      vertex -10.5584 -10.9977 20.604
      vertex -10.6606 -10.9977 20.604
    endloop
  endfacet
  facet normal 0 -0.994651 0.103291
    outer loop
      vertex -10.5584 -10.9977 20.604
      vertex -10.6618 -11.0085 20.5
      vertex -10.5572 -11.0085 20.5
    endloop
  endfacet
  facet normal 0.122527 -0.576779 0.807659
    outer loop
      vertex -10.5323 -10.749 20.933
      vertex -9.95575 -10.7125 20.8716
      vertex -9.96459 -10.6284 20.933
    endloop
  endfacet
  facet normal 0.12253 -0.576541 0.807828
    outer loop
      vertex -9.95575 -10.7125 20.8716
      vertex -10.5323 -10.749 20.933
      vertex -10.5745 -10.844 20.8716
    endloop
  endfacet
  facet normal -0.438249 -0.39459 0.807612
    outer loop
      vertex -10.9302 -10.5267 20.933
      vertex -10.8802 -10.7079 20.8716
      vertex -10.8118 -10.6582 20.933
    endloop
  endfacet
  facet normal -0.438249 -0.39459 0.807612
    outer loop
      vertex -10.8802 -10.7079 20.8716
      vertex -10.9302 -10.5267 20.933
      vertex -10.9986 -10.5764 20.8716
    endloop
  endfacet
  facet normal -0.437734 -0.602817 0.667084
    outer loop
      vertex -10.8334 -10.7599 20.8716
      vertex -10.8802 -10.8119 20.7939
      vertex -10.7768 -10.801 20.8716
    endloop
  endfacet
  facet normal -0.0847426 -0.399681 0.912729
    outer loop
      vertex -10.6573 -10.6582 20.9755
      vertex -10.6868 -10.749 20.933
      vertex -10.6257 -10.6649 20.9755
    endloop
  endfacet
  facet normal -0.0850964 -0.191629 0.977771
    outer loop
      vertex -10.6257 -10.561 20.9973
      vertex -10.6868 -10.6451 20.9755
      vertex -10.6573 -10.6582 20.9755
    endloop
  endfacet
  facet normal -0.437851 -0.602595 0.667208
    outer loop
      vertex -10.7768 -10.801 20.8716
      vertex -10.8802 -10.8119 20.7939
      vertex -10.8118 -10.8616 20.7939
    endloop
  endfacet
  facet normal -0.50996 -0.701422 0.497943
    outer loop
      vertex -10.8802 -10.8119 20.7939
      vertex -10.9152 -10.8507 20.7034
      vertex -10.8379 -10.9069 20.7034
    endloop
  endfacet
  facet normal 0 -0.408493 -0.912762
    outer loop
      vertex -10.5834 -10.7599 0.066988
      vertex -10.6257 -10.6649 0.0244722
      vertex -10.5934 -10.6649 0.0244722
    endloop
  endfacet
  facet normal 0 -0.408493 -0.912762
    outer loop
      vertex -10.6257 -10.6649 0.0244722
      vertex -10.5834 -10.7599 0.066988
      vertex -10.6356 -10.7599 0.066988
    endloop
  endfacet
  facet normal 0.122579 -0.577024 -0.807476
    outer loop
      vertex -9.95575 -10.7125 0.128428
      vertex -10.5323 -10.749 0.066988
      vertex -9.96459 -10.6284 0.066988
    endloop
  endfacet
  facet normal 0.122582 -0.576786 -0.807646
    outer loop
      vertex -10.5323 -10.749 0.066988
      vertex -9.95575 -10.7125 0.128428
      vertex -10.5745 -10.844 0.128428
    endloop
  endfacet
  facet normal 0.0443798 -0.204533 -0.977853
    outer loop
      vertex -10.5934 -10.6649 0.0244722
      vertex -10.604 -10.5633 0.00273991
      vertex -10.5934 -10.561 0.00273991
    endloop
  endfacet
  facet normal -0.24032 -0.538824 -0.807413
    outer loop
      vertex -10.7129 -10.8295 0.128428
      vertex -10.7768 -10.801 0.128428
      vertex -10.7345 -10.7278 0.066988
    endloop
  endfacet
  facet normal -0.346653 -0.477386 -0.807424
    outer loop
      vertex -10.7768 -10.801 0.128428
      vertex -10.8334 -10.7599 0.128428
      vertex -10.7345 -10.7278 0.066988
    endloop
  endfacet
  facet normal -0.0439659 -0.204537 -0.977871
    outer loop
      vertex -10.615 -10.5633 0.00273991
      vertex -10.6257 -10.6649 0.0244722
      vertex -10.6257 -10.561 0.00273991
    endloop
  endfacet
  facet normal -0.38689 -0.869506 -0.307043
    outer loop
      vertex -10.7606 -10.9764 0.396045
      vertex -10.8379 -10.9069 0.296632
      vertex -10.7507 -10.9457 0.296632
    endloop
  endfacet
  facet normal -0.559707 -0.769846 -0.3067
    outer loop
      vertex -10.854 -10.9348 0.396045
      vertex -10.9152 -10.8507 0.296632
      vertex -10.8379 -10.9069 0.296632
    endloop
  endfacet
  facet normal 0 -0.951621 -0.307274
    outer loop
      vertex -10.6573 -10.9656 0.296632
      vertex -10.5584 -10.9977 0.396045
      vertex -10.6606 -10.9977 0.396045
    endloop
  endfacet
  facet normal 0 -0.951621 -0.307274
    outer loop
      vertex -10.5584 -10.9977 0.396045
      vertex -10.6573 -10.9656 0.296632
      vertex -10.5618 -10.9656 0.296632
    endloop
  endfacet
  facet normal -0.738797 -0.665793 -0.104398
    outer loop
      vertex -10.9441 -10.8829 0.5
      vertex -11.0052 -10.7988 0.396045
      vertex -10.9368 -10.8747 0.396045
    endloop
  endfacet
  facet normal -0.55359 -0.498441 0.667154
    outer loop
      vertex -10.9986 -10.6804 20.7939
      vertex -10.8802 -10.7079 20.8716
      vertex -10.9986 -10.5764 20.8716
    endloop
  endfacet
  facet normal -0.55359 -0.498441 0.667154
    outer loop
      vertex -10.8802 -10.7079 20.8716
      vertex -10.9986 -10.6804 20.7939
      vertex -10.8802 -10.8119 20.7939
    endloop
  endfacet
  facet normal -0.644542 -0.580425 -0.497667
    outer loop
      vertex -11.0789 -10.6663 0.293641
      vertex -10.979 -10.7798 0.296632
      vertex -11.0822 -10.6652 0.296632
    endloop
  endfacet
  facet normal -0.644503 -0.580393 -0.497755
    outer loop
      vertex -10.9986 -10.6804 0.206108
      vertex -10.979 -10.7798 0.296632
      vertex -11.0789 -10.6663 0.293641
    endloop
  endfacet
  facet normal -0.644572 -0.58036 -0.497704
    outer loop
      vertex -10.979 -10.7798 0.296632
      vertex -10.9986 -10.6804 0.206108
      vertex -10.8802 -10.8119 0.206108
    endloop
  endfacet
  facet normal -0.122223 -0.576557 0.807864
    outer loop
      vertex -10.6868 -10.749 20.933
      vertex -10.7129 -10.8295 20.8716
      vertex -10.6445 -10.844 20.8716
    endloop
  endfacet
  facet normal 0.197962 -0.930871 0.307069
    outer loop
      vertex -10.4584 -10.9764 20.604
      vertex -9.94298 -10.834 20.7034
      vertex -10.5618 -10.9656 20.7034
    endloop
  endfacet
  facet normal 0.197665 -0.930569 0.308173
    outer loop
      vertex -9.94298 -10.834 20.7034
      vertex -10.4584 -10.9764 20.604
      vertex -9.9396 -10.8662 20.604
    endloop
  endfacet
  facet normal 0.18036 -0.848103 0.498189
    outer loop
      vertex -9.94298 -10.834 20.7034
      vertex -10.4845 -10.896 20.7939
      vertex -10.5618 -10.9656 20.7034
    endloop
  endfacet
  facet normal 0.180292 -0.848527 0.497491
    outer loop
      vertex -10.4845 -10.896 20.7939
      vertex -9.94298 -10.834 20.7034
      vertex -9.94844 -10.7821 20.7939
    endloop
  endfacet
  facet normal -0.553752 -0.498377 0.667068
    outer loop
      vertex -10.8802 -10.7079 20.8716
      vertex -10.8802 -10.8119 20.7939
      vertex -10.8334 -10.7599 20.8716
    endloop
  endfacet
  facet normal -0.43835 -0.394515 0.807593
    outer loop
      vertex -10.7768 -10.6971 20.933
      vertex -10.8802 -10.7079 20.8716
      vertex -10.8334 -10.7599 20.8716
    endloop
  endfacet
  facet normal -0.644617 -0.580064 0.49799
    outer loop
      vertex -10.8802 -10.8119 20.7939
      vertex -10.979 -10.7798 20.7034
      vertex -10.9152 -10.8507 20.7034
    endloop
  endfacet
  facet normal -0.707198 -0.636379 0.308046
    outer loop
      vertex -10.979 -10.7798 20.7034
      vertex -11.0052 -10.7988 20.604
      vertex -10.9152 -10.8507 20.7034
    endloop
  endfacet
  facet normal -0.558972 -0.770098 0.307406
    outer loop
      vertex -10.9152 -10.8507 20.7034
      vertex -10.9368 -10.8747 20.604
      vertex -10.854 -10.9348 20.604
    endloop
  endfacet
  facet normal -0.302854 -0.680541 0.66719
    outer loop
      vertex -10.7768 -10.801 20.8716
      vertex -10.8118 -10.8616 20.7939
      vertex -10.7345 -10.896 20.7939
    endloop
  endfacet
  facet normal -0.5597 -0.769837 0.306737
    outer loop
      vertex -10.8379 -10.9069 20.7034
      vertex -10.9152 -10.8507 20.7034
      vertex -10.854 -10.9348 20.604
    endloop
  endfacet
  facet normal -0.438435 -0.394758 -0.807429
    outer loop
      vertex -10.8802 -10.7079 0.128428
      vertex -10.9302 -10.5267 0.066988
      vertex -10.8118 -10.6582 0.066988
    endloop
  endfacet
  facet normal -0.438435 -0.394758 -0.807429
    outer loop
      vertex -10.9302 -10.5267 0.066988
      vertex -10.8802 -10.7079 0.128428
      vertex -10.9986 -10.5764 0.128428
    endloop
  endfacet
  facet normal -0.0848437 -0.19106 -0.977905
    outer loop
      vertex -10.6573 -10.6582 0.0244722
      vertex -10.6868 -10.6451 0.0244722
      vertex -10.6257 -10.561 0.00273991
    endloop
  endfacet
  facet normal -0.584161 -0.804887 -0.104462
    outer loop
      vertex -10.8595 -10.9443 0.5
      vertex -10.9441 -10.8829 0.5
      vertex -10.854 -10.9348 0.396045
    endloop
  endfacet
  facet normal -0.584199 -0.804853 -0.104511
    outer loop
      vertex -10.854 -10.9348 0.396045
      vertex -10.9441 -10.8829 0.5
      vertex -10.9368 -10.8747 0.396045
    endloop
  endfacet
  facet normal -0.509735 -0.701527 -0.498026
    outer loop
      vertex -10.8379 -10.9069 0.296632
      vertex -10.8802 -10.8119 0.206108
      vertex -10.8118 -10.8616 0.206108
    endloop
  endfacet
  facet normal -0.4378 -0.602526 -0.667303
    outer loop
      vertex -10.8118 -10.8616 0.206108
      vertex -10.8802 -10.8119 0.206108
      vertex -10.7768 -10.801 0.128428
    endloop
  endfacet
  facet normal -0.707207 -0.636387 -0.30801
    outer loop
      vertex -10.9152 -10.8507 0.296632
      vertex -11.0052 -10.7988 0.396045
      vertex -10.979 -10.7798 0.296632
    endloop
  endfacet
  facet normal -0.706891 -0.63704 -0.307383
    outer loop
      vertex -10.9368 -10.8747 0.396045
      vertex -11.0052 -10.7988 0.396045
      vertex -10.9152 -10.8507 0.296632
    endloop
  endfacet
  facet normal -0.645021 -0.580856 0.496542
    outer loop
      vertex -10.979 -10.7798 20.7034
      vertex -11.0789 -10.6663 20.7064
      vertex -11.0822 -10.6652 20.7034
    endloop
  endfacet
  facet normal -0.644428 -0.58037 0.497878
    outer loop
      vertex -10.979 -10.7798 20.7034
      vertex -10.9986 -10.6804 20.7939
      vertex -11.0789 -10.6663 20.7064
    endloop
  endfacet
  facet normal -0.64453 -0.580322 0.497803
    outer loop
      vertex -10.9986 -10.6804 20.7939
      vertex -10.979 -10.7798 20.7034
      vertex -10.8802 -10.8119 20.7939
    endloop
  endfacet
  facet normal -0.16582 -0.373412 0.912725
    outer loop
      vertex -10.6868 -10.6451 20.9755
      vertex -10.7345 -10.7278 20.933
      vertex -10.6573 -10.6582 20.9755
    endloop
  endfacet
  facet normal -0.239367 -0.538575 0.807862
    outer loop
      vertex -10.6868 -10.749 20.933
      vertex -10.7345 -10.7278 20.933
      vertex -10.7129 -10.8295 20.8716
    endloop
  endfacet
  facet normal -0.24048 -0.330343 0.912712
    outer loop
      vertex -10.7129 -10.6261 20.9755
      vertex -10.7345 -10.7278 20.933
      vertex -10.6868 -10.6451 20.9755
    endloop
  endfacet
  facet normal -0.123355 -0.169451 0.977788
    outer loop
      vertex -10.6445 -10.5501 20.9973
      vertex -10.7129 -10.6261 20.9755
      vertex -10.6868 -10.6451 20.9755
    endloop
  endfacet
  facet normal -0.707316 -0.636955 0.306582
    outer loop
      vertex -11.083 -10.6659 20.7001
      vertex -10.979 -10.7798 20.7034
      vertex -11.0822 -10.6652 20.7034
    endloop
  endfacet
  facet normal -0.707141 -0.636772 0.307364
    outer loop
      vertex -11.1236 -10.6672 20.604
      vertex -10.979 -10.7798 20.7034
      vertex -11.083 -10.6659 20.7001
    endloop
  endfacet
  facet normal -0.707255 -0.636315 0.308049
    outer loop
      vertex -10.979 -10.7798 20.7034
      vertex -11.1236 -10.6672 20.604
      vertex -11.0052 -10.7988 20.604
    endloop
  endfacet
  facet normal -0.73941 -0.665244 0.103549
    outer loop
      vertex -11.0625 -10.7513 20.5
      vertex -11.0052 -10.7988 20.604
      vertex -11.1236 -10.6672 20.604
    endloop
  endfacet
  facet normal -0.73941 -0.665244 0.103549
    outer loop
      vertex -11.0052 -10.7988 20.604
      vertex -11.0625 -10.7513 20.5
      vertex -10.9441 -10.8829 20.5
    endloop
  endfacet
  facet normal -0.35253 -0.792167 0.49819
    outer loop
      vertex -10.8118 -10.8616 20.7939
      vertex -10.8379 -10.9069 20.7034
      vertex -10.7345 -10.896 20.7939
    endloop
  endfacet
  facet normal -0.180479 -0.848046 0.498243
    outer loop
      vertex -10.6518 -10.9136 20.7939
      vertex -10.7345 -10.896 20.7939
      vertex -10.6573 -10.9656 20.7034
    endloop
  endfacet
  facet normal -0.404374 -0.908652 0.104085
    outer loop
      vertex -10.7606 -10.9764 20.604
      vertex -10.8595 -10.9443 20.5
      vertex -10.764 -10.9868 20.5
    endloop
  endfacet
  facet normal -0.240554 -0.330445 -0.912655
    outer loop
      vertex -10.6868 -10.6451 0.0244722
      vertex -10.7345 -10.7278 0.066988
      vertex -10.7129 -10.6261 0.0244722
    endloop
  endfacet
  facet normal -0.23995 -0.330615 -0.912753
    outer loop
      vertex -10.7345 -10.7278 0.066988
      vertex -10.7768 -10.6971 0.066988
      vertex -10.7129 -10.6261 0.0244722
    endloop
  endfacet
  facet normal -0.0433681 -0.204542 -0.977897
    outer loop
      vertex -10.6257 -10.6649 0.0244722
      vertex -10.6573 -10.6582 0.0244722
      vertex -10.6257 -10.561 0.00273991
    endloop
  endfacet
  facet normal -0.0847688 -0.399805 -0.912672
    outer loop
      vertex -10.6257 -10.6649 0.0244722
      vertex -10.6868 -10.749 0.066988
      vertex -10.6573 -10.6582 0.0244722
    endloop
  endfacet
  facet normal -0.122989 -0.168948 -0.977921
    outer loop
      vertex -10.6868 -10.6451 0.0244722
      vertex -10.7129 -10.6261 0.0244722
      vertex -10.6445 -10.5501 0.00273991
    endloop
  endfacet
  facet normal -0.346428 -0.477326 0.807556
    outer loop
      vertex -10.7768 -10.6971 20.933
      vertex -10.8334 -10.7599 20.8716
      vertex -10.7345 -10.7278 20.933
    endloop
  endfacet
  facet normal -0.346506 -0.477184 0.807607
    outer loop
      vertex -10.7345 -10.7278 20.933
      vertex -10.8334 -10.7599 20.8716
      vertex -10.7768 -10.801 20.8716
    endloop
  endfacet
  facet normal -0.122771 -0.576687 0.807688
    outer loop
      vertex -10.6356 -10.7599 20.933
      vertex -10.6868 -10.749 20.933
      vertex -10.6445 -10.844 20.8716
    endloop
  endfacet
  facet normal 0 -0.589655 0.807655
    outer loop
      vertex -10.6356 -10.7599 20.933
      vertex -10.5745 -10.844 20.8716
      vertex -10.5834 -10.7599 20.933
    endloop
  endfacet
  facet normal 0 -0.589655 0.807655
    outer loop
      vertex -10.5745 -10.844 20.8716
      vertex -10.6356 -10.7599 20.933
      vertex -10.6445 -10.844 20.8716
    endloop
  endfacet
  facet normal -0.165918 -0.373316 0.912746
    outer loop
      vertex -10.6573 -10.6582 20.9755
      vertex -10.7345 -10.7278 20.933
      vertex -10.6868 -10.749 20.933
    endloop
  endfacet
  facet normal -0.0866127 -0.190548 0.97785
    outer loop
      vertex -10.6356 -10.5565 20.9973
      vertex -10.6868 -10.6451 20.9755
      vertex -10.6257 -10.561 20.9973
    endloop
  endfacet
  facet normal -0.438377 -0.394427 0.807622
    outer loop
      vertex -10.8118 -10.6582 20.933
      vertex -10.8802 -10.7079 20.8716
      vertex -10.7768 -10.6971 20.933
    endloop
  endfacet
  facet normal -0.352495 -0.792205 0.498155
    outer loop
      vertex -10.7345 -10.896 20.7939
      vertex -10.8379 -10.9069 20.7034
      vertex -10.7507 -10.9457 20.7034
    endloop
  endfacet
  facet normal -0.509702 -0.701481 0.498125
    outer loop
      vertex -10.8118 -10.8616 20.7939
      vertex -10.8802 -10.8119 20.7939
      vertex -10.8379 -10.9069 20.7034
    endloop
  endfacet
  facet normal -0.154535 -0.728981 0.666862
    outer loop
      vertex -10.7129 -10.8295 20.8716
      vertex -10.7345 -10.896 20.7939
      vertex -10.6445 -10.844 20.8716
    endloop
  endfacet
  facet normal -0.30354 -0.680569 0.666851
    outer loop
      vertex -10.7129 -10.8295 20.8716
      vertex -10.7768 -10.801 20.8716
      vertex -10.7345 -10.896 20.7939
    endloop
  endfacet
  facet normal -0.584164 -0.804891 0.104417
    outer loop
      vertex -10.854 -10.9348 20.604
      vertex -10.9441 -10.8829 20.5
      vertex -10.8595 -10.9443 20.5
    endloop
  endfacet
  facet normal -0.206571 -0.972884 0.104042
    outer loop
      vertex -10.7606 -10.9764 20.604
      vertex -10.764 -10.9868 20.5
      vertex -10.6618 -11.0085 20.5
    endloop
  endfacet
  facet normal -0.587375 -0.809315 0
    outer loop
      vertex -10.9441 -10.8829 0.5
      vertex -10.8595 -10.9443 20.5
      vertex -10.9441 -10.8829 20.5
    endloop
  endfacet
  facet normal -0.587375 -0.809315 -0
    outer loop
      vertex -10.8595 -10.9443 20.5
      vertex -10.9441 -10.8829 0.5
      vertex -10.8595 -10.9443 0.5
    endloop
  endfacet
  facet normal -0.406582 -0.913614 0
    outer loop
      vertex -10.8595 -10.9443 0.5
      vertex -10.764 -10.9868 20.5
      vertex -10.8595 -10.9443 20.5
    endloop
  endfacet
  facet normal -0.406582 -0.913614 -0
    outer loop
      vertex -10.764 -10.9868 20.5
      vertex -10.8595 -10.9443 0.5
      vertex -10.764 -10.9868 0.5
    endloop
  endfacet
  facet normal -0.0850473 -0.399488 0.912785
    outer loop
      vertex -10.6257 -10.6649 20.9755
      vertex -10.6868 -10.749 20.933
      vertex -10.6356 -10.7599 20.933
    endloop
  endfacet
  facet normal -0.0863554 -0.189982 -0.977982
    outer loop
      vertex -10.6257 -10.561 0.00273991
      vertex -10.6868 -10.6451 0.0244722
      vertex -10.6356 -10.5565 0.00273991
    endloop
  endfacet
  facet normal -0.12186 -0.169462 -0.977974
    outer loop
      vertex -10.6356 -10.5565 0.00273991
      vertex -10.6868 -10.6451 0.0244722
      vertex -10.6445 -10.5501 0.00273991
    endloop
  endfacet
  facet normal 0 -0.209792 0.977746
    outer loop
      vertex -10.615 -10.5633 20.9973
      vertex -10.5934 -10.6649 20.9755
      vertex -10.604 -10.5633 20.9973
    endloop
  endfacet
  facet normal 0 -0.209792 0.977746
    outer loop
      vertex -10.5934 -10.6649 20.9755
      vertex -10.615 -10.5633 20.9973
      vertex -10.6257 -10.6649 20.9755
    endloop
  endfacet
  facet normal -0.0440968 -0.205146 0.977737
    outer loop
      vertex -10.6257 -10.561 20.9973
      vertex -10.6257 -10.6649 20.9755
      vertex -10.615 -10.5633 20.9973
    endloop
  endfacet
  facet normal 0.043441 -0.204406 -0.977922
    outer loop
      vertex -10.5618 -10.6582 0.0244722
      vertex -9.98526 -10.4317 0.00273991
      vertex -9.97457 -10.5334 0.0244722
    endloop
  endfacet
  facet normal 0.0434811 -0.204506 -0.977899
    outer loop
      vertex -9.98526 -10.4317 0.00273991
      vertex -10.5618 -10.6582 0.0244722
      vertex -10.5934 -10.561 0.00273991
    endloop
  endfacet
  facet normal 0.994521 -0.104532 0
    outer loop
      vertex 13.3595 0 20.5
      vertex 13.4773 1.12075 0.5
      vertex 13.4773 1.12075 20.5
    endloop
  endfacet
  facet normal 0.994521 -0.104532 0
    outer loop
      vertex 13.4773 1.12075 0.5
      vertex 13.3595 0 20.5
      vertex 13.3595 0 0.5
    endloop
  endfacet
  facet normal -0.207944 -0.0218593 -0.977896
    outer loop
      vertex -13.014 0 0.0244722
      vertex -13.0394 1.21384 0.00273991
      vertex -12.9118 0 0.00273991
    endloop
  endfacet
  facet normal -0.207875 -0.0218581 -0.977911
    outer loop
      vertex -13.0394 1.21384 0.00273991
      vertex -13.014 0 0.0244722
      vertex -13.1394 1.19258 0.0244722
    endloop
  endfacet
  facet normal 0.989128 -0.103932 0.104035
    outer loop
      vertex 13.3486 0 20.604
      vertex 13.4773 1.12075 20.5
      vertex 13.4666 1.12302 20.604
    endloop
  endfacet
  facet normal 0.989163 -0.103969 0.103672
    outer loop
      vertex 13.4773 1.12075 20.5
      vertex 13.3486 0 20.604
      vertex 13.3595 0 20.5
    endloop
  endfacet
  facet normal -0.994521 -0.104532 0
    outer loop
      vertex -13.3595 0 0.5
      vertex -13.4773 1.12075 20.5
      vertex -13.4773 1.12075 0.5
    endloop
  endfacet
  facet normal -0.994521 -0.104532 0
    outer loop
      vertex -13.4773 1.12075 20.5
      vertex -13.3595 0 0.5
      vertex -13.3595 0 20.5
    endloop
  endfacet
  facet normal 0.989158 -0.103969 -0.103716
    outer loop
      vertex 13.3486 0 0.396045
      vertex 13.4773 1.12075 0.5
      vertex 13.3595 0 0.5
    endloop
  endfacet
  facet normal 0.989124 -0.103931 -0.104079
    outer loop
      vertex 13.4773 1.12075 0.5
      vertex 13.3486 0 0.396045
      vertex 13.4666 1.12302 0.396045
    endloop
  endfacet
  facet normal 0.741092 -0.0779037 -0.666868
    outer loop
      vertex 13.1941 0 0.128428
      vertex 13.3839 1.1406 0.206108
      vertex 13.264 0 0.206108
    endloop
  endfacet
  facet normal 0.740961 -0.0778716 -0.667018
    outer loop
      vertex 13.3839 1.1406 0.206108
      vertex 13.1941 0 0.128428
      vertex 13.3155 1.15514 0.128428
    endloop
  endfacet
  facet normal 0.586741 -0.0616638 -0.807424
    outer loop
      vertex 13.1941 0 0.128428
      vertex 13.2328 1.17273 0.066988
      vertex 13.3155 1.15514 0.128428
    endloop
  endfacet
  facet normal 0.586507 -0.061665 -0.807593
    outer loop
      vertex 13.2328 1.17273 0.066988
      vertex 13.1941 0 0.128428
      vertex 13.1095 0 0.066988
    endloop
  endfacet
  facet normal 0.946346 -0.0994362 -0.307475
    outer loop
      vertex 13.3163 0 0.296632
      vertex 13.4666 1.12302 0.396045
      vertex 13.3486 0 0.396045
    endloop
  endfacet
  facet normal 0.946333 -0.0994306 -0.307518
    outer loop
      vertex 13.4666 1.12302 0.396045
      vertex 13.3163 0 0.296632
      vertex 13.435 1.12973 0.296632
    endloop
  endfacet
  facet normal -0.586507 -0.061665 -0.807593
    outer loop
      vertex -13.1941 0 0.128428
      vertex -13.2328 1.17273 0.066988
      vertex -13.1095 0 0.066988
    endloop
  endfacet
  facet normal -0.586741 -0.0616638 -0.807424
    outer loop
      vertex -13.2328 1.17273 0.066988
      vertex -13.1941 0 0.128428
      vertex -13.3155 1.15514 0.128428
    endloop
  endfacet
  facet normal 0.207875 -0.0218581 -0.977911
    outer loop
      vertex 13.014 0 0.0244722
      vertex 13.0394 1.21384 0.00273991
      vertex 13.1394 1.19258 0.0244722
    endloop
  endfacet
  facet normal 0.207944 -0.0218593 -0.977896
    outer loop
      vertex 13.0394 1.21384 0.00273991
      vertex 13.014 0 0.0244722
      vertex 12.9118 0 0.00273991
    endloop
  endfacet
  facet normal 0.946321 -0.0994294 0.307555
    outer loop
      vertex 13.3163 0 20.7034
      vertex 13.4666 1.12302 20.604
      vertex 13.435 1.12973 20.7034
    endloop
  endfacet
  facet normal 0.946335 -0.099435 0.307511
    outer loop
      vertex 13.4666 1.12302 20.604
      vertex 13.3163 0 20.7034
      vertex 13.3486 0 20.604
    endloop
  endfacet
  facet normal -0.740961 -0.0778716 -0.667018
    outer loop
      vertex -13.1941 0 0.128428
      vertex -13.3839 1.1406 0.206108
      vertex -13.3155 1.15514 0.128428
    endloop
  endfacet
  facet normal -0.741092 -0.0779037 -0.666868
    outer loop
      vertex -13.3839 1.1406 0.206108
      vertex -13.1941 0 0.128428
      vertex -13.264 0 0.206108
    endloop
  endfacet
  facet normal 0.862315 -0.0906029 -0.4982
    outer loop
      vertex 13.264 0 0.206108
      vertex 13.435 1.12973 0.296632
      vertex 13.3163 0 0.296632
    endloop
  endfacet
  facet normal 0.862546 -0.090671 -0.497788
    outer loop
      vertex 13.435 1.12973 0.296632
      vertex 13.264 0 0.206108
      vertex 13.3839 1.1406 0.206108
    endloop
  endfacet
  facet normal -0.946333 -0.0994306 -0.307518
    outer loop
      vertex -13.3163 0 0.296632
      vertex -13.4666 1.12302 0.396045
      vertex -13.435 1.12973 0.296632
    endloop
  endfacet
  facet normal -0.946346 -0.0994362 -0.307475
    outer loop
      vertex -13.4666 1.12302 0.396045
      vertex -13.3163 0 0.296632
      vertex -13.3486 0 0.396045
    endloop
  endfacet
  facet normal -0.862546 -0.090671 -0.497788
    outer loop
      vertex -13.264 0 0.206108
      vertex -13.435 1.12973 0.296632
      vertex -13.3839 1.1406 0.206108
    endloop
  endfacet
  facet normal -0.862315 -0.0906029 -0.4982
    outer loop
      vertex -13.435 1.12973 0.296632
      vertex -13.264 0 0.206108
      vertex -13.3163 0 0.296632
    endloop
  endfacet
  facet normal -0.406337 -0.0427264 -0.912724
    outer loop
      vertex -13.1095 0 0.066988
      vertex -13.1394 1.19258 0.0244722
      vertex -13.014 0 0.0244722
    endloop
  endfacet
  facet normal -0.406383 -0.0427268 -0.912703
    outer loop
      vertex -13.1394 1.19258 0.0244722
      vertex -13.1095 0 0.066988
      vertex -13.2328 1.17273 0.066988
    endloop
  endfacet
  facet normal 0.406383 -0.0427268 -0.912703
    outer loop
      vertex 13.1095 0 0.066988
      vertex 13.1394 1.19258 0.0244722
      vertex 13.2328 1.17273 0.066988
    endloop
  endfacet
  facet normal 0.406337 -0.0427264 -0.912724
    outer loop
      vertex 13.1394 1.19258 0.0244722
      vertex 13.1095 0 0.066988
      vertex 13.014 0 0.0244722
    endloop
  endfacet
  facet normal -0.989124 -0.103931 -0.104079
    outer loop
      vertex -13.3486 0 0.396045
      vertex -13.4773 1.12075 0.5
      vertex -13.4666 1.12302 0.396045
    endloop
  endfacet
  facet normal -0.989158 -0.103969 -0.103716
    outer loop
      vertex -13.4773 1.12075 0.5
      vertex -13.3486 0 0.396045
      vertex -13.3595 0 0.5
    endloop
  endfacet
  facet normal 0.741046 -0.0778805 0.666923
    outer loop
      vertex 13.1941 0 20.8716
      vertex 13.3839 1.1406 20.7939
      vertex 13.3155 1.15514 20.8716
    endloop
  endfacet
  facet normal 0.741177 -0.0779126 0.666773
    outer loop
      vertex 13.3839 1.1406 20.7939
      vertex 13.1941 0 20.8716
      vertex 13.264 0 20.7939
    endloop
  endfacet
  facet normal -0.406211 -0.0427132 0.91278
    outer loop
      vertex -13.1394 1.19258 20.9755
      vertex -13.1095 0 20.933
      vertex -13.014 0 20.9755
    endloop
  endfacet
  facet normal -0.406257 -0.0427136 0.91276
    outer loop
      vertex -13.1095 0 20.933
      vertex -13.1394 1.19258 20.9755
      vertex -13.2328 1.17273 20.933
    endloop
  endfacet
  facet normal -0.946335 -0.099435 0.307511
    outer loop
      vertex -13.3163 0 20.7034
      vertex -13.4666 1.12302 20.604
      vertex -13.3486 0 20.604
    endloop
  endfacet
  facet normal -0.946321 -0.0994294 0.307555
    outer loop
      vertex -13.4666 1.12302 20.604
      vertex -13.3163 0 20.7034
      vertex -13.435 1.12973 20.7034
    endloop
  endfacet
  facet normal 0.86249 -0.090665 0.497887
    outer loop
      vertex 13.264 0 20.7939
      vertex 13.435 1.12973 20.7034
      vertex 13.3839 1.1406 20.7939
    endloop
  endfacet
  facet normal 0.862258 -0.0905969 0.4983
    outer loop
      vertex 13.435 1.12973 20.7034
      vertex 13.264 0 20.7939
      vertex 13.3163 0 20.7034
    endloop
  endfacet
  facet normal 0.586491 -0.0616376 0.807607
    outer loop
      vertex 13.2328 1.17273 20.933
      vertex 13.1941 0 20.8716
      vertex 13.3155 1.15514 20.8716
    endloop
  endfacet
  facet normal 0.586258 -0.0616388 0.807776
    outer loop
      vertex 13.1941 0 20.8716
      vertex 13.2328 1.17273 20.933
      vertex 13.1095 0 20.933
    endloop
  endfacet
  facet normal -0.208564 -0.0219244 0.977763
    outer loop
      vertex -13.0394 1.21384 20.9973
      vertex -13.014 0 20.9755
      vertex -12.9118 0 20.9973
    endloop
  endfacet
  facet normal -0.208495 -0.0219233 0.977778
    outer loop
      vertex -13.014 0 20.9755
      vertex -13.0394 1.21384 20.9973
      vertex -13.1394 1.19258 20.9755
    endloop
  endfacet
  facet normal 0.208495 -0.0219233 0.977778
    outer loop
      vertex 13.0394 1.21384 20.9973
      vertex 13.014 0 20.9755
      vertex 13.1394 1.19258 20.9755
    endloop
  endfacet
  facet normal 0.208564 -0.0219244 0.977763
    outer loop
      vertex 13.014 0 20.9755
      vertex 13.0394 1.21384 20.9973
      vertex 12.9118 0 20.9973
    endloop
  endfacet
  facet normal -0.989163 -0.103969 0.103672
    outer loop
      vertex -13.3486 0 20.604
      vertex -13.4773 1.12075 20.5
      vertex -13.3595 0 20.5
    endloop
  endfacet
  facet normal -0.989128 -0.103932 0.104035
    outer loop
      vertex -13.4773 1.12075 20.5
      vertex -13.3486 0 20.604
      vertex -13.4666 1.12302 20.604
    endloop
  endfacet
  facet normal -0.862258 -0.0905969 0.4983
    outer loop
      vertex -13.264 0 20.7939
      vertex -13.435 1.12973 20.7034
      vertex -13.3163 0 20.7034
    endloop
  endfacet
  facet normal -0.86249 -0.090665 0.497887
    outer loop
      vertex -13.435 1.12973 20.7034
      vertex -13.264 0 20.7939
      vertex -13.3839 1.1406 20.7939
    endloop
  endfacet
  facet normal -0.741177 -0.0779126 0.666773
    outer loop
      vertex -13.1941 0 20.8716
      vertex -13.3839 1.1406 20.7939
      vertex -13.264 0 20.7939
    endloop
  endfacet
  facet normal -0.741046 -0.0778805 0.666923
    outer loop
      vertex -13.3839 1.1406 20.7939
      vertex -13.1941 0 20.8716
      vertex -13.3155 1.15514 20.8716
    endloop
  endfacet
  facet normal 0.406257 -0.0427136 0.91276
    outer loop
      vertex 13.1394 1.19258 20.9755
      vertex 13.1095 0 20.933
      vertex 13.2328 1.17273 20.933
    endloop
  endfacet
  facet normal 0.406211 -0.0427132 0.91278
    outer loop
      vertex 13.1095 0 20.933
      vertex 13.1394 1.19258 20.9755
      vertex 13.014 0 20.9755
    endloop
  endfacet
  facet normal -0.586258 -0.0616388 0.807776
    outer loop
      vertex -13.2328 1.17273 20.933
      vertex -13.1941 0 20.8716
      vertex -13.1095 0 20.933
    endloop
  endfacet
  facet normal -0.586491 -0.0616376 0.807607
    outer loop
      vertex -13.1941 0 20.8716
      vertex -13.2328 1.17273 20.933
      vertex -13.3155 1.15514 20.8716
    endloop
  endfacet
  facet normal 0.989163 0.103969 0.103672
    outer loop
      vertex 13.3486 0 20.604
      vertex 13.4773 -1.12075 20.5
      vertex 13.3595 0 20.5
    endloop
  endfacet
  facet normal 0.989128 0.103932 0.104035
    outer loop
      vertex 13.4773 -1.12075 20.5
      vertex 13.3486 0 20.604
      vertex 13.4666 -1.12302 20.604
    endloop
  endfacet
  facet normal -0.989163 0.103969 0.103672
    outer loop
      vertex -13.4773 -1.12075 20.5
      vertex -13.3486 0 20.604
      vertex -13.3595 0 20.5
    endloop
  endfacet
  facet normal -0.989128 0.103932 0.104035
    outer loop
      vertex -13.3486 0 20.604
      vertex -13.4773 -1.12075 20.5
      vertex -13.4666 -1.12302 20.604
    endloop
  endfacet
  facet normal 0.989158 0.103969 -0.103716
    outer loop
      vertex 13.4773 -1.12075 0.5
      vertex 13.3486 0 0.396045
      vertex 13.3595 0 0.5
    endloop
  endfacet
  facet normal 0.989124 0.103931 -0.104079
    outer loop
      vertex 13.3486 0 0.396045
      vertex 13.4773 -1.12075 0.5
      vertex 13.4666 -1.12302 0.396045
    endloop
  endfacet
  facet normal 0.741177 0.0779126 0.666773
    outer loop
      vertex 13.1941 0 20.8716
      vertex 13.3839 -1.1406 20.7939
      vertex 13.264 0 20.7939
    endloop
  endfacet
  facet normal 0.741046 0.0778805 0.666923
    outer loop
      vertex 13.3839 -1.1406 20.7939
      vertex 13.1941 0 20.8716
      vertex 13.3155 -1.15514 20.8716
    endloop
  endfacet
  facet normal -0.989158 0.103969 -0.103716
    outer loop
      vertex -13.3486 0 0.396045
      vertex -13.4773 -1.12075 0.5
      vertex -13.3595 0 0.5
    endloop
  endfacet
  facet normal -0.989124 0.103931 -0.104079
    outer loop
      vertex -13.4773 -1.12075 0.5
      vertex -13.3486 0 0.396045
      vertex -13.4666 -1.12302 0.396045
    endloop
  endfacet
  facet normal 0.406257 0.0427136 0.91276
    outer loop
      vertex 13.1095 0 20.933
      vertex 13.1394 -1.19258 20.9755
      vertex 13.2328 -1.17273 20.933
    endloop
  endfacet
  facet normal 0.406211 0.0427132 0.91278
    outer loop
      vertex 13.1394 -1.19258 20.9755
      vertex 13.1095 0 20.933
      vertex 13.014 0 20.9755
    endloop
  endfacet
  facet normal -0.946335 0.099435 0.307511
    outer loop
      vertex -13.4666 -1.12302 20.604
      vertex -13.3163 0 20.7034
      vertex -13.3486 0 20.604
    endloop
  endfacet
  facet normal -0.946321 0.0994294 0.307555
    outer loop
      vertex -13.3163 0 20.7034
      vertex -13.4666 -1.12302 20.604
      vertex -13.435 -1.12973 20.7034
    endloop
  endfacet
  facet normal 0.862258 0.0905969 0.4983
    outer loop
      vertex 13.264 0 20.7939
      vertex 13.435 -1.12973 20.7034
      vertex 13.3163 0 20.7034
    endloop
  endfacet
  facet normal 0.86249 0.090665 0.497887
    outer loop
      vertex 13.435 -1.12973 20.7034
      vertex 13.264 0 20.7939
      vertex 13.3839 -1.1406 20.7939
    endloop
  endfacet
  facet normal -0.946346 0.0994362 -0.307475
    outer loop
      vertex -13.3163 0 0.296632
      vertex -13.4666 -1.12302 0.396045
      vertex -13.3486 0 0.396045
    endloop
  endfacet
  facet normal -0.946333 0.0994306 -0.307518
    outer loop
      vertex -13.4666 -1.12302 0.396045
      vertex -13.3163 0 0.296632
      vertex -13.435 -1.12973 0.296632
    endloop
  endfacet
  facet normal -0.994521 0.104532 0
    outer loop
      vertex -13.4773 -1.12075 0.5
      vertex -13.3595 0 20.5
      vertex -13.3595 0 0.5
    endloop
  endfacet
  facet normal -0.994521 0.104532 0
    outer loop
      vertex -13.3595 0 20.5
      vertex -13.4773 -1.12075 0.5
      vertex -13.4773 -1.12075 20.5
    endloop
  endfacet
  facet normal -0.862258 0.0905969 0.4983
    outer loop
      vertex -13.435 -1.12973 20.7034
      vertex -13.264 0 20.7939
      vertex -13.3163 0 20.7034
    endloop
  endfacet
  facet normal -0.86249 0.090665 0.497887
    outer loop
      vertex -13.264 0 20.7939
      vertex -13.435 -1.12973 20.7034
      vertex -13.3839 -1.1406 20.7939
    endloop
  endfacet
  facet normal 0.208495 0.0219233 0.977778
    outer loop
      vertex 13.014 0 20.9755
      vertex 13.0394 -1.21384 20.9973
      vertex 13.1394 -1.19258 20.9755
    endloop
  endfacet
  facet normal 0.208564 0.0219244 0.977763
    outer loop
      vertex 13.0394 -1.21384 20.9973
      vertex 13.014 0 20.9755
      vertex 12.9118 0 20.9973
    endloop
  endfacet
  facet normal -0.862315 0.0906029 -0.4982
    outer loop
      vertex -13.264 0 0.206108
      vertex -13.435 -1.12973 0.296632
      vertex -13.3163 0 0.296632
    endloop
  endfacet
  facet normal -0.862546 0.090671 -0.497788
    outer loop
      vertex -13.435 -1.12973 0.296632
      vertex -13.264 0 0.206108
      vertex -13.3839 -1.1406 0.206108
    endloop
  endfacet
  facet normal -0.741092 0.0779037 -0.666868
    outer loop
      vertex -13.1941 0 0.128428
      vertex -13.3839 -1.1406 0.206108
      vertex -13.264 0 0.206108
    endloop
  endfacet
  facet normal -0.740961 0.0778716 -0.667018
    outer loop
      vertex -13.3839 -1.1406 0.206108
      vertex -13.1941 0 0.128428
      vertex -13.3155 -1.15514 0.128428
    endloop
  endfacet
  facet normal -0.586507 0.061665 -0.807593
    outer loop
      vertex -13.2328 -1.17273 0.066988
      vertex -13.1941 0 0.128428
      vertex -13.1095 0 0.066988
    endloop
  endfacet
  facet normal -0.586741 0.0616638 -0.807424
    outer loop
      vertex -13.1941 0 0.128428
      vertex -13.2328 -1.17273 0.066988
      vertex -13.3155 -1.15514 0.128428
    endloop
  endfacet
  facet normal -0.406337 0.0427264 -0.912724
    outer loop
      vertex -13.1394 -1.19258 0.0244722
      vertex -13.1095 0 0.066988
      vertex -13.014 0 0.0244722
    endloop
  endfacet
  facet normal -0.406383 0.0427268 -0.912703
    outer loop
      vertex -13.1095 0 0.066988
      vertex -13.1394 -1.19258 0.0244722
      vertex -13.2328 -1.17273 0.066988
    endloop
  endfacet
  facet normal 0.586741 0.0616638 -0.807424
    outer loop
      vertex 13.2328 -1.17273 0.066988
      vertex 13.1941 0 0.128428
      vertex 13.3155 -1.15514 0.128428
    endloop
  endfacet
  facet normal 0.586507 0.061665 -0.807593
    outer loop
      vertex 13.1941 0 0.128428
      vertex 13.2328 -1.17273 0.066988
      vertex 13.1095 0 0.066988
    endloop
  endfacet
  facet normal 0.862315 0.0906029 -0.4982
    outer loop
      vertex 13.435 -1.12973 0.296632
      vertex 13.264 0 0.206108
      vertex 13.3163 0 0.296632
    endloop
  endfacet
  facet normal 0.862546 0.090671 -0.497788
    outer loop
      vertex 13.264 0 0.206108
      vertex 13.435 -1.12973 0.296632
      vertex 13.3839 -1.1406 0.206108
    endloop
  endfacet
  facet normal 0.994521 0.104532 0
    outer loop
      vertex 13.4773 -1.12075 20.5
      vertex 13.3595 0 0.5
      vertex 13.3595 0 20.5
    endloop
  endfacet
  facet normal 0.994521 0.104532 0
    outer loop
      vertex 13.3595 0 0.5
      vertex 13.4773 -1.12075 20.5
      vertex 13.4773 -1.12075 0.5
    endloop
  endfacet
  facet normal 0.946335 0.099435 0.307511
    outer loop
      vertex 13.3163 0 20.7034
      vertex 13.4666 -1.12302 20.604
      vertex 13.3486 0 20.604
    endloop
  endfacet
  facet normal 0.946321 0.0994294 0.307555
    outer loop
      vertex 13.4666 -1.12302 20.604
      vertex 13.3163 0 20.7034
      vertex 13.435 -1.12973 20.7034
    endloop
  endfacet
  facet normal 0.586491 0.0616376 0.807607
    outer loop
      vertex 13.1941 0 20.8716
      vertex 13.2328 -1.17273 20.933
      vertex 13.3155 -1.15514 20.8716
    endloop
  endfacet
  facet normal 0.586258 0.0616388 0.807776
    outer loop
      vertex 13.2328 -1.17273 20.933
      vertex 13.1941 0 20.8716
      vertex 13.1095 0 20.933
    endloop
  endfacet
  facet normal -0.207944 0.0218593 -0.977896
    outer loop
      vertex -13.0394 -1.21384 0.00273991
      vertex -13.014 0 0.0244722
      vertex -12.9118 0 0.00273991
    endloop
  endfacet
  facet normal -0.207875 0.0218581 -0.977911
    outer loop
      vertex -13.014 0 0.0244722
      vertex -13.0394 -1.21384 0.00273991
      vertex -13.1394 -1.19258 0.0244722
    endloop
  endfacet
  facet normal 0.406383 0.0427268 -0.912703
    outer loop
      vertex 13.1394 -1.19258 0.0244722
      vertex 13.1095 0 0.066988
      vertex 13.2328 -1.17273 0.066988
    endloop
  endfacet
  facet normal 0.406337 0.0427264 -0.912724
    outer loop
      vertex 13.1095 0 0.066988
      vertex 13.1394 -1.19258 0.0244722
      vertex 13.014 0 0.0244722
    endloop
  endfacet
  facet normal -0.208564 0.0219244 0.977763
    outer loop
      vertex -13.014 0 20.9755
      vertex -13.0394 -1.21384 20.9973
      vertex -12.9118 0 20.9973
    endloop
  endfacet
  facet normal -0.208495 0.0219233 0.977778
    outer loop
      vertex -13.0394 -1.21384 20.9973
      vertex -13.014 0 20.9755
      vertex -13.1394 -1.19258 20.9755
    endloop
  endfacet
  facet normal 0.207875 0.0218581 -0.977911
    outer loop
      vertex 13.0394 -1.21384 0.00273991
      vertex 13.014 0 0.0244722
      vertex 13.1394 -1.19258 0.0244722
    endloop
  endfacet
  facet normal 0.207944 0.0218593 -0.977896
    outer loop
      vertex 13.014 0 0.0244722
      vertex 13.0394 -1.21384 0.00273991
      vertex 12.9118 0 0.00273991
    endloop
  endfacet
  facet normal -0.741177 0.0779126 0.666773
    outer loop
      vertex -13.3839 -1.1406 20.7939
      vertex -13.1941 0 20.8716
      vertex -13.264 0 20.7939
    endloop
  endfacet
  facet normal -0.741046 0.0778805 0.666923
    outer loop
      vertex -13.1941 0 20.8716
      vertex -13.3839 -1.1406 20.7939
      vertex -13.3155 -1.15514 20.8716
    endloop
  endfacet
  facet normal -0.586258 0.0616388 0.807776
    outer loop
      vertex -13.1941 0 20.8716
      vertex -13.2328 -1.17273 20.933
      vertex -13.1095 0 20.933
    endloop
  endfacet
  facet normal -0.586491 0.0616376 0.807607
    outer loop
      vertex -13.2328 -1.17273 20.933
      vertex -13.1941 0 20.8716
      vertex -13.3155 -1.15514 20.8716
    endloop
  endfacet
  facet normal 0.946346 0.0994362 -0.307475
    outer loop
      vertex 13.4666 -1.12302 0.396045
      vertex 13.3163 0 0.296632
      vertex 13.3486 0 0.396045
    endloop
  endfacet
  facet normal 0.946333 0.0994306 -0.307518
    outer loop
      vertex 13.3163 0 0.296632
      vertex 13.4666 -1.12302 0.396045
      vertex 13.435 -1.12973 0.296632
    endloop
  endfacet
  facet normal -0.406211 0.0427132 0.91278
    outer loop
      vertex -13.1095 0 20.933
      vertex -13.1394 -1.19258 20.9755
      vertex -13.014 0 20.9755
    endloop
  endfacet
  facet normal -0.406257 0.0427136 0.91276
    outer loop
      vertex -13.1394 -1.19258 20.9755
      vertex -13.1095 0 20.933
      vertex -13.2328 -1.17273 20.933
    endloop
  endfacet
  facet normal 0.741092 0.0779037 -0.666868
    outer loop
      vertex 13.3839 -1.1406 0.206108
      vertex 13.1941 0 0.128428
      vertex 13.264 0 0.206108
    endloop
  endfacet
  facet normal 0.740961 0.0778716 -0.667018
    outer loop
      vertex 13.1941 0 0.128428
      vertex 13.3839 -1.1406 0.206108
      vertex 13.3155 -1.15514 0.128428
    endloop
  endfacet
  facet normal -0.353577 0.204147 0.912856
    outer loop
      vertex -13.5972 -2.29419 20.933
      vertex -14.1095 -3.37152 20.9755
      vertex -13.5099 -2.33303 20.9755
    endloop
  endfacet
  facet normal -0.353643 0.204177 0.912824
    outer loop
      vertex -14.1095 -3.37152 20.9755
      vertex -13.5972 -2.29419 20.933
      vertex -14.1868 -3.3154 20.933
    endloop
  endfacet
  facet normal -0.510825 0.294927 0.807512
    outer loop
      vertex -13.6744 -2.25979 20.8716
      vertex -14.1868 -3.3154 20.933
      vertex -13.5972 -2.29419 20.933
    endloop
  endfacet
  facet normal -0.510681 0.294864 0.807626
    outer loop
      vertex -14.1868 -3.3154 20.933
      vertex -13.6744 -2.25979 20.8716
      vertex -14.2552 -3.26569 20.8716
    endloop
  endfacet
  facet normal -0.86601 0.500027 0
    outer loop
      vertex -14.389 -3.16845 0.5
      vertex -13.8255 -2.19251 20.5
      vertex -13.8255 -2.19251 0.5
    endloop
  endfacet
  facet normal -0.86601 0.500027 0
    outer loop
      vertex -13.8255 -2.19251 20.5
      vertex -14.389 -3.16845 0.5
      vertex -14.389 -3.16845 20.5
    endloop
  endfacet
  facet normal -0.861383 0.497356 0.10323
    outer loop
      vertex -14.389 -3.16845 20.5
      vertex -13.8156 -2.19695 20.604
      vertex -13.8255 -2.19251 20.5
    endloop
  endfacet
  facet normal -0.861368 0.497309 0.103584
    outer loop
      vertex -13.8156 -2.19695 20.604
      vertex -14.389 -3.16845 20.5
      vertex -14.3802 -3.17487 20.604
    endloop
  endfacet
  facet normal -0.181543 0.104821 0.977781
    outer loop
      vertex -13.5099 -2.33303 20.9755
      vertex -14.0268 -3.43162 20.9973
      vertex -13.4165 -2.37462 20.9973
    endloop
  endfacet
  facet normal -0.181563 0.10483 0.977776
    outer loop
      vertex -14.0268 -3.43162 20.9973
      vertex -13.5099 -2.33303 20.9755
      vertex -14.1095 -3.37152 20.9755
    endloop
  endfacet
  facet normal -0.824086 0.475784 -0.307428
    outer loop
      vertex -13.7861 -2.21009 0.296632
      vertex -14.3802 -3.17487 0.396045
      vertex -13.8156 -2.19695 0.396045
    endloop
  endfacet
  facet normal -0.823952 0.475642 -0.308008
    outer loop
      vertex -14.3802 -3.17487 0.396045
      vertex -13.7861 -2.21009 0.296632
      vertex -14.354 -3.19386 0.296632
    endloop
  endfacet
  facet normal 0.181023 0.104519 -0.977909
    outer loop
      vertex 14.0268 -3.43162 0.00273991
      vertex 13.5099 -2.33303 0.0244722
      vertex 14.1095 -3.37152 0.0244722
    endloop
  endfacet
  facet normal 0.181004 0.10451 -0.977914
    outer loop
      vertex 13.5099 -2.33303 0.0244722
      vertex 14.0268 -3.43162 0.00273991
      vertex 13.4165 -2.37462 0.00273991
    endloop
  endfacet
  facet normal -0.181004 0.10451 -0.977914
    outer loop
      vertex -14.0268 -3.43162 0.00273991
      vertex -13.5099 -2.33303 0.0244722
      vertex -13.4165 -2.37462 0.00273991
    endloop
  endfacet
  facet normal -0.181023 0.104519 -0.977909
    outer loop
      vertex -13.5099 -2.33303 0.0244722
      vertex -14.0268 -3.43162 0.00273991
      vertex -14.1095 -3.37152 0.0244722
    endloop
  endfacet
  facet normal -0.824076 0.475778 0.307464
    outer loop
      vertex -14.3802 -3.17487 20.604
      vertex -13.7861 -2.21009 20.7034
      vertex -13.8156 -2.19695 20.604
    endloop
  endfacet
  facet normal -0.823941 0.475636 0.308044
    outer loop
      vertex -13.7861 -2.21009 20.7034
      vertex -14.3802 -3.17487 20.604
      vertex -14.354 -3.19386 20.7034
    endloop
  endfacet
  facet normal 0.510898 0.294989 -0.807443
    outer loop
      vertex 14.1868 -3.3154 0.066988
      vertex 13.6744 -2.25979 0.128428
      vertex 14.2552 -3.26569 0.128428
    endloop
  endfacet
  facet normal 0.511042 0.295053 -0.807329
    outer loop
      vertex 13.6744 -2.25979 0.128428
      vertex 14.1868 -3.3154 0.066988
      vertex 13.5972 -2.29419 0.066988
    endloop
  endfacet
  facet normal 0.181563 0.10483 0.977776
    outer loop
      vertex 13.5099 -2.33303 20.9755
      vertex 14.0268 -3.43162 20.9973
      vertex 14.1095 -3.37152 20.9755
    endloop
  endfacet
  facet normal 0.181543 0.104821 0.977781
    outer loop
      vertex 14.0268 -3.43162 20.9973
      vertex 13.5099 -2.33303 20.9755
      vertex 13.4165 -2.37462 20.9973
    endloop
  endfacet
  facet normal -0.750829 0.433431 0.498391
    outer loop
      vertex -14.354 -3.19386 20.7034
      vertex -13.7383 -2.23135 20.7939
      vertex -13.7861 -2.21009 20.7034
    endloop
  endfacet
  facet normal -0.750937 0.433522 0.498149
    outer loop
      vertex -13.7383 -2.23135 20.7939
      vertex -14.354 -3.19386 20.7034
      vertex -14.3117 -3.22458 20.7939
    endloop
  endfacet
  facet normal -0.64523 0.372552 0.666996
    outer loop
      vertex -13.7383 -2.23135 20.7939
      vertex -14.2552 -3.26569 20.8716
      vertex -13.6744 -2.25979 20.8716
    endloop
  endfacet
  facet normal -0.645558 0.372686 0.666604
    outer loop
      vertex -14.2552 -3.26569 20.8716
      vertex -13.7383 -2.23135 20.7939
      vertex -14.3117 -3.22458 20.7939
    endloop
  endfacet
  facet normal -0.750879 0.433459 -0.498292
    outer loop
      vertex -13.7383 -2.23135 0.206108
      vertex -14.354 -3.19386 0.296632
      vertex -13.7861 -2.21009 0.296632
    endloop
  endfacet
  facet normal -0.750986 0.433551 -0.498049
    outer loop
      vertex -14.354 -3.19386 0.296632
      vertex -13.7383 -2.23135 0.206108
      vertex -14.3117 -3.22458 0.206108
    endloop
  endfacet
  facet normal -0.645156 0.372509 -0.667091
    outer loop
      vertex -14.2552 -3.26569 0.128428
      vertex -13.7383 -2.23135 0.206108
      vertex -13.6744 -2.25979 0.128428
    endloop
  endfacet
  facet normal -0.645484 0.372643 -0.666699
    outer loop
      vertex -13.7383 -2.23135 0.206108
      vertex -14.2552 -3.26569 0.128428
      vertex -14.3117 -3.22458 0.206108
    endloop
  endfacet
  facet normal 0.353643 0.204177 0.912824
    outer loop
      vertex 13.5972 -2.29419 20.933
      vertex 14.1095 -3.37152 20.9755
      vertex 14.1868 -3.3154 20.933
    endloop
  endfacet
  facet normal 0.353577 0.204147 0.912856
    outer loop
      vertex 14.1095 -3.37152 20.9755
      vertex 13.5972 -2.29419 20.933
      vertex 13.5099 -2.33303 20.9755
    endloop
  endfacet
  facet normal 0.861379 0.497353 -0.103275
    outer loop
      vertex 14.389 -3.16845 0.5
      vertex 13.8156 -2.19695 0.396045
      vertex 13.8255 -2.19251 0.5
    endloop
  endfacet
  facet normal 0.861364 0.497306 -0.103629
    outer loop
      vertex 13.8156 -2.19695 0.396045
      vertex 14.389 -3.16845 0.5
      vertex 14.3802 -3.17487 0.396045
    endloop
  endfacet
  facet normal 0.645484 0.372643 -0.666699
    outer loop
      vertex 14.2552 -3.26569 0.128428
      vertex 13.7383 -2.23135 0.206108
      vertex 14.3117 -3.22458 0.206108
    endloop
  endfacet
  facet normal 0.645156 0.372509 -0.667091
    outer loop
      vertex 13.7383 -2.23135 0.206108
      vertex 14.2552 -3.26569 0.128428
      vertex 13.6744 -2.25979 0.128428
    endloop
  endfacet
  facet normal 0.353753 0.204241 -0.912768
    outer loop
      vertex 14.1095 -3.37152 0.0244722
      vertex 13.5972 -2.29419 0.066988
      vertex 14.1868 -3.3154 0.066988
    endloop
  endfacet
  facet normal 0.353687 0.204211 -0.9128
    outer loop
      vertex 13.5972 -2.29419 0.066988
      vertex 14.1095 -3.37152 0.0244722
      vertex 13.5099 -2.33303 0.0244722
    endloop
  endfacet
  facet normal -0.861379 0.497353 -0.103275
    outer loop
      vertex -13.8156 -2.19695 0.396045
      vertex -14.389 -3.16845 0.5
      vertex -13.8255 -2.19251 0.5
    endloop
  endfacet
  facet normal -0.861364 0.497306 -0.103629
    outer loop
      vertex -14.389 -3.16845 0.5
      vertex -13.8156 -2.19695 0.396045
      vertex -14.3802 -3.17487 0.396045
    endloop
  endfacet
  facet normal 0.86601 0.500027 0
    outer loop
      vertex 14.389 -3.16845 20.5
      vertex 13.8255 -2.19251 0.5
      vertex 13.8255 -2.19251 20.5
    endloop
  endfacet
  facet normal 0.86601 0.500027 0
    outer loop
      vertex 13.8255 -2.19251 0.5
      vertex 14.389 -3.16845 20.5
      vertex 14.389 -3.16845 0.5
    endloop
  endfacet
  facet normal 0.824086 0.475784 -0.307428
    outer loop
      vertex 14.3802 -3.17487 0.396045
      vertex 13.7861 -2.21009 0.296632
      vertex 13.8156 -2.19695 0.396045
    endloop
  endfacet
  facet normal 0.823952 0.475642 -0.308008
    outer loop
      vertex 13.7861 -2.21009 0.296632
      vertex 14.3802 -3.17487 0.396045
      vertex 14.354 -3.19386 0.296632
    endloop
  endfacet
  facet normal 0.824076 0.475778 0.307464
    outer loop
      vertex 13.7861 -2.21009 20.7034
      vertex 14.3802 -3.17487 20.604
      vertex 13.8156 -2.19695 20.604
    endloop
  endfacet
  facet normal 0.823941 0.475636 0.308044
    outer loop
      vertex 14.3802 -3.17487 20.604
      vertex 13.7861 -2.21009 20.7034
      vertex 14.354 -3.19386 20.7034
    endloop
  endfacet
  facet normal -0.353687 0.204211 -0.9128
    outer loop
      vertex -14.1095 -3.37152 0.0244722
      vertex -13.5972 -2.29419 0.066988
      vertex -13.5099 -2.33303 0.0244722
    endloop
  endfacet
  facet normal -0.353753 0.204241 -0.912768
    outer loop
      vertex -13.5972 -2.29419 0.066988
      vertex -14.1095 -3.37152 0.0244722
      vertex -14.1868 -3.3154 0.066988
    endloop
  endfacet
  facet normal 0.750829 0.433431 0.498391
    outer loop
      vertex 13.7383 -2.23135 20.7939
      vertex 14.354 -3.19386 20.7034
      vertex 13.7861 -2.21009 20.7034
    endloop
  endfacet
  facet normal 0.750937 0.433522 0.498149
    outer loop
      vertex 14.354 -3.19386 20.7034
      vertex 13.7383 -2.23135 20.7939
      vertex 14.3117 -3.22458 20.7939
    endloop
  endfacet
  facet normal 0.861383 0.497356 0.10323
    outer loop
      vertex 13.8156 -2.19695 20.604
      vertex 14.389 -3.16845 20.5
      vertex 13.8255 -2.19251 20.5
    endloop
  endfacet
  facet normal 0.861368 0.497309 0.103584
    outer loop
      vertex 14.389 -3.16845 20.5
      vertex 13.8156 -2.19695 20.604
      vertex 14.3802 -3.17487 20.604
    endloop
  endfacet
  facet normal 0.750879 0.433459 -0.498292
    outer loop
      vertex 14.354 -3.19386 0.296632
      vertex 13.7383 -2.23135 0.206108
      vertex 13.7861 -2.21009 0.296632
    endloop
  endfacet
  facet normal 0.750986 0.433551 -0.498049
    outer loop
      vertex 13.7383 -2.23135 0.206108
      vertex 14.354 -3.19386 0.296632
      vertex 14.3117 -3.22458 0.206108
    endloop
  endfacet
  facet normal -0.511042 0.295053 -0.807329
    outer loop
      vertex -14.1868 -3.3154 0.066988
      vertex -13.6744 -2.25979 0.128428
      vertex -13.5972 -2.29419 0.066988
    endloop
  endfacet
  facet normal -0.510898 0.294989 -0.807443
    outer loop
      vertex -13.6744 -2.25979 0.128428
      vertex -14.1868 -3.3154 0.066988
      vertex -14.2552 -3.26569 0.128428
    endloop
  endfacet
  facet normal 0.645558 0.372686 0.666604
    outer loop
      vertex 13.7383 -2.23135 20.7939
      vertex 14.2552 -3.26569 20.8716
      vertex 14.3117 -3.22458 20.7939
    endloop
  endfacet
  facet normal 0.64523 0.372552 0.666996
    outer loop
      vertex 14.2552 -3.26569 20.8716
      vertex 13.7383 -2.23135 20.7939
      vertex 13.6744 -2.25979 20.8716
    endloop
  endfacet
  facet normal 0.510681 0.294864 0.807626
    outer loop
      vertex 13.6744 -2.25979 20.8716
      vertex 14.1868 -3.3154 20.933
      vertex 14.2552 -3.26569 20.8716
    endloop
  endfacet
  facet normal 0.510825 0.294927 0.807512
    outer loop
      vertex 14.1868 -3.3154 20.933
      vertex 13.6744 -2.25979 20.8716
      vertex 13.5972 -2.29419 20.933
    endloop
  endfacet
  facet normal -0.353577 -0.204147 0.912856
    outer loop
      vertex -14.1095 3.37152 20.9755
      vertex -13.5972 2.29419 20.933
      vertex -13.5099 2.33303 20.9755
    endloop
  endfacet
  facet normal -0.353643 -0.204177 0.912824
    outer loop
      vertex -13.5972 2.29419 20.933
      vertex -14.1095 3.37152 20.9755
      vertex -14.1868 3.3154 20.933
    endloop
  endfacet
  facet normal 0.181023 -0.104519 -0.977909
    outer loop
      vertex 13.5099 2.33303 0.0244722
      vertex 14.0268 3.43162 0.00273991
      vertex 14.1095 3.37152 0.0244722
    endloop
  endfacet
  facet normal 0.181004 -0.10451 -0.977914
    outer loop
      vertex 14.0268 3.43162 0.00273991
      vertex 13.5099 2.33303 0.0244722
      vertex 13.4165 2.37462 0.00273991
    endloop
  endfacet
  facet normal -0.181004 -0.10451 -0.977914
    outer loop
      vertex -13.5099 2.33303 0.0244722
      vertex -14.0268 3.43162 0.00273991
      vertex -13.4165 2.37462 0.00273991
    endloop
  endfacet
  facet normal -0.181023 -0.104519 -0.977909
    outer loop
      vertex -14.0268 3.43162 0.00273991
      vertex -13.5099 2.33303 0.0244722
      vertex -14.1095 3.37152 0.0244722
    endloop
  endfacet
  facet normal 0.645558 -0.372686 0.666604
    outer loop
      vertex 14.2552 3.26569 20.8716
      vertex 13.7383 2.23135 20.7939
      vertex 14.3117 3.22458 20.7939
    endloop
  endfacet
  facet normal 0.64523 -0.372552 0.666996
    outer loop
      vertex 13.7383 2.23135 20.7939
      vertex 14.2552 3.26569 20.8716
      vertex 13.6744 2.25979 20.8716
    endloop
  endfacet
  facet normal -0.511042 -0.295053 -0.807329
    outer loop
      vertex -13.6744 2.25979 0.128428
      vertex -14.1868 3.3154 0.066988
      vertex -13.5972 2.29419 0.066988
    endloop
  endfacet
  facet normal -0.510898 -0.294989 -0.807443
    outer loop
      vertex -14.1868 3.3154 0.066988
      vertex -13.6744 2.25979 0.128428
      vertex -14.2552 3.26569 0.128428
    endloop
  endfacet
  facet normal -0.353687 -0.204211 -0.9128
    outer loop
      vertex -13.5972 2.29419 0.066988
      vertex -14.1095 3.37152 0.0244722
      vertex -13.5099 2.33303 0.0244722
    endloop
  endfacet
  facet normal -0.353753 -0.204241 -0.912768
    outer loop
      vertex -14.1095 3.37152 0.0244722
      vertex -13.5972 2.29419 0.066988
      vertex -14.1868 3.3154 0.066988
    endloop
  endfacet
  facet normal 0.861368 -0.497309 0.103584
    outer loop
      vertex 13.8156 2.19695 20.604
      vertex 14.389 3.16845 20.5
      vertex 14.3802 3.17487 20.604
    endloop
  endfacet
  facet normal 0.861383 -0.497356 0.10323
    outer loop
      vertex 14.389 3.16845 20.5
      vertex 13.8156 2.19695 20.604
      vertex 13.8255 2.19251 20.5
    endloop
  endfacet
  facet normal -0.86601 -0.500027 0
    outer loop
      vertex -13.8255 2.19251 0.5
      vertex -14.389 3.16845 20.5
      vertex -14.389 3.16845 0.5
    endloop
  endfacet
  facet normal -0.86601 -0.500027 0
    outer loop
      vertex -14.389 3.16845 20.5
      vertex -13.8255 2.19251 0.5
      vertex -13.8255 2.19251 20.5
    endloop
  endfacet
  facet normal -0.510825 -0.294927 0.807512
    outer loop
      vertex -14.1868 3.3154 20.933
      vertex -13.6744 2.25979 20.8716
      vertex -13.5972 2.29419 20.933
    endloop
  endfacet
  facet normal -0.510681 -0.294864 0.807626
    outer loop
      vertex -13.6744 2.25979 20.8716
      vertex -14.1868 3.3154 20.933
      vertex -14.2552 3.26569 20.8716
    endloop
  endfacet
  facet normal 0.353753 -0.204241 -0.912768
    outer loop
      vertex 13.5972 2.29419 0.066988
      vertex 14.1095 3.37152 0.0244722
      vertex 14.1868 3.3154 0.066988
    endloop
  endfacet
  facet normal 0.353687 -0.204211 -0.9128
    outer loop
      vertex 14.1095 3.37152 0.0244722
      vertex 13.5972 2.29419 0.066988
      vertex 13.5099 2.33303 0.0244722
    endloop
  endfacet
  facet normal 0.823952 -0.475642 -0.308008
    outer loop
      vertex 14.3802 3.17487 0.396045
      vertex 13.7861 2.21009 0.296632
      vertex 14.354 3.19386 0.296632
    endloop
  endfacet
  facet normal 0.824086 -0.475784 -0.307428
    outer loop
      vertex 13.7861 2.21009 0.296632
      vertex 14.3802 3.17487 0.396045
      vertex 13.8156 2.19695 0.396045
    endloop
  endfacet
  facet normal 0.181563 -0.10483 0.977776
    outer loop
      vertex 14.0268 3.43162 20.9973
      vertex 13.5099 2.33303 20.9755
      vertex 14.1095 3.37152 20.9755
    endloop
  endfacet
  facet normal 0.181543 -0.104821 0.977781
    outer loop
      vertex 13.5099 2.33303 20.9755
      vertex 14.0268 3.43162 20.9973
      vertex 13.4165 2.37462 20.9973
    endloop
  endfacet
  facet normal 0.510681 -0.294864 0.807626
    outer loop
      vertex 14.1868 3.3154 20.933
      vertex 13.6744 2.25979 20.8716
      vertex 14.2552 3.26569 20.8716
    endloop
  endfacet
  facet normal 0.510825 -0.294927 0.807512
    outer loop
      vertex 13.6744 2.25979 20.8716
      vertex 14.1868 3.3154 20.933
      vertex 13.5972 2.29419 20.933
    endloop
  endfacet
  facet normal -0.64523 -0.372552 0.666996
    outer loop
      vertex -14.2552 3.26569 20.8716
      vertex -13.7383 2.23135 20.7939
      vertex -13.6744 2.25979 20.8716
    endloop
  endfacet
  facet normal -0.645558 -0.372686 0.666604
    outer loop
      vertex -13.7383 2.23135 20.7939
      vertex -14.2552 3.26569 20.8716
      vertex -14.3117 3.22458 20.7939
    endloop
  endfacet
  facet normal -0.861364 -0.497306 -0.103629
    outer loop
      vertex -13.8156 2.19695 0.396045
      vertex -14.389 3.16845 0.5
      vertex -14.3802 3.17487 0.396045
    endloop
  endfacet
  facet normal -0.861379 -0.497353 -0.103275
    outer loop
      vertex -14.389 3.16845 0.5
      vertex -13.8156 2.19695 0.396045
      vertex -13.8255 2.19251 0.5
    endloop
  endfacet
  facet normal -0.750937 -0.433522 0.498149
    outer loop
      vertex -14.354 3.19386 20.7034
      vertex -13.7383 2.23135 20.7939
      vertex -14.3117 3.22458 20.7939
    endloop
  endfacet
  facet normal -0.750829 -0.433431 0.498391
    outer loop
      vertex -13.7383 2.23135 20.7939
      vertex -14.354 3.19386 20.7034
      vertex -13.7861 2.21009 20.7034
    endloop
  endfacet
  facet normal -0.823941 -0.475636 0.308044
    outer loop
      vertex -14.3802 3.17487 20.604
      vertex -13.7861 2.21009 20.7034
      vertex -14.354 3.19386 20.7034
    endloop
  endfacet
  facet normal -0.824076 -0.475778 0.307464
    outer loop
      vertex -13.7861 2.21009 20.7034
      vertex -14.3802 3.17487 20.604
      vertex -13.8156 2.19695 20.604
    endloop
  endfacet
  facet normal 0.86601 -0.500027 0
    outer loop
      vertex 13.8255 2.19251 20.5
      vertex 14.389 3.16845 0.5
      vertex 14.389 3.16845 20.5
    endloop
  endfacet
  facet normal 0.86601 -0.500027 0
    outer loop
      vertex 14.389 3.16845 0.5
      vertex 13.8255 2.19251 20.5
      vertex 13.8255 2.19251 0.5
    endloop
  endfacet
  facet normal 0.861364 -0.497306 -0.103629
    outer loop
      vertex 14.389 3.16845 0.5
      vertex 13.8156 2.19695 0.396045
      vertex 14.3802 3.17487 0.396045
    endloop
  endfacet
  facet normal 0.861379 -0.497353 -0.103275
    outer loop
      vertex 13.8156 2.19695 0.396045
      vertex 14.389 3.16845 0.5
      vertex 13.8255 2.19251 0.5
    endloop
  endfacet
  facet normal 0.510898 -0.294989 -0.807443
    outer loop
      vertex 13.6744 2.25979 0.128428
      vertex 14.1868 3.3154 0.066988
      vertex 14.2552 3.26569 0.128428
    endloop
  endfacet
  facet normal 0.511042 -0.295053 -0.807329
    outer loop
      vertex 14.1868 3.3154 0.066988
      vertex 13.6744 2.25979 0.128428
      vertex 13.5972 2.29419 0.066988
    endloop
  endfacet
  facet normal -0.861368 -0.497309 0.103584
    outer loop
      vertex -14.389 3.16845 20.5
      vertex -13.8156 2.19695 20.604
      vertex -14.3802 3.17487 20.604
    endloop
  endfacet
  facet normal -0.861383 -0.497356 0.10323
    outer loop
      vertex -13.8156 2.19695 20.604
      vertex -14.389 3.16845 20.5
      vertex -13.8255 2.19251 20.5
    endloop
  endfacet
  facet normal -0.750986 -0.433551 -0.498049
    outer loop
      vertex -13.7383 2.23135 0.206108
      vertex -14.354 3.19386 0.296632
      vertex -14.3117 3.22458 0.206108
    endloop
  endfacet
  facet normal -0.750879 -0.433459 -0.498292
    outer loop
      vertex -14.354 3.19386 0.296632
      vertex -13.7383 2.23135 0.206108
      vertex -13.7861 2.21009 0.296632
    endloop
  endfacet
  facet normal 0.823941 -0.475636 0.308044
    outer loop
      vertex 13.7861 2.21009 20.7034
      vertex 14.3802 3.17487 20.604
      vertex 14.354 3.19386 20.7034
    endloop
  endfacet
  facet normal 0.824076 -0.475778 0.307464
    outer loop
      vertex 14.3802 3.17487 20.604
      vertex 13.7861 2.21009 20.7034
      vertex 13.8156 2.19695 20.604
    endloop
  endfacet
  facet normal 0.750937 -0.433522 0.498149
    outer loop
      vertex 13.7383 2.23135 20.7939
      vertex 14.354 3.19386 20.7034
      vertex 14.3117 3.22458 20.7939
    endloop
  endfacet
  facet normal 0.750829 -0.433431 0.498391
    outer loop
      vertex 14.354 3.19386 20.7034
      vertex 13.7383 2.23135 20.7939
      vertex 13.7861 2.21009 20.7034
    endloop
  endfacet
  facet normal -0.181543 -0.104821 0.977781
    outer loop
      vertex -14.0268 3.43162 20.9973
      vertex -13.5099 2.33303 20.9755
      vertex -13.4165 2.37462 20.9973
    endloop
  endfacet
  facet normal -0.181563 -0.10483 0.977776
    outer loop
      vertex -13.5099 2.33303 20.9755
      vertex -14.0268 3.43162 20.9973
      vertex -14.1095 3.37152 20.9755
    endloop
  endfacet
  facet normal 0.750986 -0.433551 -0.498049
    outer loop
      vertex 14.354 3.19386 0.296632
      vertex 13.7383 2.23135 0.206108
      vertex 14.3117 3.22458 0.206108
    endloop
  endfacet
  facet normal 0.750879 -0.433459 -0.498292
    outer loop
      vertex 13.7383 2.23135 0.206108
      vertex 14.354 3.19386 0.296632
      vertex 13.7861 2.21009 0.296632
    endloop
  endfacet
  facet normal -0.645156 -0.372509 -0.667091
    outer loop
      vertex -13.7383 2.23135 0.206108
      vertex -14.2552 3.26569 0.128428
      vertex -13.6744 2.25979 0.128428
    endloop
  endfacet
  facet normal -0.645484 -0.372643 -0.666699
    outer loop
      vertex -14.2552 3.26569 0.128428
      vertex -13.7383 2.23135 0.206108
      vertex -14.3117 3.22458 0.206108
    endloop
  endfacet
  facet normal -0.823952 -0.475642 -0.308008
    outer loop
      vertex -13.7861 2.21009 0.296632
      vertex -14.3802 3.17487 0.396045
      vertex -14.354 3.19386 0.296632
    endloop
  endfacet
  facet normal -0.824086 -0.475784 -0.307428
    outer loop
      vertex -14.3802 3.17487 0.396045
      vertex -13.7861 2.21009 0.296632
      vertex -13.8156 2.19695 0.396045
    endloop
  endfacet
  facet normal 0.645484 -0.372643 -0.666699
    outer loop
      vertex 13.7383 2.23135 0.206108
      vertex 14.2552 3.26569 0.128428
      vertex 14.3117 3.22458 0.206108
    endloop
  endfacet
  facet normal 0.645156 -0.372509 -0.667091
    outer loop
      vertex 14.2552 3.26569 0.128428
      vertex 13.7383 2.23135 0.206108
      vertex 13.6744 2.25979 0.128428
    endloop
  endfacet
  facet normal 0.353643 -0.204177 0.912824
    outer loop
      vertex 14.1095 3.37152 20.9755
      vertex 13.5972 2.29419 20.933
      vertex 14.1868 3.3154 20.933
    endloop
  endfacet
  facet normal 0.353577 -0.204147 0.912856
    outer loop
      vertex 13.5972 2.29419 20.933
      vertex 14.1095 3.37152 20.9755
      vertex 13.5099 2.33303 20.9755
    endloop
  endfacet
  facet normal -0.824507 -0.267894 0.498418
    outer loop
      vertex -13.7861 2.21009 20.7034
      vertex -13.3839 1.1406 20.7939
      vertex -13.7383 2.23135 20.7939
    endloop
  endfacet
  facet normal -0.824775 -0.268039 0.497896
    outer loop
      vertex -13.3839 1.1406 20.7939
      vertex -13.7861 2.21009 20.7034
      vertex -13.435 1.12973 20.7034
    endloop
  endfacet
  facet normal -0.951066 -0.308988 0
    outer loop
      vertex -13.4773 1.12075 0.5
      vertex -13.8255 2.19251 20.5
      vertex -13.8255 2.19251 0.5
    endloop
  endfacet
  facet normal -0.951066 -0.308988 0
    outer loop
      vertex -13.8255 2.19251 20.5
      vertex -13.4773 1.12075 0.5
      vertex -13.4773 1.12075 20.5
    endloop
  endfacet
  facet normal 0.945962 -0.307413 -0.103217
    outer loop
      vertex 13.8255 2.19251 0.5
      vertex 13.4666 1.12302 0.396045
      vertex 13.8156 2.19695 0.396045
    endloop
  endfacet
  facet normal 0.945901 -0.30731 -0.104071
    outer loop
      vertex 13.4666 1.12302 0.396045
      vertex 13.8255 2.19251 0.5
      vertex 13.4773 1.12075 0.5
    endloop
  endfacet
  facet normal 0.951066 -0.308988 0
    outer loop
      vertex 13.4773 1.12075 20.5
      vertex 13.8255 2.19251 0.5
      vertex 13.8255 2.19251 20.5
    endloop
  endfacet
  facet normal 0.951066 -0.308988 0
    outer loop
      vertex 13.8255 2.19251 0.5
      vertex 13.4773 1.12075 20.5
      vertex 13.4773 1.12075 0.5
    endloop
  endfacet
  facet normal -0.708591 -0.230221 0.667007
    outer loop
      vertex -13.7383 2.23135 20.7939
      vertex -13.3155 1.15514 20.8716
      vertex -13.6744 2.25979 20.8716
    endloop
  endfacet
  facet normal -0.708657 -0.230253 0.666925
    outer loop
      vertex -13.3155 1.15514 20.8716
      vertex -13.7383 2.23135 20.7939
      vertex -13.3839 1.1406 20.7939
    endloop
  endfacet
  facet normal -0.945966 -0.307415 0.103173
    outer loop
      vertex -13.8255 2.19251 20.5
      vertex -13.4666 1.12302 20.604
      vertex -13.8156 2.19695 20.604
    endloop
  endfacet
  facet normal -0.945906 -0.307312 0.104027
    outer loop
      vertex -13.4666 1.12302 20.604
      vertex -13.8255 2.19251 20.5
      vertex -13.4773 1.12075 20.5
    endloop
  endfacet
  facet normal -0.945962 -0.307413 -0.103217
    outer loop
      vertex -13.4666 1.12302 0.396045
      vertex -13.8255 2.19251 0.5
      vertex -13.8156 2.19695 0.396045
    endloop
  endfacet
  facet normal -0.945901 -0.30731 -0.104071
    outer loop
      vertex -13.8255 2.19251 0.5
      vertex -13.4666 1.12302 0.396045
      vertex -13.4773 1.12075 0.5
    endloop
  endfacet
  facet normal 0.388277 -0.126164 0.912866
    outer loop
      vertex 13.5099 2.33303 20.9755
      vertex 13.2328 1.17273 20.933
      vertex 13.5972 2.29419 20.933
    endloop
  endfacet
  facet normal 0.38851 -0.126216 0.912759
    outer loop
      vertex 13.2328 1.17273 20.933
      vertex 13.5099 2.33303 20.9755
      vertex 13.1394 1.19258 20.9755
    endloop
  endfacet
  facet normal -0.708509 -0.230194 -0.667102
    outer loop
      vertex -13.3155 1.15514 0.128428
      vertex -13.7383 2.23135 0.206108
      vertex -13.6744 2.25979 0.128428
    endloop
  endfacet
  facet normal -0.708576 -0.230226 -0.66702
    outer loop
      vertex -13.7383 2.23135 0.206108
      vertex -13.3155 1.15514 0.128428
      vertex -13.3839 1.1406 0.206108
    endloop
  endfacet
  facet normal 0.904983 -0.294105 -0.30742
    outer loop
      vertex 13.8156 2.19695 0.396045
      vertex 13.435 1.12973 0.296632
      vertex 13.7861 2.21009 0.296632
    endloop
  endfacet
  facet normal 0.90496 -0.294089 -0.307506
    outer loop
      vertex 13.435 1.12973 0.296632
      vertex 13.8156 2.19695 0.396045
      vertex 13.4666 1.12302 0.396045
    endloop
  endfacet
  facet normal -0.561084 -0.182315 -0.807432
    outer loop
      vertex -13.3155 1.15514 0.128428
      vertex -13.5972 2.29419 0.066988
      vertex -13.2328 1.17273 0.066988
    endloop
  endfacet
  facet normal -0.561248 -0.182349 -0.80731
    outer loop
      vertex -13.5972 2.29419 0.066988
      vertex -13.3155 1.15514 0.128428
      vertex -13.6744 2.25979 0.128428
    endloop
  endfacet
  facet normal 0.824507 -0.267894 0.498418
    outer loop
      vertex 13.3839 1.1406 20.7939
      vertex 13.7861 2.21009 20.7034
      vertex 13.7383 2.23135 20.7939
    endloop
  endfacet
  facet normal 0.824775 -0.268039 0.497896
    outer loop
      vertex 13.7861 2.21009 20.7034
      vertex 13.3839 1.1406 20.7939
      vertex 13.435 1.12973 20.7034
    endloop
  endfacet
  facet normal 0.945966 -0.307415 0.103173
    outer loop
      vertex 13.4666 1.12302 20.604
      vertex 13.8255 2.19251 20.5
      vertex 13.8156 2.19695 20.604
    endloop
  endfacet
  facet normal 0.945906 -0.307312 0.104027
    outer loop
      vertex 13.8255 2.19251 20.5
      vertex 13.4666 1.12302 20.604
      vertex 13.4773 1.12075 20.5
    endloop
  endfacet
  facet normal -0.904983 -0.294105 -0.30742
    outer loop
      vertex -13.435 1.12973 0.296632
      vertex -13.8156 2.19695 0.396045
      vertex -13.7861 2.21009 0.296632
    endloop
  endfacet
  facet normal -0.90496 -0.294089 -0.307506
    outer loop
      vertex -13.8156 2.19695 0.396045
      vertex -13.435 1.12973 0.296632
      vertex -13.4666 1.12302 0.396045
    endloop
  endfacet
  facet normal -0.199385 -0.0647737 0.977778
    outer loop
      vertex -13.4165 2.37462 20.9973
      vertex -13.1394 1.19258 20.9755
      vertex -13.0394 1.21384 20.9973
    endloop
  endfacet
  facet normal -0.199376 -0.0647717 0.97778
    outer loop
      vertex -13.1394 1.19258 20.9755
      vertex -13.4165 2.37462 20.9973
      vertex -13.5099 2.33303 20.9755
    endloop
  endfacet
  facet normal -0.560846 -0.182238 0.807614
    outer loop
      vertex -13.5972 2.29419 20.933
      vertex -13.3155 1.15514 20.8716
      vertex -13.2328 1.17273 20.933
    endloop
  endfacet
  facet normal -0.56101 -0.182272 0.807493
    outer loop
      vertex -13.3155 1.15514 20.8716
      vertex -13.5972 2.29419 20.933
      vertex -13.6744 2.25979 20.8716
    endloop
  endfacet
  facet normal 0.824561 -0.267912 -0.498319
    outer loop
      vertex 13.7861 2.21009 0.296632
      vertex 13.3839 1.1406 0.206108
      vertex 13.7383 2.23135 0.206108
    endloop
  endfacet
  facet normal 0.82483 -0.268057 -0.497797
    outer loop
      vertex 13.3839 1.1406 0.206108
      vertex 13.7861 2.21009 0.296632
      vertex 13.435 1.12973 0.296632
    endloop
  endfacet
  facet normal 0.708509 -0.230194 -0.667102
    outer loop
      vertex 13.7383 2.23135 0.206108
      vertex 13.3155 1.15514 0.128428
      vertex 13.6744 2.25979 0.128428
    endloop
  endfacet
  facet normal 0.708576 -0.230226 -0.66702
    outer loop
      vertex 13.3155 1.15514 0.128428
      vertex 13.7383 2.23135 0.206108
      vertex 13.3839 1.1406 0.206108
    endloop
  endfacet
  facet normal 0.198784 -0.0645794 -0.977913
    outer loop
      vertex 13.1394 1.19258 0.0244722
      vertex 13.4165 2.37462 0.00273991
      vertex 13.5099 2.33303 0.0244722
    endloop
  endfacet
  facet normal 0.198793 -0.0645813 -0.977911
    outer loop
      vertex 13.4165 2.37462 0.00273991
      vertex 13.1394 1.19258 0.0244722
      vertex 13.0394 1.21384 0.00273991
    endloop
  endfacet
  facet normal 0.388397 -0.126203 -0.912809
    outer loop
      vertex 13.2328 1.17273 0.066988
      vertex 13.5099 2.33303 0.0244722
      vertex 13.5972 2.29419 0.066988
    endloop
  endfacet
  facet normal 0.388631 -0.126255 -0.912702
    outer loop
      vertex 13.5099 2.33303 0.0244722
      vertex 13.2328 1.17273 0.066988
      vertex 13.1394 1.19258 0.0244722
    endloop
  endfacet
  facet normal -0.38851 -0.126216 0.912759
    outer loop
      vertex -13.5099 2.33303 20.9755
      vertex -13.2328 1.17273 20.933
      vertex -13.1394 1.19258 20.9755
    endloop
  endfacet
  facet normal -0.388277 -0.126164 0.912866
    outer loop
      vertex -13.2328 1.17273 20.933
      vertex -13.5099 2.33303 20.9755
      vertex -13.5972 2.29419 20.933
    endloop
  endfacet
  facet normal -0.904972 -0.294102 0.307457
    outer loop
      vertex -13.8156 2.19695 20.604
      vertex -13.435 1.12973 20.7034
      vertex -13.7861 2.21009 20.7034
    endloop
  endfacet
  facet normal -0.904948 -0.294085 0.307542
    outer loop
      vertex -13.435 1.12973 20.7034
      vertex -13.8156 2.19695 20.604
      vertex -13.4666 1.12302 20.604
    endloop
  endfacet
  facet normal 0.904972 -0.294102 0.307457
    outer loop
      vertex 13.435 1.12973 20.7034
      vertex 13.8156 2.19695 20.604
      vertex 13.7861 2.21009 20.7034
    endloop
  endfacet
  facet normal 0.904948 -0.294085 0.307542
    outer loop
      vertex 13.8156 2.19695 20.604
      vertex 13.435 1.12973 20.7034
      vertex 13.4666 1.12302 20.604
    endloop
  endfacet
  facet normal 0.708591 -0.230221 0.667007
    outer loop
      vertex 13.3155 1.15514 20.8716
      vertex 13.7383 2.23135 20.7939
      vertex 13.6744 2.25979 20.8716
    endloop
  endfacet
  facet normal 0.708657 -0.230253 0.666925
    outer loop
      vertex 13.7383 2.23135 20.7939
      vertex 13.3155 1.15514 20.8716
      vertex 13.3839 1.1406 20.7939
    endloop
  endfacet
  facet normal 0.56101 -0.182272 0.807493
    outer loop
      vertex 13.5972 2.29419 20.933
      vertex 13.3155 1.15514 20.8716
      vertex 13.6744 2.25979 20.8716
    endloop
  endfacet
  facet normal 0.560846 -0.182238 0.807614
    outer loop
      vertex 13.3155 1.15514 20.8716
      vertex 13.5972 2.29419 20.933
      vertex 13.2328 1.17273 20.933
    endloop
  endfacet
  facet normal 0.561248 -0.182349 -0.80731
    outer loop
      vertex 13.3155 1.15514 0.128428
      vertex 13.5972 2.29419 0.066988
      vertex 13.6744 2.25979 0.128428
    endloop
  endfacet
  facet normal 0.561084 -0.182315 -0.807432
    outer loop
      vertex 13.5972 2.29419 0.066988
      vertex 13.3155 1.15514 0.128428
      vertex 13.2328 1.17273 0.066988
    endloop
  endfacet
  facet normal 0.199376 -0.0647717 0.97778
    outer loop
      vertex 13.4165 2.37462 20.9973
      vertex 13.1394 1.19258 20.9755
      vertex 13.5099 2.33303 20.9755
    endloop
  endfacet
  facet normal 0.199385 -0.0647737 0.977778
    outer loop
      vertex 13.1394 1.19258 20.9755
      vertex 13.4165 2.37462 20.9973
      vertex 13.0394 1.21384 20.9973
    endloop
  endfacet
  facet normal -0.198793 -0.0645813 -0.977911
    outer loop
      vertex -13.1394 1.19258 0.0244722
      vertex -13.4165 2.37462 0.00273991
      vertex -13.0394 1.21384 0.00273991
    endloop
  endfacet
  facet normal -0.198784 -0.0645794 -0.977913
    outer loop
      vertex -13.4165 2.37462 0.00273991
      vertex -13.1394 1.19258 0.0244722
      vertex -13.5099 2.33303 0.0244722
    endloop
  endfacet
  facet normal -0.388631 -0.126255 -0.912702
    outer loop
      vertex -13.2328 1.17273 0.066988
      vertex -13.5099 2.33303 0.0244722
      vertex -13.1394 1.19258 0.0244722
    endloop
  endfacet
  facet normal -0.388397 -0.126203 -0.912809
    outer loop
      vertex -13.5099 2.33303 0.0244722
      vertex -13.2328 1.17273 0.066988
      vertex -13.5972 2.29419 0.066988
    endloop
  endfacet
  facet normal -0.824561 -0.267912 -0.498319
    outer loop
      vertex -13.3839 1.1406 0.206108
      vertex -13.7861 2.21009 0.296632
      vertex -13.7383 2.23135 0.206108
    endloop
  endfacet
  facet normal -0.82483 -0.268057 -0.497797
    outer loop
      vertex -13.7861 2.21009 0.296632
      vertex -13.3839 1.1406 0.206108
      vertex -13.435 1.12973 0.296632
    endloop
  endfacet
  facet normal 0.199376 0.0647717 0.97778
    outer loop
      vertex 13.1394 -1.19258 20.9755
      vertex 13.4165 -2.37462 20.9973
      vertex 13.5099 -2.33303 20.9755
    endloop
  endfacet
  facet normal 0.199385 0.0647737 0.977778
    outer loop
      vertex 13.4165 -2.37462 20.9973
      vertex 13.1394 -1.19258 20.9755
      vertex 13.0394 -1.21384 20.9973
    endloop
  endfacet
  facet normal 0.945901 0.30731 -0.104071
    outer loop
      vertex 13.8255 -2.19251 0.5
      vertex 13.4666 -1.12302 0.396045
      vertex 13.4773 -1.12075 0.5
    endloop
  endfacet
  facet normal 0.945962 0.307413 -0.103217
    outer loop
      vertex 13.4666 -1.12302 0.396045
      vertex 13.8255 -2.19251 0.5
      vertex 13.8156 -2.19695 0.396045
    endloop
  endfacet
  facet normal 0.904948 0.294085 0.307542
    outer loop
      vertex 13.435 -1.12973 20.7034
      vertex 13.8156 -2.19695 20.604
      vertex 13.4666 -1.12302 20.604
    endloop
  endfacet
  facet normal 0.904972 0.294102 0.307457
    outer loop
      vertex 13.8156 -2.19695 20.604
      vertex 13.435 -1.12973 20.7034
      vertex 13.7861 -2.21009 20.7034
    endloop
  endfacet
  facet normal 0.708576 0.230226 -0.66702
    outer loop
      vertex 13.7383 -2.23135 0.206108
      vertex 13.3155 -1.15514 0.128428
      vertex 13.3839 -1.1406 0.206108
    endloop
  endfacet
  facet normal 0.708509 0.230194 -0.667102
    outer loop
      vertex 13.3155 -1.15514 0.128428
      vertex 13.7383 -2.23135 0.206108
      vertex 13.6744 -2.25979 0.128428
    endloop
  endfacet
  facet normal 0.388397 0.126203 -0.912809
    outer loop
      vertex 13.5099 -2.33303 0.0244722
      vertex 13.2328 -1.17273 0.066988
      vertex 13.5972 -2.29419 0.066988
    endloop
  endfacet
  facet normal 0.388631 0.126255 -0.912702
    outer loop
      vertex 13.2328 -1.17273 0.066988
      vertex 13.5099 -2.33303 0.0244722
      vertex 13.1394 -1.19258 0.0244722
    endloop
  endfacet
  facet normal 0.708657 0.230253 0.666925
    outer loop
      vertex 13.3155 -1.15514 20.8716
      vertex 13.7383 -2.23135 20.7939
      vertex 13.3839 -1.1406 20.7939
    endloop
  endfacet
  facet normal 0.708591 0.230221 0.667007
    outer loop
      vertex 13.7383 -2.23135 20.7939
      vertex 13.3155 -1.15514 20.8716
      vertex 13.6744 -2.25979 20.8716
    endloop
  endfacet
  facet normal 0.56101 0.182272 0.807493
    outer loop
      vertex 13.3155 -1.15514 20.8716
      vertex 13.5972 -2.29419 20.933
      vertex 13.6744 -2.25979 20.8716
    endloop
  endfacet
  facet normal 0.560846 0.182238 0.807614
    outer loop
      vertex 13.5972 -2.29419 20.933
      vertex 13.3155 -1.15514 20.8716
      vertex 13.2328 -1.17273 20.933
    endloop
  endfacet
  facet normal -0.388631 0.126255 -0.912702
    outer loop
      vertex -13.5099 -2.33303 0.0244722
      vertex -13.2328 -1.17273 0.066988
      vertex -13.1394 -1.19258 0.0244722
    endloop
  endfacet
  facet normal -0.388397 0.126203 -0.912809
    outer loop
      vertex -13.2328 -1.17273 0.066988
      vertex -13.5099 -2.33303 0.0244722
      vertex -13.5972 -2.29419 0.066988
    endloop
  endfacet
  facet normal -0.199385 0.0647737 0.977778
    outer loop
      vertex -13.1394 -1.19258 20.9755
      vertex -13.4165 -2.37462 20.9973
      vertex -13.0394 -1.21384 20.9973
    endloop
  endfacet
  facet normal -0.199376 0.0647717 0.97778
    outer loop
      vertex -13.4165 -2.37462 20.9973
      vertex -13.1394 -1.19258 20.9755
      vertex -13.5099 -2.33303 20.9755
    endloop
  endfacet
  facet normal -0.708576 0.230226 -0.66702
    outer loop
      vertex -13.3155 -1.15514 0.128428
      vertex -13.7383 -2.23135 0.206108
      vertex -13.3839 -1.1406 0.206108
    endloop
  endfacet
  facet normal -0.708509 0.230194 -0.667102
    outer loop
      vertex -13.7383 -2.23135 0.206108
      vertex -13.3155 -1.15514 0.128428
      vertex -13.6744 -2.25979 0.128428
    endloop
  endfacet
  facet normal -0.945901 0.30731 -0.104071
    outer loop
      vertex -13.4666 -1.12302 0.396045
      vertex -13.8255 -2.19251 0.5
      vertex -13.4773 -1.12075 0.5
    endloop
  endfacet
  facet normal -0.945962 0.307413 -0.103217
    outer loop
      vertex -13.8255 -2.19251 0.5
      vertex -13.4666 -1.12302 0.396045
      vertex -13.8156 -2.19695 0.396045
    endloop
  endfacet
  facet normal -0.82483 0.268057 -0.497797
    outer loop
      vertex -13.3839 -1.1406 0.206108
      vertex -13.7861 -2.21009 0.296632
      vertex -13.435 -1.12973 0.296632
    endloop
  endfacet
  facet normal -0.824561 0.267912 -0.498319
    outer loop
      vertex -13.7861 -2.21009 0.296632
      vertex -13.3839 -1.1406 0.206108
      vertex -13.7383 -2.23135 0.206108
    endloop
  endfacet
  facet normal -0.561084 0.182315 -0.807432
    outer loop
      vertex -13.5972 -2.29419 0.066988
      vertex -13.3155 -1.15514 0.128428
      vertex -13.2328 -1.17273 0.066988
    endloop
  endfacet
  facet normal -0.561248 0.182349 -0.80731
    outer loop
      vertex -13.3155 -1.15514 0.128428
      vertex -13.5972 -2.29419 0.066988
      vertex -13.6744 -2.25979 0.128428
    endloop
  endfacet
  facet normal -0.198793 0.0645813 -0.977911
    outer loop
      vertex -13.4165 -2.37462 0.00273991
      vertex -13.1394 -1.19258 0.0244722
      vertex -13.0394 -1.21384 0.00273991
    endloop
  endfacet
  facet normal -0.198784 0.0645794 -0.977913
    outer loop
      vertex -13.1394 -1.19258 0.0244722
      vertex -13.4165 -2.37462 0.00273991
      vertex -13.5099 -2.33303 0.0244722
    endloop
  endfacet
  facet normal 0.951066 0.308988 0
    outer loop
      vertex 13.8255 -2.19251 20.5
      vertex 13.4773 -1.12075 0.5
      vertex 13.4773 -1.12075 20.5
    endloop
  endfacet
  facet normal 0.951066 0.308988 0
    outer loop
      vertex 13.4773 -1.12075 0.5
      vertex 13.8255 -2.19251 20.5
      vertex 13.8255 -2.19251 0.5
    endloop
  endfacet
  facet normal 0.82483 0.268057 -0.497797
    outer loop
      vertex 13.7861 -2.21009 0.296632
      vertex 13.3839 -1.1406 0.206108
      vertex 13.435 -1.12973 0.296632
    endloop
  endfacet
  facet normal 0.824561 0.267912 -0.498319
    outer loop
      vertex 13.3839 -1.1406 0.206108
      vertex 13.7861 -2.21009 0.296632
      vertex 13.7383 -2.23135 0.206108
    endloop
  endfacet
  facet normal -0.90496 0.294089 -0.307506
    outer loop
      vertex -13.435 -1.12973 0.296632
      vertex -13.8156 -2.19695 0.396045
      vertex -13.4666 -1.12302 0.396045
    endloop
  endfacet
  facet normal -0.904983 0.294105 -0.30742
    outer loop
      vertex -13.8156 -2.19695 0.396045
      vertex -13.435 -1.12973 0.296632
      vertex -13.7861 -2.21009 0.296632
    endloop
  endfacet
  facet normal -0.904948 0.294085 0.307542
    outer loop
      vertex -13.8156 -2.19695 20.604
      vertex -13.435 -1.12973 20.7034
      vertex -13.4666 -1.12302 20.604
    endloop
  endfacet
  facet normal -0.904972 0.294102 0.307457
    outer loop
      vertex -13.435 -1.12973 20.7034
      vertex -13.8156 -2.19695 20.604
      vertex -13.7861 -2.21009 20.7034
    endloop
  endfacet
  facet normal 0.198784 0.0645794 -0.977913
    outer loop
      vertex 13.4165 -2.37462 0.00273991
      vertex 13.1394 -1.19258 0.0244722
      vertex 13.5099 -2.33303 0.0244722
    endloop
  endfacet
  facet normal 0.198793 0.0645813 -0.977911
    outer loop
      vertex 13.1394 -1.19258 0.0244722
      vertex 13.4165 -2.37462 0.00273991
      vertex 13.0394 -1.21384 0.00273991
    endloop
  endfacet
  facet normal 0.561248 0.182349 -0.80731
    outer loop
      vertex 13.5972 -2.29419 0.066988
      vertex 13.3155 -1.15514 0.128428
      vertex 13.6744 -2.25979 0.128428
    endloop
  endfacet
  facet normal 0.561084 0.182315 -0.807432
    outer loop
      vertex 13.3155 -1.15514 0.128428
      vertex 13.5972 -2.29419 0.066988
      vertex 13.2328 -1.17273 0.066988
    endloop
  endfacet
  facet normal 0.945906 0.307312 0.104027
    outer loop
      vertex 13.4666 -1.12302 20.604
      vertex 13.8255 -2.19251 20.5
      vertex 13.4773 -1.12075 20.5
    endloop
  endfacet
  facet normal 0.945966 0.307415 0.103173
    outer loop
      vertex 13.8255 -2.19251 20.5
      vertex 13.4666 -1.12302 20.604
      vertex 13.8156 -2.19695 20.604
    endloop
  endfacet
  facet normal 0.90496 0.294089 -0.307506
    outer loop
      vertex 13.8156 -2.19695 0.396045
      vertex 13.435 -1.12973 0.296632
      vertex 13.4666 -1.12302 0.396045
    endloop
  endfacet
  facet normal 0.904983 0.294105 -0.30742
    outer loop
      vertex 13.435 -1.12973 0.296632
      vertex 13.8156 -2.19695 0.396045
      vertex 13.7861 -2.21009 0.296632
    endloop
  endfacet
  facet normal 0.824775 0.268039 0.497896
    outer loop
      vertex 13.3839 -1.1406 20.7939
      vertex 13.7861 -2.21009 20.7034
      vertex 13.435 -1.12973 20.7034
    endloop
  endfacet
  facet normal 0.824507 0.267894 0.498418
    outer loop
      vertex 13.7861 -2.21009 20.7034
      vertex 13.3839 -1.1406 20.7939
      vertex 13.7383 -2.23135 20.7939
    endloop
  endfacet
  facet normal 0.388277 0.126164 0.912866
    outer loop
      vertex 13.2328 -1.17273 20.933
      vertex 13.5099 -2.33303 20.9755
      vertex 13.5972 -2.29419 20.933
    endloop
  endfacet
  facet normal 0.38851 0.126216 0.912759
    outer loop
      vertex 13.5099 -2.33303 20.9755
      vertex 13.2328 -1.17273 20.933
      vertex 13.1394 -1.19258 20.9755
    endloop
  endfacet
  facet normal -0.951066 0.308988 0
    outer loop
      vertex -13.8255 -2.19251 0.5
      vertex -13.4773 -1.12075 20.5
      vertex -13.4773 -1.12075 0.5
    endloop
  endfacet
  facet normal -0.951066 0.308988 0
    outer loop
      vertex -13.4773 -1.12075 20.5
      vertex -13.8255 -2.19251 0.5
      vertex -13.8255 -2.19251 20.5
    endloop
  endfacet
  facet normal -0.708657 0.230253 0.666925
    outer loop
      vertex -13.7383 -2.23135 20.7939
      vertex -13.3155 -1.15514 20.8716
      vertex -13.3839 -1.1406 20.7939
    endloop
  endfacet
  facet normal -0.708591 0.230221 0.667007
    outer loop
      vertex -13.3155 -1.15514 20.8716
      vertex -13.7383 -2.23135 20.7939
      vertex -13.6744 -2.25979 20.8716
    endloop
  endfacet
  facet normal -0.824775 0.268039 0.497896
    outer loop
      vertex -13.7861 -2.21009 20.7034
      vertex -13.3839 -1.1406 20.7939
      vertex -13.435 -1.12973 20.7034
    endloop
  endfacet
  facet normal -0.824507 0.267894 0.498418
    outer loop
      vertex -13.3839 -1.1406 20.7939
      vertex -13.7861 -2.21009 20.7034
      vertex -13.7383 -2.23135 20.7939
    endloop
  endfacet
  facet normal -0.945906 0.307312 0.104027
    outer loop
      vertex -13.8255 -2.19251 20.5
      vertex -13.4666 -1.12302 20.604
      vertex -13.4773 -1.12075 20.5
    endloop
  endfacet
  facet normal -0.945966 0.307415 0.103173
    outer loop
      vertex -13.4666 -1.12302 20.604
      vertex -13.8255 -2.19251 20.5
      vertex -13.8156 -2.19695 20.604
    endloop
  endfacet
  facet normal -0.38851 0.126216 0.912759
    outer loop
      vertex -13.2328 -1.17273 20.933
      vertex -13.5099 -2.33303 20.9755
      vertex -13.1394 -1.19258 20.9755
    endloop
  endfacet
  facet normal -0.388277 0.126164 0.912866
    outer loop
      vertex -13.5099 -2.33303 20.9755
      vertex -13.2328 -1.17273 20.933
      vertex -13.5972 -2.29419 20.933
    endloop
  endfacet
  facet normal -0.560846 0.182238 0.807614
    outer loop
      vertex -13.3155 -1.15514 20.8716
      vertex -13.5972 -2.29419 20.933
      vertex -13.2328 -1.17273 20.933
    endloop
  endfacet
  facet normal -0.56101 0.182272 0.807493
    outer loop
      vertex -13.5972 -2.29419 20.933
      vertex -13.3155 -1.15514 20.8716
      vertex -13.6744 -2.25979 20.8716
    endloop
  endfacet
  facet normal 0.866042 0.499971 0
    outer loop
      vertex 5.014 13.0695 20.5
      vertex 4.45055 14.0455 0.5
      vertex 4.45055 14.0455 20.5
    endloop
  endfacet
  facet normal 0.866042 0.499971 0
    outer loop
      vertex 4.45055 14.0455 0.5
      vertex 5.014 13.0695 20.5
      vertex 5.014 13.0695 0.5
    endloop
  endfacet
  facet normal 0.18153 0.104817 0.977783
    outer loop
      vertex 4.13492 13.9049 20.9755
      vertex 4.65178 12.8064 20.9973
      vertex 4.7345 12.8665 20.9755
    endloop
  endfacet
  facet normal 0.181622 0.10486 0.977762
    outer loop
      vertex 4.65178 12.8064 20.9973
      vertex 4.13492 13.9049 20.9755
      vertex 4.04152 13.8634 20.9973
    endloop
  endfacet
  facet normal 0.824106 0.475814 -0.307329
    outer loop
      vertex 5.00517 13.0631 0.396045
      vertex 4.41105 14.0279 0.296632
      vertex 4.44056 14.041 0.396045
    endloop
  endfacet
  facet normal 0.824042 0.475747 -0.307602
    outer loop
      vertex 4.41105 14.0279 0.296632
      vertex 5.00517 13.0631 0.396045
      vertex 4.97903 13.0441 0.296632
    endloop
  endfacet
  facet normal -0.645323 0.372579 0.66689
    outer loop
      vertex -4.36331 14.0066 20.7939
      vertex -4.88017 12.9723 20.8716
      vertex -4.29941 13.9782 20.8716
    endloop
  endfacet
  facet normal -0.645275 0.37256 0.666948
    outer loop
      vertex -4.88017 12.9723 20.8716
      vertex -4.36331 14.0066 20.7939
      vertex -4.93675 13.0134 20.7939
    endloop
  endfacet
  facet normal -0.645249 0.372537 -0.666986
    outer loop
      vertex -4.88017 12.9723 0.128428
      vertex -4.36331 14.0066 0.206108
      vertex -4.29941 13.9782 0.128428
    endloop
  endfacet
  facet normal -0.645201 0.372517 -0.667043
    outer loop
      vertex -4.36331 14.0066 0.206108
      vertex -4.88017 12.9723 0.128428
      vertex -4.93675 13.0134 0.206108
    endloop
  endfacet
  facet normal -0.861323 0.497246 0.104252
    outer loop
      vertex -5.014 13.0695 20.5
      vertex -4.44056 14.041 20.604
      vertex -4.45055 14.0455 20.5
    endloop
  endfacet
  facet normal -0.861346 0.497315 0.103736
    outer loop
      vertex -4.44056 14.041 20.604
      vertex -5.014 13.0695 20.5
      vertex -5.00517 13.0631 20.604
    endloop
  endfacet
  facet normal -0.866042 0.499971 0
    outer loop
      vertex -5.014 13.0695 0.5
      vertex -4.45055 14.0455 20.5
      vertex -4.45055 14.0455 0.5
    endloop
  endfacet
  facet normal -0.866042 0.499971 0
    outer loop
      vertex -4.45055 14.0455 20.5
      vertex -5.014 13.0695 0.5
      vertex -5.014 13.0695 20.5
    endloop
  endfacet
  facet normal 0.645201 0.372517 -0.667043
    outer loop
      vertex 4.88017 12.9723 0.128428
      vertex 4.36331 14.0066 0.206108
      vertex 4.93675 13.0134 0.206108
    endloop
  endfacet
  facet normal 0.645249 0.372537 -0.666986
    outer loop
      vertex 4.36331 14.0066 0.206108
      vertex 4.88017 12.9723 0.128428
      vertex 4.29941 13.9782 0.128428
    endloop
  endfacet
  facet normal 0.750973 0.433562 -0.498059
    outer loop
      vertex 4.97903 13.0441 0.296632
      vertex 4.36331 14.0066 0.206108
      vertex 4.41105 14.0279 0.296632
    endloop
  endfacet
  facet normal 0.751065 0.433639 -0.497854
    outer loop
      vertex 4.36331 14.0066 0.206108
      vertex 4.97903 13.0441 0.296632
      vertex 4.93675 13.0134 0.206108
    endloop
  endfacet
  facet normal 0.353809 0.204272 0.912739
    outer loop
      vertex 4.22216 13.9438 20.933
      vertex 4.7345 12.8665 20.9755
      vertex 4.81175 12.9226 20.933
    endloop
  endfacet
  facet normal 0.353642 0.204195 0.912821
    outer loop
      vertex 4.7345 12.8665 20.9755
      vertex 4.22216 13.9438 20.933
      vertex 4.13492 13.9049 20.9755
    endloop
  endfacet
  facet normal 0.645275 0.37256 0.666948
    outer loop
      vertex 4.36331 14.0066 20.7939
      vertex 4.88017 12.9723 20.8716
      vertex 4.93675 13.0134 20.7939
    endloop
  endfacet
  facet normal 0.645323 0.372579 0.66689
    outer loop
      vertex 4.88017 12.9723 20.8716
      vertex 4.36331 14.0066 20.7939
      vertex 4.29941 13.9782 20.8716
    endloop
  endfacet
  facet normal -0.824095 0.475808 0.307366
    outer loop
      vertex -5.00517 13.0631 20.604
      vertex -4.41105 14.0279 20.7034
      vertex -4.44056 14.041 20.604
    endloop
  endfacet
  facet normal -0.824032 0.475741 0.307639
    outer loop
      vertex -4.41105 14.0279 20.7034
      vertex -5.00517 13.0631 20.604
      vertex -4.97903 13.0441 20.7034
    endloop
  endfacet
  facet normal -0.861319 0.497244 -0.104297
    outer loop
      vertex -4.44056 14.041 0.396045
      vertex -5.014 13.0695 0.5
      vertex -4.45055 14.0455 0.5
    endloop
  endfacet
  facet normal -0.861342 0.497313 -0.10378
    outer loop
      vertex -5.014 13.0695 0.5
      vertex -4.44056 14.041 0.396045
      vertex -5.00517 13.0631 0.396045
    endloop
  endfacet
  facet normal 0.180991 0.104506 -0.977917
    outer loop
      vertex 4.65178 12.8064 0.00273991
      vertex 4.13492 13.9049 0.0244722
      vertex 4.7345 12.8665 0.0244722
    endloop
  endfacet
  facet normal 0.181083 0.104548 -0.977895
    outer loop
      vertex 4.13492 13.9049 0.0244722
      vertex 4.65178 12.8064 0.00273991
      vertex 4.04152 13.8634 0.00273991
    endloop
  endfacet
  facet normal 0.510642 0.294821 0.807667
    outer loop
      vertex 4.29941 13.9782 20.8716
      vertex 4.81175 12.9226 20.933
      vertex 4.88017 12.9723 20.8716
    endloop
  endfacet
  facet normal 0.510655 0.294827 0.807657
    outer loop
      vertex 4.81175 12.9226 20.933
      vertex 4.29941 13.9782 20.8716
      vertex 4.22216 13.9438 20.933
    endloop
  endfacet
  facet normal -0.750924 0.433533 0.498159
    outer loop
      vertex -4.97903 13.0441 20.7034
      vertex -4.36331 14.0066 20.7939
      vertex -4.41105 14.0279 20.7034
    endloop
  endfacet
  facet normal -0.751015 0.433611 0.497953
    outer loop
      vertex -4.36331 14.0066 20.7939
      vertex -4.97903 13.0441 20.7034
      vertex -4.93675 13.0134 20.7939
    endloop
  endfacet
  facet normal 0.750924 0.433533 0.498159
    outer loop
      vertex 4.36331 14.0066 20.7939
      vertex 4.97903 13.0441 20.7034
      vertex 4.41105 14.0279 20.7034
    endloop
  endfacet
  facet normal 0.751015 0.433611 0.497953
    outer loop
      vertex 4.97903 13.0441 20.7034
      vertex 4.36331 14.0066 20.7939
      vertex 4.93675 13.0134 20.7939
    endloop
  endfacet
  facet normal 0.861323 0.497246 0.104252
    outer loop
      vertex 4.44056 14.041 20.604
      vertex 5.014 13.0695 20.5
      vertex 4.45055 14.0455 20.5
    endloop
  endfacet
  facet normal 0.861346 0.497315 0.103736
    outer loop
      vertex 5.014 13.0695 20.5
      vertex 4.44056 14.041 20.604
      vertex 5.00517 13.0631 20.604
    endloop
  endfacet
  facet normal -0.353642 0.204195 0.912821
    outer loop
      vertex -4.22216 13.9438 20.933
      vertex -4.7345 12.8665 20.9755
      vertex -4.13492 13.9049 20.9755
    endloop
  endfacet
  facet normal -0.353809 0.204272 0.912739
    outer loop
      vertex -4.7345 12.8665 20.9755
      vertex -4.22216 13.9438 20.933
      vertex -4.81175 12.9226 20.933
    endloop
  endfacet
  facet normal -0.824106 0.475814 -0.307329
    outer loop
      vertex -4.41105 14.0279 0.296632
      vertex -5.00517 13.0631 0.396045
      vertex -4.44056 14.041 0.396045
    endloop
  endfacet
  facet normal -0.824042 0.475747 -0.307602
    outer loop
      vertex -5.00517 13.0631 0.396045
      vertex -4.41105 14.0279 0.296632
      vertex -4.97903 13.0441 0.296632
    endloop
  endfacet
  facet normal -0.750973 0.433562 -0.498059
    outer loop
      vertex -4.36331 14.0066 0.206108
      vertex -4.97903 13.0441 0.296632
      vertex -4.41105 14.0279 0.296632
    endloop
  endfacet
  facet normal -0.751065 0.433639 -0.497854
    outer loop
      vertex -4.97903 13.0441 0.296632
      vertex -4.36331 14.0066 0.206108
      vertex -4.93675 13.0134 0.206108
    endloop
  endfacet
  facet normal 0.861319 0.497244 -0.104297
    outer loop
      vertex 5.014 13.0695 0.5
      vertex 4.44056 14.041 0.396045
      vertex 4.45055 14.0455 0.5
    endloop
  endfacet
  facet normal 0.861342 0.497313 -0.10378
    outer loop
      vertex 4.44056 14.041 0.396045
      vertex 5.014 13.0695 0.5
      vertex 5.00517 13.0631 0.396045
    endloop
  endfacet
  facet normal -0.510655 0.294827 0.807657
    outer loop
      vertex -4.29941 13.9782 20.8716
      vertex -4.81175 12.9226 20.933
      vertex -4.22216 13.9438 20.933
    endloop
  endfacet
  facet normal -0.510642 0.294821 0.807667
    outer loop
      vertex -4.81175 12.9226 20.933
      vertex -4.29941 13.9782 20.8716
      vertex -4.88017 12.9723 20.8716
    endloop
  endfacet
  facet normal -0.510872 0.294952 -0.807474
    outer loop
      vertex -4.81175 12.9226 0.066988
      vertex -4.29941 13.9782 0.128428
      vertex -4.22216 13.9438 0.066988
    endloop
  endfacet
  facet normal -0.510859 0.294946 -0.807484
    outer loop
      vertex -4.29941 13.9782 0.128428
      vertex -4.81175 12.9226 0.066988
      vertex -4.88017 12.9723 0.128428
    endloop
  endfacet
  facet normal -0.353751 0.204259 -0.912764
    outer loop
      vertex -4.7345 12.8665 0.0244722
      vertex -4.22216 13.9438 0.066988
      vertex -4.13492 13.9049 0.0244722
    endloop
  endfacet
  facet normal -0.353919 0.204335 -0.912682
    outer loop
      vertex -4.22216 13.9438 0.066988
      vertex -4.7345 12.8665 0.0244722
      vertex -4.81175 12.9226 0.066988
    endloop
  endfacet
  facet normal 0.353919 0.204335 -0.912682
    outer loop
      vertex 4.7345 12.8665 0.0244722
      vertex 4.22216 13.9438 0.066988
      vertex 4.81175 12.9226 0.066988
    endloop
  endfacet
  facet normal 0.353751 0.204259 -0.912764
    outer loop
      vertex 4.22216 13.9438 0.066988
      vertex 4.7345 12.8665 0.0244722
      vertex 4.13492 13.9049 0.0244722
    endloop
  endfacet
  facet normal -0.181622 0.10486 0.977762
    outer loop
      vertex -4.13492 13.9049 20.9755
      vertex -4.65178 12.8064 20.9973
      vertex -4.04152 13.8634 20.9973
    endloop
  endfacet
  facet normal -0.18153 0.104817 0.977783
    outer loop
      vertex -4.65178 12.8064 20.9973
      vertex -4.13492 13.9049 20.9755
      vertex -4.7345 12.8665 20.9755
    endloop
  endfacet
  facet normal -0.181083 0.104548 -0.977895
    outer loop
      vertex -4.65178 12.8064 0.00273991
      vertex -4.13492 13.9049 0.0244722
      vertex -4.04152 13.8634 0.00273991
    endloop
  endfacet
  facet normal -0.180991 0.104506 -0.977917
    outer loop
      vertex -4.13492 13.9049 0.0244722
      vertex -4.65178 12.8064 0.00273991
      vertex -4.7345 12.8665 0.0244722
    endloop
  endfacet
  facet normal 0.510859 0.294946 -0.807484
    outer loop
      vertex 4.81175 12.9226 0.066988
      vertex 4.29941 13.9782 0.128428
      vertex 4.88017 12.9723 0.128428
    endloop
  endfacet
  facet normal 0.510872 0.294952 -0.807474
    outer loop
      vertex 4.29941 13.9782 0.128428
      vertex 4.81175 12.9226 0.066988
      vertex 4.22216 13.9438 0.066988
    endloop
  endfacet
  facet normal 0.824095 0.475808 0.307366
    outer loop
      vertex 4.41105 14.0279 20.7034
      vertex 5.00517 13.0631 20.604
      vertex 4.44056 14.041 20.604
    endloop
  endfacet
  facet normal 0.824032 0.475741 0.307639
    outer loop
      vertex 5.00517 13.0631 20.604
      vertex 4.41105 14.0279 20.7034
      vertex 4.97903 13.0441 20.7034
    endloop
  endfacet
  facet normal 0.743118 0.669161 0
    outer loop
      vertex 5.76806 12.2321 20.5
      vertex 5.014 13.0695 0.5
      vertex 5.014 13.0695 20.5
    endloop
  endfacet
  facet normal 0.743118 0.669161 0
    outer loop
      vertex 5.014 13.0695 0.5
      vertex 5.76806 12.2321 20.5
      vertex 5.76806 12.2321 0.5
    endloop
  endfacet
  facet normal 0.73911 0.665552 0.10371
    outer loop
      vertex 5.00517 13.0631 20.604
      vertex 5.76806 12.2321 20.5
      vertex 5.014 13.0695 20.5
    endloop
  endfacet
  facet normal 0.739099 0.665454 0.104419
    outer loop
      vertex 5.76806 12.2321 20.5
      vertex 5.00517 13.0631 20.604
      vertex 5.76075 12.2239 20.604
    endloop
  endfacet
  facet normal -0.739107 0.665549 -0.103755
    outer loop
      vertex -5.00517 13.0631 0.396045
      vertex -5.76806 12.2321 0.5
      vertex -5.014 13.0695 0.5
    endloop
  endfacet
  facet normal -0.739096 0.665451 -0.104463
    outer loop
      vertex -5.76806 12.2321 0.5
      vertex -5.00517 13.0631 0.396045
      vertex -5.76075 12.2239 0.396045
    endloop
  endfacet
  facet normal -0.43838 0.394717 -0.807478
    outer loop
      vertex -5.60077 12.0463 0.066988
      vertex -4.88017 12.9723 0.128428
      vertex -4.81175 12.9226 0.066988
    endloop
  endfacet
  facet normal -0.438478 0.394787 -0.807391
    outer loop
      vertex -4.88017 12.9723 0.128428
      vertex -5.60077 12.0463 0.066988
      vertex -5.65736 12.1091 0.128428
    endloop
  endfacet
  facet normal 0.438478 0.394787 -0.807391
    outer loop
      vertex 5.60077 12.0463 0.066988
      vertex 4.88017 12.9723 0.128428
      vertex 5.65736 12.1091 0.128428
    endloop
  endfacet
  facet normal 0.43838 0.394717 -0.807478
    outer loop
      vertex 4.88017 12.9723 0.128428
      vertex 5.60077 12.0463 0.066988
      vertex 4.81175 12.9226 0.066988
    endloop
  endfacet
  facet normal -0.303722 0.273452 -0.912676
    outer loop
      vertex -5.53688 11.9753 0.0244722
      vertex -4.81175 12.9226 0.066988
      vertex -4.7345 12.8665 0.0244722
    endloop
  endfacet
  facet normal -0.303602 0.273363 -0.912742
    outer loop
      vertex -4.81175 12.9226 0.066988
      vertex -5.53688 11.9753 0.0244722
      vertex -5.60077 12.0463 0.066988
    endloop
  endfacet
  facet normal -0.303628 0.273367 0.912733
    outer loop
      vertex -4.81175 12.9226 20.933
      vertex -5.53688 11.9753 20.9755
      vertex -4.7345 12.8665 20.9755
    endloop
  endfacet
  facet normal -0.303508 0.273279 0.912799
    outer loop
      vertex -5.53688 11.9753 20.9755
      vertex -4.81175 12.9226 20.933
      vertex -5.60077 12.0463 20.933
    endloop
  endfacet
  facet normal 0.707118 0.636659 0.307652
    outer loop
      vertex 4.97903 13.0441 20.7034
      vertex 5.76075 12.2239 20.604
      vertex 5.00517 13.0631 20.604
    endloop
  endfacet
  facet normal 0.707138 0.636693 0.307535
    outer loop
      vertex 5.76075 12.2239 20.604
      vertex 4.97903 13.0441 20.7034
      vertex 5.73913 12.1999 20.7034
    endloop
  endfacet
  facet normal 0.438292 0.39462 0.807574
    outer loop
      vertex 4.88017 12.9723 20.8716
      vertex 5.60077 12.0463 20.933
      vertex 5.65736 12.1091 20.8716
    endloop
  endfacet
  facet normal 0.438194 0.39455 0.807661
    outer loop
      vertex 5.60077 12.0463 20.933
      vertex 4.88017 12.9723 20.8716
      vertex 4.81175 12.9226 20.933
    endloop
  endfacet
  facet normal -0.644518 0.58031 -0.497832
    outer loop
      vertex -4.93675 13.0134 0.206108
      vertex -5.73913 12.1999 0.296632
      vertex -4.97903 13.0441 0.296632
    endloop
  endfacet
  facet normal -0.64455 0.580352 -0.497742
    outer loop
      vertex -5.73913 12.1999 0.296632
      vertex -4.93675 13.0134 0.206108
      vertex -5.70416 12.1611 0.206108
    endloop
  endfacet
  facet normal -0.743118 0.669161 0
    outer loop
      vertex -5.76806 12.2321 0.5
      vertex -5.014 13.0695 20.5
      vertex -5.014 13.0695 0.5
    endloop
  endfacet
  facet normal -0.743118 0.669161 0
    outer loop
      vertex -5.014 13.0695 20.5
      vertex -5.76806 12.2321 0.5
      vertex -5.76806 12.2321 20.5
    endloop
  endfacet
  facet normal -0.15532 0.139839 -0.977917
    outer loop
      vertex -5.46847 11.8993 0.00273991
      vertex -4.7345 12.8665 0.0244722
      vertex -4.65178 12.8064 0.00273991
    endloop
  endfacet
  facet normal -0.155313 0.139834 -0.977918
    outer loop
      vertex -4.7345 12.8665 0.0244722
      vertex -5.46847 11.8993 0.00273991
      vertex -5.53688 11.9753 0.0244722
    endloop
  endfacet
  facet normal -0.707127 0.636667 -0.307615
    outer loop
      vertex -4.97903 13.0441 0.296632
      vertex -5.76075 12.2239 0.396045
      vertex -5.00517 13.0631 0.396045
    endloop
  endfacet
  facet normal -0.707147 0.636701 -0.307498
    outer loop
      vertex -5.76075 12.2239 0.396045
      vertex -4.97903 13.0441 0.296632
      vertex -5.73913 12.1999 0.296632
    endloop
  endfacet
  facet normal -0.553674 0.498505 -0.667037
    outer loop
      vertex -5.65736 12.1091 0.128428
      vertex -4.93675 13.0134 0.206108
      vertex -4.88017 12.9723 0.128428
    endloop
  endfacet
  facet normal -0.553573 0.498436 -0.667172
    outer loop
      vertex -4.93675 13.0134 0.206108
      vertex -5.65736 12.1091 0.128428
      vertex -5.70416 12.1611 0.206108
    endloop
  endfacet
  facet normal 0.739107 0.665549 -0.103755
    outer loop
      vertex 5.76806 12.2321 0.5
      vertex 5.00517 13.0631 0.396045
      vertex 5.014 13.0695 0.5
    endloop
  endfacet
  facet normal 0.739096 0.665451 -0.104463
    outer loop
      vertex 5.00517 13.0631 0.396045
      vertex 5.76806 12.2321 0.5
      vertex 5.76075 12.2239 0.396045
    endloop
  endfacet
  facet normal 0.644475 0.580272 0.497931
    outer loop
      vertex 4.93675 13.0134 20.7939
      vertex 5.73913 12.1999 20.7034
      vertex 4.97903 13.0441 20.7034
    endloop
  endfacet
  facet normal 0.644508 0.580314 0.497841
    outer loop
      vertex 5.73913 12.1999 20.7034
      vertex 4.93675 13.0134 20.7939
      vertex 5.70416 12.1611 20.7939
    endloop
  endfacet
  facet normal 0.303508 0.273279 0.912799
    outer loop
      vertex 4.81175 12.9226 20.933
      vertex 5.53688 11.9753 20.9755
      vertex 5.60077 12.0463 20.933
    endloop
  endfacet
  facet normal 0.303628 0.273367 0.912733
    outer loop
      vertex 5.53688 11.9753 20.9755
      vertex 4.81175 12.9226 20.933
      vertex 4.7345 12.8665 20.9755
    endloop
  endfacet
  facet normal 0.155776 0.140251 0.977785
    outer loop
      vertex 4.7345 12.8665 20.9755
      vertex 5.46847 11.8993 20.9973
      vertex 5.53688 11.9753 20.9755
    endloop
  endfacet
  facet normal 0.155782 0.140256 0.977783
    outer loop
      vertex 5.46847 11.8993 20.9973
      vertex 4.7345 12.8665 20.9755
      vertex 4.65178 12.8064 20.9973
    endloop
  endfacet
  facet normal 0.707127 0.636667 -0.307615
    outer loop
      vertex 5.76075 12.2239 0.396045
      vertex 4.97903 13.0441 0.296632
      vertex 5.00517 13.0631 0.396045
    endloop
  endfacet
  facet normal 0.707147 0.636701 -0.307498
    outer loop
      vertex 4.97903 13.0441 0.296632
      vertex 5.76075 12.2239 0.396045
      vertex 5.73913 12.1999 0.296632
    endloop
  endfacet
  facet normal -0.73911 0.665552 0.10371
    outer loop
      vertex -5.76806 12.2321 20.5
      vertex -5.00517 13.0631 20.604
      vertex -5.014 13.0695 20.5
    endloop
  endfacet
  facet normal -0.739099 0.665454 0.104419
    outer loop
      vertex -5.00517 13.0631 20.604
      vertex -5.76806 12.2321 20.5
      vertex -5.76075 12.2239 20.604
    endloop
  endfacet
  facet normal 0.553636 0.498494 0.667076
    outer loop
      vertex 4.93675 13.0134 20.7939
      vertex 5.65736 12.1091 20.8716
      vertex 5.70416 12.1611 20.7939
    endloop
  endfacet
  facet normal 0.553737 0.498562 0.666941
    outer loop
      vertex 5.65736 12.1091 20.8716
      vertex 4.93675 13.0134 20.7939
      vertex 4.88017 12.9723 20.8716
    endloop
  endfacet
  facet normal 0.553573 0.498436 -0.667172
    outer loop
      vertex 5.65736 12.1091 0.128428
      vertex 4.93675 13.0134 0.206108
      vertex 5.70416 12.1611 0.206108
    endloop
  endfacet
  facet normal 0.553674 0.498505 -0.667037
    outer loop
      vertex 4.93675 13.0134 0.206108
      vertex 5.65736 12.1091 0.128428
      vertex 4.88017 12.9723 0.128428
    endloop
  endfacet
  facet normal 0.155313 0.139834 -0.977918
    outer loop
      vertex 5.46847 11.8993 0.00273991
      vertex 4.7345 12.8665 0.0244722
      vertex 5.53688 11.9753 0.0244722
    endloop
  endfacet
  facet normal 0.15532 0.139839 -0.977917
    outer loop
      vertex 4.7345 12.8665 0.0244722
      vertex 5.46847 11.8993 0.00273991
      vertex 4.65178 12.8064 0.00273991
    endloop
  endfacet
  facet normal 0.303602 0.273363 -0.912742
    outer loop
      vertex 5.53688 11.9753 0.0244722
      vertex 4.81175 12.9226 0.066988
      vertex 5.60077 12.0463 0.066988
    endloop
  endfacet
  facet normal 0.303722 0.273452 -0.912676
    outer loop
      vertex 4.81175 12.9226 0.066988
      vertex 5.53688 11.9753 0.0244722
      vertex 4.7345 12.8665 0.0244722
    endloop
  endfacet
  facet normal 0.644518 0.58031 -0.497832
    outer loop
      vertex 5.73913 12.1999 0.296632
      vertex 4.93675 13.0134 0.206108
      vertex 4.97903 13.0441 0.296632
    endloop
  endfacet
  facet normal 0.64455 0.580352 -0.497742
    outer loop
      vertex 4.93675 13.0134 0.206108
      vertex 5.73913 12.1999 0.296632
      vertex 5.70416 12.1611 0.206108
    endloop
  endfacet
  facet normal -0.155782 0.140256 0.977783
    outer loop
      vertex -4.7345 12.8665 20.9755
      vertex -5.46847 11.8993 20.9973
      vertex -4.65178 12.8064 20.9973
    endloop
  endfacet
  facet normal -0.155776 0.140251 0.977785
    outer loop
      vertex -5.46847 11.8993 20.9973
      vertex -4.7345 12.8665 20.9755
      vertex -5.53688 11.9753 20.9755
    endloop
  endfacet
  facet normal -0.553737 0.498562 0.666941
    outer loop
      vertex -4.93675 13.0134 20.7939
      vertex -5.65736 12.1091 20.8716
      vertex -4.88017 12.9723 20.8716
    endloop
  endfacet
  facet normal -0.553636 0.498494 0.667076
    outer loop
      vertex -5.65736 12.1091 20.8716
      vertex -4.93675 13.0134 20.7939
      vertex -5.70416 12.1611 20.7939
    endloop
  endfacet
  facet normal -0.707118 0.636659 0.307652
    outer loop
      vertex -5.76075 12.2239 20.604
      vertex -4.97903 13.0441 20.7034
      vertex -5.00517 13.0631 20.604
    endloop
  endfacet
  facet normal -0.707138 0.636693 0.307535
    outer loop
      vertex -4.97903 13.0441 20.7034
      vertex -5.76075 12.2239 20.604
      vertex -5.73913 12.1999 20.7034
    endloop
  endfacet
  facet normal -0.438194 0.39455 0.807661
    outer loop
      vertex -4.88017 12.9723 20.8716
      vertex -5.60077 12.0463 20.933
      vertex -4.81175 12.9226 20.933
    endloop
  endfacet
  facet normal -0.438292 0.39462 0.807574
    outer loop
      vertex -5.60077 12.0463 20.933
      vertex -4.88017 12.9723 20.8716
      vertex -5.65736 12.1091 20.8716
    endloop
  endfacet
  facet normal -0.644475 0.580272 0.497931
    outer loop
      vertex -5.73913 12.1999 20.7034
      vertex -4.93675 13.0134 20.7939
      vertex -4.97903 13.0441 20.7034
    endloop
  endfacet
  facet normal -0.644508 0.580314 0.497841
    outer loop
      vertex -4.93675 13.0134 20.7939
      vertex -5.73913 12.1999 20.7034
      vertex -5.70416 12.1611 20.7939
    endloop
  endfacet
  facet normal -0.584551 0.804596 0.104526
    outer loop
      vertex -5.76806 12.2321 20.5
      vertex -6.67429 11.5602 20.604
      vertex -5.76075 12.2239 20.604
    endloop
  endfacet
  facet normal -0.584589 0.804605 0.104245
    outer loop
      vertex -6.67429 11.5602 20.604
      vertex -5.76806 12.2321 20.5
      vertex -6.67976 11.5697 20.5
    endloop
  endfacet
  facet normal -0.24011 0.330503 -0.912751
    outer loop
      vertex -6.50701 11.2705 0.0244722
      vertex -5.60077 12.0463 0.066988
      vertex -5.53688 11.9753 0.0244722
    endloop
  endfacet
  facet normal -0.24016 0.330559 -0.912718
    outer loop
      vertex -5.60077 12.0463 0.066988
      vertex -6.50701 11.2705 0.0244722
      vertex -6.55476 11.3532 0.066988
    endloop
  endfacet
  facet normal -0.559309 0.769822 -0.307485
    outer loop
      vertex -6.65814 11.5322 0.296632
      vertex -5.76075 12.2239 0.396045
      vertex -5.73913 12.1999 0.296632
    endloop
  endfacet
  facet normal -0.55926 0.769785 -0.307666
    outer loop
      vertex -5.76075 12.2239 0.396045
      vertex -6.65814 11.5322 0.296632
      vertex -6.67429 11.5602 0.396045
    endloop
  endfacet
  facet normal 0.123161 0.169526 0.9778
    outer loop
      vertex 5.53688 11.9753 20.9755
      vertex 6.45589 11.1819 20.9973
      vertex 6.50701 11.2705 20.9755
    endloop
  endfacet
  facet normal 0.123201 0.169573 0.977787
    outer loop
      vertex 6.45589 11.1819 20.9973
      vertex 5.53688 11.9753 20.9755
      vertex 5.46847 11.8993 20.9973
    endloop
  endfacet
  facet normal -0.584548 0.804592 -0.104571
    outer loop
      vertex -6.67429 11.5602 0.396045
      vertex -5.76806 12.2321 0.5
      vertex -5.76075 12.2239 0.396045
    endloop
  endfacet
  facet normal -0.584587 0.804601 -0.104289
    outer loop
      vertex -5.76806 12.2321 0.5
      vertex -6.67429 11.5602 0.396045
      vertex -6.67976 11.5697 0.5
    endloop
  endfacet
  facet normal -0.587792 0.809012 0
    outer loop
      vertex -5.76806 12.2321 0.5
      vertex -6.67976 11.5697 20.5
      vertex -5.76806 12.2321 20.5
    endloop
  endfacet
  facet normal -0.587792 0.809012 0
    outer loop
      vertex -6.67976 11.5697 20.5
      vertex -5.76806 12.2321 0.5
      vertex -6.67976 11.5697 0.5
    endloop
  endfacet
  facet normal 0.55926 0.769785 -0.307666
    outer loop
      vertex 6.65814 11.5322 0.296632
      vertex 5.76075 12.2239 0.396045
      vertex 6.67429 11.5602 0.396045
    endloop
  endfacet
  facet normal 0.559309 0.769822 -0.307485
    outer loop
      vertex 5.76075 12.2239 0.396045
      vertex 6.65814 11.5322 0.296632
      vertex 5.73913 12.1999 0.296632
    endloop
  endfacet
  facet normal 0.584589 0.804605 0.104245
    outer loop
      vertex 5.76806 12.2321 20.5
      vertex 6.67429 11.5602 20.604
      vertex 6.67976 11.5697 20.5
    endloop
  endfacet
  facet normal 0.584551 0.804596 0.104526
    outer loop
      vertex 6.67429 11.5602 20.604
      vertex 5.76806 12.2321 20.5
      vertex 5.76075 12.2239 20.604
    endloop
  endfacet
  facet normal -0.240036 0.3304 0.912808
    outer loop
      vertex -5.60077 12.0463 20.933
      vertex -6.50701 11.2705 20.9755
      vertex -5.53688 11.9753 20.9755
    endloop
  endfacet
  facet normal -0.240086 0.330457 0.912774
    outer loop
      vertex -6.50701 11.2705 20.9755
      vertex -5.60077 12.0463 20.933
      vertex -6.55476 11.3532 20.933
    endloop
  endfacet
  facet normal 0.509825 0.701714 0.497671
    outer loop
      vertex 5.73913 12.1999 20.7034
      vertex 6.63201 11.487 20.7939
      vertex 6.65814 11.5322 20.7034
    endloop
  endfacet
  facet normal 0.50977 0.701661 0.497802
    outer loop
      vertex 6.63201 11.487 20.7939
      vertex 5.73913 12.1999 20.7034
      vertex 5.70416 12.1611 20.7939
    endloop
  endfacet
  facet normal -0.123201 0.169573 0.977787
    outer loop
      vertex -5.53688 11.9753 20.9755
      vertex -6.45589 11.1819 20.9973
      vertex -5.46847 11.8993 20.9973
    endloop
  endfacet
  facet normal -0.123161 0.169526 0.9778
    outer loop
      vertex -6.45589 11.1819 20.9973
      vertex -5.53688 11.9753 20.9755
      vertex -6.50701 11.2705 20.9755
    endloop
  endfacet
  facet normal -0.437827 0.602633 -0.667189
    outer loop
      vertex -6.59704 11.4264 0.128428
      vertex -5.70416 12.1611 0.206108
      vertex -5.65736 12.1091 0.128428
    endloop
  endfacet
  facet normal -0.437813 0.602618 -0.667211
    outer loop
      vertex -5.70416 12.1611 0.206108
      vertex -6.59704 11.4264 0.128428
      vertex -6.63201 11.487 0.206108
    endloop
  endfacet
  facet normal -0.346817 0.477362 -0.807368
    outer loop
      vertex -6.55476 11.3532 0.066988
      vertex -5.65736 12.1091 0.128428
      vertex -5.60077 12.0463 0.066988
    endloop
  endfacet
  facet normal -0.346808 0.477353 -0.807377
    outer loop
      vertex -5.65736 12.1091 0.128428
      vertex -6.55476 11.3532 0.066988
      vertex -6.59704 11.4264 0.128428
    endloop
  endfacet
  facet normal -0.509803 0.701707 -0.497703
    outer loop
      vertex -6.63201 11.487 0.206108
      vertex -5.73913 12.1999 0.296632
      vertex -5.70416 12.1611 0.206108
    endloop
  endfacet
  facet normal -0.509859 0.70176 -0.497571
    outer loop
      vertex -5.73913 12.1999 0.296632
      vertex -6.63201 11.487 0.206108
      vertex -6.65814 11.5322 0.296632
    endloop
  endfacet
  facet normal -0.559302 0.769813 0.307521
    outer loop
      vertex -5.76075 12.2239 20.604
      vertex -6.65814 11.5322 20.7034
      vertex -5.73913 12.1999 20.7034
    endloop
  endfacet
  facet normal -0.559253 0.769776 0.307703
    outer loop
      vertex -6.65814 11.5322 20.7034
      vertex -5.76075 12.2239 20.604
      vertex -6.67429 11.5602 20.604
    endloop
  endfacet
  facet normal 0.584587 0.804601 -0.104289
    outer loop
      vertex 6.67429 11.5602 0.396045
      vertex 5.76806 12.2321 0.5
      vertex 6.67976 11.5697 0.5
    endloop
  endfacet
  facet normal 0.584548 0.804592 -0.104571
    outer loop
      vertex 5.76806 12.2321 0.5
      vertex 6.67429 11.5602 0.396045
      vertex 5.76075 12.2239 0.396045
    endloop
  endfacet
  facet normal 0.240086 0.330457 0.912774
    outer loop
      vertex 5.60077 12.0463 20.933
      vertex 6.50701 11.2705 20.9755
      vertex 6.55476 11.3532 20.933
    endloop
  endfacet
  facet normal 0.240036 0.3304 0.912808
    outer loop
      vertex 6.50701 11.2705 20.9755
      vertex 5.60077 12.0463 20.933
      vertex 5.53688 11.9753 20.9755
    endloop
  endfacet
  facet normal -0.50977 0.701661 0.497802
    outer loop
      vertex -5.73913 12.1999 20.7034
      vertex -6.63201 11.487 20.7939
      vertex -5.70416 12.1611 20.7939
    endloop
  endfacet
  facet normal -0.509825 0.701714 0.497671
    outer loop
      vertex -6.63201 11.487 20.7939
      vertex -5.73913 12.1999 20.7034
      vertex -6.65814 11.5322 20.7034
    endloop
  endfacet
  facet normal 0.559253 0.769776 0.307703
    outer loop
      vertex 5.76075 12.2239 20.604
      vertex 6.65814 11.5322 20.7034
      vertex 6.67429 11.5602 20.604
    endloop
  endfacet
  facet normal 0.559302 0.769813 0.307521
    outer loop
      vertex 6.65814 11.5322 20.7034
      vertex 5.76075 12.2239 20.604
      vertex 5.73913 12.1999 20.7034
    endloop
  endfacet
  facet normal -0.122836 0.169069 -0.97792
    outer loop
      vertex -6.45589 11.1819 0.00273991
      vertex -5.53688 11.9753 0.0244722
      vertex -5.46847 11.8993 0.00273991
    endloop
  endfacet
  facet normal -0.122795 0.169023 -0.977933
    outer loop
      vertex -5.53688 11.9753 0.0244722
      vertex -6.45589 11.1819 0.00273991
      vertex -6.50701 11.2705 0.0244722
    endloop
  endfacet
  facet normal 0.509859 0.70176 -0.497571
    outer loop
      vertex 6.63201 11.487 0.206108
      vertex 5.73913 12.1999 0.296632
      vertex 6.65814 11.5322 0.296632
    endloop
  endfacet
  facet normal 0.509803 0.701707 -0.497703
    outer loop
      vertex 5.73913 12.1999 0.296632
      vertex 6.63201 11.487 0.206108
      vertex 5.70416 12.1611 0.206108
    endloop
  endfacet
  facet normal 0.24016 0.330559 -0.912718
    outer loop
      vertex 6.50701 11.2705 0.0244722
      vertex 5.60077 12.0463 0.066988
      vertex 6.55476 11.3532 0.066988
    endloop
  endfacet
  facet normal 0.24011 0.330503 -0.912751
    outer loop
      vertex 5.60077 12.0463 0.066988
      vertex 6.50701 11.2705 0.0244722
      vertex 5.53688 11.9753 0.0244722
    endloop
  endfacet
  facet normal 0.587792 0.809012 -0
    outer loop
      vertex 6.67976 11.5697 0.5
      vertex 5.76806 12.2321 20.5
      vertex 6.67976 11.5697 20.5
    endloop
  endfacet
  facet normal 0.587792 0.809012 0
    outer loop
      vertex 5.76806 12.2321 20.5
      vertex 6.67976 11.5697 0.5
      vertex 5.76806 12.2321 0.5
    endloop
  endfacet
  facet normal -0.437877 0.602702 0.667093
    outer loop
      vertex -5.70416 12.1611 20.7939
      vertex -6.59704 11.4264 20.8716
      vertex -5.65736 12.1091 20.8716
    endloop
  endfacet
  facet normal -0.437863 0.602687 0.667116
    outer loop
      vertex -6.59704 11.4264 20.8716
      vertex -5.70416 12.1611 20.7939
      vertex -6.63201 11.487 20.7939
    endloop
  endfacet
  facet normal 0.346661 0.47715 0.80756
    outer loop
      vertex 5.65736 12.1091 20.8716
      vertex 6.55476 11.3532 20.933
      vertex 6.59704 11.4264 20.8716
    endloop
  endfacet
  facet normal 0.34667 0.47716 0.807551
    outer loop
      vertex 6.55476 11.3532 20.933
      vertex 5.65736 12.1091 20.8716
      vertex 5.60077 12.0463 20.933
    endloop
  endfacet
  facet normal 0.122795 0.169023 -0.977933
    outer loop
      vertex 6.45589 11.1819 0.00273991
      vertex 5.53688 11.9753 0.0244722
      vertex 6.50701 11.2705 0.0244722
    endloop
  endfacet
  facet normal 0.122836 0.169069 -0.97792
    outer loop
      vertex 5.53688 11.9753 0.0244722
      vertex 6.45589 11.1819 0.00273991
      vertex 5.46847 11.8993 0.00273991
    endloop
  endfacet
  facet normal -0.34667 0.47716 0.807551
    outer loop
      vertex -5.65736 12.1091 20.8716
      vertex -6.55476 11.3532 20.933
      vertex -5.60077 12.0463 20.933
    endloop
  endfacet
  facet normal -0.346661 0.47715 0.80756
    outer loop
      vertex -6.55476 11.3532 20.933
      vertex -5.65736 12.1091 20.8716
      vertex -6.59704 11.4264 20.8716
    endloop
  endfacet
  facet normal 0.346808 0.477353 -0.807377
    outer loop
      vertex 6.55476 11.3532 0.066988
      vertex 5.65736 12.1091 0.128428
      vertex 6.59704 11.4264 0.128428
    endloop
  endfacet
  facet normal 0.346817 0.477362 -0.807368
    outer loop
      vertex 5.65736 12.1091 0.128428
      vertex 6.55476 11.3532 0.066988
      vertex 5.60077 12.0463 0.066988
    endloop
  endfacet
  facet normal 0.437813 0.602618 -0.667211
    outer loop
      vertex 6.59704 11.4264 0.128428
      vertex 5.70416 12.1611 0.206108
      vertex 6.63201 11.487 0.206108
    endloop
  endfacet
  facet normal 0.437827 0.602633 -0.667189
    outer loop
      vertex 5.70416 12.1611 0.206108
      vertex 6.59704 11.4264 0.128428
      vertex 5.65736 12.1091 0.128428
    endloop
  endfacet
  facet normal 0.437863 0.602687 0.667116
    outer loop
      vertex 5.70416 12.1611 20.7939
      vertex 6.59704 11.4264 20.8716
      vertex 6.63201 11.487 20.7939
    endloop
  endfacet
  facet normal 0.437877 0.602702 0.667093
    outer loop
      vertex 6.59704 11.4264 20.8716
      vertex 5.70416 12.1611 20.7939
      vertex 5.65736 12.1091 20.8716
    endloop
  endfacet
  facet normal 0.406767 0.913532 -0
    outer loop
      vertex 7.70925 11.1113 0.5
      vertex 6.67976 11.5697 20.5
      vertex 7.70925 11.1113 20.5
    endloop
  endfacet
  facet normal 0.406767 0.913532 0
    outer loop
      vertex 6.67976 11.5697 20.5
      vertex 7.70925 11.1113 0.5
      vertex 6.67976 11.5697 0.5
    endloop
  endfacet
  facet normal -0.352836 0.792447 -0.497528
    outer loop
      vertex -7.67974 11.0205 0.206108
      vertex -6.65814 11.5322 0.296632
      vertex -6.63201 11.487 0.206108
    endloop
  endfacet
  facet normal -0.352713 0.792268 -0.497901
    outer loop
      vertex -6.65814 11.5322 0.296632
      vertex -7.67974 11.0205 0.206108
      vertex -7.69589 11.0702 0.296632
    endloop
  endfacet
  facet normal -0.404526 0.908558 -0.104315
    outer loop
      vertex -7.70587 11.1009 0.396045
      vertex -6.67976 11.5697 0.5
      vertex -6.67429 11.5602 0.396045
    endloop
  endfacet
  facet normal -0.404559 0.908573 -0.104051
    outer loop
      vertex -6.67976 11.5697 0.5
      vertex -7.70587 11.1009 0.396045
      vertex -7.70925 11.1113 0.5
    endloop
  endfacet
  facet normal 0.387061 0.869333 -0.307318
    outer loop
      vertex 7.69589 11.0702 0.296632
      vertex 6.67429 11.5602 0.396045
      vertex 7.70587 11.1009 0.396045
    endloop
  endfacet
  facet normal 0.386979 0.869238 -0.30769
    outer loop
      vertex 6.67429 11.5602 0.396045
      vertex 7.69589 11.0702 0.296632
      vertex 6.65814 11.5322 0.296632
    endloop
  endfacet
  facet normal -0.0849666 0.19085 -0.977935
    outer loop
      vertex -7.57089 10.6855 0.00273991
      vertex -6.50701 11.2705 0.0244722
      vertex -6.45589 11.1819 0.00273991
    endloop
  endfacet
  facet normal -0.0850502 0.191 -0.977898
    outer loop
      vertex -6.50701 11.2705 0.0244722
      vertex -7.57089 10.6855 0.00273991
      vertex -7.60248 10.7827 0.0244722
    endloop
  endfacet
  facet normal 0.352713 0.792268 -0.497901
    outer loop
      vertex 7.67974 11.0205 0.206108
      vertex 6.65814 11.5322 0.296632
      vertex 7.69589 11.0702 0.296632
    endloop
  endfacet
  facet normal 0.352836 0.792447 -0.497528
    outer loop
      vertex 6.65814 11.5322 0.296632
      vertex 7.67974 11.0205 0.206108
      vertex 6.63201 11.487 0.206108
    endloop
  endfacet
  facet normal 0.303048 0.680628 -0.667014
    outer loop
      vertex 7.65812 10.954 0.128428
      vertex 6.63201 11.487 0.206108
      vertex 7.67974 11.0205 0.206108
    endloop
  endfacet
  facet normal 0.302947 0.680464 -0.667227
    outer loop
      vertex 6.63201 11.487 0.206108
      vertex 7.65812 10.954 0.128428
      vertex 6.59704 11.4264 0.128428
    endloop
  endfacet
  facet normal 0.404559 0.908573 -0.104051
    outer loop
      vertex 7.70587 11.1009 0.396045
      vertex 6.67976 11.5697 0.5
      vertex 7.70925 11.1113 0.5
    endloop
  endfacet
  facet normal 0.404526 0.908558 -0.104315
    outer loop
      vertex 6.67976 11.5697 0.5
      vertex 7.70587 11.1009 0.396045
      vertex 6.67429 11.5602 0.396045
    endloop
  endfacet
  facet normal -0.406767 0.913532 0
    outer loop
      vertex -6.67976 11.5697 0.5
      vertex -7.70925 11.1113 20.5
      vertex -6.67976 11.5697 20.5
    endloop
  endfacet
  facet normal -0.406767 0.913532 0
    outer loop
      vertex -7.70925 11.1113 20.5
      vertex -6.67976 11.5697 0.5
      vertex -7.70925 11.1113 0.5
    endloop
  endfacet
  facet normal -0.302947 0.680464 -0.667227
    outer loop
      vertex -7.65812 10.954 0.128428
      vertex -6.63201 11.487 0.206108
      vertex -6.59704 11.4264 0.128428
    endloop
  endfacet
  facet normal -0.303048 0.680628 -0.667014
    outer loop
      vertex -6.63201 11.487 0.206108
      vertex -7.65812 10.954 0.128428
      vertex -7.67974 11.0205 0.206108
    endloop
  endfacet
  facet normal -0.239988 0.539042 -0.807366
    outer loop
      vertex -7.632 10.8736 0.066988
      vertex -6.59704 11.4264 0.128428
      vertex -6.55476 11.3532 0.066988
    endloop
  endfacet
  facet normal -0.239976 0.539022 -0.807382
    outer loop
      vertex -6.59704 11.4264 0.128428
      vertex -7.632 10.8736 0.066988
      vertex -7.65812 10.954 0.128428
    endloop
  endfacet
  facet normal -0.386979 0.869238 -0.30769
    outer loop
      vertex -7.69589 11.0702 0.296632
      vertex -6.67429 11.5602 0.396045
      vertex -6.65814 11.5322 0.296632
    endloop
  endfacet
  facet normal -0.387061 0.869333 -0.307318
    outer loop
      vertex -6.67429 11.5602 0.396045
      vertex -7.69589 11.0702 0.296632
      vertex -7.70587 11.1009 0.396045
    endloop
  endfacet
  facet normal 0.166073 0.373021 -0.912839
    outer loop
      vertex 7.60248 10.7827 0.0244722
      vertex 6.55476 11.3532 0.066988
      vertex 7.632 10.8736 0.066988
    endloop
  endfacet
  facet normal 0.166208 0.373259 -0.912717
    outer loop
      vertex 6.55476 11.3532 0.066988
      vertex 7.60248 10.7827 0.0244722
      vertex 6.50701 11.2705 0.0244722
    endloop
  endfacet
  facet normal 0.0850502 0.191 -0.977898
    outer loop
      vertex 7.57089 10.6855 0.00273991
      vertex 6.50701 11.2705 0.0244722
      vertex 7.60248 10.7827 0.0244722
    endloop
  endfacet
  facet normal 0.0849666 0.19085 -0.977935
    outer loop
      vertex 6.50701 11.2705 0.0244722
      vertex 7.57089 10.6855 0.00273991
      vertex 6.45589 11.1819 0.00273991
    endloop
  endfacet
  facet normal 0.239976 0.539022 -0.807382
    outer loop
      vertex 7.632 10.8736 0.066988
      vertex 6.59704 11.4264 0.128428
      vertex 7.65812 10.954 0.128428
    endloop
  endfacet
  facet normal 0.239988 0.539042 -0.807366
    outer loop
      vertex 6.59704 11.4264 0.128428
      vertex 7.632 10.8736 0.066988
      vertex 6.55476 11.3532 0.066988
    endloop
  endfacet
  facet normal -0.166208 0.373259 -0.912717
    outer loop
      vertex -7.60248 10.7827 0.0244722
      vertex -6.55476 11.3532 0.066988
      vertex -6.50701 11.2705 0.0244722
    endloop
  endfacet
  facet normal -0.166073 0.373021 -0.912839
    outer loop
      vertex -6.55476 11.3532 0.066988
      vertex -7.60248 10.7827 0.0244722
      vertex -7.632 10.8736 0.066988
    endloop
  endfacet
  facet normal -0.404528 0.908562 0.10427
    outer loop
      vertex -6.67976 11.5697 20.5
      vertex -7.70587 11.1009 20.604
      vertex -6.67429 11.5602 20.604
    endloop
  endfacet
  facet normal -0.404561 0.908577 0.104006
    outer loop
      vertex -7.70587 11.1009 20.604
      vertex -6.67976 11.5697 20.5
      vertex -7.70925 11.1113 20.5
    endloop
  endfacet
  facet normal 0.0853036 0.191569 0.977765
    outer loop
      vertex 6.50701 11.2705 20.9755
      vertex 7.57089 10.6855 20.9973
      vertex 7.60248 10.7827 20.9755
    endloop
  endfacet
  facet normal 0.0852197 0.191418 0.977802
    outer loop
      vertex 7.57089 10.6855 20.9973
      vertex 6.50701 11.2705 20.9755
      vertex 6.45589 11.1819 20.9973
    endloop
  endfacet
  facet normal 0.35269 0.792216 0.498001
    outer loop
      vertex 6.65814 11.5322 20.7034
      vertex 7.67974 11.0205 20.7939
      vertex 7.69589 11.0702 20.7034
    endloop
  endfacet
  facet normal 0.352813 0.792395 0.497627
    outer loop
      vertex 7.67974 11.0205 20.7939
      vertex 6.65814 11.5322 20.7034
      vertex 6.63201 11.487 20.7939
    endloop
  endfacet
  facet normal -0.0852197 0.191418 0.977802
    outer loop
      vertex -6.50701 11.2705 20.9755
      vertex -7.57089 10.6855 20.9973
      vertex -6.45589 11.1819 20.9973
    endloop
  endfacet
  facet normal -0.0853036 0.191569 0.977765
    outer loop
      vertex -7.57089 10.6855 20.9973
      vertex -6.50701 11.2705 20.9755
      vertex -7.60248 10.7827 20.9755
    endloop
  endfacet
  facet normal -0.302982 0.680542 0.667132
    outer loop
      vertex -6.63201 11.487 20.7939
      vertex -7.65812 10.954 20.8716
      vertex -6.59704 11.4264 20.8716
    endloop
  endfacet
  facet normal -0.303083 0.680706 0.666919
    outer loop
      vertex -7.65812 10.954 20.8716
      vertex -6.63201 11.487 20.7939
      vertex -7.67974 11.0205 20.7939
    endloop
  endfacet
  facet normal 0.387056 0.869322 0.307354
    outer loop
      vertex 6.67429 11.5602 20.604
      vertex 7.69589 11.0702 20.7034
      vertex 7.70587 11.1009 20.604
    endloop
  endfacet
  facet normal 0.386975 0.869227 0.307726
    outer loop
      vertex 7.69589 11.0702 20.7034
      vertex 6.67429 11.5602 20.604
      vertex 6.65814 11.5322 20.7034
    endloop
  endfacet
  facet normal -0.239886 0.538813 0.807549
    outer loop
      vertex -6.59704 11.4264 20.8716
      vertex -7.632 10.8736 20.933
      vertex -6.55476 11.3532 20.933
    endloop
  endfacet
  facet normal -0.239874 0.538793 0.807565
    outer loop
      vertex -7.632 10.8736 20.933
      vertex -6.59704 11.4264 20.8716
      vertex -7.65812 10.954 20.8716
    endloop
  endfacet
  facet normal 0.303083 0.680706 0.666919
    outer loop
      vertex 6.63201 11.487 20.7939
      vertex 7.65812 10.954 20.8716
      vertex 7.67974 11.0205 20.7939
    endloop
  endfacet
  facet normal 0.302982 0.680542 0.667132
    outer loop
      vertex 7.65812 10.954 20.8716
      vertex 6.63201 11.487 20.7939
      vertex 6.59704 11.4264 20.8716
    endloop
  endfacet
  facet normal 0.404561 0.908577 0.104006
    outer loop
      vertex 6.67976 11.5697 20.5
      vertex 7.70587 11.1009 20.604
      vertex 7.70925 11.1113 20.5
    endloop
  endfacet
  facet normal 0.404528 0.908562 0.10427
    outer loop
      vertex 7.70587 11.1009 20.604
      vertex 6.67976 11.5697 20.5
      vertex 6.67429 11.5602 20.604
    endloop
  endfacet
  facet normal -0.386975 0.869227 0.307726
    outer loop
      vertex -6.67429 11.5602 20.604
      vertex -7.69589 11.0702 20.7034
      vertex -6.65814 11.5322 20.7034
    endloop
  endfacet
  facet normal -0.387056 0.869322 0.307354
    outer loop
      vertex -7.69589 11.0702 20.7034
      vertex -6.67429 11.5602 20.604
      vertex -7.70587 11.1009 20.604
    endloop
  endfacet
  facet normal -0.166156 0.373143 0.912774
    outer loop
      vertex -6.55476 11.3532 20.933
      vertex -7.60248 10.7827 20.9755
      vertex -6.50701 11.2705 20.9755
    endloop
  endfacet
  facet normal -0.166022 0.372905 0.912896
    outer loop
      vertex -7.60248 10.7827 20.9755
      vertex -6.55476 11.3532 20.933
      vertex -7.632 10.8736 20.933
    endloop
  endfacet
  facet normal 0.239874 0.538793 0.807565
    outer loop
      vertex 6.59704 11.4264 20.8716
      vertex 7.632 10.8736 20.933
      vertex 7.65812 10.954 20.8716
    endloop
  endfacet
  facet normal 0.239886 0.538813 0.807549
    outer loop
      vertex 7.632 10.8736 20.933
      vertex 6.59704 11.4264 20.8716
      vertex 6.55476 11.3532 20.933
    endloop
  endfacet
  facet normal 0.166022 0.372905 0.912896
    outer loop
      vertex 6.55476 11.3532 20.933
      vertex 7.60248 10.7827 20.9755
      vertex 7.632 10.8736 20.933
    endloop
  endfacet
  facet normal 0.166156 0.373143 0.912774
    outer loop
      vertex 7.60248 10.7827 20.9755
      vertex 6.55476 11.3532 20.933
      vertex 6.50701 11.2705 20.9755
    endloop
  endfacet
  facet normal -0.352813 0.792395 0.497627
    outer loop
      vertex -6.65814 11.5322 20.7034
      vertex -7.67974 11.0205 20.7939
      vertex -6.63201 11.487 20.7939
    endloop
  endfacet
  facet normal -0.35269 0.792216 0.498001
    outer loop
      vertex -7.67974 11.0205 20.7939
      vertex -6.65814 11.5322 20.7034
      vertex -7.69589 11.0702 20.7034
    endloop
  endfacet
  facet normal -0.207913 0.978147 0
    outer loop
      vertex -7.70925 11.1113 0.5
      vertex -8.81154 10.877 20.5
      vertex -7.70925 11.1113 20.5
    endloop
  endfacet
  facet normal -0.207913 0.978147 0
    outer loop
      vertex -8.81154 10.877 20.5
      vertex -7.70925 11.1113 0.5
      vertex -8.81154 10.877 0.5
    endloop
  endfacet
  facet normal 0.2068 0.972915 0.1033
    outer loop
      vertex 7.70925 11.1113 20.5
      vertex 8.8104 10.8662 20.604
      vertex 8.81154 10.877 20.5
    endloop
  endfacet
  facet normal 0.206721 0.972856 0.104004
    outer loop
      vertex 8.8104 10.8662 20.604
      vertex 7.70925 11.1113 20.5
      vertex 7.70587 11.1009 20.604
    endloop
  endfacet
  facet normal 0.0434446 0.204406 -0.977922
    outer loop
      vertex 8.76474 10.4317 0.00273991
      vertex 7.60248 10.7827 0.0244722
      vertex 8.77543 10.5334 0.0244722
    endloop
  endfacet
  facet normal 0.043477 0.204512 -0.977898
    outer loop
      vertex 7.60248 10.7827 0.0244722
      vertex 8.76474 10.4317 0.00273991
      vertex 7.57089 10.6855 0.00273991
    endloop
  endfacet
  facet normal 0.043574 0.205015 0.977788
    outer loop
      vertex 7.60248 10.7827 20.9755
      vertex 8.76474 10.4317 20.9973
      vertex 8.77543 10.5334 20.9755
    endloop
  endfacet
  facet normal 0.0436065 0.205121 0.977765
    outer loop
      vertex 8.76474 10.4317 20.9973
      vertex 7.60248 10.7827 20.9755
      vertex 7.57089 10.6855 20.9973
    endloop
  endfacet
  facet normal 0.122652 0.577014 -0.807472
    outer loop
      vertex 8.78541 10.6284 0.066988
      vertex 7.65812 10.954 0.128428
      vertex 8.79425 10.7125 0.128428
    endloop
  endfacet
  facet normal 0.12269 0.577128 -0.807385
    outer loop
      vertex 7.65812 10.954 0.128428
      vertex 8.78541 10.6284 0.066988
      vertex 7.632 10.8736 0.066988
    endloop
  endfacet
  facet normal 0.207913 0.978147 -0
    outer loop
      vertex 8.81154 10.877 0.5
      vertex 7.70925 11.1113 20.5
      vertex 8.81154 10.877 20.5
    endloop
  endfacet
  facet normal 0.207913 0.978147 0
    outer loop
      vertex 7.70925 11.1113 20.5
      vertex 8.81154 10.877 0.5
      vertex 7.70925 11.1113 0.5
    endloop
  endfacet
  facet normal 0.1226 0.576769 0.807655
    outer loop
      vertex 7.65812 10.954 20.8716
      vertex 8.78541 10.6284 20.933
      vertex 8.79425 10.7125 20.8716
    endloop
  endfacet
  facet normal 0.122638 0.576883 0.807568
    outer loop
      vertex 8.78541 10.6284 20.933
      vertex 7.65812 10.954 20.8716
      vertex 7.632 10.8736 20.933
    endloop
  endfacet
  facet normal -0.122638 0.576883 0.807568
    outer loop
      vertex -7.65812 10.954 20.8716
      vertex -8.78541 10.6284 20.933
      vertex -7.632 10.8736 20.933
    endloop
  endfacet
  facet normal -0.1226 0.576769 0.807655
    outer loop
      vertex -8.78541 10.6284 20.933
      vertex -7.65812 10.954 20.8716
      vertex -8.79425 10.7125 20.8716
    endloop
  endfacet
  facet normal -0.20672 0.972852 -0.104049
    outer loop
      vertex -8.8104 10.8662 0.396045
      vertex -7.70925 11.1113 0.5
      vertex -7.70587 11.1009 0.396045
    endloop
  endfacet
  facet normal -0.206799 0.97291 -0.103345
    outer loop
      vertex -7.70925 11.1113 0.5
      vertex -8.8104 10.8662 0.396045
      vertex -8.81154 10.877 0.5
    endloop
  endfacet
  facet normal -0.0848602 0.399265 0.9129
    outer loop
      vertex -7.632 10.8736 20.933
      vertex -8.77543 10.5334 20.9755
      vertex -7.60248 10.7827 20.9755
    endloop
  endfacet
  facet normal -0.0849167 0.399444 0.912816
    outer loop
      vertex -8.77543 10.5334 20.9755
      vertex -7.632 10.8736 20.933
      vertex -8.78541 10.6284 20.933
    endloop
  endfacet
  facet normal -0.043477 0.204512 -0.977898
    outer loop
      vertex -8.76474 10.4317 0.00273991
      vertex -7.60248 10.7827 0.0244722
      vertex -7.57089 10.6855 0.00273991
    endloop
  endfacet
  facet normal -0.0434446 0.204406 -0.977922
    outer loop
      vertex -7.60248 10.7827 0.0244722
      vertex -8.76474 10.4317 0.00273991
      vertex -8.77543 10.5334 0.0244722
    endloop
  endfacet
  facet normal 0.0849167 0.399444 0.912816
    outer loop
      vertex 7.632 10.8736 20.933
      vertex 8.77543 10.5334 20.9755
      vertex 8.78541 10.6284 20.933
    endloop
  endfacet
  facet normal 0.0848602 0.399265 0.9129
    outer loop
      vertex 8.77543 10.5334 20.9755
      vertex 7.632 10.8736 20.933
      vertex 7.60248 10.7827 20.9755
    endloop
  endfacet
  facet normal 0.084943 0.399568 -0.91276
    outer loop
      vertex 8.77543 10.5334 0.0244722
      vertex 7.632 10.8736 0.066988
      vertex 8.78541 10.6284 0.066988
    endloop
  endfacet
  facet normal 0.0848865 0.399389 -0.912843
    outer loop
      vertex 7.632 10.8736 0.066988
      vertex 8.77543 10.5334 0.0244722
      vertex 7.60248 10.7827 0.0244722
    endloop
  endfacet
  facet normal -0.206721 0.972856 0.104004
    outer loop
      vertex -7.70925 11.1113 20.5
      vertex -8.8104 10.8662 20.604
      vertex -7.70587 11.1009 20.604
    endloop
  endfacet
  facet normal -0.2068 0.972915 0.1033
    outer loop
      vertex -8.8104 10.8662 20.604
      vertex -7.70925 11.1113 20.5
      vertex -8.81154 10.877 20.5
    endloop
  endfacet
  facet normal -0.197866 0.930799 0.307346
    outer loop
      vertex -7.70587 11.1009 20.604
      vertex -8.80702 10.834 20.7034
      vertex -7.69589 11.0702 20.7034
    endloop
  endfacet
  facet normal -0.197732 0.930555 0.308171
    outer loop
      vertex -8.80702 10.834 20.7034
      vertex -7.70587 11.1009 20.604
      vertex -8.8104 10.8662 20.604
    endloop
  endfacet
  facet normal -0.154929 0.728858 0.666906
    outer loop
      vertex -7.67974 11.0205 20.7939
      vertex -8.79425 10.7125 20.8716
      vertex -7.65812 10.954 20.8716
    endloop
  endfacet
  facet normal -0.154836 0.728598 0.667211
    outer loop
      vertex -8.79425 10.7125 20.8716
      vertex -7.67974 11.0205 20.7939
      vertex -8.80156 10.7821 20.7939
    endloop
  endfacet
  facet normal -0.12269 0.577128 -0.807385
    outer loop
      vertex -8.78541 10.6284 0.066988
      vertex -7.65812 10.954 0.128428
      vertex -7.632 10.8736 0.066988
    endloop
  endfacet
  facet normal -0.122652 0.577014 -0.807472
    outer loop
      vertex -7.65812 10.954 0.128428
      vertex -8.78541 10.6284 0.066988
      vertex -8.79425 10.7125 0.128428
    endloop
  endfacet
  facet normal -0.18026 0.848237 0.497996
    outer loop
      vertex -7.69589 11.0702 20.7034
      vertex -8.80156 10.7821 20.7939
      vertex -7.67974 11.0205 20.7939
    endloop
  endfacet
  facet normal -0.180374 0.848512 0.497487
    outer loop
      vertex -8.80156 10.7821 20.7939
      vertex -7.69589 11.0702 20.7034
      vertex -8.80702 10.834 20.7034
    endloop
  endfacet
  facet normal 0.154836 0.728598 0.667211
    outer loop
      vertex 7.67974 11.0205 20.7939
      vertex 8.79425 10.7125 20.8716
      vertex 8.80156 10.7821 20.7939
    endloop
  endfacet
  facet normal 0.154929 0.728858 0.666906
    outer loop
      vertex 8.79425 10.7125 20.8716
      vertex 7.67974 11.0205 20.7939
      vertex 7.65812 10.954 20.8716
    endloop
  endfacet
  facet normal 0.197732 0.930555 0.308171
    outer loop
      vertex 7.70587 11.1009 20.604
      vertex 8.80702 10.834 20.7034
      vertex 8.8104 10.8662 20.604
    endloop
  endfacet
  facet normal 0.197866 0.930799 0.307346
    outer loop
      vertex 8.80702 10.834 20.7034
      vertex 7.70587 11.1009 20.604
      vertex 7.69589 11.0702 20.7034
    endloop
  endfacet
  facet normal 0.180374 0.848512 0.497487
    outer loop
      vertex 7.69589 11.0702 20.7034
      vertex 8.80156 10.7821 20.7939
      vertex 8.80702 10.834 20.7034
    endloop
  endfacet
  facet normal 0.18026 0.848237 0.497996
    outer loop
      vertex 8.80156 10.7821 20.7939
      vertex 7.69589 11.0702 20.7034
      vertex 7.67974 11.0205 20.7939
    endloop
  endfacet
  facet normal 0.197735 0.930567 -0.308135
    outer loop
      vertex 8.80702 10.834 0.296632
      vertex 7.70587 11.1009 0.396045
      vertex 8.8104 10.8662 0.396045
    endloop
  endfacet
  facet normal 0.197868 0.930811 -0.30731
    outer loop
      vertex 7.70587 11.1009 0.396045
      vertex 8.80702 10.834 0.296632
      vertex 7.69589 11.0702 0.296632
    endloop
  endfacet
  facet normal 0.206799 0.97291 -0.103345
    outer loop
      vertex 8.8104 10.8662 0.396045
      vertex 7.70925 11.1113 0.5
      vertex 8.81154 10.877 0.5
    endloop
  endfacet
  facet normal 0.20672 0.972852 -0.104049
    outer loop
      vertex 7.70925 11.1113 0.5
      vertex 8.8104 10.8662 0.396045
      vertex 7.70587 11.1009 0.396045
    endloop
  endfacet
  facet normal -0.154911 0.728774 -0.667001
    outer loop
      vertex -8.79425 10.7125 0.128428
      vertex -7.67974 11.0205 0.206108
      vertex -7.65812 10.954 0.128428
    endloop
  endfacet
  facet normal -0.154818 0.728515 -0.667306
    outer loop
      vertex -7.67974 11.0205 0.206108
      vertex -8.79425 10.7125 0.128428
      vertex -8.80156 10.7821 0.206108
    endloop
  endfacet
  facet normal 0.154818 0.728515 -0.667306
    outer loop
      vertex 8.79425 10.7125 0.128428
      vertex 7.67974 11.0205 0.206108
      vertex 8.80156 10.7821 0.206108
    endloop
  endfacet
  facet normal 0.154911 0.728774 -0.667001
    outer loop
      vertex 7.67974 11.0205 0.206108
      vertex 8.79425 10.7125 0.128428
      vertex 7.65812 10.954 0.128428
    endloop
  endfacet
  facet normal 0.180385 0.848567 -0.497388
    outer loop
      vertex 8.80156 10.7821 0.206108
      vertex 7.69589 11.0702 0.296632
      vertex 8.80702 10.834 0.296632
    endloop
  endfacet
  facet normal 0.180272 0.848293 -0.497896
    outer loop
      vertex 7.69589 11.0702 0.296632
      vertex 8.80156 10.7821 0.206108
      vertex 7.67974 11.0205 0.206108
    endloop
  endfacet
  facet normal -0.0848865 0.399389 -0.912843
    outer loop
      vertex -8.77543 10.5334 0.0244722
      vertex -7.632 10.8736 0.066988
      vertex -7.60248 10.7827 0.0244722
    endloop
  endfacet
  facet normal -0.084943 0.399568 -0.91276
    outer loop
      vertex -7.632 10.8736 0.066988
      vertex -8.77543 10.5334 0.0244722
      vertex -8.78541 10.6284 0.066988
    endloop
  endfacet
  facet normal -0.197868 0.930811 -0.30731
    outer loop
      vertex -8.80702 10.834 0.296632
      vertex -7.70587 11.1009 0.396045
      vertex -7.69589 11.0702 0.296632
    endloop
  endfacet
  facet normal -0.197735 0.930567 -0.308135
    outer loop
      vertex -7.70587 11.1009 0.396045
      vertex -8.80702 10.834 0.296632
      vertex -8.8104 10.8662 0.396045
    endloop
  endfacet
  facet normal -0.180272 0.848293 -0.497896
    outer loop
      vertex -8.80156 10.7821 0.206108
      vertex -7.69589 11.0702 0.296632
      vertex -7.67974 11.0205 0.206108
    endloop
  endfacet
  facet normal -0.180385 0.848567 -0.497388
    outer loop
      vertex -7.69589 11.0702 0.296632
      vertex -8.80156 10.7821 0.206108
      vertex -8.80702 10.834 0.296632
    endloop
  endfacet
  facet normal -0.0436065 0.205121 0.977765
    outer loop
      vertex -7.60248 10.7827 20.9755
      vertex -8.76474 10.4317 20.9973
      vertex -7.57089 10.6855 20.9973
    endloop
  endfacet
  facet normal -0.043574 0.205015 0.977788
    outer loop
      vertex -8.76474 10.4317 20.9973
      vertex -7.60248 10.7827 20.9755
      vertex -8.77543 10.5334 20.9755
    endloop
  endfacet
  facet normal -0.438435 0.394758 -0.807429
    outer loop
      vertex -10.9302 10.5267 0.066988
      vertex -10.8802 10.7079 0.128428
      vertex -10.8118 10.6582 0.066988
    endloop
  endfacet
  facet normal -0.438435 0.394758 -0.807429
    outer loop
      vertex -10.8802 10.7079 0.128428
      vertex -10.9302 10.5267 0.066988
      vertex -10.9986 10.5764 0.128428
    endloop
  endfacet
  facet normal -0.587375 0.809315 0
    outer loop
      vertex -10.8595 10.9443 0.5
      vertex -10.9441 10.8829 20.5
      vertex -10.8595 10.9443 20.5
    endloop
  endfacet
  facet normal -0.587375 0.809315 0
    outer loop
      vertex -10.9441 10.8829 20.5
      vertex -10.8595 10.9443 0.5
      vertex -10.9441 10.8829 0.5
    endloop
  endfacet
  facet normal -0.20721 0.972815 0.103414
    outer loop
      vertex -10.6618 11.0085 20.5
      vertex -10.7606 10.9764 20.604
      vertex -10.6606 10.9977 20.604
    endloop
  endfacet
  facet normal -0.40464 0.908494 -0.104432
    outer loop
      vertex -10.854 10.9348 0.396045
      vertex -10.8595 10.9443 0.5
      vertex -10.7606 10.9764 0.396045
    endloop
  endfacet
  facet normal -0.122771 0.576687 0.807688
    outer loop
      vertex -10.6445 10.844 20.8716
      vertex -10.6868 10.749 20.933
      vertex -10.6356 10.7599 20.933
    endloop
  endfacet
  facet normal 0.197668 0.93058 -0.308137
    outer loop
      vertex -9.94298 10.834 0.296632
      vertex -10.4584 10.9764 0.396045
      vertex -9.9396 10.8662 0.396045
    endloop
  endfacet
  facet normal 0.197964 0.930882 -0.307032
    outer loop
      vertex -10.4584 10.9764 0.396045
      vertex -9.94298 10.834 0.296632
      vertex -10.5618 10.9656 0.296632
    endloop
  endfacet
  facet normal 0 1 -0
    outer loop
      vertex -10.5572 11.0085 0.5
      vertex -10.6618 11.0085 20.5
      vertex -10.5572 11.0085 20.5
    endloop
  endfacet
  facet normal 0 1 0
    outer loop
      vertex -10.6618 11.0085 20.5
      vertex -10.5572 11.0085 0.5
      vertex -10.6618 11.0085 0.5
    endloop
  endfacet
  facet normal -0.743406 0.66884 0
    outer loop
      vertex -11.0625 10.7513 0.5
      vertex -10.9441 10.8829 20.5
      vertex -10.9441 10.8829 0.5
    endloop
  endfacet
  facet normal -0.743406 0.66884 0
    outer loop
      vertex -10.9441 10.8829 20.5
      vertex -11.0625 10.7513 0.5
      vertex -11.0625 10.7513 20.5
    endloop
  endfacet
  facet normal -0.739407 0.665241 -0.103593
    outer loop
      vertex -11.0052 10.7988 0.396045
      vertex -11.0625 10.7513 0.5
      vertex -10.9441 10.8829 0.5
    endloop
  endfacet
  facet normal -0.739407 0.665241 -0.103593
    outer loop
      vertex -11.0625 10.7513 0.5
      vertex -11.0052 10.7988 0.396045
      vertex -11.1236 10.6672 0.396045
    endloop
  endfacet
  facet normal -0.707264 0.636322 -0.308012
    outer loop
      vertex -10.979 10.7798 0.296632
      vertex -11.1236 10.6672 0.396045
      vertex -11.0052 10.7988 0.396045
    endloop
  endfacet
  facet normal -0.70714 0.636817 -0.307272
    outer loop
      vertex -10.979 10.7798 0.296632
      vertex -11.083 10.6659 0.299916
      vertex -11.1236 10.6672 0.396045
    endloop
  endfacet
  facet normal -0.706992 0.636663 -0.307935
    outer loop
      vertex -11.083 10.6659 0.299916
      vertex -10.979 10.7798 0.296632
      vertex -11.0822 10.6652 0.296632
    endloop
  endfacet
  facet normal -0.239468 0.538804 -0.807679
    outer loop
      vertex -10.6868 10.749 0.066988
      vertex -10.7345 10.7278 0.066988
      vertex -10.7129 10.8295 0.128428
    endloop
  endfacet
  facet normal -0.406582 0.913614 0
    outer loop
      vertex -10.764 10.9868 0.5
      vertex -10.8595 10.9443 20.5
      vertex -10.764 10.9868 20.5
    endloop
  endfacet
  facet normal -0.406582 0.913614 0
    outer loop
      vertex -10.8595 10.9443 20.5
      vertex -10.764 10.9868 0.5
      vertex -10.8595 10.9443 0.5
    endloop
  endfacet
  facet normal -0.404374 0.908652 0.104085
    outer loop
      vertex -10.764 10.9868 20.5
      vertex -10.8595 10.9443 20.5
      vertex -10.7606 10.9764 20.604
    endloop
  endfacet
  facet normal -0.584161 0.804887 -0.104462
    outer loop
      vertex -10.854 10.9348 0.396045
      vertex -10.9441 10.8829 0.5
      vertex -10.8595 10.9443 0.5
    endloop
  endfacet
  facet normal -0.302819 0.680463 -0.667286
    outer loop
      vertex -10.7768 10.801 0.128428
      vertex -10.8118 10.8616 0.206108
      vertex -10.7345 10.896 0.206108
    endloop
  endfacet
  facet normal -0.438563 0.394594 -0.807439
    outer loop
      vertex -10.8118 10.6582 0.066988
      vertex -10.8802 10.7079 0.128428
      vertex -10.7768 10.6971 0.066988
    endloop
  endfacet
  facet normal -0.207209 0.972811 -0.103458
    outer loop
      vertex -10.6606 10.9977 0.396045
      vertex -10.7606 10.9764 0.396045
      vertex -10.6618 11.0085 0.5
    endloop
  endfacet
  facet normal 0.207698 0.978193 -0
    outer loop
      vertex -10.455 10.9868 0.5
      vertex -10.5572 11.0085 20.5
      vertex -10.455 10.9868 20.5
    endloop
  endfacet
  facet normal 0.207698 0.978193 0
    outer loop
      vertex -10.5572 11.0085 20.5
      vertex -10.455 10.9868 0.5
      vertex -10.5572 11.0085 0.5
    endloop
  endfacet
  facet normal -0.207698 0.978193 0
    outer loop
      vertex -10.6618 11.0085 0.5
      vertex -10.764 10.9868 20.5
      vertex -10.6618 11.0085 20.5
    endloop
  endfacet
  facet normal -0.207698 0.978193 0
    outer loop
      vertex -10.764 10.9868 20.5
      vertex -10.6618 11.0085 0.5
      vertex -10.764 10.9868 0.5
    endloop
  endfacet
  facet normal 0.20657 0.97288 -0.104086
    outer loop
      vertex -10.4584 10.9764 0.396045
      vertex -10.5572 11.0085 0.5
      vertex -10.455 10.9868 0.5
    endloop
  endfacet
  facet normal -0.387253 0.869456 -0.306726
    outer loop
      vertex -10.8379 10.9069 0.296632
      vertex -10.854 10.9348 0.396045
      vertex -10.7606 10.9764 0.396045
    endloop
  endfacet
  facet normal -0.0850736 0.399612 -0.912728
    outer loop
      vertex -10.6257 10.6649 0.0244722
      vertex -10.6868 10.749 0.066988
      vertex -10.6356 10.7599 0.066988
    endloop
  endfacet
  facet normal -0.0850473 0.399488 0.912785
    outer loop
      vertex -10.6356 10.7599 20.933
      vertex -10.6868 10.749 20.933
      vertex -10.6257 10.6649 20.9755
    endloop
  endfacet
  facet normal -0.584199 0.804853 -0.104511
    outer loop
      vertex -10.9368 10.8747 0.396045
      vertex -10.9441 10.8829 0.5
      vertex -10.854 10.9348 0.396045
    endloop
  endfacet
  facet normal -0.155035 0.728489 -0.667284
    outer loop
      vertex -10.6445 10.844 0.128428
      vertex -10.7345 10.896 0.206108
      vertex -10.6518 10.9136 0.206108
    endloop
  endfacet
  facet normal -0.122823 0.576932 -0.807505
    outer loop
      vertex -10.6356 10.7599 0.066988
      vertex -10.6868 10.749 0.066988
      vertex -10.6445 10.844 0.128428
    endloop
  endfacet
  facet normal -0.644572 0.58036 -0.497704
    outer loop
      vertex -10.9986 10.6804 0.206108
      vertex -10.979 10.7798 0.296632
      vertex -10.8802 10.8119 0.206108
    endloop
  endfacet
  facet normal -0.644503 0.580393 -0.497755
    outer loop
      vertex -11.0789 10.6663 0.293641
      vertex -10.979 10.7798 0.296632
      vertex -10.9986 10.6804 0.206108
    endloop
  endfacet
  facet normal -0.644542 0.580425 -0.497667
    outer loop
      vertex -10.979 10.7798 0.296632
      vertex -11.0789 10.6663 0.293641
      vertex -11.0822 10.6652 0.296632
    endloop
  endfacet
  facet normal -0.584164 0.804891 0.104417
    outer loop
      vertex -10.8595 10.9443 20.5
      vertex -10.9441 10.8829 20.5
      vertex -10.854 10.9348 20.604
    endloop
  endfacet
  facet normal -0.155053 0.728573 0.667188
    outer loop
      vertex -10.6518 10.9136 20.7939
      vertex -10.7345 10.896 20.7939
      vertex -10.6445 10.844 20.8716
    endloop
  endfacet
  facet normal -0.346653 0.477386 -0.807424
    outer loop
      vertex -10.7345 10.7278 0.066988
      vertex -10.8334 10.7599 0.128428
      vertex -10.7768 10.801 0.128428
    endloop
  endfacet
  facet normal 0 0.867062 0.498201
    outer loop
      vertex -10.5618 10.9656 20.7034
      vertex -10.6518 10.9136 20.7939
      vertex -10.5672 10.9136 20.7939
    endloop
  endfacet
  facet normal 0 0.867062 0.498201
    outer loop
      vertex -10.6518 10.9136 20.7939
      vertex -10.5618 10.9656 20.7034
      vertex -10.6573 10.9656 20.7034
    endloop
  endfacet
  facet normal -0.16597 0.373432 -0.91269
    outer loop
      vertex -10.6573 10.6582 0.0244722
      vertex -10.7345 10.7278 0.066988
      vertex -10.6868 10.749 0.066988
    endloop
  endfacet
  facet normal -0.404372 0.908648 -0.10413
    outer loop
      vertex -10.7606 10.9764 0.396045
      vertex -10.8595 10.9443 0.5
      vertex -10.764 10.9868 0.5
    endloop
  endfacet
  facet normal -0.20657 0.97288 -0.104086
    outer loop
      vertex -10.7606 10.9764 0.396045
      vertex -10.764 10.9868 0.5
      vertex -10.6618 11.0085 0.5
    endloop
  endfacet
  facet normal -0.707207 0.636387 -0.30801
    outer loop
      vertex -10.979 10.7798 0.296632
      vertex -11.0052 10.7988 0.396045
      vertex -10.9152 10.8507 0.296632
    endloop
  endfacet
  facet normal -0.738797 0.665793 -0.104398
    outer loop
      vertex -10.9368 10.8747 0.396045
      vertex -11.0052 10.7988 0.396045
      vertex -10.9441 10.8829 0.5
    endloop
  endfacet
  facet normal 0 0.867119 -0.498102
    outer loop
      vertex -10.5672 10.9136 0.206108
      vertex -10.6573 10.9656 0.296632
      vertex -10.5618 10.9656 0.296632
    endloop
  endfacet
  facet normal 0 0.867119 -0.498102
    outer loop
      vertex -10.6573 10.9656 0.296632
      vertex -10.5672 10.9136 0.206108
      vertex -10.6518 10.9136 0.206108
    endloop
  endfacet
  facet normal 0.206809 0.972908 -0.103344
    outer loop
      vertex -9.9396 10.8662 0.396045
      vertex -10.455 10.9868 0.5
      vertex -9.93846 10.877 0.5
    endloop
  endfacet
  facet normal 0.206649 0.972863 -0.104087
    outer loop
      vertex -10.455 10.9868 0.5
      vertex -9.9396 10.8662 0.396045
      vertex -10.4584 10.9764 0.396045
    endloop
  endfacet
  facet normal 0.198246 0.930731 -0.307309
    outer loop
      vertex -10.4584 10.9764 0.396045
      vertex -10.5618 10.9656 0.296632
      vertex -10.5584 10.9977 0.396045
    endloop
  endfacet
  facet normal -0.438537 0.394683 -0.80741
    outer loop
      vertex -10.7768 10.6971 0.066988
      vertex -10.8802 10.7079 0.128428
      vertex -10.8334 10.7599 0.128428
    endloop
  endfacet
  facet normal 0.123057 0.576899 -0.807493
    outer loop
      vertex -10.5323 10.749 0.066988
      vertex -10.5834 10.7599 0.066988
      vertex -10.5745 10.844 0.128428
    endloop
  endfacet
  facet normal -0.206571 0.972884 0.104042
    outer loop
      vertex -10.6618 11.0085 20.5
      vertex -10.764 10.9868 20.5
      vertex -10.7606 10.9764 20.604
    endloop
  endfacet
  facet normal 0.207209 0.972811 -0.103458
    outer loop
      vertex -10.4584 10.9764 0.396045
      vertex -10.5584 10.9977 0.396045
      vertex -10.5572 11.0085 0.5
    endloop
  endfacet
  facet normal -0.559707 0.769846 -0.3067
    outer loop
      vertex -10.8379 10.9069 0.296632
      vertex -10.9152 10.8507 0.296632
      vertex -10.854 10.9348 0.396045
    endloop
  endfacet
  facet normal 0.207923 0.978145 -0
    outer loop
      vertex -9.93846 10.877 0.5
      vertex -10.455 10.9868 20.5
      vertex -9.93846 10.877 20.5
    endloop
  endfacet
  facet normal 0.207923 0.978145 0
    outer loop
      vertex -10.455 10.9868 20.5
      vertex -9.93846 10.877 0.5
      vertex -10.455 10.9868 0.5
    endloop
  endfacet
  facet normal 0.0848828 0.399576 -0.912762
    outer loop
      vertex -9.97457 10.5334 0.0244722
      vertex -10.5323 10.749 0.066988
      vertex -9.96459 10.6284 0.066988
    endloop
  endfacet
  facet normal 0.0849557 0.399748 -0.91268
    outer loop
      vertex -10.5323 10.749 0.066988
      vertex -9.97457 10.5334 0.0244722
      vertex -10.5618 10.6582 0.0244722
    endloop
  endfacet
  facet normal -0.23995 0.330615 -0.912753
    outer loop
      vertex -10.7129 10.6261 0.0244722
      vertex -10.7768 10.6971 0.066988
      vertex -10.7345 10.7278 0.066988
    endloop
  endfacet
  facet normal -0.0848437 0.19106 -0.977905
    outer loop
      vertex -10.6257 10.561 0.00273991
      vertex -10.6868 10.6451 0.0244722
      vertex -10.6573 10.6582 0.0244722
    endloop
  endfacet
  facet normal -0.0847688 0.399805 -0.912672
    outer loop
      vertex -10.6573 10.6582 0.0244722
      vertex -10.6868 10.749 0.066988
      vertex -10.6257 10.6649 0.0244722
    endloop
  endfacet
  facet normal 0.154793 0.728519 -0.667308
    outer loop
      vertex -9.95575 10.7125 0.128428
      vertex -10.4845 10.896 0.206108
      vertex -9.94844 10.7821 0.206108
    endloop
  endfacet
  facet normal 0.154853 0.728633 -0.667169
    outer loop
      vertex -10.4845 10.896 0.206108
      vertex -9.95575 10.7125 0.128428
      vertex -10.5745 10.844 0.128428
    endloop
  endfacet
  facet normal -0.303505 0.680491 -0.666946
    outer loop
      vertex -10.7129 10.8295 0.128428
      vertex -10.7768 10.801 0.128428
      vertex -10.7345 10.896 0.206108
    endloop
  endfacet
  facet normal -0.12186 0.169462 -0.977974
    outer loop
      vertex -10.6445 10.5501 0.00273991
      vertex -10.6868 10.6451 0.0244722
      vertex -10.6356 10.5565 0.00273991
    endloop
  endfacet
  facet normal -0.155321 0.139848 -0.977915
    outer loop
      vertex -10.8313 10.4946 0.0244722
      vertex -10.6445 10.5501 0.00273991
      vertex -10.7629 10.4186 0.00273991
    endloop
  endfacet
  facet normal -0.155321 0.139848 -0.977915
    outer loop
      vertex -10.6445 10.5501 0.00273991
      vertex -10.8313 10.4946 0.0244722
      vertex -10.7129 10.6261 0.0244722
    endloop
  endfacet
  facet normal -0.303691 0.273244 -0.912748
    outer loop
      vertex -10.7129 10.6261 0.0244722
      vertex -10.8118 10.6582 0.066988
      vertex -10.7768 10.6971 0.066988
    endloop
  endfacet
  facet normal 0.155035 0.728489 -0.667284
    outer loop
      vertex -10.4845 10.896 0.206108
      vertex -10.5745 10.844 0.128428
      vertex -10.5672 10.9136 0.206108
    endloop
  endfacet
  facet normal 0.180509 0.848186 -0.497994
    outer loop
      vertex -10.4845 10.896 0.206108
      vertex -10.5672 10.9136 0.206108
      vertex -10.5618 10.9656 0.296632
    endloop
  endfacet
  facet normal -0.509994 0.701469 -0.497843
    outer loop
      vertex -10.8802 10.8119 0.206108
      vertex -10.9152 10.8507 0.296632
      vertex -10.8379 10.9069 0.296632
    endloop
  endfacet
  facet normal -0.644659 0.580103 -0.497891
    outer loop
      vertex -10.8802 10.8119 0.206108
      vertex -10.979 10.7798 0.296632
      vertex -10.9152 10.8507 0.296632
    endloop
  endfacet
  facet normal 0.180304 0.848582 -0.497392
    outer loop
      vertex -10.4845 10.896 0.206108
      vertex -9.94298 10.834 0.296632
      vertex -9.94844 10.7821 0.206108
    endloop
  endfacet
  facet normal 0.180372 0.848158 -0.49809
    outer loop
      vertex -9.94298 10.834 0.296632
      vertex -10.4845 10.896 0.206108
      vertex -10.5618 10.9656 0.296632
    endloop
  endfacet
  facet normal 0 0.994647 -0.103335
    outer loop
      vertex -10.5584 10.9977 0.396045
      vertex -10.6618 11.0085 0.5
      vertex -10.5572 11.0085 0.5
    endloop
  endfacet
  facet normal 0 0.994647 -0.103335
    outer loop
      vertex -10.6618 11.0085 0.5
      vertex -10.5584 10.9977 0.396045
      vertex -10.6606 10.9977 0.396045
    endloop
  endfacet
  facet normal -0.303635 0.273387 -0.912724
    outer loop
      vertex -10.8313 10.4946 0.0244722
      vertex -10.8118 10.6582 0.066988
      vertex -10.7129 10.6261 0.0244722
    endloop
  endfacet
  facet normal -0.303635 0.273387 -0.912724
    outer loop
      vertex -10.8118 10.6582 0.066988
      vertex -10.8313 10.4946 0.0244722
      vertex -10.9302 10.5267 0.066988
    endloop
  endfacet
  facet normal -0.437684 0.602747 -0.667179
    outer loop
      vertex -10.8334 10.7599 0.128428
      vertex -10.8802 10.8119 0.206108
      vertex -10.7768 10.801 0.128428
    endloop
  endfacet
  facet normal -0.346576 0.477529 -0.807373
    outer loop
      vertex -10.7768 10.6971 0.066988
      vertex -10.8334 10.7599 0.128428
      vertex -10.7345 10.7278 0.066988
    endloop
  endfacet
  facet normal -0.0433681 0.204542 -0.977897
    outer loop
      vertex -10.6257 10.561 0.00273991
      vertex -10.6573 10.6582 0.0244722
      vertex -10.6257 10.6649 0.0244722
    endloop
  endfacet
  facet normal -0.0439659 0.204537 -0.977871
    outer loop
      vertex -10.615 10.5633 0.00273991
      vertex -10.6257 10.561 0.00273991
      vertex -10.6257 10.6649 0.0244722
    endloop
  endfacet
  facet normal 0.0433681 0.204542 -0.977897
    outer loop
      vertex -10.5618 10.6582 0.0244722
      vertex -10.5934 10.561 0.00273991
      vertex -10.5934 10.6649 0.0244722
    endloop
  endfacet
  facet normal -0.122989 0.168948 -0.977921
    outer loop
      vertex -10.6445 10.5501 0.00273991
      vertex -10.7129 10.6261 0.0244722
      vertex -10.6868 10.6451 0.0244722
    endloop
  endfacet
  facet normal 0.0443798 0.204533 -0.977853
    outer loop
      vertex -10.5934 10.561 0.00273991
      vertex -10.604 10.5633 0.00273991
      vertex -10.5934 10.6649 0.0244722
    endloop
  endfacet
  facet normal 0 0.209169 -0.97788
    outer loop
      vertex -10.615 10.5633 0.00273991
      vertex -10.5934 10.6649 0.0244722
      vertex -10.604 10.5633 0.00273991
    endloop
  endfacet
  facet normal 0 0.209169 -0.97788
    outer loop
      vertex -10.5934 10.6649 0.0244722
      vertex -10.615 10.5633 0.00273991
      vertex -10.6257 10.6649 0.0244722
    endloop
  endfacet
  facet normal -0.180696 0.848089 0.498091
    outer loop
      vertex -10.6573 10.9656 20.7034
      vertex -10.7507 10.9457 20.7034
      vertex -10.7345 10.896 20.7939
    endloop
  endfacet
  facet normal 0.043441 0.204406 -0.977922
    outer loop
      vertex -9.98526 10.4317 0.00273991
      vertex -10.5618 10.6582 0.0244722
      vertex -9.97457 10.5334 0.0244722
    endloop
  endfacet
  facet normal 0.0434811 0.204506 -0.977899
    outer loop
      vertex -10.5618 10.6582 0.0244722
      vertex -9.98526 10.4317 0.00273991
      vertex -10.5934 10.561 0.00273991
    endloop
  endfacet
  facet normal 0.0847688 0.399805 -0.912672
    outer loop
      vertex -10.5618 10.6582 0.0244722
      vertex -10.5934 10.6649 0.0244722
      vertex -10.5323 10.749 0.066988
    endloop
  endfacet
  facet normal 0 0.589906 -0.807472
    outer loop
      vertex -10.6356 10.7599 0.066988
      vertex -10.5745 10.844 0.128428
      vertex -10.5834 10.7599 0.066988
    endloop
  endfacet
  facet normal 0 0.589906 -0.807472
    outer loop
      vertex -10.5745 10.844 0.128428
      vertex -10.6356 10.7599 0.066988
      vertex -10.6445 10.844 0.128428
    endloop
  endfacet
  facet normal -0.38689 0.869506 -0.307043
    outer loop
      vertex -10.7507 10.9457 0.296632
      vertex -10.8379 10.9069 0.296632
      vertex -10.7606 10.9764 0.396045
    endloop
  endfacet
  facet normal -0.352518 0.792257 -0.498056
    outer loop
      vertex -10.7345 10.896 0.206108
      vertex -10.8379 10.9069 0.296632
      vertex -10.7507 10.9457 0.296632
    endloop
  endfacet
  facet normal 0 0.951621 -0.307274
    outer loop
      vertex -10.5618 10.9656 0.296632
      vertex -10.6606 10.9977 0.396045
      vertex -10.5584 10.9977 0.396045
    endloop
  endfacet
  facet normal 0 0.951621 -0.307274
    outer loop
      vertex -10.6606 10.9977 0.396045
      vertex -10.5618 10.9656 0.296632
      vertex -10.6573 10.9656 0.296632
    endloop
  endfacet
  facet normal -0.4378 0.602526 -0.667303
    outer loop
      vertex -10.7768 10.801 0.128428
      vertex -10.8802 10.8119 0.206108
      vertex -10.8118 10.8616 0.206108
    endloop
  endfacet
  facet normal -0.24032 0.538824 -0.807413
    outer loop
      vertex -10.7345 10.7278 0.066988
      vertex -10.7768 10.801 0.128428
      vertex -10.7129 10.8295 0.128428
    endloop
  endfacet
  facet normal -0.553688 0.49832 -0.667163
    outer loop
      vertex -10.8334 10.7599 0.128428
      vertex -10.8802 10.7079 0.128428
      vertex -10.8802 10.8119 0.206108
    endloop
  endfacet
  facet normal -0.553526 0.498384 -0.66725
    outer loop
      vertex -10.9986 10.6804 0.206108
      vertex -10.8802 10.7079 0.128428
      vertex -10.9986 10.5764 0.128428
    endloop
  endfacet
  facet normal -0.553526 0.498384 -0.66725
    outer loop
      vertex -10.8802 10.7079 0.128428
      vertex -10.9986 10.6804 0.206108
      vertex -10.8802 10.8119 0.206108
    endloop
  endfacet
  facet normal -0.0863554 0.189982 -0.977982
    outer loop
      vertex -10.6356 10.5565 0.00273991
      vertex -10.6868 10.6451 0.0244722
      vertex -10.6257 10.561 0.00273991
    endloop
  endfacet
  facet normal 0.0852203 0.399519 -0.912755
    outer loop
      vertex -10.5323 10.749 0.066988
      vertex -10.5934 10.6649 0.0244722
      vertex -10.5834 10.7599 0.066988
    endloop
  endfacet
  facet normal 0.198243 0.930719 0.307345
    outer loop
      vertex -10.5584 10.9977 20.604
      vertex -10.5618 10.9656 20.7034
      vertex -10.4584 10.9764 20.604
    endloop
  endfacet
  facet normal 0.180497 0.84813 0.498093
    outer loop
      vertex -10.5618 10.9656 20.7034
      vertex -10.5672 10.9136 20.7939
      vertex -10.4845 10.896 20.7939
    endloop
  endfacet
  facet normal 0.155053 0.728573 0.667188
    outer loop
      vertex -10.5672 10.9136 20.7939
      vertex -10.5745 10.844 20.8716
      vertex -10.4845 10.896 20.7939
    endloop
  endfacet
  facet normal 0 0.408493 -0.912762
    outer loop
      vertex -10.6257 10.6649 0.0244722
      vertex -10.5834 10.7599 0.066988
      vertex -10.5934 10.6649 0.0244722
    endloop
  endfacet
  facet normal 0 0.408493 -0.912762
    outer loop
      vertex -10.5834 10.7599 0.066988
      vertex -10.6257 10.6649 0.0244722
      vertex -10.6356 10.7599 0.066988
    endloop
  endfacet
  facet normal 0 0.74478 -0.66731
    outer loop
      vertex -10.5745 10.844 0.128428
      vertex -10.6518 10.9136 0.206108
      vertex -10.5672 10.9136 0.206108
    endloop
  endfacet
  facet normal 0 0.74478 -0.66731
    outer loop
      vertex -10.6518 10.9136 0.206108
      vertex -10.5745 10.844 0.128428
      vertex -10.6445 10.844 0.128428
    endloop
  endfacet
  facet normal -0.19831 0.93076 -0.307179
    outer loop
      vertex -10.7507 10.9457 0.296632
      vertex -10.7606 10.9764 0.396045
      vertex -10.6573 10.9656 0.296632
    endloop
  endfacet
  facet normal -0.198258 0.930788 -0.307128
    outer loop
      vertex -10.6573 10.9656 0.296632
      vertex -10.7606 10.9764 0.396045
      vertex -10.6606 10.9977 0.396045
    endloop
  endfacet
  facet normal -0.165872 0.373528 -0.912668
    outer loop
      vertex -10.6868 10.6451 0.0244722
      vertex -10.7345 10.7278 0.066988
      vertex -10.6573 10.6582 0.0244722
    endloop
  endfacet
  facet normal -0.240554 0.330445 -0.912655
    outer loop
      vertex -10.7129 10.6261 0.0244722
      vertex -10.7345 10.7278 0.066988
      vertex -10.6868 10.6451 0.0244722
    endloop
  endfacet
  facet normal -0.180707 0.848144 -0.497992
    outer loop
      vertex -10.7345 10.896 0.206108
      vertex -10.7507 10.9457 0.296632
      vertex -10.6573 10.9656 0.296632
    endloop
  endfacet
  facet normal -0.180491 0.848101 -0.498144
    outer loop
      vertex -10.6518 10.9136 0.206108
      vertex -10.7345 10.896 0.206108
      vertex -10.6573 10.9656 0.296632
    endloop
  endfacet
  facet normal -0.706891 0.63704 -0.307383
    outer loop
      vertex -10.9152 10.8507 0.296632
      vertex -11.0052 10.7988 0.396045
      vertex -10.9368 10.8747 0.396045
    endloop
  endfacet
  facet normal -0.558979 0.770108 -0.30737
    outer loop
      vertex -10.9152 10.8507 0.296632
      vertex -10.9368 10.8747 0.396045
      vertex -10.854 10.9348 0.396045
    endloop
  endfacet
  facet normal -0.73941 0.665244 0.103549
    outer loop
      vertex -11.0625 10.7513 20.5
      vertex -11.0052 10.7988 20.604
      vertex -10.9441 10.8829 20.5
    endloop
  endfacet
  facet normal -0.73941 0.665244 0.103549
    outer loop
      vertex -11.0052 10.7988 20.604
      vertex -11.0625 10.7513 20.5
      vertex -11.1236 10.6672 20.604
    endloop
  endfacet
  facet normal -0.706883 0.637033 0.307419
    outer loop
      vertex -10.9368 10.8747 20.604
      vertex -11.0052 10.7988 20.604
      vertex -10.9152 10.8507 20.7034
    endloop
  endfacet
  facet normal 0.197665 0.930569 0.308173
    outer loop
      vertex -10.4584 10.9764 20.604
      vertex -9.94298 10.834 20.7034
      vertex -9.9396 10.8662 20.604
    endloop
  endfacet
  facet normal 0.197962 0.930871 0.307069
    outer loop
      vertex -9.94298 10.834 20.7034
      vertex -10.4584 10.9764 20.604
      vertex -10.5618 10.9656 20.7034
    endloop
  endfacet
  facet normal 0.20681 0.972912 0.1033
    outer loop
      vertex -10.455 10.9868 20.5
      vertex -9.9396 10.8662 20.604
      vertex -9.93846 10.877 20.5
    endloop
  endfacet
  facet normal 0.20665 0.972867 0.104043
    outer loop
      vertex -9.9396 10.8662 20.604
      vertex -10.455 10.9868 20.5
      vertex -10.4584 10.9764 20.604
    endloop
  endfacet
  facet normal -0.346428 0.477326 0.807556
    outer loop
      vertex -10.7345 10.7278 20.933
      vertex -10.8334 10.7599 20.8716
      vertex -10.7768 10.6971 20.933
    endloop
  endfacet
  facet normal 0.122579 0.577024 -0.807476
    outer loop
      vertex -10.5323 10.749 0.066988
      vertex -9.95575 10.7125 0.128428
      vertex -9.96459 10.6284 0.066988
    endloop
  endfacet
  facet normal 0.122582 0.576786 -0.807646
    outer loop
      vertex -9.95575 10.7125 0.128428
      vertex -10.5323 10.749 0.066988
      vertex -10.5745 10.844 0.128428
    endloop
  endfacet
  facet normal -0.154518 0.728898 -0.666958
    outer loop
      vertex -10.7129 10.8295 0.128428
      vertex -10.7345 10.896 0.206108
      vertex -10.6445 10.844 0.128428
    endloop
  endfacet
  facet normal -0.122275 0.576802 -0.807681
    outer loop
      vertex -10.6868 10.749 0.066988
      vertex -10.7129 10.8295 0.128428
      vertex -10.6445 10.844 0.128428
    endloop
  endfacet
  facet normal -0.509735 0.701527 -0.498026
    outer loop
      vertex -10.8118 10.8616 0.206108
      vertex -10.8802 10.8119 0.206108
      vertex -10.8379 10.9069 0.296632
    endloop
  endfacet
  facet normal -0.352553 0.79222 -0.498091
    outer loop
      vertex -10.8118 10.8616 0.206108
      vertex -10.8379 10.9069 0.296632
      vertex -10.7345 10.896 0.206108
    endloop
  endfacet
  facet normal -0.584202 0.804857 0.104466
    outer loop
      vertex -10.854 10.9348 20.604
      vertex -10.9441 10.8829 20.5
      vertex -10.9368 10.8747 20.604
    endloop
  endfacet
  facet normal 0.206571 0.972884 0.104042
    outer loop
      vertex -10.455 10.9868 20.5
      vertex -10.5572 11.0085 20.5
      vertex -10.4584 10.9764 20.604
    endloop
  endfacet
  facet normal 0 0.951609 0.30731
    outer loop
      vertex -10.5584 10.9977 20.604
      vertex -10.6573 10.9656 20.7034
      vertex -10.5618 10.9656 20.7034
    endloop
  endfacet
  facet normal 0 0.951609 0.30731
    outer loop
      vertex -10.6573 10.9656 20.7034
      vertex -10.5584 10.9977 20.604
      vertex -10.6606 10.9977 20.604
    endloop
  endfacet
  facet normal -0.437851 0.602595 0.667208
    outer loop
      vertex -10.8118 10.8616 20.7939
      vertex -10.8802 10.8119 20.7939
      vertex -10.7768 10.801 20.8716
    endloop
  endfacet
  facet normal -0.387248 0.869446 0.306763
    outer loop
      vertex -10.7606 10.9764 20.604
      vertex -10.854 10.9348 20.604
      vertex -10.8379 10.9069 20.7034
    endloop
  endfacet
  facet normal -0.707255 0.636315 0.308049
    outer loop
      vertex -11.1236 10.6672 20.604
      vertex -10.979 10.7798 20.7034
      vertex -11.0052 10.7988 20.604
    endloop
  endfacet
  facet normal -0.707141 0.636772 0.307364
    outer loop
      vertex -11.083 10.6659 20.7001
      vertex -10.979 10.7798 20.7034
      vertex -11.1236 10.6672 20.604
    endloop
  endfacet
  facet normal -0.707316 0.636955 0.306582
    outer loop
      vertex -10.979 10.7798 20.7034
      vertex -11.083 10.6659 20.7001
      vertex -11.0822 10.6652 20.7034
    endloop
  endfacet
  facet normal 0.20721 0.972815 0.103414
    outer loop
      vertex -10.5572 11.0085 20.5
      vertex -10.5584 10.9977 20.604
      vertex -10.4584 10.9764 20.604
    endloop
  endfacet
  facet normal -0.180479 0.848046 0.498243
    outer loop
      vertex -10.6573 10.9656 20.7034
      vertex -10.7345 10.896 20.7939
      vertex -10.6518 10.9136 20.7939
    endloop
  endfacet
  facet normal 0.154811 0.728602 0.667212
    outer loop
      vertex -10.4845 10.896 20.7939
      vertex -9.95575 10.7125 20.8716
      vertex -9.94844 10.7821 20.7939
    endloop
  endfacet
  facet normal 0.154871 0.728717 0.667074
    outer loop
      vertex -9.95575 10.7125 20.8716
      vertex -10.4845 10.896 20.7939
      vertex -10.5745 10.844 20.8716
    endloop
  endfacet
  facet normal -0.302854 0.680541 0.66719
    outer loop
      vertex -10.7345 10.896 20.7939
      vertex -10.8118 10.8616 20.7939
      vertex -10.7768 10.801 20.8716
    endloop
  endfacet
  facet normal 0.044512 0.205142 0.977719
    outer loop
      vertex -10.5934 10.6649 20.9755
      vertex -10.604 10.5633 20.9973
      vertex -10.5934 10.561 20.9973
    endloop
  endfacet
  facet normal -0.64453 0.580322 0.497803
    outer loop
      vertex -10.979 10.7798 20.7034
      vertex -10.9986 10.6804 20.7939
      vertex -10.8802 10.8119 20.7939
    endloop
  endfacet
  facet normal -0.644428 0.58037 0.497878
    outer loop
      vertex -10.979 10.7798 20.7034
      vertex -11.0789 10.6663 20.7064
      vertex -10.9986 10.6804 20.7939
    endloop
  endfacet
  facet normal -0.645021 0.580856 0.496542
    outer loop
      vertex -11.0789 10.6663 20.7064
      vertex -10.979 10.7798 20.7034
      vertex -11.0822 10.6652 20.7034
    endloop
  endfacet
  facet normal -0.24048 0.330343 0.912712
    outer loop
      vertex -10.6868 10.6451 20.9755
      vertex -10.7345 10.7278 20.933
      vertex -10.7129 10.6261 20.9755
    endloop
  endfacet
  facet normal -0.16582 0.373412 0.912725
    outer loop
      vertex -10.6573 10.6582 20.9755
      vertex -10.7345 10.7278 20.933
      vertex -10.6868 10.6451 20.9755
    endloop
  endfacet
  facet normal -0.7388 0.665796 0.104354
    outer loop
      vertex -10.9441 10.8829 20.5
      vertex -11.0052 10.7988 20.604
      vertex -10.9368 10.8747 20.604
    endloop
  endfacet
  facet normal -0.154535 0.728981 0.666862
    outer loop
      vertex -10.6445 10.844 20.8716
      vertex -10.7345 10.896 20.7939
      vertex -10.7129 10.8295 20.8716
    endloop
  endfacet
  facet normal -0.404642 0.908498 0.104387
    outer loop
      vertex -10.7606 10.9764 20.604
      vertex -10.8595 10.9443 20.5
      vertex -10.854 10.9348 20.604
    endloop
  endfacet
  facet normal -0.352495 0.792205 0.498155
    outer loop
      vertex -10.7507 10.9457 20.7034
      vertex -10.8379 10.9069 20.7034
      vertex -10.7345 10.896 20.7939
    endloop
  endfacet
  facet normal -0.558972 0.770098 0.307406
    outer loop
      vertex -10.854 10.9348 20.604
      vertex -10.9368 10.8747 20.604
      vertex -10.9152 10.8507 20.7034
    endloop
  endfacet
  facet normal -0.386886 0.869495 0.307079
    outer loop
      vertex -10.7606 10.9764 20.604
      vertex -10.8379 10.9069 20.7034
      vertex -10.7507 10.9457 20.7034
    endloop
  endfacet
  facet normal 0 0.994651 0.103291
    outer loop
      vertex -10.5572 11.0085 20.5
      vertex -10.6606 10.9977 20.604
      vertex -10.5584 10.9977 20.604
    endloop
  endfacet
  facet normal 0 0.994651 0.103291
    outer loop
      vertex -10.6606 10.9977 20.604
      vertex -10.5572 11.0085 20.5
      vertex -10.6618 11.0085 20.5
    endloop
  endfacet
  facet normal -0.0847426 0.399681 0.912729
    outer loop
      vertex -10.6257 10.6649 20.9755
      vertex -10.6868 10.749 20.933
      vertex -10.6573 10.6582 20.9755
    endloop
  endfacet
  facet normal -0.346506 0.477184 0.807607
    outer loop
      vertex -10.7768 10.801 20.8716
      vertex -10.8334 10.7599 20.8716
      vertex -10.7345 10.7278 20.933
    endloop
  endfacet
  facet normal 0 0.589655 0.807655
    outer loop
      vertex -10.5745 10.844 20.8716
      vertex -10.6356 10.7599 20.933
      vertex -10.5834 10.7599 20.933
    endloop
  endfacet
  facet normal 0 0.589655 0.807655
    outer loop
      vertex -10.6356 10.7599 20.933
      vertex -10.5745 10.844 20.8716
      vertex -10.6445 10.844 20.8716
    endloop
  endfacet
  facet normal -0.553752 0.498377 0.667068
    outer loop
      vertex -10.8802 10.8119 20.7939
      vertex -10.8802 10.7079 20.8716
      vertex -10.8334 10.7599 20.8716
    endloop
  endfacet
  facet normal -0.644617 0.580064 0.49799
    outer loop
      vertex -10.9152 10.8507 20.7034
      vertex -10.979 10.7798 20.7034
      vertex -10.8802 10.8119 20.7939
    endloop
  endfacet
  facet normal -0.707198 0.636379 0.308046
    outer loop
      vertex -10.9152 10.8507 20.7034
      vertex -11.0052 10.7988 20.604
      vertex -10.979 10.7798 20.7034
    endloop
  endfacet
  facet normal -0.438377 0.394427 0.807622
    outer loop
      vertex -10.7768 10.6971 20.933
      vertex -10.8802 10.7079 20.8716
      vertex -10.8118 10.6582 20.933
    endloop
  endfacet
  facet normal -0.43835 0.394515 0.807593
    outer loop
      vertex -10.8334 10.7599 20.8716
      vertex -10.8802 10.7079 20.8716
      vertex -10.7768 10.6971 20.933
    endloop
  endfacet
  facet normal -0.165918 0.373316 0.912746
    outer loop
      vertex -10.6868 10.749 20.933
      vertex -10.7345 10.7278 20.933
      vertex -10.6573 10.6582 20.9755
    endloop
  endfacet
  facet normal -0.437734 0.602817 0.667084
    outer loop
      vertex -10.7768 10.801 20.8716
      vertex -10.8802 10.8119 20.7939
      vertex -10.8334 10.7599 20.8716
    endloop
  endfacet
  facet normal -0.198255 0.930776 0.307165
    outer loop
      vertex -10.6606 10.9977 20.604
      vertex -10.7606 10.9764 20.604
      vertex -10.6573 10.9656 20.7034
    endloop
  endfacet
  facet normal -0.198307 0.930749 0.307216
    outer loop
      vertex -10.6573 10.9656 20.7034
      vertex -10.7606 10.9764 20.604
      vertex -10.7507 10.9457 20.7034
    endloop
  endfacet
  facet normal 0 0.744865 0.667215
    outer loop
      vertex -10.5672 10.9136 20.7939
      vertex -10.6445 10.844 20.8716
      vertex -10.5745 10.844 20.8716
    endloop
  endfacet
  facet normal 0 0.744865 0.667215
    outer loop
      vertex -10.6445 10.844 20.8716
      vertex -10.5672 10.9136 20.7939
      vertex -10.6518 10.9136 20.7939
    endloop
  endfacet
  facet normal -0.303597 0.27316 0.912805
    outer loop
      vertex -10.7768 10.6971 20.933
      vertex -10.8118 10.6582 20.933
      vertex -10.7129 10.6261 20.9755
    endloop
  endfacet
  facet normal -0.0440968 0.205146 0.977737
    outer loop
      vertex -10.6257 10.6649 20.9755
      vertex -10.6257 10.561 20.9973
      vertex -10.615 10.5633 20.9973
    endloop
  endfacet
  facet normal 0 0.408366 0.912818
    outer loop
      vertex -10.5834 10.7599 20.933
      vertex -10.6257 10.6649 20.9755
      vertex -10.5934 10.6649 20.9755
    endloop
  endfacet
  facet normal 0 0.408366 0.912818
    outer loop
      vertex -10.6257 10.6649 20.9755
      vertex -10.5834 10.7599 20.933
      vertex -10.6356 10.7599 20.933
    endloop
  endfacet
  facet normal -0.5597 0.769837 0.306737
    outer loop
      vertex -10.854 10.9348 20.604
      vertex -10.9152 10.8507 20.7034
      vertex -10.8379 10.9069 20.7034
    endloop
  endfacet
  facet normal -0.50996 0.701422 0.497943
    outer loop
      vertex -10.8379 10.9069 20.7034
      vertex -10.9152 10.8507 20.7034
      vertex -10.8802 10.8119 20.7939
    endloop
  endfacet
  facet normal -0.239367 0.538575 0.807862
    outer loop
      vertex -10.7129 10.8295 20.8716
      vertex -10.7345 10.7278 20.933
      vertex -10.6868 10.749 20.933
    endloop
  endfacet
  facet normal -0.30354 0.680569 0.666851
    outer loop
      vertex -10.7345 10.896 20.7939
      vertex -10.7768 10.801 20.8716
      vertex -10.7129 10.8295 20.8716
    endloop
  endfacet
  facet normal -0.55359 0.498441 0.667154
    outer loop
      vertex -10.9986 10.6804 20.7939
      vertex -10.8802 10.7079 20.8716
      vertex -10.8802 10.8119 20.7939
    endloop
  endfacet
  facet normal -0.55359 0.498441 0.667154
    outer loop
      vertex -10.8802 10.7079 20.8716
      vertex -10.9986 10.6804 20.7939
      vertex -10.9986 10.5764 20.8716
    endloop
  endfacet
  facet normal -0.438249 0.39459 0.807612
    outer loop
      vertex -10.8802 10.7079 20.8716
      vertex -10.9302 10.5267 20.933
      vertex -10.8118 10.6582 20.933
    endloop
  endfacet
  facet normal -0.438249 0.39459 0.807612
    outer loop
      vertex -10.9302 10.5267 20.933
      vertex -10.8802 10.7079 20.8716
      vertex -10.9986 10.5764 20.8716
    endloop
  endfacet
  facet normal 0.180292 0.848527 0.497491
    outer loop
      vertex -9.94298 10.834 20.7034
      vertex -10.4845 10.896 20.7939
      vertex -9.94844 10.7821 20.7939
    endloop
  endfacet
  facet normal 0.18036 0.848103 0.498189
    outer loop
      vertex -10.4845 10.896 20.7939
      vertex -9.94298 10.834 20.7034
      vertex -10.5618 10.9656 20.7034
    endloop
  endfacet
  facet normal 0.0434973 0.205151 0.977763
    outer loop
      vertex -10.5934 10.6649 20.9755
      vertex -10.5934 10.561 20.9973
      vertex -10.5618 10.6582 20.9755
    endloop
  endfacet
  facet normal 0.122527 0.576779 0.807659
    outer loop
      vertex -9.95575 10.7125 20.8716
      vertex -10.5323 10.749 20.933
      vertex -9.96459 10.6284 20.933
    endloop
  endfacet
  facet normal 0.12253 0.576541 0.807828
    outer loop
      vertex -10.5323 10.749 20.933
      vertex -9.95575 10.7125 20.8716
      vertex -10.5745 10.844 20.8716
    endloop
  endfacet
  facet normal 0.123004 0.576654 0.807676
    outer loop
      vertex -10.5745 10.844 20.8716
      vertex -10.5834 10.7599 20.933
      vertex -10.5323 10.749 20.933
    endloop
  endfacet
  facet normal 0.0851939 0.399395 0.912812
    outer loop
      vertex -10.5834 10.7599 20.933
      vertex -10.5934 10.6649 20.9755
      vertex -10.5323 10.749 20.933
    endloop
  endfacet
  facet normal -0.0434973 0.205151 0.977763
    outer loop
      vertex -10.6257 10.6649 20.9755
      vertex -10.6573 10.6582 20.9755
      vertex -10.6257 10.561 20.9973
    endloop
  endfacet
  facet normal -0.35253 0.792167 0.49819
    outer loop
      vertex -10.7345 10.896 20.7939
      vertex -10.8379 10.9069 20.7034
      vertex -10.8118 10.8616 20.7939
    endloop
  endfacet
  facet normal -0.509702 0.701481 0.498125
    outer loop
      vertex -10.8379 10.9069 20.7034
      vertex -10.8802 10.8119 20.7939
      vertex -10.8118 10.8616 20.7939
    endloop
  endfacet
  facet normal -0.240218 0.538595 0.807596
    outer loop
      vertex -10.7129 10.8295 20.8716
      vertex -10.7768 10.801 20.8716
      vertex -10.7345 10.7278 20.933
    endloop
  endfacet
  facet normal -0.122223 0.576557 0.807864
    outer loop
      vertex -10.6445 10.844 20.8716
      vertex -10.7129 10.8295 20.8716
      vertex -10.6868 10.749 20.933
    endloop
  endfacet
  facet normal -0.239875 0.330512 0.91281
    outer loop
      vertex -10.7345 10.7278 20.933
      vertex -10.7768 10.6971 20.933
      vertex -10.7129 10.6261 20.9755
    endloop
  endfacet
  facet normal -0.123355 0.169451 0.977788
    outer loop
      vertex -10.6868 10.6451 20.9755
      vertex -10.7129 10.6261 20.9755
      vertex -10.6445 10.5501 20.9973
    endloop
  endfacet
  facet normal 0.0435704 0.205015 0.977789
    outer loop
      vertex -10.5618 10.6582 20.9755
      vertex -9.98526 10.4317 20.9973
      vertex -9.97457 10.5334 20.9755
    endloop
  endfacet
  facet normal 0.0436107 0.205115 0.977766
    outer loop
      vertex -9.98526 10.4317 20.9973
      vertex -10.5618 10.6582 20.9755
      vertex -10.5934 10.561 20.9973
    endloop
  endfacet
  facet normal -0.303541 0.273302 0.912781
    outer loop
      vertex -10.8118 10.6582 20.933
      vertex -10.8313 10.4946 20.9755
      vertex -10.7129 10.6261 20.9755
    endloop
  endfacet
  facet normal -0.303541 0.273302 0.912781
    outer loop
      vertex -10.8313 10.4946 20.9755
      vertex -10.8118 10.6582 20.933
      vertex -10.9302 10.5267 20.933
    endloop
  endfacet
  facet normal -0.0850964 0.191629 0.977771
    outer loop
      vertex -10.6573 10.6582 20.9755
      vertex -10.6868 10.6451 20.9755
      vertex -10.6257 10.561 20.9973
    endloop
  endfacet
  facet normal -0.122224 0.169967 0.977841
    outer loop
      vertex -10.6356 10.5565 20.9973
      vertex -10.6868 10.6451 20.9755
      vertex -10.6445 10.5501 20.9973
    endloop
  endfacet
  facet normal 0 0.209792 0.977746
    outer loop
      vertex -10.5934 10.6649 20.9755
      vertex -10.615 10.5633 20.9973
      vertex -10.604 10.5633 20.9973
    endloop
  endfacet
  facet normal 0 0.209792 0.977746
    outer loop
      vertex -10.615 10.5633 20.9973
      vertex -10.5934 10.6649 20.9755
      vertex -10.6257 10.6649 20.9755
    endloop
  endfacet
  facet normal -0.155783 0.140264 0.977782
    outer loop
      vertex -10.8313 10.4946 20.9755
      vertex -10.6445 10.5501 20.9973
      vertex -10.7129 10.6261 20.9755
    endloop
  endfacet
  facet normal -0.155783 0.140264 0.977782
    outer loop
      vertex -10.6445 10.5501 20.9973
      vertex -10.8313 10.4946 20.9755
      vertex -10.7629 10.4186 20.9973
    endloop
  endfacet
  facet normal 0.0848565 0.399452 0.912819
    outer loop
      vertex -10.5323 10.749 20.933
      vertex -9.97457 10.5334 20.9755
      vertex -9.96459 10.6284 20.933
    endloop
  endfacet
  facet normal 0.0849294 0.399624 0.912736
    outer loop
      vertex -9.97457 10.5334 20.9755
      vertex -10.5323 10.749 20.933
      vertex -10.5618 10.6582 20.9755
    endloop
  endfacet
  facet normal 0.0847426 0.399681 0.912729
    outer loop
      vertex -10.5323 10.749 20.933
      vertex -10.5934 10.6649 20.9755
      vertex -10.5618 10.6582 20.9755
    endloop
  endfacet
  facet normal -0.0866127 0.190548 0.97785
    outer loop
      vertex -10.6257 10.561 20.9973
      vertex -10.6868 10.6451 20.9755
      vertex -10.6356 10.5565 20.9973
    endloop
  endfacet
  facet normal 0.743406 -0.66884 0
    outer loop
      vertex 10.9441 -10.8829 20.5
      vertex 11.0625 -10.7513 0.5
      vertex 11.0625 -10.7513 20.5
    endloop
  endfacet
  facet normal 0.743406 -0.66884 0
    outer loop
      vertex 11.0625 -10.7513 0.5
      vertex 10.9441 -10.8829 20.5
      vertex 10.9441 -10.8829 0.5
    endloop
  endfacet
  facet normal -0.180304 -0.848582 -0.497392
    outer loop
      vertex 10.4845 -10.896 0.206108
      vertex 9.94298 -10.834 0.296632
      vertex 9.94844 -10.7821 0.206108
    endloop
  endfacet
  facet normal -0.180372 -0.848158 -0.49809
    outer loop
      vertex 9.94298 -10.834 0.296632
      vertex 10.4845 -10.896 0.206108
      vertex 10.5618 -10.9656 0.296632
    endloop
  endfacet
  facet normal -0.206571 -0.972884 0.104042
    outer loop
      vertex 10.4584 -10.9764 20.604
      vertex 10.455 -10.9868 20.5
      vertex 10.5572 -11.0085 20.5
    endloop
  endfacet
  facet normal 0 -0.994647 -0.103335
    outer loop
      vertex 10.5584 -10.9977 0.396045
      vertex 10.6618 -11.0085 0.5
      vertex 10.5572 -11.0085 0.5
    endloop
  endfacet
  facet normal 0 -0.994647 -0.103335
    outer loop
      vertex 10.6618 -11.0085 0.5
      vertex 10.5584 -10.9977 0.396045
      vertex 10.6606 -10.9977 0.396045
    endloop
  endfacet
  facet normal 0.206571 -0.972884 0.104042
    outer loop
      vertex 10.7606 -10.9764 20.604
      vertex 10.6618 -11.0085 20.5
      vertex 10.764 -10.9868 20.5
    endloop
  endfacet
  facet normal 0.24032 -0.538824 -0.807413
    outer loop
      vertex 10.7768 -10.801 0.128428
      vertex 10.7129 -10.8295 0.128428
      vertex 10.7345 -10.7278 0.066988
    endloop
  endfacet
  facet normal -0.206809 -0.972908 -0.103344
    outer loop
      vertex 9.9396 -10.8662 0.396045
      vertex 10.455 -10.9868 0.5
      vertex 9.93846 -10.877 0.5
    endloop
  endfacet
  facet normal -0.206649 -0.972863 -0.104087
    outer loop
      vertex 10.455 -10.9868 0.5
      vertex 9.9396 -10.8662 0.396045
      vertex 10.4584 -10.9764 0.396045
    endloop
  endfacet
  facet normal 0.207698 -0.978193 0
    outer loop
      vertex 10.6618 -11.0085 0.5
      vertex 10.764 -10.9868 20.5
      vertex 10.6618 -11.0085 20.5
    endloop
  endfacet
  facet normal 0.207698 -0.978193 0
    outer loop
      vertex 10.764 -10.9868 20.5
      vertex 10.6618 -11.0085 0.5
      vertex 10.764 -10.9868 0.5
    endloop
  endfacet
  facet normal -0.154811 -0.728602 0.667212
    outer loop
      vertex 10.4845 -10.896 20.7939
      vertex 9.95575 -10.7125 20.8716
      vertex 9.94844 -10.7821 20.7939
    endloop
  endfacet
  facet normal -0.154871 -0.728717 0.667074
    outer loop
      vertex 9.95575 -10.7125 20.8716
      vertex 10.4845 -10.896 20.7939
      vertex 10.5745 -10.844 20.8716
    endloop
  endfacet
  facet normal 0 -0.408493 -0.912762
    outer loop
      vertex 10.6356 -10.7599 0.066988
      vertex 10.5934 -10.6649 0.0244722
      vertex 10.6257 -10.6649 0.0244722
    endloop
  endfacet
  facet normal 0 -0.408493 -0.912762
    outer loop
      vertex 10.5934 -10.6649 0.0244722
      vertex 10.6356 -10.7599 0.066988
      vertex 10.5834 -10.7599 0.066988
    endloop
  endfacet
  facet normal 0.303505 -0.680491 -0.666946
    outer loop
      vertex 10.7345 -10.896 0.206108
      vertex 10.7129 -10.8295 0.128428
      vertex 10.7768 -10.801 0.128428
    endloop
  endfacet
  facet normal 0.302819 -0.680463 -0.667286
    outer loop
      vertex 10.8118 -10.8616 0.206108
      vertex 10.7345 -10.896 0.206108
      vertex 10.7768 -10.801 0.128428
    endloop
  endfacet
  facet normal 0 -1 0
    outer loop
      vertex 10.5572 -11.0085 0.5
      vertex 10.6618 -11.0085 20.5
      vertex 10.5572 -11.0085 20.5
    endloop
  endfacet
  facet normal 0 -1 -0
    outer loop
      vertex 10.6618 -11.0085 20.5
      vertex 10.5572 -11.0085 0.5
      vertex 10.6618 -11.0085 0.5
    endloop
  endfacet
  facet normal 0.406582 -0.913614 0
    outer loop
      vertex 10.764 -10.9868 0.5
      vertex 10.8595 -10.9443 20.5
      vertex 10.764 -10.9868 20.5
    endloop
  endfacet
  facet normal 0.406582 -0.913614 0
    outer loop
      vertex 10.8595 -10.9443 20.5
      vertex 10.764 -10.9868 0.5
      vertex 10.8595 -10.9443 0.5
    endloop
  endfacet
  facet normal 0.155783 -0.140264 0.977782
    outer loop
      vertex 10.6445 -10.5501 20.9973
      vertex 10.8313 -10.4946 20.9755
      vertex 10.7629 -10.4186 20.9973
    endloop
  endfacet
  facet normal 0.155783 -0.140264 0.977782
    outer loop
      vertex 10.8313 -10.4946 20.9755
      vertex 10.6445 -10.5501 20.9973
      vertex 10.7129 -10.6261 20.9755
    endloop
  endfacet
  facet normal -0.180509 -0.848186 -0.497994
    outer loop
      vertex 10.5618 -10.9656 0.296632
      vertex 10.4845 -10.896 0.206108
      vertex 10.5672 -10.9136 0.206108
    endloop
  endfacet
  facet normal 0.0847688 -0.399805 -0.912672
    outer loop
      vertex 10.6868 -10.749 0.066988
      vertex 10.6257 -10.6649 0.0244722
      vertex 10.6573 -10.6582 0.0244722
    endloop
  endfacet
  facet normal 0.509994 -0.701469 -0.497843
    outer loop
      vertex 10.9152 -10.8507 0.296632
      vertex 10.8379 -10.9069 0.296632
      vertex 10.8802 -10.8119 0.206108
    endloop
  endfacet
  facet normal 0.644659 -0.580103 -0.497891
    outer loop
      vertex 10.9152 -10.8507 0.296632
      vertex 10.8802 -10.8119 0.206108
      vertex 10.979 -10.7798 0.296632
    endloop
  endfacet
  facet normal 0.587375 -0.809315 0
    outer loop
      vertex 10.8595 -10.9443 0.5
      vertex 10.9441 -10.8829 20.5
      vertex 10.8595 -10.9443 20.5
    endloop
  endfacet
  facet normal 0.587375 -0.809315 0
    outer loop
      vertex 10.9441 -10.8829 20.5
      vertex 10.8595 -10.9443 0.5
      vertex 10.9441 -10.8829 0.5
    endloop
  endfacet
  facet normal 0.122989 -0.168948 -0.977921
    outer loop
      vertex 10.6868 -10.6451 0.0244722
      vertex 10.6445 -10.5501 0.00273991
      vertex 10.7129 -10.6261 0.0244722
    endloop
  endfacet
  facet normal 0.553688 -0.49832 -0.667163
    outer loop
      vertex 10.8802 -10.8119 0.206108
      vertex 10.8334 -10.7599 0.128428
      vertex 10.8802 -10.7079 0.128428
    endloop
  endfacet
  facet normal 0.738797 -0.665793 -0.104398
    outer loop
      vertex 10.9441 -10.8829 0.5
      vertex 10.9368 -10.8747 0.396045
      vertex 11.0052 -10.7988 0.396045
    endloop
  endfacet
  facet normal 0.707207 -0.636387 -0.30801
    outer loop
      vertex 11.0052 -10.7988 0.396045
      vertex 10.9152 -10.8507 0.296632
      vertex 10.979 -10.7798 0.296632
    endloop
  endfacet
  facet normal 0.12186 -0.169462 -0.977974
    outer loop
      vertex 10.6868 -10.6451 0.0244722
      vertex 10.6356 -10.5565 0.00273991
      vertex 10.6445 -10.5501 0.00273991
    endloop
  endfacet
  facet normal -0.155035 -0.728489 -0.667284
    outer loop
      vertex 10.5672 -10.9136 0.206108
      vertex 10.4845 -10.896 0.206108
      vertex 10.5745 -10.844 0.128428
    endloop
  endfacet
  facet normal -0.207698 -0.978193 0
    outer loop
      vertex 10.455 -10.9868 0.5
      vertex 10.5572 -11.0085 20.5
      vertex 10.455 -10.9868 20.5
    endloop
  endfacet
  facet normal -0.207698 -0.978193 -0
    outer loop
      vertex 10.5572 -11.0085 20.5
      vertex 10.455 -10.9868 0.5
      vertex 10.5572 -11.0085 0.5
    endloop
  endfacet
  facet normal 0.553526 -0.498384 -0.66725
    outer loop
      vertex 10.8802 -10.7079 0.128428
      vertex 10.9986 -10.6804 0.206108
      vertex 10.8802 -10.8119 0.206108
    endloop
  endfacet
  facet normal 0.553526 -0.498384 -0.66725
    outer loop
      vertex 10.9986 -10.6804 0.206108
      vertex 10.8802 -10.7079 0.128428
      vertex 10.9986 -10.5764 0.128428
    endloop
  endfacet
  facet normal 0.239468 -0.538804 -0.807679
    outer loop
      vertex 10.7129 -10.8295 0.128428
      vertex 10.6868 -10.749 0.066988
      vertex 10.7345 -10.7278 0.066988
    endloop
  endfacet
  facet normal 0.404374 -0.908652 0.104085
    outer loop
      vertex 10.8595 -10.9443 20.5
      vertex 10.7606 -10.9764 20.604
      vertex 10.764 -10.9868 20.5
    endloop
  endfacet
  facet normal 0.438435 -0.394758 -0.807429
    outer loop
      vertex 10.8802 -10.7079 0.128428
      vertex 10.9302 -10.5267 0.066988
      vertex 10.9986 -10.5764 0.128428
    endloop
  endfacet
  facet normal 0.438435 -0.394758 -0.807429
    outer loop
      vertex 10.9302 -10.5267 0.066988
      vertex 10.8802 -10.7079 0.128428
      vertex 10.8118 -10.6582 0.066988
    endloop
  endfacet
  facet normal 0.346576 -0.477529 -0.807373
    outer loop
      vertex 10.8334 -10.7599 0.128428
      vertex 10.7345 -10.7278 0.066988
      vertex 10.7768 -10.6971 0.066988
    endloop
  endfacet
  facet normal 0.23995 -0.330615 -0.912753
    outer loop
      vertex 10.7345 -10.7278 0.066988
      vertex 10.7129 -10.6261 0.0244722
      vertex 10.7768 -10.6971 0.066988
    endloop
  endfacet
  facet normal 0.0439659 -0.204537 -0.977871
    outer loop
      vertex 10.6257 -10.6649 0.0244722
      vertex 10.615 -10.5633 0.00273991
      vertex 10.6257 -10.561 0.00273991
    endloop
  endfacet
  facet normal 0.0433681 -0.204542 -0.977897
    outer loop
      vertex 10.6573 -10.6582 0.0244722
      vertex 10.6257 -10.6649 0.0244722
      vertex 10.6257 -10.561 0.00273991
    endloop
  endfacet
  facet normal 0.20657 -0.97288 -0.104086
    outer loop
      vertex 10.764 -10.9868 0.5
      vertex 10.6618 -11.0085 0.5
      vertex 10.7606 -10.9764 0.396045
    endloop
  endfacet
  facet normal 0.739407 -0.665241 -0.103593
    outer loop
      vertex 11.0625 -10.7513 0.5
      vertex 11.0052 -10.7988 0.396045
      vertex 11.1236 -10.6672 0.396045
    endloop
  endfacet
  facet normal 0.739407 -0.665241 -0.103593
    outer loop
      vertex 11.0052 -10.7988 0.396045
      vertex 11.0625 -10.7513 0.5
      vertex 10.9441 -10.8829 0.5
    endloop
  endfacet
  facet normal 0.558972 -0.770098 0.307406
    outer loop
      vertex 10.9152 -10.8507 20.7034
      vertex 10.854 -10.9348 20.604
      vertex 10.9368 -10.8747 20.604
    endloop
  endfacet
  facet normal 0.155035 -0.728489 -0.667284
    outer loop
      vertex 10.6518 -10.9136 0.206108
      vertex 10.6445 -10.844 0.128428
      vertex 10.7345 -10.896 0.206108
    endloop
  endfacet
  facet normal -0.198246 -0.930731 -0.307309
    outer loop
      vertex 10.5584 -10.9977 0.396045
      vertex 10.4584 -10.9764 0.396045
      vertex 10.5618 -10.9656 0.296632
    endloop
  endfacet
  facet normal 0.38689 -0.869506 -0.307043
    outer loop
      vertex 10.7606 -10.9764 0.396045
      vertex 10.7507 -10.9457 0.296632
      vertex 10.8379 -10.9069 0.296632
    endloop
  endfacet
  facet normal 0.346653 -0.477386 -0.807424
    outer loop
      vertex 10.7768 -10.801 0.128428
      vertex 10.7345 -10.7278 0.066988
      vertex 10.8334 -10.7599 0.128428
    endloop
  endfacet
  facet normal 0.437684 -0.602747 -0.667179
    outer loop
      vertex 10.8802 -10.8119 0.206108
      vertex 10.7768 -10.801 0.128428
      vertex 10.8334 -10.7599 0.128428
    endloop
  endfacet
  facet normal 0.122823 -0.576932 -0.807505
    outer loop
      vertex 10.6445 -10.844 0.128428
      vertex 10.6356 -10.7599 0.066988
      vertex 10.6868 -10.749 0.066988
    endloop
  endfacet
  facet normal 0.0850736 -0.399612 -0.912728
    outer loop
      vertex 10.6356 -10.7599 0.066988
      vertex 10.6257 -10.6649 0.0244722
      vertex 10.6868 -10.749 0.066988
    endloop
  endfacet
  facet normal 0 -0.951621 -0.307274
    outer loop
      vertex 10.5618 -10.9656 0.296632
      vertex 10.6606 -10.9977 0.396045
      vertex 10.5584 -10.9977 0.396045
    endloop
  endfacet
  facet normal 0 -0.951621 -0.307274
    outer loop
      vertex 10.6606 -10.9977 0.396045
      vertex 10.5618 -10.9656 0.296632
      vertex 10.6573 -10.9656 0.296632
    endloop
  endfacet
  facet normal 0.303691 -0.273244 -0.912748
    outer loop
      vertex 10.7768 -10.6971 0.066988
      vertex 10.7129 -10.6261 0.0244722
      vertex 10.8118 -10.6582 0.066988
    endloop
  endfacet
  facet normal 0.303635 -0.273387 -0.912724
    outer loop
      vertex 10.8118 -10.6582 0.066988
      vertex 10.8313 -10.4946 0.0244722
      vertex 10.9302 -10.5267 0.066988
    endloop
  endfacet
  facet normal 0.303635 -0.273387 -0.912724
    outer loop
      vertex 10.8313 -10.4946 0.0244722
      vertex 10.8118 -10.6582 0.066988
      vertex 10.7129 -10.6261 0.0244722
    endloop
  endfacet
  facet normal -0.0847688 -0.399805 -0.912672
    outer loop
      vertex 10.5934 -10.6649 0.0244722
      vertex 10.5323 -10.749 0.066988
      vertex 10.5618 -10.6582 0.0244722
    endloop
  endfacet
  facet normal 0.207209 -0.972811 -0.103458
    outer loop
      vertex 10.6618 -11.0085 0.5
      vertex 10.6606 -10.9977 0.396045
      vertex 10.7606 -10.9764 0.396045
    endloop
  endfacet
  facet normal 0 -0.867119 -0.498102
    outer loop
      vertex 10.5672 -10.9136 0.206108
      vertex 10.6573 -10.9656 0.296632
      vertex 10.5618 -10.9656 0.296632
    endloop
  endfacet
  facet normal 0 -0.867119 -0.498102
    outer loop
      vertex 10.6573 -10.9656 0.296632
      vertex 10.5672 -10.9136 0.206108
      vertex 10.6518 -10.9136 0.206108
    endloop
  endfacet
  facet normal 0.352553 -0.79222 -0.498091
    outer loop
      vertex 10.8379 -10.9069 0.296632
      vertex 10.7345 -10.896 0.206108
      vertex 10.8118 -10.8616 0.206108
    endloop
  endfacet
  facet normal 0.180491 -0.848101 -0.498144
    outer loop
      vertex 10.6573 -10.9656 0.296632
      vertex 10.6518 -10.9136 0.206108
      vertex 10.7345 -10.896 0.206108
    endloop
  endfacet
  facet normal 0 -0.74478 -0.66731
    outer loop
      vertex 10.5745 -10.844 0.128428
      vertex 10.6518 -10.9136 0.206108
      vertex 10.5672 -10.9136 0.206108
    endloop
  endfacet
  facet normal 0 -0.74478 -0.66731
    outer loop
      vertex 10.6518 -10.9136 0.206108
      vertex 10.5745 -10.844 0.128428
      vertex 10.6445 -10.844 0.128428
    endloop
  endfacet
  facet normal 0.0863554 -0.189982 -0.977982
    outer loop
      vertex 10.6868 -10.6451 0.0244722
      vertex 10.6257 -10.561 0.00273991
      vertex 10.6356 -10.5565 0.00273991
    endloop
  endfacet
  facet normal -0.154793 -0.728519 -0.667308
    outer loop
      vertex 9.95575 -10.7125 0.128428
      vertex 10.4845 -10.896 0.206108
      vertex 9.94844 -10.7821 0.206108
    endloop
  endfacet
  facet normal -0.154853 -0.728633 -0.667169
    outer loop
      vertex 10.4845 -10.896 0.206108
      vertex 9.95575 -10.7125 0.128428
      vertex 10.5745 -10.844 0.128428
    endloop
  endfacet
  facet normal -0.207923 -0.978145 0
    outer loop
      vertex 9.93846 -10.877 0.5
      vertex 10.455 -10.9868 20.5
      vertex 9.93846 -10.877 20.5
    endloop
  endfacet
  facet normal -0.207923 -0.978145 -0
    outer loop
      vertex 10.455 -10.9868 20.5
      vertex 9.93846 -10.877 0.5
      vertex 10.455 -10.9868 0.5
    endloop
  endfacet
  facet normal -0.197668 -0.93058 -0.308137
    outer loop
      vertex 9.94298 -10.834 0.296632
      vertex 10.4584 -10.9764 0.396045
      vertex 9.9396 -10.8662 0.396045
    endloop
  endfacet
  facet normal -0.197964 -0.930882 -0.307032
    outer loop
      vertex 10.4584 -10.9764 0.396045
      vertex 9.94298 -10.834 0.296632
      vertex 10.5618 -10.9656 0.296632
    endloop
  endfacet
  facet normal 0.706992 -0.636663 -0.307935
    outer loop
      vertex 11.083 -10.6659 0.299916
      vertex 10.979 -10.7798 0.296632
      vertex 11.0822 -10.6652 0.296632
    endloop
  endfacet
  facet normal 0.70714 -0.636817 -0.307272
    outer loop
      vertex 11.1236 -10.6672 0.396045
      vertex 10.979 -10.7798 0.296632
      vertex 11.083 -10.6659 0.299916
    endloop
  endfacet
  facet normal 0.707264 -0.636322 -0.308012
    outer loop
      vertex 10.979 -10.7798 0.296632
      vertex 11.1236 -10.6672 0.396045
      vertex 11.0052 -10.7988 0.396045
    endloop
  endfacet
  facet normal 0.644542 -0.580425 -0.497667
    outer loop
      vertex 10.979 -10.7798 0.296632
      vertex 11.0789 -10.6663 0.293641
      vertex 11.0822 -10.6652 0.296632
    endloop
  endfacet
  facet normal 0.644503 -0.580393 -0.497755
    outer loop
      vertex 10.979 -10.7798 0.296632
      vertex 10.9986 -10.6804 0.206108
      vertex 11.0789 -10.6663 0.293641
    endloop
  endfacet
  facet normal 0.644572 -0.58036 -0.497704
    outer loop
      vertex 10.9986 -10.6804 0.206108
      vertex 10.979 -10.7798 0.296632
      vertex 10.8802 -10.8119 0.206108
    endloop
  endfacet
  facet normal 0.154518 -0.728898 -0.666958
    outer loop
      vertex 10.7345 -10.896 0.206108
      vertex 10.6445 -10.844 0.128428
      vertex 10.7129 -10.8295 0.128428
    endloop
  endfacet
  facet normal 0.122275 -0.576802 -0.807681
    outer loop
      vertex 10.7129 -10.8295 0.128428
      vertex 10.6445 -10.844 0.128428
      vertex 10.6868 -10.749 0.066988
    endloop
  endfacet
  facet normal 0.438537 -0.394683 -0.80741
    outer loop
      vertex 10.8334 -10.7599 0.128428
      vertex 10.7768 -10.6971 0.066988
      vertex 10.8802 -10.7079 0.128428
    endloop
  endfacet
  facet normal 0.438563 -0.394594 -0.807439
    outer loop
      vertex 10.8802 -10.7079 0.128428
      vertex 10.7768 -10.6971 0.066988
      vertex 10.8118 -10.6582 0.066988
    endloop
  endfacet
  facet normal 0.155321 -0.139848 -0.977915
    outer loop
      vertex 10.6445 -10.5501 0.00273991
      vertex 10.8313 -10.4946 0.0244722
      vertex 10.7129 -10.6261 0.0244722
    endloop
  endfacet
  facet normal 0.155321 -0.139848 -0.977915
    outer loop
      vertex 10.8313 -10.4946 0.0244722
      vertex 10.6445 -10.5501 0.00273991
      vertex 10.7629 -10.4186 0.00273991
    endloop
  endfacet
  facet normal 0.240554 -0.330445 -0.912655
    outer loop
      vertex 10.7345 -10.7278 0.066988
      vertex 10.6868 -10.6451 0.0244722
      vertex 10.7129 -10.6261 0.0244722
    endloop
  endfacet
  facet normal 0.0848437 -0.19106 -0.977905
    outer loop
      vertex 10.6573 -10.6582 0.0244722
      vertex 10.6257 -10.561 0.00273991
      vertex 10.6868 -10.6451 0.0244722
    endloop
  endfacet
  facet normal -0.0443798 -0.204533 -0.977853
    outer loop
      vertex 10.604 -10.5633 0.00273991
      vertex 10.5934 -10.6649 0.0244722
      vertex 10.5934 -10.561 0.00273991
    endloop
  endfacet
  facet normal -0.122582 -0.576786 -0.807646
    outer loop
      vertex 9.95575 -10.7125 0.128428
      vertex 10.5323 -10.749 0.066988
      vertex 10.5745 -10.844 0.128428
    endloop
  endfacet
  facet normal -0.122579 -0.577024 -0.807476
    outer loop
      vertex 10.5323 -10.749 0.066988
      vertex 9.95575 -10.7125 0.128428
      vertex 9.96459 -10.6284 0.066988
    endloop
  endfacet
  facet normal -0.0433681 -0.204542 -0.977897
    outer loop
      vertex 10.5934 -10.6649 0.0244722
      vertex 10.5618 -10.6582 0.0244722
      vertex 10.5934 -10.561 0.00273991
    endloop
  endfacet
  facet normal 0.559707 -0.769846 -0.3067
    outer loop
      vertex 10.854 -10.9348 0.396045
      vertex 10.8379 -10.9069 0.296632
      vertex 10.9152 -10.8507 0.296632
    endloop
  endfacet
  facet normal 0.706891 -0.63704 -0.307383
    outer loop
      vertex 10.9368 -10.8747 0.396045
      vertex 10.9152 -10.8507 0.296632
      vertex 11.0052 -10.7988 0.396045
    endloop
  endfacet
  facet normal 0.404372 -0.908648 -0.10413
    outer loop
      vertex 10.764 -10.9868 0.5
      vertex 10.7606 -10.9764 0.396045
      vertex 10.8595 -10.9443 0.5
    endloop
  endfacet
  facet normal 0.584161 -0.804887 -0.104462
    outer loop
      vertex 10.8595 -10.9443 0.5
      vertex 10.854 -10.9348 0.396045
      vertex 10.9441 -10.8829 0.5
    endloop
  endfacet
  facet normal 0.4378 -0.602526 -0.667303
    outer loop
      vertex 10.8118 -10.8616 0.206108
      vertex 10.7768 -10.801 0.128428
      vertex 10.8802 -10.8119 0.206108
    endloop
  endfacet
  facet normal 0.509735 -0.701527 -0.498026
    outer loop
      vertex 10.8379 -10.9069 0.296632
      vertex 10.8118 -10.8616 0.206108
      vertex 10.8802 -10.8119 0.206108
    endloop
  endfacet
  facet normal 0.19831 -0.93076 -0.307179
    outer loop
      vertex 10.7606 -10.9764 0.396045
      vertex 10.6573 -10.9656 0.296632
      vertex 10.7507 -10.9457 0.296632
    endloop
  endfacet
  facet normal 0.198258 -0.930788 -0.307128
    outer loop
      vertex 10.6606 -10.9977 0.396045
      vertex 10.6573 -10.9656 0.296632
      vertex 10.7606 -10.9764 0.396045
    endloop
  endfacet
  facet normal -0.207209 -0.972811 -0.103458
    outer loop
      vertex 10.5572 -11.0085 0.5
      vertex 10.4584 -10.9764 0.396045
      vertex 10.5584 -10.9977 0.396045
    endloop
  endfacet
  facet normal -0.20657 -0.97288 -0.104086
    outer loop
      vertex 10.5572 -11.0085 0.5
      vertex 10.455 -10.9868 0.5
      vertex 10.4584 -10.9764 0.396045
    endloop
  endfacet
  facet normal 0.165872 -0.373528 -0.912668
    outer loop
      vertex 10.7345 -10.7278 0.066988
      vertex 10.6573 -10.6582 0.0244722
      vertex 10.6868 -10.6451 0.0244722
    endloop
  endfacet
  facet normal 0.16597 -0.373432 -0.91269
    outer loop
      vertex 10.6868 -10.749 0.066988
      vertex 10.6573 -10.6582 0.0244722
      vertex 10.7345 -10.7278 0.066988
    endloop
  endfacet
  facet normal 0 -0.209169 -0.97788
    outer loop
      vertex 10.6257 -10.6649 0.0244722
      vertex 10.604 -10.5633 0.00273991
      vertex 10.615 -10.5633 0.00273991
    endloop
  endfacet
  facet normal 0 -0.209169 -0.97788
    outer loop
      vertex 10.604 -10.5633 0.00273991
      vertex 10.6257 -10.6649 0.0244722
      vertex 10.5934 -10.6649 0.0244722
    endloop
  endfacet
  facet normal -0.123057 -0.576899 -0.807493
    outer loop
      vertex 10.5745 -10.844 0.128428
      vertex 10.5323 -10.749 0.066988
      vertex 10.5834 -10.7599 0.066988
    endloop
  endfacet
  facet normal -0.0852203 -0.399519 -0.912755
    outer loop
      vertex 10.5834 -10.7599 0.066988
      vertex 10.5323 -10.749 0.066988
      vertex 10.5934 -10.6649 0.0244722
    endloop
  endfacet
  facet normal 0.584199 -0.804853 -0.104511
    outer loop
      vertex 10.9441 -10.8829 0.5
      vertex 10.854 -10.9348 0.396045
      vertex 10.9368 -10.8747 0.396045
    endloop
  endfacet
  facet normal 0.558979 -0.770108 -0.30737
    outer loop
      vertex 10.9368 -10.8747 0.396045
      vertex 10.854 -10.9348 0.396045
      vertex 10.9152 -10.8507 0.296632
    endloop
  endfacet
  facet normal 0.180696 -0.848089 0.498091
    outer loop
      vertex 10.7345 -10.896 20.7939
      vertex 10.6573 -10.9656 20.7034
      vertex 10.7507 -10.9457 20.7034
    endloop
  endfacet
  facet normal 0.73941 -0.665244 0.103549
    outer loop
      vertex 11.0052 -10.7988 20.604
      vertex 11.0625 -10.7513 20.5
      vertex 11.1236 -10.6672 20.604
    endloop
  endfacet
  facet normal 0.73941 -0.665244 0.103549
    outer loop
      vertex 11.0625 -10.7513 20.5
      vertex 11.0052 -10.7988 20.604
      vertex 10.9441 -10.8829 20.5
    endloop
  endfacet
  facet normal 0.198307 -0.930749 0.307216
    outer loop
      vertex 10.7507 -10.9457 20.7034
      vertex 10.6573 -10.9656 20.7034
      vertex 10.7606 -10.9764 20.604
    endloop
  endfacet
  facet normal 0.180707 -0.848144 -0.497992
    outer loop
      vertex 10.7507 -10.9457 0.296632
      vertex 10.6573 -10.9656 0.296632
      vertex 10.7345 -10.896 0.206108
    endloop
  endfacet
  facet normal 0.352518 -0.792257 -0.498056
    outer loop
      vertex 10.7507 -10.9457 0.296632
      vertex 10.7345 -10.896 0.206108
      vertex 10.8379 -10.9069 0.296632
    endloop
  endfacet
  facet normal -0.0849557 -0.399748 -0.91268
    outer loop
      vertex 10.5323 -10.749 0.066988
      vertex 9.97457 -10.5334 0.0244722
      vertex 10.5618 -10.6582 0.0244722
    endloop
  endfacet
  facet normal -0.0848828 -0.399576 -0.912762
    outer loop
      vertex 9.97457 -10.5334 0.0244722
      vertex 10.5323 -10.749 0.066988
      vertex 9.96459 -10.6284 0.066988
    endloop
  endfacet
  facet normal -0.0434811 -0.204506 -0.977899
    outer loop
      vertex 10.5618 -10.6582 0.0244722
      vertex 9.98526 -10.4317 0.00273991
      vertex 10.5934 -10.561 0.00273991
    endloop
  endfacet
  facet normal -0.043441 -0.204406 -0.977922
    outer loop
      vertex 9.98526 -10.4317 0.00273991
      vertex 10.5618 -10.6582 0.0244722
      vertex 9.97457 -10.5334 0.0244722
    endloop
  endfacet
  facet normal 0 -0.589906 -0.807472
    outer loop
      vertex 10.6445 -10.844 0.128428
      vertex 10.5834 -10.7599 0.066988
      vertex 10.6356 -10.7599 0.066988
    endloop
  endfacet
  facet normal 0 -0.589906 -0.807472
    outer loop
      vertex 10.5834 -10.7599 0.066988
      vertex 10.6445 -10.844 0.128428
      vertex 10.5745 -10.844 0.128428
    endloop
  endfacet
  facet normal 0.40464 -0.908494 -0.104432
    outer loop
      vertex 10.8595 -10.9443 0.5
      vertex 10.7606 -10.9764 0.396045
      vertex 10.854 -10.9348 0.396045
    endloop
  endfacet
  facet normal 0.387253 -0.869456 -0.306726
    outer loop
      vertex 10.854 -10.9348 0.396045
      vertex 10.7606 -10.9764 0.396045
      vertex 10.8379 -10.9069 0.296632
    endloop
  endfacet
  facet normal 0.198255 -0.930776 0.307165
    outer loop
      vertex 10.7606 -10.9764 20.604
      vertex 10.6573 -10.9656 20.7034
      vertex 10.6606 -10.9977 20.604
    endloop
  endfacet
  facet normal 0.346506 -0.477184 0.807607
    outer loop
      vertex 10.8334 -10.7599 20.8716
      vertex 10.7345 -10.7278 20.933
      vertex 10.7768 -10.801 20.8716
    endloop
  endfacet
  facet normal 0.122771 -0.576687 0.807688
    outer loop
      vertex 10.6868 -10.749 20.933
      vertex 10.6356 -10.7599 20.933
      vertex 10.6445 -10.844 20.8716
    endloop
  endfacet
  facet normal 0.20721 -0.972815 0.103414
    outer loop
      vertex 10.7606 -10.9764 20.604
      vertex 10.6606 -10.9977 20.604
      vertex 10.6618 -11.0085 20.5
    endloop
  endfacet
  facet normal -0.180497 -0.84813 0.498093
    outer loop
      vertex 10.5672 -10.9136 20.7939
      vertex 10.4845 -10.896 20.7939
      vertex 10.5618 -10.9656 20.7034
    endloop
  endfacet
  facet normal -0.123004 -0.576654 0.807676
    outer loop
      vertex 10.5834 -10.7599 20.933
      vertex 10.5323 -10.749 20.933
      vertex 10.5745 -10.844 20.8716
    endloop
  endfacet
  facet normal -0.155053 -0.728573 0.667188
    outer loop
      vertex 10.5745 -10.844 20.8716
      vertex 10.4845 -10.896 20.7939
      vertex 10.5672 -10.9136 20.7939
    endloop
  endfacet
  facet normal 0.404642 -0.908498 0.104387
    outer loop
      vertex 10.854 -10.9348 20.604
      vertex 10.7606 -10.9764 20.604
      vertex 10.8595 -10.9443 20.5
    endloop
  endfacet
  facet normal 0.584164 -0.804891 0.104417
    outer loop
      vertex 10.9441 -10.8829 20.5
      vertex 10.854 -10.9348 20.604
      vertex 10.8595 -10.9443 20.5
    endloop
  endfacet
  facet normal -0.20681 -0.972912 0.1033
    outer loop
      vertex 10.455 -10.9868 20.5
      vertex 9.9396 -10.8662 20.604
      vertex 9.93846 -10.877 20.5
    endloop
  endfacet
  facet normal -0.20665 -0.972867 0.104043
    outer loop
      vertex 9.9396 -10.8662 20.604
      vertex 10.455 -10.9868 20.5
      vertex 10.4584 -10.9764 20.604
    endloop
  endfacet
  facet normal -0.180292 -0.848527 0.497491
    outer loop
      vertex 9.94298 -10.834 20.7034
      vertex 10.4845 -10.896 20.7939
      vertex 9.94844 -10.7821 20.7939
    endloop
  endfacet
  facet normal -0.18036 -0.848103 0.498189
    outer loop
      vertex 10.4845 -10.896 20.7939
      vertex 9.94298 -10.834 20.7034
      vertex 10.5618 -10.9656 20.7034
    endloop
  endfacet
  facet normal 0 -0.589655 0.807655
    outer loop
      vertex 10.5834 -10.7599 20.933
      vertex 10.6445 -10.844 20.8716
      vertex 10.6356 -10.7599 20.933
    endloop
  endfacet
  facet normal 0 -0.589655 0.807655
    outer loop
      vertex 10.6445 -10.844 20.8716
      vertex 10.5834 -10.7599 20.933
      vertex 10.5745 -10.844 20.8716
    endloop
  endfacet
  facet normal 0 -0.951609 0.30731
    outer loop
      vertex 10.5584 -10.9977 20.604
      vertex 10.6573 -10.9656 20.7034
      vertex 10.5618 -10.9656 20.7034
    endloop
  endfacet
  facet normal 0 -0.951609 0.30731
    outer loop
      vertex 10.6573 -10.9656 20.7034
      vertex 10.5584 -10.9977 20.604
      vertex 10.6606 -10.9977 20.604
    endloop
  endfacet
  facet normal -0.198243 -0.930719 0.307345
    outer loop
      vertex 10.5618 -10.9656 20.7034
      vertex 10.4584 -10.9764 20.604
      vertex 10.5584 -10.9977 20.604
    endloop
  endfacet
  facet normal 0.0440968 -0.205146 0.977737
    outer loop
      vertex 10.6257 -10.561 20.9973
      vertex 10.615 -10.5633 20.9973
      vertex 10.6257 -10.6649 20.9755
    endloop
  endfacet
  facet normal 0.584202 -0.804857 0.104466
    outer loop
      vertex 10.9368 -10.8747 20.604
      vertex 10.854 -10.9348 20.604
      vertex 10.9441 -10.8829 20.5
    endloop
  endfacet
  facet normal 0.437734 -0.602817 0.667084
    outer loop
      vertex 10.8334 -10.7599 20.8716
      vertex 10.7768 -10.801 20.8716
      vertex 10.8802 -10.8119 20.7939
    endloop
  endfacet
  facet normal 0.437851 -0.602595 0.667208
    outer loop
      vertex 10.8802 -10.8119 20.7939
      vertex 10.7768 -10.801 20.8716
      vertex 10.8118 -10.8616 20.7939
    endloop
  endfacet
  facet normal 0 -0.209792 0.977746
    outer loop
      vertex 10.604 -10.5633 20.9973
      vertex 10.6257 -10.6649 20.9755
      vertex 10.615 -10.5633 20.9973
    endloop
  endfacet
  facet normal 0 -0.209792 0.977746
    outer loop
      vertex 10.6257 -10.6649 20.9755
      vertex 10.604 -10.5633 20.9973
      vertex 10.5934 -10.6649 20.9755
    endloop
  endfacet
  facet normal 0 -0.408366 0.912818
    outer loop
      vertex 10.5934 -10.6649 20.9755
      vertex 10.6356 -10.7599 20.933
      vertex 10.6257 -10.6649 20.9755
    endloop
  endfacet
  facet normal 0 -0.408366 0.912818
    outer loop
      vertex 10.6356 -10.7599 20.933
      vertex 10.5934 -10.6649 20.9755
      vertex 10.5834 -10.7599 20.933
    endloop
  endfacet
  facet normal 0.387248 -0.869446 0.306763
    outer loop
      vertex 10.8379 -10.9069 20.7034
      vertex 10.7606 -10.9764 20.604
      vertex 10.854 -10.9348 20.604
    endloop
  endfacet
  facet normal 0.386886 -0.869495 0.307079
    outer loop
      vertex 10.8379 -10.9069 20.7034
      vertex 10.7507 -10.9457 20.7034
      vertex 10.7606 -10.9764 20.604
    endloop
  endfacet
  facet normal -0.20721 -0.972815 0.103414
    outer loop
      vertex 10.5584 -10.9977 20.604
      vertex 10.4584 -10.9764 20.604
      vertex 10.5572 -11.0085 20.5
    endloop
  endfacet
  facet normal 0 -0.994651 0.103291
    outer loop
      vertex 10.5572 -11.0085 20.5
      vertex 10.6606 -10.9977 20.604
      vertex 10.5584 -10.9977 20.604
    endloop
  endfacet
  facet normal 0 -0.994651 0.103291
    outer loop
      vertex 10.6606 -10.9977 20.604
      vertex 10.5572 -11.0085 20.5
      vertex 10.6618 -11.0085 20.5
    endloop
  endfacet
  facet normal -0.122527 -0.576779 0.807659
    outer loop
      vertex 9.95575 -10.7125 20.8716
      vertex 10.5323 -10.749 20.933
      vertex 9.96459 -10.6284 20.933
    endloop
  endfacet
  facet normal -0.12253 -0.576541 0.807828
    outer loop
      vertex 10.5323 -10.749 20.933
      vertex 9.95575 -10.7125 20.8716
      vertex 10.5745 -10.844 20.8716
    endloop
  endfacet
  facet normal -0.197665 -0.930569 0.308173
    outer loop
      vertex 10.4584 -10.9764 20.604
      vertex 9.94298 -10.834 20.7034
      vertex 9.9396 -10.8662 20.604
    endloop
  endfacet
  facet normal -0.197962 -0.930871 0.307069
    outer loop
      vertex 9.94298 -10.834 20.7034
      vertex 10.4584 -10.9764 20.604
      vertex 10.5618 -10.9656 20.7034
    endloop
  endfacet
  facet normal 0.706883 -0.637033 0.307419
    outer loop
      vertex 11.0052 -10.7988 20.604
      vertex 10.9152 -10.8507 20.7034
      vertex 10.9368 -10.8747 20.604
    endloop
  endfacet
  facet normal 0.7388 -0.665796 0.104354
    outer loop
      vertex 11.0052 -10.7988 20.604
      vertex 10.9368 -10.8747 20.604
      vertex 10.9441 -10.8829 20.5
    endloop
  endfacet
  facet normal 0.644617 -0.580064 0.49799
    outer loop
      vertex 10.979 -10.7798 20.7034
      vertex 10.8802 -10.8119 20.7939
      vertex 10.9152 -10.8507 20.7034
    endloop
  endfacet
  facet normal 0.707198 -0.636379 0.308046
    outer loop
      vertex 10.979 -10.7798 20.7034
      vertex 10.9152 -10.8507 20.7034
      vertex 11.0052 -10.7988 20.604
    endloop
  endfacet
  facet normal 0.24048 -0.330343 0.912712
    outer loop
      vertex 10.7129 -10.6261 20.9755
      vertex 10.6868 -10.6451 20.9755
      vertex 10.7345 -10.7278 20.933
    endloop
  endfacet
  facet normal 0.122224 -0.169967 0.977841
    outer loop
      vertex 10.6445 -10.5501 20.9973
      vertex 10.6356 -10.5565 20.9973
      vertex 10.6868 -10.6451 20.9755
    endloop
  endfacet
  facet normal 0 -0.744865 0.667215
    outer loop
      vertex 10.5672 -10.9136 20.7939
      vertex 10.6445 -10.844 20.8716
      vertex 10.5745 -10.844 20.8716
    endloop
  endfacet
  facet normal 0 -0.744865 0.667215
    outer loop
      vertex 10.6445 -10.844 20.8716
      vertex 10.5672 -10.9136 20.7939
      vertex 10.6518 -10.9136 20.7939
    endloop
  endfacet
  facet normal 0 -0.867062 0.498201
    outer loop
      vertex 10.5618 -10.9656 20.7034
      vertex 10.6518 -10.9136 20.7939
      vertex 10.5672 -10.9136 20.7939
    endloop
  endfacet
  facet normal 0 -0.867062 0.498201
    outer loop
      vertex 10.6518 -10.9136 20.7939
      vertex 10.5618 -10.9656 20.7034
      vertex 10.6573 -10.9656 20.7034
    endloop
  endfacet
  facet normal -0.0847426 -0.399681 0.912729
    outer loop
      vertex 10.5618 -10.6582 20.9755
      vertex 10.5323 -10.749 20.933
      vertex 10.5934 -10.6649 20.9755
    endloop
  endfacet
  facet normal 0.707316 -0.636955 0.306582
    outer loop
      vertex 10.979 -10.7798 20.7034
      vertex 11.083 -10.6659 20.7001
      vertex 11.0822 -10.6652 20.7034
    endloop
  endfacet
  facet normal 0.707141 -0.636772 0.307364
    outer loop
      vertex 10.979 -10.7798 20.7034
      vertex 11.1236 -10.6672 20.604
      vertex 11.083 -10.6659 20.7001
    endloop
  endfacet
  facet normal 0.707255 -0.636315 0.308049
    outer loop
      vertex 11.1236 -10.6672 20.604
      vertex 10.979 -10.7798 20.7034
      vertex 11.0052 -10.7988 20.604
    endloop
  endfacet
  facet normal 0.239367 -0.538575 0.807862
    outer loop
      vertex 10.7345 -10.7278 20.933
      vertex 10.6868 -10.749 20.933
      vertex 10.7129 -10.8295 20.8716
    endloop
  endfacet
  facet normal -0.0436107 -0.205115 0.977766
    outer loop
      vertex 9.98526 -10.4317 20.9973
      vertex 10.5618 -10.6582 20.9755
      vertex 10.5934 -10.561 20.9973
    endloop
  endfacet
  facet normal -0.0435704 -0.205015 0.977789
    outer loop
      vertex 10.5618 -10.6582 20.9755
      vertex 9.98526 -10.4317 20.9973
      vertex 9.97457 -10.5334 20.9755
    endloop
  endfacet
  facet normal 0.352495 -0.792205 0.498155
    outer loop
      vertex 10.8379 -10.9069 20.7034
      vertex 10.7345 -10.896 20.7939
      vertex 10.7507 -10.9457 20.7034
    endloop
  endfacet
  facet normal 0.303541 -0.273302 0.912781
    outer loop
      vertex 10.8313 -10.4946 20.9755
      vertex 10.8118 -10.6582 20.933
      vertex 10.9302 -10.5267 20.933
    endloop
  endfacet
  facet normal 0.303541 -0.273302 0.912781
    outer loop
      vertex 10.8118 -10.6582 20.933
      vertex 10.8313 -10.4946 20.9755
      vertex 10.7129 -10.6261 20.9755
    endloop
  endfacet
  facet normal 0.346428 -0.477326 0.807556
    outer loop
      vertex 10.7768 -10.6971 20.933
      vertex 10.7345 -10.7278 20.933
      vertex 10.8334 -10.7599 20.8716
    endloop
  endfacet
  facet normal 0.553752 -0.498377 0.667068
    outer loop
      vertex 10.8802 -10.7079 20.8716
      vertex 10.8334 -10.7599 20.8716
      vertex 10.8802 -10.8119 20.7939
    endloop
  endfacet
  facet normal -0.0849294 -0.399624 0.912736
    outer loop
      vertex 9.97457 -10.5334 20.9755
      vertex 10.5323 -10.749 20.933
      vertex 10.5618 -10.6582 20.9755
    endloop
  endfacet
  facet normal -0.0848565 -0.399452 0.912819
    outer loop
      vertex 10.5323 -10.749 20.933
      vertex 9.97457 -10.5334 20.9755
      vertex 9.96459 -10.6284 20.933
    endloop
  endfacet
  facet normal -0.0434973 -0.205151 0.977763
    outer loop
      vertex 10.5934 -10.561 20.9973
      vertex 10.5618 -10.6582 20.9755
      vertex 10.5934 -10.6649 20.9755
    endloop
  endfacet
  facet normal 0.645021 -0.580856 0.496542
    outer loop
      vertex 11.0789 -10.6663 20.7064
      vertex 10.979 -10.7798 20.7034
      vertex 11.0822 -10.6652 20.7034
    endloop
  endfacet
  facet normal 0.644428 -0.58037 0.497878
    outer loop
      vertex 10.9986 -10.6804 20.7939
      vertex 10.979 -10.7798 20.7034
      vertex 11.0789 -10.6663 20.7064
    endloop
  endfacet
  facet normal 0.64453 -0.580322 0.497803
    outer loop
      vertex 10.979 -10.7798 20.7034
      vertex 10.9986 -10.6804 20.7939
      vertex 10.8802 -10.8119 20.7939
    endloop
  endfacet
  facet normal 0.43835 -0.394515 0.807593
    outer loop
      vertex 10.8802 -10.7079 20.8716
      vertex 10.7768 -10.6971 20.933
      vertex 10.8334 -10.7599 20.8716
    endloop
  endfacet
  facet normal 0.55359 -0.498441 0.667154
    outer loop
      vertex 10.8802 -10.7079 20.8716
      vertex 10.9986 -10.6804 20.7939
      vertex 10.9986 -10.5764 20.8716
    endloop
  endfacet
  facet normal 0.55359 -0.498441 0.667154
    outer loop
      vertex 10.9986 -10.6804 20.7939
      vertex 10.8802 -10.7079 20.8716
      vertex 10.8802 -10.8119 20.7939
    endloop
  endfacet
  facet normal 0.239875 -0.330512 0.91281
    outer loop
      vertex 10.7768 -10.6971 20.933
      vertex 10.7129 -10.6261 20.9755
      vertex 10.7345 -10.7278 20.933
    endloop
  endfacet
  facet normal 0.509702 -0.701481 0.498125
    outer loop
      vertex 10.8802 -10.8119 20.7939
      vertex 10.8118 -10.8616 20.7939
      vertex 10.8379 -10.9069 20.7034
    endloop
  endfacet
  facet normal -0.044512 -0.205142 0.977719
    outer loop
      vertex 10.5934 -10.561 20.9973
      vertex 10.5934 -10.6649 20.9755
      vertex 10.604 -10.5633 20.9973
    endloop
  endfacet
  facet normal 0.0850473 -0.399488 0.912785
    outer loop
      vertex 10.6868 -10.749 20.933
      vertex 10.6257 -10.6649 20.9755
      vertex 10.6356 -10.7599 20.933
    endloop
  endfacet
  facet normal -0.0851939 -0.399395 0.912812
    outer loop
      vertex 10.5934 -10.6649 20.9755
      vertex 10.5323 -10.749 20.933
      vertex 10.5834 -10.7599 20.933
    endloop
  endfacet
  facet normal 0.122223 -0.576557 0.807864
    outer loop
      vertex 10.6868 -10.749 20.933
      vertex 10.6445 -10.844 20.8716
      vertex 10.7129 -10.8295 20.8716
    endloop
  endfacet
  facet normal 0.154535 -0.728981 0.666862
    outer loop
      vertex 10.7129 -10.8295 20.8716
      vertex 10.6445 -10.844 20.8716
      vertex 10.7345 -10.896 20.7939
    endloop
  endfacet
  facet normal 0.438377 -0.394427 0.807622
    outer loop
      vertex 10.8118 -10.6582 20.933
      vertex 10.7768 -10.6971 20.933
      vertex 10.8802 -10.7079 20.8716
    endloop
  endfacet
  facet normal 0.16582 -0.373412 0.912725
    outer loop
      vertex 10.6868 -10.6451 20.9755
      vertex 10.6573 -10.6582 20.9755
      vertex 10.7345 -10.7278 20.933
    endloop
  endfacet
  facet normal 0.303597 -0.27316 0.912805
    outer loop
      vertex 10.8118 -10.6582 20.933
      vertex 10.7129 -10.6261 20.9755
      vertex 10.7768 -10.6971 20.933
    endloop
  endfacet
  facet normal 0.50996 -0.701422 0.497943
    outer loop
      vertex 10.8802 -10.8119 20.7939
      vertex 10.8379 -10.9069 20.7034
      vertex 10.9152 -10.8507 20.7034
    endloop
  endfacet
  facet normal 0.5597 -0.769837 0.306737
    outer loop
      vertex 10.9152 -10.8507 20.7034
      vertex 10.8379 -10.9069 20.7034
      vertex 10.854 -10.9348 20.604
    endloop
  endfacet
  facet normal 0.155053 -0.728573 0.667188
    outer loop
      vertex 10.7345 -10.896 20.7939
      vertex 10.6445 -10.844 20.8716
      vertex 10.6518 -10.9136 20.7939
    endloop
  endfacet
  facet normal 0.180479 -0.848046 0.498243
    outer loop
      vertex 10.7345 -10.896 20.7939
      vertex 10.6518 -10.9136 20.7939
      vertex 10.6573 -10.9656 20.7034
    endloop
  endfacet
  facet normal 0.0866127 -0.190548 0.97785
    outer loop
      vertex 10.6356 -10.5565 20.9973
      vertex 10.6257 -10.561 20.9973
      vertex 10.6868 -10.6451 20.9755
    endloop
  endfacet
  facet normal 0.123355 -0.169451 0.977788
    outer loop
      vertex 10.7129 -10.6261 20.9755
      vertex 10.6445 -10.5501 20.9973
      vertex 10.6868 -10.6451 20.9755
    endloop
  endfacet
  facet normal 0.0847426 -0.399681 0.912729
    outer loop
      vertex 10.6573 -10.6582 20.9755
      vertex 10.6257 -10.6649 20.9755
      vertex 10.6868 -10.749 20.933
    endloop
  endfacet
  facet normal 0.165918 -0.373316 0.912746
    outer loop
      vertex 10.7345 -10.7278 20.933
      vertex 10.6573 -10.6582 20.9755
      vertex 10.6868 -10.749 20.933
    endloop
  endfacet
  facet normal 0.438249 -0.39459 0.807612
    outer loop
      vertex 10.9302 -10.5267 20.933
      vertex 10.8802 -10.7079 20.8716
      vertex 10.9986 -10.5764 20.8716
    endloop
  endfacet
  facet normal 0.438249 -0.39459 0.807612
    outer loop
      vertex 10.8802 -10.7079 20.8716
      vertex 10.9302 -10.5267 20.933
      vertex 10.8118 -10.6582 20.933
    endloop
  endfacet
  facet normal 0.302854 -0.680541 0.66719
    outer loop
      vertex 10.7768 -10.801 20.8716
      vertex 10.7345 -10.896 20.7939
      vertex 10.8118 -10.8616 20.7939
    endloop
  endfacet
  facet normal 0.35253 -0.792167 0.49819
    outer loop
      vertex 10.8118 -10.8616 20.7939
      vertex 10.7345 -10.896 20.7939
      vertex 10.8379 -10.9069 20.7034
    endloop
  endfacet
  facet normal 0.30354 -0.680569 0.666851
    outer loop
      vertex 10.7768 -10.801 20.8716
      vertex 10.7129 -10.8295 20.8716
      vertex 10.7345 -10.896 20.7939
    endloop
  endfacet
  facet normal 0.240218 -0.538595 0.807596
    outer loop
      vertex 10.7345 -10.7278 20.933
      vertex 10.7129 -10.8295 20.8716
      vertex 10.7768 -10.801 20.8716
    endloop
  endfacet
  facet normal 0.0434973 -0.205151 0.977763
    outer loop
      vertex 10.6257 -10.561 20.9973
      vertex 10.6257 -10.6649 20.9755
      vertex 10.6573 -10.6582 20.9755
    endloop
  endfacet
  facet normal 0.0850964 -0.191629 0.977771
    outer loop
      vertex 10.6868 -10.6451 20.9755
      vertex 10.6257 -10.561 20.9973
      vertex 10.6573 -10.6582 20.9755
    endloop
  endfacet
  facet normal 0.5597 0.769837 0.306737
    outer loop
      vertex 10.854 10.9348 20.604
      vertex 10.8379 10.9069 20.7034
      vertex 10.9152 10.8507 20.7034
    endloop
  endfacet
  facet normal 0.0433681 0.204542 -0.977897
    outer loop
      vertex 10.6573 10.6582 0.0244722
      vertex 10.6257 10.561 0.00273991
      vertex 10.6257 10.6649 0.0244722
    endloop
  endfacet
  facet normal 0.154518 0.728898 -0.666958
    outer loop
      vertex 10.7129 10.8295 0.128428
      vertex 10.6445 10.844 0.128428
      vertex 10.7345 10.896 0.206108
    endloop
  endfacet
  facet normal 0.155053 0.728573 0.667188
    outer loop
      vertex 10.6518 10.9136 20.7939
      vertex 10.6445 10.844 20.8716
      vertex 10.7345 10.896 20.7939
    endloop
  endfacet
  facet normal 0.584164 0.804891 0.104417
    outer loop
      vertex 10.8595 10.9443 20.5
      vertex 10.854 10.9348 20.604
      vertex 10.9441 10.8829 20.5
    endloop
  endfacet
  facet normal -0.207923 0.978145 0
    outer loop
      vertex 10.455 10.9868 0.5
      vertex 9.93846 10.877 20.5
      vertex 10.455 10.9868 20.5
    endloop
  endfacet
  facet normal -0.207923 0.978145 0
    outer loop
      vertex 9.93846 10.877 20.5
      vertex 10.455 10.9868 0.5
      vertex 9.93846 10.877 0.5
    endloop
  endfacet
  facet normal 0.64453 0.580322 0.497803
    outer loop
      vertex 10.9986 10.6804 20.7939
      vertex 10.979 10.7798 20.7034
      vertex 10.8802 10.8119 20.7939
    endloop
  endfacet
  facet normal 0.644428 0.58037 0.497878
    outer loop
      vertex 11.0789 10.6663 20.7064
      vertex 10.979 10.7798 20.7034
      vertex 10.9986 10.6804 20.7939
    endloop
  endfacet
  facet normal 0.645021 0.580856 0.496542
    outer loop
      vertex 10.979 10.7798 20.7034
      vertex 11.0789 10.6663 20.7064
      vertex 11.0822 10.6652 20.7034
    endloop
  endfacet
  facet normal 0.558972 0.770098 0.307406
    outer loop
      vertex 10.9368 10.8747 20.604
      vertex 10.854 10.9348 20.604
      vertex 10.9152 10.8507 20.7034
    endloop
  endfacet
  facet normal 0.584199 0.804853 -0.104511
    outer loop
      vertex 10.9368 10.8747 0.396045
      vertex 10.854 10.9348 0.396045
      vertex 10.9441 10.8829 0.5
    endloop
  endfacet
  facet normal 0.180707 0.848144 -0.497992
    outer loop
      vertex 10.7345 10.896 0.206108
      vertex 10.6573 10.9656 0.296632
      vertex 10.7507 10.9457 0.296632
    endloop
  endfacet
  facet normal 0 1 -0
    outer loop
      vertex 10.6618 11.0085 0.5
      vertex 10.5572 11.0085 20.5
      vertex 10.6618 11.0085 20.5
    endloop
  endfacet
  facet normal 0 1 0
    outer loop
      vertex 10.5572 11.0085 20.5
      vertex 10.6618 11.0085 0.5
      vertex 10.5572 11.0085 0.5
    endloop
  endfacet
  facet normal 0.706883 0.637033 0.307419
    outer loop
      vertex 10.9368 10.8747 20.604
      vertex 10.9152 10.8507 20.7034
      vertex 11.0052 10.7988 20.604
    endloop
  endfacet
  facet normal 0.707264 0.636322 -0.308012
    outer loop
      vertex 11.1236 10.6672 0.396045
      vertex 10.979 10.7798 0.296632
      vertex 11.0052 10.7988 0.396045
    endloop
  endfacet
  facet normal 0.70714 0.636817 -0.307272
    outer loop
      vertex 11.083 10.6659 0.299916
      vertex 10.979 10.7798 0.296632
      vertex 11.1236 10.6672 0.396045
    endloop
  endfacet
  facet normal 0.706992 0.636663 -0.307935
    outer loop
      vertex 10.979 10.7798 0.296632
      vertex 11.083 10.6659 0.299916
      vertex 11.0822 10.6652 0.296632
    endloop
  endfacet
  facet normal 0.7388 0.665796 0.104354
    outer loop
      vertex 10.9441 10.8829 20.5
      vertex 10.9368 10.8747 20.604
      vertex 11.0052 10.7988 20.604
    endloop
  endfacet
  facet normal 0.584161 0.804887 -0.104462
    outer loop
      vertex 10.9441 10.8829 0.5
      vertex 10.854 10.9348 0.396045
      vertex 10.8595 10.9443 0.5
    endloop
  endfacet
  facet normal 0.406582 0.913614 -0
    outer loop
      vertex 10.8595 10.9443 0.5
      vertex 10.764 10.9868 20.5
      vertex 10.8595 10.9443 20.5
    endloop
  endfacet
  facet normal 0.406582 0.913614 0
    outer loop
      vertex 10.764 10.9868 20.5
      vertex 10.8595 10.9443 0.5
      vertex 10.764 10.9868 0.5
    endloop
  endfacet
  facet normal 0.587375 0.809315 -0
    outer loop
      vertex 10.9441 10.8829 0.5
      vertex 10.8595 10.9443 20.5
      vertex 10.9441 10.8829 20.5
    endloop
  endfacet
  facet normal 0.587375 0.809315 0
    outer loop
      vertex 10.8595 10.9443 20.5
      vertex 10.9441 10.8829 0.5
      vertex 10.8595 10.9443 0.5
    endloop
  endfacet
  facet normal 0.386886 0.869495 0.307079
    outer loop
      vertex 10.7606 10.9764 20.604
      vertex 10.7507 10.9457 20.7034
      vertex 10.8379 10.9069 20.7034
    endloop
  endfacet
  facet normal 0.346506 0.477184 0.807607
    outer loop
      vertex 10.7768 10.801 20.8716
      vertex 10.7345 10.7278 20.933
      vertex 10.8334 10.7599 20.8716
    endloop
  endfacet
  facet normal 0.207698 0.978193 -0
    outer loop
      vertex 10.764 10.9868 0.5
      vertex 10.6618 11.0085 20.5
      vertex 10.764 10.9868 20.5
    endloop
  endfacet
  facet normal 0.207698 0.978193 0
    outer loop
      vertex 10.6618 11.0085 20.5
      vertex 10.764 10.9868 0.5
      vertex 10.6618 11.0085 0.5
    endloop
  endfacet
  facet normal -0.207698 0.978193 0
    outer loop
      vertex 10.5572 11.0085 0.5
      vertex 10.455 10.9868 20.5
      vertex 10.5572 11.0085 20.5
    endloop
  endfacet
  facet normal -0.207698 0.978193 0
    outer loop
      vertex 10.455 10.9868 20.5
      vertex 10.5572 11.0085 0.5
      vertex 10.455 10.9868 0.5
    endloop
  endfacet
  facet normal 0.346576 0.477529 -0.807373
    outer loop
      vertex 10.7768 10.6971 0.066988
      vertex 10.7345 10.7278 0.066988
      vertex 10.8334 10.7599 0.128428
    endloop
  endfacet
  facet normal 0.559707 0.769846 -0.3067
    outer loop
      vertex 10.9152 10.8507 0.296632
      vertex 10.8379 10.9069 0.296632
      vertex 10.854 10.9348 0.396045
    endloop
  endfacet
  facet normal 0.240554 0.330445 -0.912655
    outer loop
      vertex 10.7129 10.6261 0.0244722
      vertex 10.6868 10.6451 0.0244722
      vertex 10.7345 10.7278 0.066988
    endloop
  endfacet
  facet normal 0.584202 0.804857 0.104466
    outer loop
      vertex 10.9441 10.8829 20.5
      vertex 10.854 10.9348 20.604
      vertex 10.9368 10.8747 20.604
    endloop
  endfacet
  facet normal 0.198307 0.930749 0.307216
    outer loop
      vertex 10.7606 10.9764 20.604
      vertex 10.6573 10.9656 20.7034
      vertex 10.7507 10.9457 20.7034
    endloop
  endfacet
  facet normal 0.352553 0.79222 -0.498091
    outer loop
      vertex 10.8118 10.8616 0.206108
      vertex 10.7345 10.896 0.206108
      vertex 10.8379 10.9069 0.296632
    endloop
  endfacet
  facet normal 0.303505 0.680491 -0.666946
    outer loop
      vertex 10.7768 10.801 0.128428
      vertex 10.7129 10.8295 0.128428
      vertex 10.7345 10.896 0.206108
    endloop
  endfacet
  facet normal 0.122823 0.576932 -0.807505
    outer loop
      vertex 10.6868 10.749 0.066988
      vertex 10.6356 10.7599 0.066988
      vertex 10.6445 10.844 0.128428
    endloop
  endfacet
  facet normal 0 0.994647 -0.103335
    outer loop
      vertex 10.6606 10.9977 0.396045
      vertex 10.5572 11.0085 0.5
      vertex 10.6618 11.0085 0.5
    endloop
  endfacet
  facet normal 0 0.994647 -0.103335
    outer loop
      vertex 10.5572 11.0085 0.5
      vertex 10.6606 10.9977 0.396045
      vertex 10.5584 10.9977 0.396045
    endloop
  endfacet
  facet normal -0.155035 0.728489 -0.667284
    outer loop
      vertex 10.5745 10.844 0.128428
      vertex 10.4845 10.896 0.206108
      vertex 10.5672 10.9136 0.206108
    endloop
  endfacet
  facet normal 0.743406 0.66884 0
    outer loop
      vertex 11.0625 10.7513 20.5
      vertex 10.9441 10.8829 0.5
      vertex 10.9441 10.8829 20.5
    endloop
  endfacet
  facet normal 0.743406 0.66884 0
    outer loop
      vertex 10.9441 10.8829 0.5
      vertex 11.0625 10.7513 20.5
      vertex 11.0625 10.7513 0.5
    endloop
  endfacet
  facet normal 0.739407 0.665241 -0.103593
    outer loop
      vertex 11.0625 10.7513 0.5
      vertex 11.0052 10.7988 0.396045
      vertex 10.9441 10.8829 0.5
    endloop
  endfacet
  facet normal 0.739407 0.665241 -0.103593
    outer loop
      vertex 11.0052 10.7988 0.396045
      vertex 11.0625 10.7513 0.5
      vertex 11.1236 10.6672 0.396045
    endloop
  endfacet
  facet normal 0.206571 0.972884 0.104042
    outer loop
      vertex 10.764 10.9868 20.5
      vertex 10.6618 11.0085 20.5
      vertex 10.7606 10.9764 20.604
    endloop
  endfacet
  facet normal 0.23995 0.330615 -0.912753
    outer loop
      vertex 10.7768 10.6971 0.066988
      vertex 10.7129 10.6261 0.0244722
      vertex 10.7345 10.7278 0.066988
    endloop
  endfacet
  facet normal 0.20721 0.972815 0.103414
    outer loop
      vertex 10.6618 11.0085 20.5
      vertex 10.6606 10.9977 20.604
      vertex 10.7606 10.9764 20.604
    endloop
  endfacet
  facet normal 0.180479 0.848046 0.498243
    outer loop
      vertex 10.6573 10.9656 20.7034
      vertex 10.6518 10.9136 20.7939
      vertex 10.7345 10.896 20.7939
    endloop
  endfacet
  facet normal 0.240218 0.538595 0.807596
    outer loop
      vertex 10.7768 10.801 20.8716
      vertex 10.7129 10.8295 20.8716
      vertex 10.7345 10.7278 20.933
    endloop
  endfacet
  facet normal -0.20665 0.972867 0.104043
    outer loop
      vertex 10.455 10.9868 20.5
      vertex 9.9396 10.8662 20.604
      vertex 10.4584 10.9764 20.604
    endloop
  endfacet
  facet normal -0.20681 0.972912 0.1033
    outer loop
      vertex 9.9396 10.8662 20.604
      vertex 10.455 10.9868 20.5
      vertex 9.93846 10.877 20.5
    endloop
  endfacet
  facet normal -0.0847688 0.399805 -0.912672
    outer loop
      vertex 10.5618 10.6582 0.0244722
      vertex 10.5323 10.749 0.066988
      vertex 10.5934 10.6649 0.0244722
    endloop
  endfacet
  facet normal -0.0434811 0.204506 -0.977899
    outer loop
      vertex 9.98526 10.4317 0.00273991
      vertex 10.5618 10.6582 0.0244722
      vertex 10.5934 10.561 0.00273991
    endloop
  endfacet
  facet normal -0.043441 0.204406 -0.977922
    outer loop
      vertex 10.5618 10.6582 0.0244722
      vertex 9.98526 10.4317 0.00273991
      vertex 9.97457 10.5334 0.0244722
    endloop
  endfacet
  facet normal -0.0443798 0.204533 -0.977853
    outer loop
      vertex 10.604 10.5633 0.00273991
      vertex 10.5934 10.561 0.00273991
      vertex 10.5934 10.6649 0.0244722
    endloop
  endfacet
  facet normal 0.24032 0.538824 -0.807413
    outer loop
      vertex 10.7345 10.7278 0.066988
      vertex 10.7129 10.8295 0.128428
      vertex 10.7768 10.801 0.128428
    endloop
  endfacet
  facet normal 0.122275 0.576802 -0.807681
    outer loop
      vertex 10.6868 10.749 0.066988
      vertex 10.6445 10.844 0.128428
      vertex 10.7129 10.8295 0.128428
    endloop
  endfacet
  facet normal 0.50996 0.701422 0.497943
    outer loop
      vertex 10.9152 10.8507 20.7034
      vertex 10.8379 10.9069 20.7034
      vertex 10.8802 10.8119 20.7939
    endloop
  endfacet
  facet normal 0.707255 0.636315 0.308049
    outer loop
      vertex 10.979 10.7798 20.7034
      vertex 11.1236 10.6672 20.604
      vertex 11.0052 10.7988 20.604
    endloop
  endfacet
  facet normal 0.707141 0.636772 0.307364
    outer loop
      vertex 10.979 10.7798 20.7034
      vertex 11.083 10.6659 20.7001
      vertex 11.1236 10.6672 20.604
    endloop
  endfacet
  facet normal 0.707316 0.636955 0.306582
    outer loop
      vertex 11.083 10.6659 20.7001
      vertex 10.979 10.7798 20.7034
      vertex 11.0822 10.6652 20.7034
    endloop
  endfacet
  facet normal 0.404642 0.908498 0.104387
    outer loop
      vertex 10.8595 10.9443 20.5
      vertex 10.7606 10.9764 20.604
      vertex 10.854 10.9348 20.604
    endloop
  endfacet
  facet normal 0.387248 0.869446 0.306763
    outer loop
      vertex 10.854 10.9348 20.604
      vertex 10.7606 10.9764 20.604
      vertex 10.8379 10.9069 20.7034
    endloop
  endfacet
  facet normal 0.207209 0.972811 -0.103458
    outer loop
      vertex 10.7606 10.9764 0.396045
      vertex 10.6606 10.9977 0.396045
      vertex 10.6618 11.0085 0.5
    endloop
  endfacet
  facet normal 0.437684 0.602747 -0.667179
    outer loop
      vertex 10.8334 10.7599 0.128428
      vertex 10.7768 10.801 0.128428
      vertex 10.8802 10.8119 0.206108
    endloop
  endfacet
  facet normal 0.155035 0.728489 -0.667284
    outer loop
      vertex 10.7345 10.896 0.206108
      vertex 10.6445 10.844 0.128428
      vertex 10.6518 10.9136 0.206108
    endloop
  endfacet
  facet normal 0.558979 0.770108 -0.30737
    outer loop
      vertex 10.9152 10.8507 0.296632
      vertex 10.854 10.9348 0.396045
      vertex 10.9368 10.8747 0.396045
    endloop
  endfacet
  facet normal 0.738797 0.665793 -0.104398
    outer loop
      vertex 11.0052 10.7988 0.396045
      vertex 10.9368 10.8747 0.396045
      vertex 10.9441 10.8829 0.5
    endloop
  endfacet
  facet normal 0.20657 0.97288 -0.104086
    outer loop
      vertex 10.7606 10.9764 0.396045
      vertex 10.6618 11.0085 0.5
      vertex 10.764 10.9868 0.5
    endloop
  endfacet
  facet normal 0.404372 0.908648 -0.10413
    outer loop
      vertex 10.8595 10.9443 0.5
      vertex 10.7606 10.9764 0.396045
      vertex 10.764 10.9868 0.5
    endloop
  endfacet
  facet normal 0.404374 0.908652 0.104085
    outer loop
      vertex 10.764 10.9868 20.5
      vertex 10.7606 10.9764 20.604
      vertex 10.8595 10.9443 20.5
    endloop
  endfacet
  facet normal 0.35253 0.792167 0.49819
    outer loop
      vertex 10.8379 10.9069 20.7034
      vertex 10.7345 10.896 20.7939
      vertex 10.8118 10.8616 20.7939
    endloop
  endfacet
  facet normal 0.154535 0.728981 0.666862
    outer loop
      vertex 10.7345 10.896 20.7939
      vertex 10.6445 10.844 20.8716
      vertex 10.7129 10.8295 20.8716
    endloop
  endfacet
  facet normal -0.18036 0.848103 0.498189
    outer loop
      vertex 9.94298 10.834 20.7034
      vertex 10.4845 10.896 20.7939
      vertex 10.5618 10.9656 20.7034
    endloop
  endfacet
  facet normal -0.180292 0.848527 0.497491
    outer loop
      vertex 10.4845 10.896 20.7939
      vertex 9.94298 10.834 20.7034
      vertex 9.94844 10.7821 20.7939
    endloop
  endfacet
  facet normal 0.180696 0.848089 0.498091
    outer loop
      vertex 10.7507 10.9457 20.7034
      vertex 10.6573 10.9656 20.7034
      vertex 10.7345 10.896 20.7939
    endloop
  endfacet
  facet normal 0.352495 0.792205 0.498155
    outer loop
      vertex 10.7507 10.9457 20.7034
      vertex 10.7345 10.896 20.7939
      vertex 10.8379 10.9069 20.7034
    endloop
  endfacet
  facet normal 0 0.951609 0.30731
    outer loop
      vertex 10.6606 10.9977 20.604
      vertex 10.5618 10.9656 20.7034
      vertex 10.6573 10.9656 20.7034
    endloop
  endfacet
  facet normal 0 0.951609 0.30731
    outer loop
      vertex 10.5618 10.9656 20.7034
      vertex 10.6606 10.9977 20.604
      vertex 10.5584 10.9977 20.604
    endloop
  endfacet
  facet normal 0.198255 0.930776 0.307165
    outer loop
      vertex 10.6606 10.9977 20.604
      vertex 10.6573 10.9656 20.7034
      vertex 10.7606 10.9764 20.604
    endloop
  endfacet
  facet normal -0.198243 0.930719 0.307345
    outer loop
      vertex 10.5584 10.9977 20.604
      vertex 10.4584 10.9764 20.604
      vertex 10.5618 10.9656 20.7034
    endloop
  endfacet
  facet normal 0 0.994651 0.103291
    outer loop
      vertex 10.6618 11.0085 20.5
      vertex 10.5584 10.9977 20.604
      vertex 10.6606 10.9977 20.604
    endloop
  endfacet
  facet normal 0 0.994651 0.103291
    outer loop
      vertex 10.5584 10.9977 20.604
      vertex 10.6618 11.0085 20.5
      vertex 10.5572 11.0085 20.5
    endloop
  endfacet
  facet normal -0.197962 0.930871 0.307069
    outer loop
      vertex 10.4584 10.9764 20.604
      vertex 9.94298 10.834 20.7034
      vertex 10.5618 10.9656 20.7034
    endloop
  endfacet
  facet normal -0.197665 0.930569 0.308173
    outer loop
      vertex 9.94298 10.834 20.7034
      vertex 10.4584 10.9764 20.604
      vertex 9.9396 10.8662 20.604
    endloop
  endfacet
  facet normal 0.0434973 0.205151 0.977763
    outer loop
      vertex 10.6257 10.6649 20.9755
      vertex 10.6257 10.561 20.9973
      vertex 10.6573 10.6582 20.9755
    endloop
  endfacet
  facet normal -0.122579 0.577024 -0.807476
    outer loop
      vertex 9.95575 10.7125 0.128428
      vertex 10.5323 10.749 0.066988
      vertex 9.96459 10.6284 0.066988
    endloop
  endfacet
  facet normal -0.122582 0.576786 -0.807646
    outer loop
      vertex 10.5323 10.749 0.066988
      vertex 9.95575 10.7125 0.128428
      vertex 10.5745 10.844 0.128428
    endloop
  endfacet
  facet normal -0.0849557 0.399748 -0.91268
    outer loop
      vertex 9.97457 10.5334 0.0244722
      vertex 10.5323 10.749 0.066988
      vertex 10.5618 10.6582 0.0244722
    endloop
  endfacet
  facet normal -0.0848828 0.399576 -0.912762
    outer loop
      vertex 10.5323 10.749 0.066988
      vertex 9.97457 10.5334 0.0244722
      vertex 9.96459 10.6284 0.066988
    endloop
  endfacet
  facet normal 0.303691 0.273244 -0.912748
    outer loop
      vertex 10.8118 10.6582 0.066988
      vertex 10.7129 10.6261 0.0244722
      vertex 10.7768 10.6971 0.066988
    endloop
  endfacet
  facet normal -0.154853 0.728633 -0.667169
    outer loop
      vertex 9.95575 10.7125 0.128428
      vertex 10.4845 10.896 0.206108
      vertex 10.5745 10.844 0.128428
    endloop
  endfacet
  facet normal -0.154793 0.728519 -0.667308
    outer loop
      vertex 10.4845 10.896 0.206108
      vertex 9.95575 10.7125 0.128428
      vertex 9.94844 10.7821 0.206108
    endloop
  endfacet
  facet normal 0.302819 0.680463 -0.667286
    outer loop
      vertex 10.7768 10.801 0.128428
      vertex 10.7345 10.896 0.206108
      vertex 10.8118 10.8616 0.206108
    endloop
  endfacet
  facet normal 0.346653 0.477386 -0.807424
    outer loop
      vertex 10.8334 10.7599 0.128428
      vertex 10.7345 10.7278 0.066988
      vertex 10.7768 10.801 0.128428
    endloop
  endfacet
  facet normal 0.706891 0.63704 -0.307383
    outer loop
      vertex 11.0052 10.7988 0.396045
      vertex 10.9152 10.8507 0.296632
      vertex 10.9368 10.8747 0.396045
    endloop
  endfacet
  facet normal 0.73941 0.665244 0.103549
    outer loop
      vertex 11.0052 10.7988 20.604
      vertex 11.0625 10.7513 20.5
      vertex 10.9441 10.8829 20.5
    endloop
  endfacet
  facet normal 0.73941 0.665244 0.103549
    outer loop
      vertex 11.0625 10.7513 20.5
      vertex 11.0052 10.7988 20.604
      vertex 11.1236 10.6672 20.604
    endloop
  endfacet
  facet normal 0.707198 0.636379 0.308046
    outer loop
      vertex 11.0052 10.7988 20.604
      vertex 10.9152 10.8507 20.7034
      vertex 10.979 10.7798 20.7034
    endloop
  endfacet
  facet normal 0.644617 0.580064 0.49799
    outer loop
      vertex 10.9152 10.8507 20.7034
      vertex 10.8802 10.8119 20.7939
      vertex 10.979 10.7798 20.7034
    endloop
  endfacet
  facet normal -0.20657 0.97288 -0.104086
    outer loop
      vertex 10.4584 10.9764 0.396045
      vertex 10.455 10.9868 0.5
      vertex 10.5572 11.0085 0.5
    endloop
  endfacet
  facet normal -0.207209 0.972811 -0.103458
    outer loop
      vertex 10.5584 10.9977 0.396045
      vertex 10.4584 10.9764 0.396045
      vertex 10.5572 11.0085 0.5
    endloop
  endfacet
  facet normal -0.180509 0.848186 -0.497994
    outer loop
      vertex 10.5672 10.9136 0.206108
      vertex 10.4845 10.896 0.206108
      vertex 10.5618 10.9656 0.296632
    endloop
  endfacet
  facet normal -0.180372 0.848158 -0.49809
    outer loop
      vertex 10.4845 10.896 0.206108
      vertex 9.94298 10.834 0.296632
      vertex 10.5618 10.9656 0.296632
    endloop
  endfacet
  facet normal -0.180304 0.848582 -0.497392
    outer loop
      vertex 9.94298 10.834 0.296632
      vertex 10.4845 10.896 0.206108
      vertex 9.94844 10.7821 0.206108
    endloop
  endfacet
  facet normal 0.239468 0.538804 -0.807679
    outer loop
      vertex 10.7345 10.7278 0.066988
      vertex 10.6868 10.749 0.066988
      vertex 10.7129 10.8295 0.128428
    endloop
  endfacet
  facet normal -0.198246 0.930731 -0.307309
    outer loop
      vertex 10.5618 10.9656 0.296632
      vertex 10.4584 10.9764 0.396045
      vertex 10.5584 10.9977 0.396045
    endloop
  endfacet
  facet normal -0.197964 0.930882 -0.307032
    outer loop
      vertex 9.94298 10.834 0.296632
      vertex 10.4584 10.9764 0.396045
      vertex 10.5618 10.9656 0.296632
    endloop
  endfacet
  facet normal -0.197668 0.93058 -0.308137
    outer loop
      vertex 10.4584 10.9764 0.396045
      vertex 9.94298 10.834 0.296632
      vertex 9.9396 10.8662 0.396045
    endloop
  endfacet
  facet normal 0.387253 0.869456 -0.306726
    outer loop
      vertex 10.8379 10.9069 0.296632
      vertex 10.7606 10.9764 0.396045
      vertex 10.854 10.9348 0.396045
    endloop
  endfacet
  facet normal 0.40464 0.908494 -0.104432
    outer loop
      vertex 10.854 10.9348 0.396045
      vertex 10.7606 10.9764 0.396045
      vertex 10.8595 10.9443 0.5
    endloop
  endfacet
  facet normal 0.198258 0.930788 -0.307128
    outer loop
      vertex 10.7606 10.9764 0.396045
      vertex 10.6573 10.9656 0.296632
      vertex 10.6606 10.9977 0.396045
    endloop
  endfacet
  facet normal 0.352518 0.792257 -0.498056
    outer loop
      vertex 10.8379 10.9069 0.296632
      vertex 10.7345 10.896 0.206108
      vertex 10.7507 10.9457 0.296632
    endloop
  endfacet
  facet normal 0.437851 0.602595 0.667208
    outer loop
      vertex 10.8118 10.8616 20.7939
      vertex 10.7768 10.801 20.8716
      vertex 10.8802 10.8119 20.7939
    endloop
  endfacet
  facet normal 0.509702 0.701481 0.498125
    outer loop
      vertex 10.8379 10.9069 20.7034
      vertex 10.8118 10.8616 20.7939
      vertex 10.8802 10.8119 20.7939
    endloop
  endfacet
  facet normal 0 0.867062 0.498201
    outer loop
      vertex 10.6573 10.9656 20.7034
      vertex 10.5672 10.9136 20.7939
      vertex 10.6518 10.9136 20.7939
    endloop
  endfacet
  facet normal 0 0.867062 0.498201
    outer loop
      vertex 10.5672 10.9136 20.7939
      vertex 10.6573 10.9656 20.7034
      vertex 10.5618 10.9656 20.7034
    endloop
  endfacet
  facet normal -0.180497 0.84813 0.498093
    outer loop
      vertex 10.5618 10.9656 20.7034
      vertex 10.4845 10.896 20.7939
      vertex 10.5672 10.9136 20.7939
    endloop
  endfacet
  facet normal -0.155053 0.728573 0.667188
    outer loop
      vertex 10.5672 10.9136 20.7939
      vertex 10.4845 10.896 20.7939
      vertex 10.5745 10.844 20.8716
    endloop
  endfacet
  facet normal -0.12253 0.576541 0.807828
    outer loop
      vertex 9.95575 10.7125 20.8716
      vertex 10.5323 10.749 20.933
      vertex 10.5745 10.844 20.8716
    endloop
  endfacet
  facet normal -0.122527 0.576779 0.807659
    outer loop
      vertex 10.5323 10.749 20.933
      vertex 9.95575 10.7125 20.8716
      vertex 9.96459 10.6284 20.933
    endloop
  endfacet
  facet normal -0.20721 0.972815 0.103414
    outer loop
      vertex 10.5572 11.0085 20.5
      vertex 10.4584 10.9764 20.604
      vertex 10.5584 10.9977 20.604
    endloop
  endfacet
  facet normal -0.206571 0.972884 0.104042
    outer loop
      vertex 10.5572 11.0085 20.5
      vertex 10.455 10.9868 20.5
      vertex 10.4584 10.9764 20.604
    endloop
  endfacet
  facet normal -0.123057 0.576899 -0.807493
    outer loop
      vertex 10.5834 10.7599 0.066988
      vertex 10.5323 10.749 0.066988
      vertex 10.5745 10.844 0.128428
    endloop
  endfacet
  facet normal -0.0852203 0.399519 -0.912755
    outer loop
      vertex 10.5934 10.6649 0.0244722
      vertex 10.5323 10.749 0.066988
      vertex 10.5834 10.7599 0.066988
    endloop
  endfacet
  facet normal 0.0850736 0.399612 -0.912728
    outer loop
      vertex 10.6868 10.749 0.066988
      vertex 10.6257 10.6649 0.0244722
      vertex 10.6356 10.7599 0.066988
    endloop
  endfacet
  facet normal 0.0863554 0.189982 -0.977982
    outer loop
      vertex 10.6356 10.5565 0.00273991
      vertex 10.6257 10.561 0.00273991
      vertex 10.6868 10.6451 0.0244722
    endloop
  endfacet
  facet normal 0.0848437 0.19106 -0.977905
    outer loop
      vertex 10.6868 10.6451 0.0244722
      vertex 10.6257 10.561 0.00273991
      vertex 10.6573 10.6582 0.0244722
    endloop
  endfacet
  facet normal 0 0.589906 -0.807472
    outer loop
      vertex 10.5834 10.7599 0.066988
      vertex 10.6445 10.844 0.128428
      vertex 10.6356 10.7599 0.066988
    endloop
  endfacet
  facet normal 0 0.589906 -0.807472
    outer loop
      vertex 10.6445 10.844 0.128428
      vertex 10.5834 10.7599 0.066988
      vertex 10.5745 10.844 0.128428
    endloop
  endfacet
  facet normal 0 0.74478 -0.66731
    outer loop
      vertex 10.6445 10.844 0.128428
      vertex 10.5672 10.9136 0.206108
      vertex 10.6518 10.9136 0.206108
    endloop
  endfacet
  facet normal 0 0.74478 -0.66731
    outer loop
      vertex 10.5672 10.9136 0.206108
      vertex 10.6445 10.844 0.128428
      vertex 10.5745 10.844 0.128428
    endloop
  endfacet
  facet normal 0.438435 0.394758 -0.807429
    outer loop
      vertex 10.9302 10.5267 0.066988
      vertex 10.8802 10.7079 0.128428
      vertex 10.9986 10.5764 0.128428
    endloop
  endfacet
  facet normal 0.438435 0.394758 -0.807429
    outer loop
      vertex 10.8802 10.7079 0.128428
      vertex 10.9302 10.5267 0.066988
      vertex 10.8118 10.6582 0.066988
    endloop
  endfacet
  facet normal 0.438537 0.394683 -0.80741
    outer loop
      vertex 10.8802 10.7079 0.128428
      vertex 10.7768 10.6971 0.066988
      vertex 10.8334 10.7599 0.128428
    endloop
  endfacet
  facet normal 0.509994 0.701469 -0.497843
    outer loop
      vertex 10.8802 10.8119 0.206108
      vertex 10.8379 10.9069 0.296632
      vertex 10.9152 10.8507 0.296632
    endloop
  endfacet
  facet normal 0.438249 0.39459 0.807612
    outer loop
      vertex 10.8802 10.7079 20.8716
      vertex 10.9302 10.5267 20.933
      vertex 10.9986 10.5764 20.8716
    endloop
  endfacet
  facet normal 0.438249 0.39459 0.807612
    outer loop
      vertex 10.9302 10.5267 20.933
      vertex 10.8802 10.7079 20.8716
      vertex 10.8118 10.6582 20.933
    endloop
  endfacet
  facet normal 0.239367 0.538575 0.807862
    outer loop
      vertex 10.7129 10.8295 20.8716
      vertex 10.6868 10.749 20.933
      vertex 10.7345 10.7278 20.933
    endloop
  endfacet
  facet normal 0.165918 0.373316 0.912746
    outer loop
      vertex 10.6868 10.749 20.933
      vertex 10.6573 10.6582 20.9755
      vertex 10.7345 10.7278 20.933
    endloop
  endfacet
  facet normal -0.206649 0.972863 -0.104087
    outer loop
      vertex 9.9396 10.8662 0.396045
      vertex 10.455 10.9868 0.5
      vertex 10.4584 10.9764 0.396045
    endloop
  endfacet
  facet normal -0.206809 0.972908 -0.103344
    outer loop
      vertex 10.455 10.9868 0.5
      vertex 9.9396 10.8662 0.396045
      vertex 9.93846 10.877 0.5
    endloop
  endfacet
  facet normal 0.509735 0.701527 -0.498026
    outer loop
      vertex 10.8802 10.8119 0.206108
      vertex 10.8118 10.8616 0.206108
      vertex 10.8379 10.9069 0.296632
    endloop
  endfacet
  facet normal 0.4378 0.602526 -0.667303
    outer loop
      vertex 10.8802 10.8119 0.206108
      vertex 10.7768 10.801 0.128428
      vertex 10.8118 10.8616 0.206108
    endloop
  endfacet
  facet normal 0.180491 0.848101 -0.498144
    outer loop
      vertex 10.7345 10.896 0.206108
      vertex 10.6518 10.9136 0.206108
      vertex 10.6573 10.9656 0.296632
    endloop
  endfacet
  facet normal 0 0.951621 -0.307274
    outer loop
      vertex 10.6573 10.9656 0.296632
      vertex 10.5584 10.9977 0.396045
      vertex 10.6606 10.9977 0.396045
    endloop
  endfacet
  facet normal 0 0.951621 -0.307274
    outer loop
      vertex 10.5584 10.9977 0.396045
      vertex 10.6573 10.9656 0.296632
      vertex 10.5618 10.9656 0.296632
    endloop
  endfacet
  facet normal 0.122771 0.576687 0.807688
    outer loop
      vertex 10.6445 10.844 20.8716
      vertex 10.6356 10.7599 20.933
      vertex 10.6868 10.749 20.933
    endloop
  endfacet
  facet normal 0.0850473 0.399488 0.912785
    outer loop
      vertex 10.6356 10.7599 20.933
      vertex 10.6257 10.6649 20.9755
      vertex 10.6868 10.749 20.933
    endloop
  endfacet
  facet normal 0.12186 0.169462 -0.977974
    outer loop
      vertex 10.6445 10.5501 0.00273991
      vertex 10.6356 10.5565 0.00273991
      vertex 10.6868 10.6451 0.0244722
    endloop
  endfacet
  facet normal 0.438563 0.394594 -0.807439
    outer loop
      vertex 10.8118 10.6582 0.066988
      vertex 10.7768 10.6971 0.066988
      vertex 10.8802 10.7079 0.128428
    endloop
  endfacet
  facet normal 0.553752 0.498377 0.667068
    outer loop
      vertex 10.8802 10.8119 20.7939
      vertex 10.8334 10.7599 20.8716
      vertex 10.8802 10.7079 20.8716
    endloop
  endfacet
  facet normal 0.55359 0.498441 0.667154
    outer loop
      vertex 10.8802 10.7079 20.8716
      vertex 10.9986 10.6804 20.7939
      vertex 10.8802 10.8119 20.7939
    endloop
  endfacet
  facet normal 0.55359 0.498441 0.667154
    outer loop
      vertex 10.9986 10.6804 20.7939
      vertex 10.8802 10.7079 20.8716
      vertex 10.9986 10.5764 20.8716
    endloop
  endfacet
  facet normal -0.0849294 0.399624 0.912736
    outer loop
      vertex 10.5323 10.749 20.933
      vertex 9.97457 10.5334 20.9755
      vertex 10.5618 10.6582 20.9755
    endloop
  endfacet
  facet normal -0.0848565 0.399452 0.912819
    outer loop
      vertex 9.97457 10.5334 20.9755
      vertex 10.5323 10.749 20.933
      vertex 9.96459 10.6284 20.933
    endloop
  endfacet
  facet normal 0 0.744865 0.667215
    outer loop
      vertex 10.6518 10.9136 20.7939
      vertex 10.5745 10.844 20.8716
      vertex 10.6445 10.844 20.8716
    endloop
  endfacet
  facet normal 0 0.744865 0.667215
    outer loop
      vertex 10.5745 10.844 20.8716
      vertex 10.6518 10.9136 20.7939
      vertex 10.5672 10.9136 20.7939
    endloop
  endfacet
  facet normal 0.239875 0.330512 0.91281
    outer loop
      vertex 10.7345 10.7278 20.933
      vertex 10.7129 10.6261 20.9755
      vertex 10.7768 10.6971 20.933
    endloop
  endfacet
  facet normal -0.0847426 0.399681 0.912729
    outer loop
      vertex 10.5934 10.6649 20.9755
      vertex 10.5323 10.749 20.933
      vertex 10.5618 10.6582 20.9755
    endloop
  endfacet
  facet normal 0.303597 0.27316 0.912805
    outer loop
      vertex 10.7768 10.6971 20.933
      vertex 10.7129 10.6261 20.9755
      vertex 10.8118 10.6582 20.933
    endloop
  endfacet
  facet normal 0.437734 0.602817 0.667084
    outer loop
      vertex 10.8802 10.8119 20.7939
      vertex 10.7768 10.801 20.8716
      vertex 10.8334 10.7599 20.8716
    endloop
  endfacet
  facet normal 0.553688 0.49832 -0.667163
    outer loop
      vertex 10.8802 10.7079 0.128428
      vertex 10.8334 10.7599 0.128428
      vertex 10.8802 10.8119 0.206108
    endloop
  endfacet
  facet normal 0 0.867119 -0.498102
    outer loop
      vertex 10.6518 10.9136 0.206108
      vertex 10.5618 10.9656 0.296632
      vertex 10.6573 10.9656 0.296632
    endloop
  endfacet
  facet normal 0 0.867119 -0.498102
    outer loop
      vertex 10.5618 10.9656 0.296632
      vertex 10.6518 10.9136 0.206108
      vertex 10.5672 10.9136 0.206108
    endloop
  endfacet
  facet normal 0.19831 0.93076 -0.307179
    outer loop
      vertex 10.7507 10.9457 0.296632
      vertex 10.6573 10.9656 0.296632
      vertex 10.7606 10.9764 0.396045
    endloop
  endfacet
  facet normal 0.38689 0.869506 -0.307043
    outer loop
      vertex 10.8379 10.9069 0.296632
      vertex 10.7507 10.9457 0.296632
      vertex 10.7606 10.9764 0.396045
    endloop
  endfacet
  facet normal 0.24048 0.330343 0.912712
    outer loop
      vertex 10.7345 10.7278 20.933
      vertex 10.6868 10.6451 20.9755
      vertex 10.7129 10.6261 20.9755
    endloop
  endfacet
  facet normal 0.0847426 0.399681 0.912729
    outer loop
      vertex 10.6868 10.749 20.933
      vertex 10.6257 10.6649 20.9755
      vertex 10.6573 10.6582 20.9755
    endloop
  endfacet
  facet normal 0.122989 0.168948 -0.977921
    outer loop
      vertex 10.7129 10.6261 0.0244722
      vertex 10.6445 10.5501 0.00273991
      vertex 10.6868 10.6451 0.0244722
    endloop
  endfacet
  facet normal 0 0.209169 -0.97788
    outer loop
      vertex 10.604 10.5633 0.00273991
      vertex 10.6257 10.6649 0.0244722
      vertex 10.615 10.5633 0.00273991
    endloop
  endfacet
  facet normal 0 0.209169 -0.97788
    outer loop
      vertex 10.6257 10.6649 0.0244722
      vertex 10.604 10.5633 0.00273991
      vertex 10.5934 10.6649 0.0244722
    endloop
  endfacet
  facet normal 0 0.408493 -0.912762
    outer loop
      vertex 10.5934 10.6649 0.0244722
      vertex 10.6356 10.7599 0.066988
      vertex 10.6257 10.6649 0.0244722
    endloop
  endfacet
  facet normal 0 0.408493 -0.912762
    outer loop
      vertex 10.6356 10.7599 0.066988
      vertex 10.5934 10.6649 0.0244722
      vertex 10.5834 10.7599 0.066988
    endloop
  endfacet
  facet normal 0.155321 0.139848 -0.977915
    outer loop
      vertex 10.6445 10.5501 0.00273991
      vertex 10.8313 10.4946 0.0244722
      vertex 10.7629 10.4186 0.00273991
    endloop
  endfacet
  facet normal 0.155321 0.139848 -0.977915
    outer loop
      vertex 10.8313 10.4946 0.0244722
      vertex 10.6445 10.5501 0.00273991
      vertex 10.7129 10.6261 0.0244722
    endloop
  endfacet
  facet normal 0.438377 0.394427 0.807622
    outer loop
      vertex 10.8802 10.7079 20.8716
      vertex 10.7768 10.6971 20.933
      vertex 10.8118 10.6582 20.933
    endloop
  endfacet
  facet normal 0.16582 0.373412 0.912725
    outer loop
      vertex 10.7345 10.7278 20.933
      vertex 10.6573 10.6582 20.9755
      vertex 10.6868 10.6451 20.9755
    endloop
  endfacet
  facet normal 0.302854 0.680541 0.66719
    outer loop
      vertex 10.8118 10.8616 20.7939
      vertex 10.7345 10.896 20.7939
      vertex 10.7768 10.801 20.8716
    endloop
  endfacet
  facet normal 0.30354 0.680569 0.666851
    outer loop
      vertex 10.7345 10.896 20.7939
      vertex 10.7129 10.8295 20.8716
      vertex 10.7768 10.801 20.8716
    endloop
  endfacet
  facet normal -0.123004 0.576654 0.807676
    outer loop
      vertex 10.5745 10.844 20.8716
      vertex 10.5323 10.749 20.933
      vertex 10.5834 10.7599 20.933
    endloop
  endfacet
  facet normal 0.122223 0.576557 0.807864
    outer loop
      vertex 10.7129 10.8295 20.8716
      vertex 10.6445 10.844 20.8716
      vertex 10.6868 10.749 20.933
    endloop
  endfacet
  facet normal 0.43835 0.394515 0.807593
    outer loop
      vertex 10.8334 10.7599 20.8716
      vertex 10.7768 10.6971 20.933
      vertex 10.8802 10.7079 20.8716
    endloop
  endfacet
  facet normal 0.346428 0.477326 0.807556
    outer loop
      vertex 10.8334 10.7599 20.8716
      vertex 10.7345 10.7278 20.933
      vertex 10.7768 10.6971 20.933
    endloop
  endfacet
  facet normal 0.644659 0.580103 -0.497891
    outer loop
      vertex 10.979 10.7798 0.296632
      vertex 10.8802 10.8119 0.206108
      vertex 10.9152 10.8507 0.296632
    endloop
  endfacet
  facet normal 0.707207 0.636387 -0.30801
    outer loop
      vertex 10.979 10.7798 0.296632
      vertex 10.9152 10.8507 0.296632
      vertex 11.0052 10.7988 0.396045
    endloop
  endfacet
  facet normal 0.553526 0.498384 -0.66725
    outer loop
      vertex 10.8802 10.7079 0.128428
      vertex 10.9986 10.6804 0.206108
      vertex 10.9986 10.5764 0.128428
    endloop
  endfacet
  facet normal 0.553526 0.498384 -0.66725
    outer loop
      vertex 10.9986 10.6804 0.206108
      vertex 10.8802 10.7079 0.128428
      vertex 10.8802 10.8119 0.206108
    endloop
  endfacet
  facet normal 0 0.408366 0.912818
    outer loop
      vertex 10.6356 10.7599 20.933
      vertex 10.5934 10.6649 20.9755
      vertex 10.6257 10.6649 20.9755
    endloop
  endfacet
  facet normal 0 0.408366 0.912818
    outer loop
      vertex 10.5934 10.6649 20.9755
      vertex 10.6356 10.7599 20.933
      vertex 10.5834 10.7599 20.933
    endloop
  endfacet
  facet normal -0.154871 0.728717 0.667074
    outer loop
      vertex 10.4845 10.896 20.7939
      vertex 9.95575 10.7125 20.8716
      vertex 10.5745 10.844 20.8716
    endloop
  endfacet
  facet normal -0.154811 0.728602 0.667212
    outer loop
      vertex 9.95575 10.7125 20.8716
      vertex 10.4845 10.896 20.7939
      vertex 9.94844 10.7821 20.7939
    endloop
  endfacet
  facet normal -0.0433681 0.204542 -0.977897
    outer loop
      vertex 10.5934 10.561 0.00273991
      vertex 10.5618 10.6582 0.0244722
      vertex 10.5934 10.6649 0.0244722
    endloop
  endfacet
  facet normal 0.0847688 0.399805 -0.912672
    outer loop
      vertex 10.6573 10.6582 0.0244722
      vertex 10.6257 10.6649 0.0244722
      vertex 10.6868 10.749 0.066988
    endloop
  endfacet
  facet normal 0.16597 0.373432 -0.91269
    outer loop
      vertex 10.7345 10.7278 0.066988
      vertex 10.6573 10.6582 0.0244722
      vertex 10.6868 10.749 0.066988
    endloop
  endfacet
  facet normal 0 0.589655 0.807655
    outer loop
      vertex 10.6445 10.844 20.8716
      vertex 10.5834 10.7599 20.933
      vertex 10.6356 10.7599 20.933
    endloop
  endfacet
  facet normal 0 0.589655 0.807655
    outer loop
      vertex 10.5834 10.7599 20.933
      vertex 10.6445 10.844 20.8716
      vertex 10.5745 10.844 20.8716
    endloop
  endfacet
  facet normal 0.644572 0.58036 -0.497704
    outer loop
      vertex 10.979 10.7798 0.296632
      vertex 10.9986 10.6804 0.206108
      vertex 10.8802 10.8119 0.206108
    endloop
  endfacet
  facet normal 0.644503 0.580393 -0.497755
    outer loop
      vertex 10.979 10.7798 0.296632
      vertex 11.0789 10.6663 0.293641
      vertex 10.9986 10.6804 0.206108
    endloop
  endfacet
  facet normal 0.644542 0.580425 -0.497667
    outer loop
      vertex 11.0789 10.6663 0.293641
      vertex 10.979 10.7798 0.296632
      vertex 11.0822 10.6652 0.296632
    endloop
  endfacet
  facet normal 0.303541 0.273302 0.912781
    outer loop
      vertex 10.8118 10.6582 20.933
      vertex 10.8313 10.4946 20.9755
      vertex 10.9302 10.5267 20.933
    endloop
  endfacet
  facet normal 0.303541 0.273302 0.912781
    outer loop
      vertex 10.8313 10.4946 20.9755
      vertex 10.8118 10.6582 20.933
      vertex 10.7129 10.6261 20.9755
    endloop
  endfacet
  facet normal 0.165872 0.373528 -0.912668
    outer loop
      vertex 10.6868 10.6451 0.0244722
      vertex 10.6573 10.6582 0.0244722
      vertex 10.7345 10.7278 0.066988
    endloop
  endfacet
  facet normal 0.0439659 0.204537 -0.977871
    outer loop
      vertex 10.6257 10.561 0.00273991
      vertex 10.615 10.5633 0.00273991
      vertex 10.6257 10.6649 0.0244722
    endloop
  endfacet
  facet normal -0.0851939 0.399395 0.912812
    outer loop
      vertex 10.5834 10.7599 20.933
      vertex 10.5323 10.749 20.933
      vertex 10.5934 10.6649 20.9755
    endloop
  endfacet
  facet normal 0.303635 0.273387 -0.912724
    outer loop
      vertex 10.8313 10.4946 0.0244722
      vertex 10.8118 10.6582 0.066988
      vertex 10.9302 10.5267 0.066988
    endloop
  endfacet
  facet normal 0.303635 0.273387 -0.912724
    outer loop
      vertex 10.8118 10.6582 0.066988
      vertex 10.8313 10.4946 0.0244722
      vertex 10.7129 10.6261 0.0244722
    endloop
  endfacet
  facet normal 0.0850964 0.191629 0.977771
    outer loop
      vertex 10.6573 10.6582 20.9755
      vertex 10.6257 10.561 20.9973
      vertex 10.6868 10.6451 20.9755
    endloop
  endfacet
  facet normal 0.155783 0.140264 0.977782
    outer loop
      vertex 10.6445 10.5501 20.9973
      vertex 10.8313 10.4946 20.9755
      vertex 10.7129 10.6261 20.9755
    endloop
  endfacet
  facet normal 0.155783 0.140264 0.977782
    outer loop
      vertex 10.8313 10.4946 20.9755
      vertex 10.6445 10.5501 20.9973
      vertex 10.7629 10.4186 20.9973
    endloop
  endfacet
  facet normal 0.0866127 0.190548 0.97785
    outer loop
      vertex 10.6868 10.6451 20.9755
      vertex 10.6257 10.561 20.9973
      vertex 10.6356 10.5565 20.9973
    endloop
  endfacet
  facet normal 0 0.209792 0.977746
    outer loop
      vertex 10.6257 10.6649 20.9755
      vertex 10.604 10.5633 20.9973
      vertex 10.615 10.5633 20.9973
    endloop
  endfacet
  facet normal 0 0.209792 0.977746
    outer loop
      vertex 10.604 10.5633 20.9973
      vertex 10.6257 10.6649 20.9755
      vertex 10.5934 10.6649 20.9755
    endloop
  endfacet
  facet normal -0.044512 0.205142 0.977719
    outer loop
      vertex 10.5934 10.6649 20.9755
      vertex 10.5934 10.561 20.9973
      vertex 10.604 10.5633 20.9973
    endloop
  endfacet
  facet normal -0.0434973 0.205151 0.977763
    outer loop
      vertex 10.5934 10.6649 20.9755
      vertex 10.5618 10.6582 20.9755
      vertex 10.5934 10.561 20.9973
    endloop
  endfacet
  facet normal 0.0440968 0.205146 0.977737
    outer loop
      vertex 10.6257 10.6649 20.9755
      vertex 10.615 10.5633 20.9973
      vertex 10.6257 10.561 20.9973
    endloop
  endfacet
  facet normal -0.0436107 0.205115 0.977766
    outer loop
      vertex 10.5618 10.6582 20.9755
      vertex 9.98526 10.4317 20.9973
      vertex 10.5934 10.561 20.9973
    endloop
  endfacet
  facet normal -0.0435704 0.205015 0.977789
    outer loop
      vertex 9.98526 10.4317 20.9973
      vertex 10.5618 10.6582 20.9755
      vertex 9.97457 10.5334 20.9755
    endloop
  endfacet
  facet normal 0.123355 0.169451 0.977788
    outer loop
      vertex 10.6868 10.6451 20.9755
      vertex 10.6445 10.5501 20.9973
      vertex 10.7129 10.6261 20.9755
    endloop
  endfacet
  facet normal 0.122224 0.169967 0.977841
    outer loop
      vertex 10.6868 10.6451 20.9755
      vertex 10.6356 10.5565 20.9973
      vertex 10.6445 10.5501 20.9973
    endloop
  endfacet
  facet normal 0.749097 0.432485 -0.501808
    outer loop
      vertex 10.6239 4.8904 0.00273991
      vertex 6.87664 4.99617 -5.5
      vertex 9.47353 6.88293 0.00273991
    endloop
  endfacet
  facet normal 0.822651 -0.267266 -0.501811
    outer loop
      vertex 10.6976 -4.76286 0.00273991
      vertex 7.76514 -3.45726 -5.5
      vertex 11.4085 -2.57469 0.00273991
    endloop
  endfacet
  facet normal 0.860243 0.0904166 -0.501803
    outer loop
      vertex 11.7099 0 0.00273991
      vertex 8.5 0 -5.5
      vertex 11.4694 2.28817 0.00273991
    endloop
  endfacet
  facet normal 0.860239 0.0904525 -0.501805
    outer loop
      vertex 11.4694 2.28817 0.00273991
      vertex 8.31425 1.76725 -5.5
      vertex 11.454 2.43463 0.00273991
    endloop
  endfacet
  facet normal 0.860243 0.0904174 -0.501804
    outer loop
      vertex 8.31425 1.76725 -5.5
      vertex 11.4694 2.28817 0.00273991
      vertex 8.5 0 -5.5
    endloop
  endfacet
  facet normal 0.748974 -0.432801 -0.501718
    outer loop
      vertex 6.87664 -4.99617 -5.5
      vertex 10.6976 -4.76286 0.00273991
      vertex 10.6239 -4.8904 0.00273991
    endloop
  endfacet
  facet normal 0.74909 -0.432492 -0.501811
    outer loop
      vertex 10.6976 -4.76286 0.00273991
      vertex 6.87664 -4.99617 -5.5
      vertex 7.76514 -3.45726 -5.5
    endloop
  endfacet
  facet normal 0.508416 0.699788 -0.501806
    outer loop
      vertex 7.83547 8.70217 0.00273991
      vertex 5.68761 6.31673 -5.5
      vertex 5.97411 10.0545 0.00273991
    endloop
  endfacet
  facet normal -0.749097 0.432485 -0.501808
    outer loop
      vertex -6.87664 4.99617 -5.5
      vertex -10.6239 4.8904 0.00273991
      vertex -9.47353 6.88293 0.00273991
    endloop
  endfacet
  facet normal -0.860239 0.0904525 -0.501805
    outer loop
      vertex -8.31425 1.76725 -5.5
      vertex -11.4694 2.28817 0.00273991
      vertex -11.454 2.43463 0.00273991
    endloop
  endfacet
  facet normal -0.860243 0.0904174 -0.501804
    outer loop
      vertex -11.4694 2.28817 0.00273991
      vertex -8.31425 1.76725 -5.5
      vertex -8.5 0 -5.5
    endloop
  endfacet
  facet normal 0.508424 -0.699782 -0.501807
    outer loop
      vertex 5.68761 -6.31673 -5.5
      vertex 5.85497 -10.1411 0.00273991
      vertex 4.25 -7.36122 -5.5
    endloop
  endfacet
  facet normal 0.508593 -0.699697 -0.501754
    outer loop
      vertex 5.85497 -10.1411 0.00273991
      vertex 5.68761 -6.31673 -5.5
      vertex 5.97411 -10.0545 0.00273991
    endloop
  endfacet
  facet normal -0.860243 -0.0904174 -0.501804
    outer loop
      vertex -8.31425 -1.76725 -5.5
      vertex -11.4694 -2.28817 0.00273991
      vertex -8.5 0 -5.5
    endloop
  endfacet
  facet normal -0.860239 -0.0904525 -0.501805
    outer loop
      vertex -11.4694 -2.28817 0.00273991
      vertex -8.31425 -1.76725 -5.5
      vertex -11.454 -2.43463 0.00273991
    endloop
  endfacet
  facet normal 0.749097 -0.432485 -0.501808
    outer loop
      vertex 9.47353 -6.88293 0.00273991
      vertex 6.87664 -4.99617 -5.5
      vertex 10.6239 -4.8904 0.00273991
    endloop
  endfacet
  facet normal 0.351816 -0.790199 -0.501807
    outer loop
      vertex 5.85497 -10.1411 0.00273991
      vertex 3.75311 -11.0769 0.00273991
      vertex 4.25 -7.36122 -5.5
    endloop
  endfacet
  facet normal 0 0 -1
    outer loop
      vertex 4.5 0 -5.5
      vertex 8.5 0 -5.5
      vertex 8.31425 -1.76725 -5.5
    endloop
  endfacet
  facet normal 0 0 -1
    outer loop
      vertex 4.40166 -0.935602 -5.5
      vertex 8.31425 -1.76725 -5.5
      vertex 7.76514 -3.45726 -5.5
    endloop
  endfacet
  facet normal 0 0 -1
    outer loop
      vertex 8.5 0 -5.5
      vertex 4.5 0 -5.5
      vertex 8.31425 1.76725 -5.5
    endloop
  endfacet
  facet normal 0 0 -1
    outer loop
      vertex 4.11095 -1.83031 -5.5
      vertex 7.76514 -3.45726 -5.5
      vertex 6.87664 -4.99617 -5.5
    endloop
  endfacet
  facet normal 0 0 -1
    outer loop
      vertex 4.40166 0.935602 -5.5
      vertex 8.31425 1.76725 -5.5
      vertex 4.5 0 -5.5
    endloop
  endfacet
  facet normal 0 0 -1
    outer loop
      vertex 3.64058 -2.64503 -5.5
      vertex 6.87664 -4.99617 -5.5
      vertex 5.68761 -6.31673 -5.5
    endloop
  endfacet
  facet normal -0 0 -1
    outer loop
      vertex 8.31425 1.76725 -5.5
      vertex 4.40166 0.935602 -5.5
      vertex 7.76514 3.45726 -5.5
    endloop
  endfacet
  facet normal 0 0 -1
    outer loop
      vertex 4.11095 1.83031 -5.5
      vertex 7.76514 3.45726 -5.5
      vertex 4.40166 0.935602 -5.5
    endloop
  endfacet
  facet normal 0 0 -1
    outer loop
      vertex 8.31425 -1.76725 -5.5
      vertex 4.40166 -0.935602 -5.5
      vertex 4.5 0 -5.5
    endloop
  endfacet
  facet normal 0 0 -1
    outer loop
      vertex 3.01109 -3.34415 -5.5
      vertex 5.68761 -6.31673 -5.5
      vertex 4.25 -7.36122 -5.5
    endloop
  endfacet
  facet normal 0 0 -1
    outer loop
      vertex 7.76514 -3.45726 -5.5
      vertex 4.11095 -1.83031 -5.5
      vertex 4.40166 -0.935602 -5.5
    endloop
  endfacet
  facet normal 0 0 -1
    outer loop
      vertex 6.87664 -4.99617 -5.5
      vertex 3.64058 -2.64503 -5.5
      vertex 4.11095 -1.83031 -5.5
    endloop
  endfacet
  facet normal 0 0 -1
    outer loop
      vertex 5.68761 -6.31673 -5.5
      vertex 3.01109 -3.34415 -5.5
      vertex 3.64058 -2.64503 -5.5
    endloop
  endfacet
  facet normal 0 0 -1
    outer loop
      vertex 2.25 -3.89711 -5.5
      vertex 4.25 -7.36122 -5.5
      vertex 2.62664 -8.08398 -5.5
    endloop
  endfacet
  facet normal 0 0 -1
    outer loop
      vertex 4.25 -7.36122 -5.5
      vertex 2.25 -3.89711 -5.5
      vertex 3.01109 -3.34415 -5.5
    endloop
  endfacet
  facet normal 0 0 -1
    outer loop
      vertex 2.62664 -8.08398 -5.5
      vertex 1.39058 -4.27975 -5.5
      vertex 2.25 -3.89711 -5.5
    endloop
  endfacet
  facet normal 0 0 -1
    outer loop
      vertex 0.888492 -8.45344 -5.5
      vertex 1.39058 -4.27975 -5.5
      vertex 2.62664 -8.08398 -5.5
    endloop
  endfacet
  facet normal 0 0 -1
    outer loop
      vertex 0.888492 -8.45344 -5.5
      vertex 0.470378 -4.47535 -5.5
      vertex 1.39058 -4.27975 -5.5
    endloop
  endfacet
  facet normal 0 0 -1
    outer loop
      vertex 0.888492 -8.45344 -5.5
      vertex -0.470378 -4.47535 -5.5
      vertex 0.470378 -4.47535 -5.5
    endloop
  endfacet
  facet normal 0 0 -1
    outer loop
      vertex -0.888492 -8.45344 -5.5
      vertex -0.470378 -4.47535 -5.5
      vertex 0.888492 -8.45344 -5.5
    endloop
  endfacet
  facet normal 0 0 -1
    outer loop
      vertex -0.888492 -8.45344 -5.5
      vertex -1.39058 -4.27975 -5.5
      vertex -0.470378 -4.47535 -5.5
    endloop
  endfacet
  facet normal 0 0 -1
    outer loop
      vertex -2.62664 -8.08398 -5.5
      vertex -1.39058 -4.27975 -5.5
      vertex -0.888492 -8.45344 -5.5
    endloop
  endfacet
  facet normal -0 0 -1
    outer loop
      vertex -1.39058 -4.27975 -5.5
      vertex -2.62664 -8.08398 -5.5
      vertex -2.25 -3.89711 -5.5
    endloop
  endfacet
  facet normal 0 0 -1
    outer loop
      vertex -4.25 -7.36122 -5.5
      vertex -2.25 -3.89711 -5.5
      vertex -2.62664 -8.08398 -5.5
    endloop
  endfacet
  facet normal -0 0 -1
    outer loop
      vertex -2.25 -3.89711 -5.5
      vertex -4.25 -7.36122 -5.5
      vertex -3.01109 -3.34415 -5.5
    endloop
  endfacet
  facet normal 0 0 -1
    outer loop
      vertex -5.68761 -6.31673 -5.5
      vertex -3.01109 -3.34415 -5.5
      vertex -4.25 -7.36122 -5.5
    endloop
  endfacet
  facet normal -0 0 -1
    outer loop
      vertex -3.01109 -3.34415 -5.5
      vertex -5.68761 -6.31673 -5.5
      vertex -3.64058 -2.64503 -5.5
    endloop
  endfacet
  facet normal 0 0 -1
    outer loop
      vertex -6.87664 -4.99617 -5.5
      vertex -3.64058 -2.64503 -5.5
      vertex -5.68761 -6.31673 -5.5
    endloop
  endfacet
  facet normal -0 0 -1
    outer loop
      vertex -3.64058 -2.64503 -5.5
      vertex -6.87664 -4.99617 -5.5
      vertex -4.11095 -1.83031 -5.5
    endloop
  endfacet
  facet normal 0 0 -1
    outer loop
      vertex -7.76514 -3.45726 -5.5
      vertex -4.11095 -1.83031 -5.5
      vertex -6.87664 -4.99617 -5.5
    endloop
  endfacet
  facet normal -0 0 -1
    outer loop
      vertex 7.76514 3.45726 -5.5
      vertex 4.11095 1.83031 -5.5
      vertex 6.87664 4.99617 -5.5
    endloop
  endfacet
  facet normal 0 0 -1
    outer loop
      vertex 3.64058 2.64503 -5.5
      vertex 6.87664 4.99617 -5.5
      vertex 4.11095 1.83031 -5.5
    endloop
  endfacet
  facet normal -0 0 -1
    outer loop
      vertex 6.87664 4.99617 -5.5
      vertex 3.64058 2.64503 -5.5
      vertex 5.68761 6.31673 -5.5
    endloop
  endfacet
  facet normal 0 0 -1
    outer loop
      vertex 3.01109 3.34415 -5.5
      vertex 5.68761 6.31673 -5.5
      vertex 3.64058 2.64503 -5.5
    endloop
  endfacet
  facet normal -0 0 -1
    outer loop
      vertex 5.68761 6.31673 -5.5
      vertex 3.01109 3.34415 -5.5
      vertex 4.25 7.36122 -5.5
    endloop
  endfacet
  facet normal 0 0 -1
    outer loop
      vertex 2.25 3.89711 -5.5
      vertex 4.25 7.36122 -5.5
      vertex 3.01109 3.34415 -5.5
    endloop
  endfacet
  facet normal -0 0 -1
    outer loop
      vertex 4.25 7.36122 -5.5
      vertex 2.25 3.89711 -5.5
      vertex 2.62664 8.08398 -5.5
    endloop
  endfacet
  facet normal 0 0 -1
    outer loop
      vertex 1.39058 4.27975 -5.5
      vertex 2.62664 8.08398 -5.5
      vertex 2.25 3.89711 -5.5
    endloop
  endfacet
  facet normal 0 0 -1
    outer loop
      vertex 1.39058 4.27975 -5.5
      vertex 0.888492 8.45344 -5.5
      vertex 2.62664 8.08398 -5.5
    endloop
  endfacet
  facet normal 0 0 -1
    outer loop
      vertex 0.470378 4.47535 -5.5
      vertex 0.888492 8.45344 -5.5
      vertex 1.39058 4.27975 -5.5
    endloop
  endfacet
  facet normal 0 0 -1
    outer loop
      vertex -0.470378 4.47535 -5.5
      vertex 0.888492 8.45344 -5.5
      vertex 0.470378 4.47535 -5.5
    endloop
  endfacet
  facet normal 0 0 -1
    outer loop
      vertex -0.470378 4.47535 -5.5
      vertex -0.888492 8.45344 -5.5
      vertex 0.888492 8.45344 -5.5
    endloop
  endfacet
  facet normal 0 0 -1
    outer loop
      vertex -1.39058 4.27975 -5.5
      vertex -0.888492 8.45344 -5.5
      vertex -0.470378 4.47535 -5.5
    endloop
  endfacet
  facet normal 0 0 -1
    outer loop
      vertex -2.62664 8.08398 -5.5
      vertex -1.39058 4.27975 -5.5
      vertex -2.25 3.89711 -5.5
    endloop
  endfacet
  facet normal 0 0 -1
    outer loop
      vertex -1.39058 4.27975 -5.5
      vertex -2.62664 8.08398 -5.5
      vertex -0.888492 8.45344 -5.5
    endloop
  endfacet
  facet normal 0 0 -1
    outer loop
      vertex -4.25 7.36122 -5.5
      vertex -2.25 3.89711 -5.5
      vertex -3.01109 3.34415 -5.5
    endloop
  endfacet
  facet normal 0 0 -1
    outer loop
      vertex -5.68761 6.31673 -5.5
      vertex -3.01109 3.34415 -5.5
      vertex -3.64058 2.64503 -5.5
    endloop
  endfacet
  facet normal 0 0 -1
    outer loop
      vertex -6.87664 4.99617 -5.5
      vertex -3.64058 2.64503 -5.5
      vertex -4.11095 1.83031 -5.5
    endloop
  endfacet
  facet normal 0 0 -1
    outer loop
      vertex -2.25 3.89711 -5.5
      vertex -4.25 7.36122 -5.5
      vertex -2.62664 8.08398 -5.5
    endloop
  endfacet
  facet normal 0 0 -1
    outer loop
      vertex -7.76514 3.45726 -5.5
      vertex -4.11095 1.83031 -5.5
      vertex -4.40166 0.935602 -5.5
    endloop
  endfacet
  facet normal 0 0 -1
    outer loop
      vertex -8.31425 1.76725 -5.5
      vertex -4.40166 0.935602 -5.5
      vertex -4.5 0 -5.5
    endloop
  endfacet
  facet normal -0 0 -1
    outer loop
      vertex -4.11095 -1.83031 -5.5
      vertex -7.76514 -3.45726 -5.5
      vertex -4.40166 -0.935602 -5.5
    endloop
  endfacet
  facet normal 0 0 -1
    outer loop
      vertex -3.01109 3.34415 -5.5
      vertex -5.68761 6.31673 -5.5
      vertex -4.25 7.36122 -5.5
    endloop
  endfacet
  facet normal 0 0 -1
    outer loop
      vertex -8.31425 -1.76725 -5.5
      vertex -4.40166 -0.935602 -5.5
      vertex -7.76514 -3.45726 -5.5
    endloop
  endfacet
  facet normal 0 0 -1
    outer loop
      vertex -3.64058 2.64503 -5.5
      vertex -6.87664 4.99617 -5.5
      vertex -5.68761 6.31673 -5.5
    endloop
  endfacet
  facet normal -0 0 -1
    outer loop
      vertex -4.40166 -0.935602 -5.5
      vertex -8.31425 -1.76725 -5.5
      vertex -4.5 0 -5.5
    endloop
  endfacet
  facet normal 0 0 -1
    outer loop
      vertex -4.11095 1.83031 -5.5
      vertex -7.76514 3.45726 -5.5
      vertex -6.87664 4.99617 -5.5
    endloop
  endfacet
  facet normal 0 0 -1
    outer loop
      vertex -8.5 0 -5.5
      vertex -4.5 0 -5.5
      vertex -8.31425 -1.76725 -5.5
    endloop
  endfacet
  facet normal 0 0 -1
    outer loop
      vertex -4.40166 0.935602 -5.5
      vertex -8.31425 1.76725 -5.5
      vertex -7.76514 3.45726 -5.5
    endloop
  endfacet
  facet normal 0 0 -1
    outer loop
      vertex -4.5 0 -5.5
      vertex -8.5 0 -5.5
      vertex -8.31425 1.76725 -5.5
    endloop
  endfacet
  facet normal 0.860243 -0.0904166 -0.501803
    outer loop
      vertex 11.4694 -2.28817 0.00273991
      vertex 8.5 0 -5.5
      vertex 11.7099 0 0.00273991
    endloop
  endfacet
  facet normal -0.179855 0.846074 -0.501808
    outer loop
      vertex -0.888492 8.45344 -5.5
      vertex -3.47451 11.1674 0.00273991
      vertex -1.22402 11.6458 0.00273991
    endloop
  endfacet
  facet normal 0.642804 -0.578786 -0.501807
    outer loop
      vertex 7.83547 -8.70217 0.00273991
      vertex 5.68761 -6.31673 -5.5
      vertex 9.37499 -6.99237 0.00273991
    endloop
  endfacet
  facet normal 0.508416 -0.699788 -0.501806
    outer loop
      vertex 5.97411 -10.0545 0.00273991
      vertex 5.68761 -6.31673 -5.5
      vertex 7.83547 -8.70217 0.00273991
    endloop
  endfacet
  facet normal 0.179855 -0.846074 -0.501808
    outer loop
      vertex 1.22402 -11.6458 0.00273991
      vertex 0.888492 -8.45344 -5.5
      vertex 3.47451 -11.1674 0.00273991
    endloop
  endfacet
  facet normal 0.82266 -0.26725 -0.501805
    outer loop
      vertex 11.4085 -2.57469 0.00273991
      vertex 8.31425 -1.76725 -5.5
      vertex 11.454 -2.43463 0.00273991
    endloop
  endfacet
  facet normal 0.822647 -0.267291 -0.501804
    outer loop
      vertex 8.31425 -1.76725 -5.5
      vertex 11.4085 -2.57469 0.00273991
      vertex 7.76514 -3.45726 -5.5
    endloop
  endfacet
  facet normal 0.179842 -0.846079 -0.501804
    outer loop
      vertex 2.62664 -8.08398 -5.5
      vertex 3.47451 -11.1674 0.00273991
      vertex 0.888492 -8.45344 -5.5
    endloop
  endfacet
  facet normal 0.179723 -0.846106 -0.501801
    outer loop
      vertex 3.47451 -11.1674 0.00273991
      vertex 2.62664 -8.08398 -5.5
      vertex 3.61857 -11.1368 0.00273991
    endloop
  endfacet
  facet normal -0.351816 -0.790199 -0.501807
    outer loop
      vertex -3.75311 -11.0769 0.00273991
      vertex -5.85497 -10.1411 0.00273991
      vertex -4.25 -7.36122 -5.5
    endloop
  endfacet
  facet normal 0.642806 -0.578782 -0.501808
    outer loop
      vertex 9.47353 -6.88293 0.00273991
      vertex 5.68761 -6.31673 -5.5
      vertex 6.87664 -4.99617 -5.5
    endloop
  endfacet
  facet normal 0.642805 -0.578783 -0.501808
    outer loop
      vertex 5.68761 -6.31673 -5.5
      vertex 9.47353 -6.88293 0.00273991
      vertex 9.37499 -6.99237 0.00273991
    endloop
  endfacet
  facet normal -0.749097 -0.432485 -0.501808
    outer loop
      vertex -9.47353 -6.88293 0.00273991
      vertex -10.6239 -4.8904 0.00273991
      vertex -6.87664 -4.99617 -5.5
    endloop
  endfacet
  facet normal -0.74909 -0.432492 -0.501811
    outer loop
      vertex -6.87664 -4.99617 -5.5
      vertex -10.6976 -4.76286 0.00273991
      vertex -7.76514 -3.45726 -5.5
    endloop
  endfacet
  facet normal -0.748974 -0.432801 -0.501718
    outer loop
      vertex -10.6976 -4.76286 0.00273991
      vertex -6.87664 -4.99617 -5.5
      vertex -10.6239 -4.8904 0.00273991
    endloop
  endfacet
  facet normal -0.860243 0.0904166 -0.501803
    outer loop
      vertex -8.5 0 -5.5
      vertex -11.7099 0 0.00273991
      vertex -11.4694 2.28817 0.00273991
    endloop
  endfacet
  facet normal 0.822651 0.267266 -0.501811
    outer loop
      vertex 11.4085 2.57469 0.00273991
      vertex 7.76514 3.45726 -5.5
      vertex 10.6976 4.76286 0.00273991
    endloop
  endfacet
  facet normal -0.508593 -0.699697 -0.501754
    outer loop
      vertex -5.68761 -6.31673 -5.5
      vertex -5.85497 -10.1411 0.00273991
      vertex -5.97411 -10.0545 0.00273991
    endloop
  endfacet
  facet normal -0.508424 -0.699782 -0.501807
    outer loop
      vertex -5.85497 -10.1411 0.00273991
      vertex -5.68761 -6.31673 -5.5
      vertex -4.25 -7.36122 -5.5
    endloop
  endfacet
  facet normal 0.179723 0.846106 -0.501801
    outer loop
      vertex 2.62664 8.08398 -5.5
      vertex 3.47451 11.1674 0.00273991
      vertex 3.61857 11.1368 0.00273991
    endloop
  endfacet
  facet normal 0.179842 0.846079 -0.501804
    outer loop
      vertex 3.47451 11.1674 0.00273991
      vertex 2.62664 8.08398 -5.5
      vertex 0.888492 8.45344 -5.5
    endloop
  endfacet
  facet normal 0.860243 -0.0904174 -0.501804
    outer loop
      vertex 11.4694 -2.28817 0.00273991
      vertex 8.31425 -1.76725 -5.5
      vertex 8.5 0 -5.5
    endloop
  endfacet
  facet normal 0.860239 -0.0904525 -0.501805
    outer loop
      vertex 8.31425 -1.76725 -5.5
      vertex 11.4694 -2.28817 0.00273991
      vertex 11.454 -2.43463 0.00273991
    endloop
  endfacet
  facet normal -0.642806 -0.578782 -0.501808
    outer loop
      vertex -5.68761 -6.31673 -5.5
      vertex -9.47353 -6.88293 0.00273991
      vertex -6.87664 -4.99617 -5.5
    endloop
  endfacet
  facet normal -0.642805 -0.578783 -0.501808
    outer loop
      vertex -9.47353 -6.88293 0.00273991
      vertex -5.68761 -6.31673 -5.5
      vertex -9.37499 -6.99237 0.00273991
    endloop
  endfacet
  facet normal -0.179842 0.846079 -0.501804
    outer loop
      vertex -2.62664 8.08398 -5.5
      vertex -3.47451 11.1674 0.00273991
      vertex -0.888492 8.45344 -5.5
    endloop
  endfacet
  facet normal -0.179723 0.846106 -0.501801
    outer loop
      vertex -3.47451 11.1674 0.00273991
      vertex -2.62664 8.08398 -5.5
      vertex -3.61857 11.1368 0.00273991
    endloop
  endfacet
  facet normal -0.179855 -0.846074 -0.501808
    outer loop
      vertex -1.22402 -11.6458 0.00273991
      vertex -3.47451 -11.1674 0.00273991
      vertex -0.888492 -8.45344 -5.5
    endloop
  endfacet
  facet normal 0.351816 -0.790199 -0.501807
    outer loop
      vertex 4.25 -7.36122 -5.5
      vertex 3.61857 -11.1368 0.00273991
      vertex 2.62664 -8.08398 -5.5
    endloop
  endfacet
  facet normal 0.351813 -0.7902 -0.501808
    outer loop
      vertex 3.61857 -11.1368 0.00273991
      vertex 4.25 -7.36122 -5.5
      vertex 3.75311 -11.0769 0.00273991
    endloop
  endfacet
  facet normal 0 0.864979 -0.501809
    outer loop
      vertex 0.888492 8.45344 -5.5
      vertex -1.22402 11.6458 0.00273991
      vertex 1.22402 11.6458 0.00273991
    endloop
  endfacet
  facet normal 0 0.864979 -0.501809
    outer loop
      vertex -1.22402 11.6458 0.00273991
      vertex 0.888492 8.45344 -5.5
      vertex -0.888492 8.45344 -5.5
    endloop
  endfacet
  facet normal -0.822651 -0.267266 -0.501811
    outer loop
      vertex -10.6976 -4.76286 0.00273991
      vertex -11.4085 -2.57469 0.00273991
      vertex -7.76514 -3.45726 -5.5
    endloop
  endfacet
  facet normal -0.822647 0.267291 -0.501804
    outer loop
      vertex -8.31425 1.76725 -5.5
      vertex -11.4085 2.57469 0.00273991
      vertex -7.76514 3.45726 -5.5
    endloop
  endfacet
  facet normal -0.82266 0.26725 -0.501805
    outer loop
      vertex -11.4085 2.57469 0.00273991
      vertex -8.31425 1.76725 -5.5
      vertex -11.454 2.43463 0.00273991
    endloop
  endfacet
  facet normal 0.351813 0.7902 -0.501808
    outer loop
      vertex 4.25 7.36122 -5.5
      vertex 3.61857 11.1368 0.00273991
      vertex 3.75311 11.0769 0.00273991
    endloop
  endfacet
  facet normal 0.351816 0.790199 -0.501807
    outer loop
      vertex 3.61857 11.1368 0.00273991
      vertex 4.25 7.36122 -5.5
      vertex 2.62664 8.08398 -5.5
    endloop
  endfacet
  facet normal -0.860243 -0.0904166 -0.501803
    outer loop
      vertex -11.4694 -2.28817 0.00273991
      vertex -11.7099 0 0.00273991
      vertex -8.5 0 -5.5
    endloop
  endfacet
  facet normal 0.179855 0.846074 -0.501808
    outer loop
      vertex 3.47451 11.1674 0.00273991
      vertex 0.888492 8.45344 -5.5
      vertex 1.22402 11.6458 0.00273991
    endloop
  endfacet
  facet normal 0 -0.864979 -0.501809
    outer loop
      vertex -0.888492 -8.45344 -5.5
      vertex 1.22402 -11.6458 0.00273991
      vertex -1.22402 -11.6458 0.00273991
    endloop
  endfacet
  facet normal 0 -0.864979 -0.501809
    outer loop
      vertex 1.22402 -11.6458 0.00273991
      vertex -0.888492 -8.45344 -5.5
      vertex 0.888492 -8.45344 -5.5
    endloop
  endfacet
  facet normal -0.642804 0.578786 -0.501807
    outer loop
      vertex -5.68761 6.31673 -5.5
      vertex -9.37499 6.99237 0.00273991
      vertex -7.83547 8.70217 0.00273991
    endloop
  endfacet
  facet normal -0.508416 0.699788 -0.501806
    outer loop
      vertex -5.68761 6.31673 -5.5
      vertex -7.83547 8.70217 0.00273991
      vertex -5.97411 10.0545 0.00273991
    endloop
  endfacet
  facet normal 0.642804 0.578786 -0.501807
    outer loop
      vertex 9.37499 6.99237 0.00273991
      vertex 5.68761 6.31673 -5.5
      vertex 7.83547 8.70217 0.00273991
    endloop
  endfacet
  facet normal -0.179723 -0.846106 -0.501801
    outer loop
      vertex -2.62664 -8.08398 -5.5
      vertex -3.47451 -11.1674 0.00273991
      vertex -3.61857 -11.1368 0.00273991
    endloop
  endfacet
  facet normal -0.179842 -0.846079 -0.501804
    outer loop
      vertex -3.47451 -11.1674 0.00273991
      vertex -2.62664 -8.08398 -5.5
      vertex -0.888492 -8.45344 -5.5
    endloop
  endfacet
  facet normal -0.351813 -0.7902 -0.501808
    outer loop
      vertex -4.25 -7.36122 -5.5
      vertex -3.61857 -11.1368 0.00273991
      vertex -3.75311 -11.0769 0.00273991
    endloop
  endfacet
  facet normal -0.351816 -0.790199 -0.501807
    outer loop
      vertex -3.61857 -11.1368 0.00273991
      vertex -4.25 -7.36122 -5.5
      vertex -2.62664 -8.08398 -5.5
    endloop
  endfacet
  facet normal -0.748974 0.432801 -0.501718
    outer loop
      vertex -6.87664 4.99617 -5.5
      vertex -10.6976 4.76286 0.00273991
      vertex -10.6239 4.8904 0.00273991
    endloop
  endfacet
  facet normal -0.74909 0.432492 -0.501811
    outer loop
      vertex -10.6976 4.76286 0.00273991
      vertex -6.87664 4.99617 -5.5
      vertex -7.76514 3.45726 -5.5
    endloop
  endfacet
  facet normal -0.822651 0.267266 -0.501811
    outer loop
      vertex -7.76514 3.45726 -5.5
      vertex -11.4085 2.57469 0.00273991
      vertex -10.6976 4.76286 0.00273991
    endloop
  endfacet
  facet normal -0.508424 0.699782 -0.501807
    outer loop
      vertex -5.68761 6.31673 -5.5
      vertex -5.85497 10.1411 0.00273991
      vertex -4.25 7.36122 -5.5
    endloop
  endfacet
  facet normal -0.508593 0.699697 -0.501754
    outer loop
      vertex -5.85497 10.1411 0.00273991
      vertex -5.68761 6.31673 -5.5
      vertex -5.97411 10.0545 0.00273991
    endloop
  endfacet
  facet normal -0.82266 -0.26725 -0.501805
    outer loop
      vertex -8.31425 -1.76725 -5.5
      vertex -11.4085 -2.57469 0.00273991
      vertex -11.454 -2.43463 0.00273991
    endloop
  endfacet
  facet normal -0.822647 -0.267291 -0.501804
    outer loop
      vertex -11.4085 -2.57469 0.00273991
      vertex -8.31425 -1.76725 -5.5
      vertex -7.76514 -3.45726 -5.5
    endloop
  endfacet
  facet normal 0.351816 0.790199 -0.501807
    outer loop
      vertex 4.25 7.36122 -5.5
      vertex 3.75311 11.0769 0.00273991
      vertex 5.85497 10.1411 0.00273991
    endloop
  endfacet
  facet normal -0.508416 -0.699788 -0.501806
    outer loop
      vertex -5.97411 -10.0545 0.00273991
      vertex -7.83547 -8.70217 0.00273991
      vertex -5.68761 -6.31673 -5.5
    endloop
  endfacet
  facet normal -0.642804 -0.578786 -0.501807
    outer loop
      vertex -7.83547 -8.70217 0.00273991
      vertex -9.37499 -6.99237 0.00273991
      vertex -5.68761 -6.31673 -5.5
    endloop
  endfacet
  facet normal 0.748974 0.432801 -0.501718
    outer loop
      vertex 10.6976 4.76286 0.00273991
      vertex 6.87664 4.99617 -5.5
      vertex 10.6239 4.8904 0.00273991
    endloop
  endfacet
  facet normal 0.74909 0.432492 -0.501811
    outer loop
      vertex 6.87664 4.99617 -5.5
      vertex 10.6976 4.76286 0.00273991
      vertex 7.76514 3.45726 -5.5
    endloop
  endfacet
  facet normal 0.82266 0.26725 -0.501805
    outer loop
      vertex 8.31425 1.76725 -5.5
      vertex 11.4085 2.57469 0.00273991
      vertex 11.454 2.43463 0.00273991
    endloop
  endfacet
  facet normal 0.822647 0.267291 -0.501804
    outer loop
      vertex 11.4085 2.57469 0.00273991
      vertex 8.31425 1.76725 -5.5
      vertex 7.76514 3.45726 -5.5
    endloop
  endfacet
  facet normal -0.642805 0.578783 -0.501808
    outer loop
      vertex -5.68761 6.31673 -5.5
      vertex -9.47353 6.88293 0.00273991
      vertex -9.37499 6.99237 0.00273991
    endloop
  endfacet
  facet normal -0.642806 0.578782 -0.501808
    outer loop
      vertex -9.47353 6.88293 0.00273991
      vertex -5.68761 6.31673 -5.5
      vertex -6.87664 4.99617 -5.5
    endloop
  endfacet
  facet normal 0.642805 0.578783 -0.501808
    outer loop
      vertex 9.47353 6.88293 0.00273991
      vertex 5.68761 6.31673 -5.5
      vertex 9.37499 6.99237 0.00273991
    endloop
  endfacet
  facet normal 0.642806 0.578782 -0.501808
    outer loop
      vertex 5.68761 6.31673 -5.5
      vertex 9.47353 6.88293 0.00273991
      vertex 6.87664 4.99617 -5.5
    endloop
  endfacet
  facet normal 0.508593 0.699697 -0.501754
    outer loop
      vertex 5.68761 6.31673 -5.5
      vertex 5.85497 10.1411 0.00273991
      vertex 5.97411 10.0545 0.00273991
    endloop
  endfacet
  facet normal 0.508424 0.699782 -0.501807
    outer loop
      vertex 5.85497 10.1411 0.00273991
      vertex 5.68761 6.31673 -5.5
      vertex 4.25 7.36122 -5.5
    endloop
  endfacet
  facet normal -0.351816 0.790199 -0.501807
    outer loop
      vertex -4.25 7.36122 -5.5
      vertex -5.85497 10.1411 0.00273991
      vertex -3.75311 11.0769 0.00273991
    endloop
  endfacet
  facet normal -0.351816 0.790199 -0.501807
    outer loop
      vertex -4.25 7.36122 -5.5
      vertex -3.61857 11.1368 0.00273991
      vertex -2.62664 8.08398 -5.5
    endloop
  endfacet
  facet normal -0.351813 0.7902 -0.501808
    outer loop
      vertex -3.61857 11.1368 0.00273991
      vertex -4.25 7.36122 -5.5
      vertex -3.75311 11.0769 0.00273991
    endloop
  endfacet
  facet normal -0.866029 0.499993 0
    outer loop
      vertex 3.64058 -2.64503 -5.5
      vertex 4.11095 -1.83031 1
      vertex 4.11095 -1.83031 -5.5
    endloop
  endfacet
  facet normal -0.866029 0.499993 0
    outer loop
      vertex 4.11095 -1.83031 1
      vertex 3.64058 -2.64503 -5.5
      vertex 3.64058 -2.64503 1
    endloop
  endfacet
  facet normal -0.951056 -0.309019 0
    outer loop
      vertex 4.40166 0.935602 -5.5
      vertex 4.11095 1.83031 1
      vertex 4.11095 1.83031 -5.5
    endloop
  endfacet
  facet normal -0.951056 -0.309019 0
    outer loop
      vertex 4.11095 1.83031 1
      vertex 4.40166 0.935602 -5.5
      vertex 4.40166 0.935602 1
    endloop
  endfacet
  facet normal -0.207917 -0.978147 0
    outer loop
      vertex 0.470378 4.47535 -5.5
      vertex 1.39058 4.27975 1
      vertex 0.470378 4.47535 1
    endloop
  endfacet
  facet normal -0.207917 -0.978147 -0
    outer loop
      vertex 1.39058 4.27975 1
      vertex 0.470378 4.47535 -5.5
      vertex 1.39058 4.27975 -5.5
    endloop
  endfacet
  facet normal -0.743145 0.66913 0
    outer loop
      vertex 3.01109 -3.34415 -5.5
      vertex 3.64058 -2.64503 1
      vertex 3.64058 -2.64503 -5.5
    endloop
  endfacet
  facet normal -0.743145 0.66913 0
    outer loop
      vertex 3.64058 -2.64503 1
      vertex 3.01109 -3.34415 -5.5
      vertex 3.01109 -3.34415 1
    endloop
  endfacet
  facet normal -0.406738 -0.913545 0
    outer loop
      vertex 1.39058 4.27975 -5.5
      vertex 2.25 3.89711 1
      vertex 1.39058 4.27975 1
    endloop
  endfacet
  facet normal -0.406738 -0.913545 -0
    outer loop
      vertex 2.25 3.89711 1
      vertex 1.39058 4.27975 -5.5
      vertex 2.25 3.89711 -5.5
    endloop
  endfacet
  facet normal -0.994521 0.104533 0
    outer loop
      vertex 4.40166 -0.935602 -5.5
      vertex 4.5 0 1
      vertex 4.5 0 -5.5
    endloop
  endfacet
  facet normal -0.994521 0.104533 0
    outer loop
      vertex 4.5 0 1
      vertex 4.40166 -0.935602 -5.5
      vertex 4.40166 -0.935602 1
    endloop
  endfacet
  facet normal -0.994521 -0.104533 0
    outer loop
      vertex 4.5 0 -5.5
      vertex 4.40166 0.935602 1
      vertex 4.40166 0.935602 -5.5
    endloop
  endfacet
  facet normal -0.994521 -0.104533 0
    outer loop
      vertex 4.40166 0.935602 1
      vertex 4.5 0 -5.5
      vertex 4.5 0 1
    endloop
  endfacet
  facet normal 0.207917 -0.978147 0
    outer loop
      vertex -1.39058 4.27975 -5.5
      vertex -0.470378 4.47535 1
      vertex -1.39058 4.27975 1
    endloop
  endfacet
  facet normal 0.207917 -0.978147 0
    outer loop
      vertex -0.470378 4.47535 1
      vertex -1.39058 4.27975 -5.5
      vertex -0.470378 4.47535 -5.5
    endloop
  endfacet
  facet normal -0.866029 -0.499993 0
    outer loop
      vertex 4.11095 1.83031 -5.5
      vertex 3.64058 2.64503 1
      vertex 3.64058 2.64503 -5.5
    endloop
  endfacet
  facet normal -0.866029 -0.499993 0
    outer loop
      vertex 3.64058 2.64503 1
      vertex 4.11095 1.83031 -5.5
      vertex 4.11095 1.83031 1
    endloop
  endfacet
  facet normal -0.951056 0.309019 0
    outer loop
      vertex 4.11095 -1.83031 -5.5
      vertex 4.40166 -0.935602 1
      vertex 4.40166 -0.935602 -5.5
    endloop
  endfacet
  facet normal -0.951056 0.309019 0
    outer loop
      vertex 4.40166 -0.935602 1
      vertex 4.11095 -1.83031 -5.5
      vertex 4.11095 -1.83031 1
    endloop
  endfacet
  facet normal 0.587782 -0.809019 0
    outer loop
      vertex -3.01109 3.34415 -5.5
      vertex -2.25 3.89711 1
      vertex -3.01109 3.34415 1
    endloop
  endfacet
  facet normal 0.587782 -0.809019 0
    outer loop
      vertex -2.25 3.89711 1
      vertex -3.01109 3.34415 -5.5
      vertex -2.25 3.89711 -5.5
    endloop
  endfacet
  facet normal 0 1 -0
    outer loop
      vertex 0.470378 -4.47535 -5.5
      vertex -0.470378 -4.47535 1
      vertex 0.470378 -4.47535 1
    endloop
  endfacet
  facet normal 0 1 0
    outer loop
      vertex -0.470378 -4.47535 1
      vertex 0.470378 -4.47535 -5.5
      vertex -0.470378 -4.47535 -5.5
    endloop
  endfacet
  facet normal -0.743145 -0.66913 0
    outer loop
      vertex 3.64058 2.64503 -5.5
      vertex 3.01109 3.34415 1
      vertex 3.01109 3.34415 -5.5
    endloop
  endfacet
  facet normal -0.743145 -0.66913 0
    outer loop
      vertex 3.01109 3.34415 1
      vertex 3.64058 2.64503 -5.5
      vertex 3.64058 2.64503 1
    endloop
  endfacet
  facet normal 0.406738 0.913545 -0
    outer loop
      vertex -1.39058 -4.27975 -5.5
      vertex -2.25 -3.89711 1
      vertex -1.39058 -4.27975 1
    endloop
  endfacet
  facet normal 0.406738 0.913545 0
    outer loop
      vertex -2.25 -3.89711 1
      vertex -1.39058 -4.27975 -5.5
      vertex -2.25 -3.89711 -5.5
    endloop
  endfacet
  facet normal 0.951056 -0.309019 0
    outer loop
      vertex -4.40166 0.935602 1
      vertex -4.11095 1.83031 -5.5
      vertex -4.11095 1.83031 1
    endloop
  endfacet
  facet normal 0.951056 -0.309019 0
    outer loop
      vertex -4.11095 1.83031 -5.5
      vertex -4.40166 0.935602 1
      vertex -4.40166 0.935602 -5.5
    endloop
  endfacet
  facet normal 0.207917 0.978147 -0
    outer loop
      vertex -0.470378 -4.47535 -5.5
      vertex -1.39058 -4.27975 1
      vertex -0.470378 -4.47535 1
    endloop
  endfacet
  facet normal 0.207917 0.978147 0
    outer loop
      vertex -1.39058 -4.27975 1
      vertex -0.470378 -4.47535 -5.5
      vertex -1.39058 -4.27975 -5.5
    endloop
  endfacet
  facet normal -0.587782 0.809019 0
    outer loop
      vertex 3.01109 -3.34415 -5.5
      vertex 2.25 -3.89711 1
      vertex 3.01109 -3.34415 1
    endloop
  endfacet
  facet normal -0.587782 0.809019 0
    outer loop
      vertex 2.25 -3.89711 1
      vertex 3.01109 -3.34415 -5.5
      vertex 2.25 -3.89711 -5.5
    endloop
  endfacet
  facet normal -0.406738 0.913545 0
    outer loop
      vertex 2.25 -3.89711 -5.5
      vertex 1.39058 -4.27975 1
      vertex 2.25 -3.89711 1
    endloop
  endfacet
  facet normal -0.406738 0.913545 0
    outer loop
      vertex 1.39058 -4.27975 1
      vertex 2.25 -3.89711 -5.5
      vertex 1.39058 -4.27975 -5.5
    endloop
  endfacet
  facet normal 0.743145 -0.66913 0
    outer loop
      vertex -3.64058 2.64503 1
      vertex -3.01109 3.34415 -5.5
      vertex -3.01109 3.34415 1
    endloop
  endfacet
  facet normal 0.743145 -0.66913 0
    outer loop
      vertex -3.01109 3.34415 -5.5
      vertex -3.64058 2.64503 1
      vertex -3.64058 2.64503 -5.5
    endloop
  endfacet
  facet normal -0.587782 -0.809019 0
    outer loop
      vertex 2.25 3.89711 -5.5
      vertex 3.01109 3.34415 1
      vertex 2.25 3.89711 1
    endloop
  endfacet
  facet normal -0.587782 -0.809019 -0
    outer loop
      vertex 3.01109 3.34415 1
      vertex 2.25 3.89711 -5.5
      vertex 3.01109 3.34415 -5.5
    endloop
  endfacet
  facet normal 0.406738 -0.913545 0
    outer loop
      vertex -2.25 3.89711 -5.5
      vertex -1.39058 4.27975 1
      vertex -2.25 3.89711 1
    endloop
  endfacet
  facet normal 0.406738 -0.913545 0
    outer loop
      vertex -1.39058 4.27975 1
      vertex -2.25 3.89711 -5.5
      vertex -1.39058 4.27975 -5.5
    endloop
  endfacet
  facet normal 0.951056 0.309019 0
    outer loop
      vertex -4.11095 -1.83031 1
      vertex -4.40166 -0.935602 -5.5
      vertex -4.40166 -0.935602 1
    endloop
  endfacet
  facet normal 0.951056 0.309019 0
    outer loop
      vertex -4.40166 -0.935602 -5.5
      vertex -4.11095 -1.83031 1
      vertex -4.11095 -1.83031 -5.5
    endloop
  endfacet
  facet normal 0.994521 -0.104533 0
    outer loop
      vertex -4.5 0 1
      vertex -4.40166 0.935602 -5.5
      vertex -4.40166 0.935602 1
    endloop
  endfacet
  facet normal 0.994521 -0.104533 0
    outer loop
      vertex -4.40166 0.935602 -5.5
      vertex -4.5 0 1
      vertex -4.5 0 -5.5
    endloop
  endfacet
  facet normal 0.866029 0.499993 0
    outer loop
      vertex -3.64058 -2.64503 1
      vertex -4.11095 -1.83031 -5.5
      vertex -4.11095 -1.83031 1
    endloop
  endfacet
  facet normal 0.866029 0.499993 0
    outer loop
      vertex -4.11095 -1.83031 -5.5
      vertex -3.64058 -2.64503 1
      vertex -3.64058 -2.64503 -5.5
    endloop
  endfacet
  facet normal 0.743145 0.66913 0
    outer loop
      vertex -3.01109 -3.34415 1
      vertex -3.64058 -2.64503 -5.5
      vertex -3.64058 -2.64503 1
    endloop
  endfacet
  facet normal 0.743145 0.66913 0
    outer loop
      vertex -3.64058 -2.64503 -5.5
      vertex -3.01109 -3.34415 1
      vertex -3.01109 -3.34415 -5.5
    endloop
  endfacet
  facet normal -0.207917 0.978147 0
    outer loop
      vertex 1.39058 -4.27975 -5.5
      vertex 0.470378 -4.47535 1
      vertex 1.39058 -4.27975 1
    endloop
  endfacet
  facet normal -0.207917 0.978147 0
    outer loop
      vertex 0.470378 -4.47535 1
      vertex 1.39058 -4.27975 -5.5
      vertex 0.470378 -4.47535 -5.5
    endloop
  endfacet
  facet normal 0.994521 0.104533 0
    outer loop
      vertex -4.40166 -0.935602 1
      vertex -4.5 0 -5.5
      vertex -4.5 0 1
    endloop
  endfacet
  facet normal 0.994521 0.104533 0
    outer loop
      vertex -4.5 0 -5.5
      vertex -4.40166 -0.935602 1
      vertex -4.40166 -0.935602 -5.5
    endloop
  endfacet
  facet normal 0.587782 0.809019 -0
    outer loop
      vertex -2.25 -3.89711 -5.5
      vertex -3.01109 -3.34415 1
      vertex -2.25 -3.89711 1
    endloop
  endfacet
  facet normal 0.587782 0.809019 0
    outer loop
      vertex -3.01109 -3.34415 1
      vertex -2.25 -3.89711 -5.5
      vertex -3.01109 -3.34415 -5.5
    endloop
  endfacet
  facet normal 0 -1 0
    outer loop
      vertex -0.470378 4.47535 -5.5
      vertex 0.470378 4.47535 1
      vertex -0.470378 4.47535 1
    endloop
  endfacet
  facet normal 0 -1 -0
    outer loop
      vertex 0.470378 4.47535 1
      vertex -0.470378 4.47535 -5.5
      vertex 0.470378 4.47535 -5.5
    endloop
  endfacet
  facet normal 0.866029 -0.499993 0
    outer loop
      vertex -4.11095 1.83031 1
      vertex -3.64058 2.64503 -5.5
      vertex -3.64058 2.64503 1
    endloop
  endfacet
  facet normal 0.866029 -0.499993 0
    outer loop
      vertex -3.64058 2.64503 -5.5
      vertex -4.11095 1.83031 1
      vertex -4.11095 1.83031 -5.5
    endloop
  endfacet
  facet normal 0 -1 0
    outer loop
      vertex -3.8775 6.71603 1
      vertex 3.8775 6.71603 20.9973
      vertex -3.8775 6.71603 20.9973
    endloop
  endfacet
  facet normal 0 -1 -0
    outer loop
      vertex 3.8775 6.71603 20.9973
      vertex -3.8775 6.71603 1
      vertex 3.8775 6.71603 1
    endloop
  endfacet
  facet normal 0 1 -0
    outer loop
      vertex 3.8775 -6.71603 1
      vertex -3.8775 -6.71603 20.9973
      vertex 3.8775 -6.71603 20.9973
    endloop
  endfacet
  facet normal 0 1 0
    outer loop
      vertex -3.8775 -6.71603 20.9973
      vertex 3.8775 -6.71603 1
      vertex -3.8775 -6.71603 1
    endloop
  endfacet
  facet normal -0.866026 0.5 0
    outer loop
      vertex 3.8775 -6.71603 1
      vertex 7.755 0 20.9973
      vertex 7.755 0 1
    endloop
  endfacet
  facet normal -0.866026 0.5 0
    outer loop
      vertex 7.755 0 20.9973
      vertex 3.8775 -6.71603 1
      vertex 3.8775 -6.71603 20.9973
    endloop
  endfacet
  facet normal 0.866026 0.5 0
    outer loop
      vertex -3.8775 -6.71603 20.9973
      vertex -7.755 0 1
      vertex -7.755 0 20.9973
    endloop
  endfacet
  facet normal 0.866026 0.5 0
    outer loop
      vertex -7.755 0 1
      vertex -3.8775 -6.71603 20.9973
      vertex -3.8775 -6.71603 1
    endloop
  endfacet
  facet normal 0.866026 -0.5 0
    outer loop
      vertex -7.755 0 20.9973
      vertex -3.8775 6.71603 1
      vertex -3.8775 6.71603 20.9973
    endloop
  endfacet
  facet normal 0.866026 -0.5 0
    outer loop
      vertex -3.8775 6.71603 1
      vertex -7.755 0 20.9973
      vertex -7.755 0 1
    endloop
  endfacet
  facet normal 0 0 1
    outer loop
      vertex 7.755 0 1
      vertex 4.40166 0.935602 1
      vertex 4.5 0 1
    endloop
  endfacet
  facet normal 0 0 1
    outer loop
      vertex 7.755 0 1
      vertex 4.11095 1.83031 1
      vertex 4.40166 0.935602 1
    endloop
  endfacet
  facet normal 0 0 1
    outer loop
      vertex 3.8775 6.71603 1
      vertex 4.11095 1.83031 1
      vertex 7.755 0 1
    endloop
  endfacet
  facet normal 0 0 1
    outer loop
      vertex 3.8775 6.71603 1
      vertex 3.64058 2.64503 1
      vertex 4.11095 1.83031 1
    endloop
  endfacet
  facet normal 0 0 1
    outer loop
      vertex 3.8775 6.71603 1
      vertex 3.01109 3.34415 1
      vertex 3.64058 2.64503 1
    endloop
  endfacet
  facet normal 0 0 1
    outer loop
      vertex 3.8775 6.71603 1
      vertex 2.25 3.89711 1
      vertex 3.01109 3.34415 1
    endloop
  endfacet
  facet normal 0 0 1
    outer loop
      vertex 3.8775 6.71603 1
      vertex 1.39058 4.27975 1
      vertex 2.25 3.89711 1
    endloop
  endfacet
  facet normal 0 0 1
    outer loop
      vertex 3.8775 6.71603 1
      vertex 0.470378 4.47535 1
      vertex 1.39058 4.27975 1
    endloop
  endfacet
  facet normal 0 0 1
    outer loop
      vertex 3.8775 6.71603 1
      vertex -0.470378 4.47535 1
      vertex 0.470378 4.47535 1
    endloop
  endfacet
  facet normal -0 0 1
    outer loop
      vertex -3.8775 6.71603 1
      vertex -0.470378 4.47535 1
      vertex 3.8775 6.71603 1
    endloop
  endfacet
  facet normal 0 0 1
    outer loop
      vertex -0.470378 4.47535 1
      vertex -3.8775 6.71603 1
      vertex -1.39058 4.27975 1
    endloop
  endfacet
  facet normal 0 0 1
    outer loop
      vertex -1.39058 4.27975 1
      vertex -3.8775 6.71603 1
      vertex -2.25 3.89711 1
    endloop
  endfacet
  facet normal 0 0 1
    outer loop
      vertex -3.8775 6.71603 1
      vertex -3.01109 3.34415 1
      vertex -2.25 3.89711 1
    endloop
  endfacet
  facet normal 0 0 1
    outer loop
      vertex -3.8775 6.71603 1
      vertex -3.64058 2.64503 1
      vertex -3.01109 3.34415 1
    endloop
  endfacet
  facet normal 0 0 1
    outer loop
      vertex -3.8775 6.71603 1
      vertex -4.11095 1.83031 1
      vertex -3.64058 2.64503 1
    endloop
  endfacet
  facet normal 0 0 1
    outer loop
      vertex -7.755 0 1
      vertex -4.11095 1.83031 1
      vertex -3.8775 6.71603 1
    endloop
  endfacet
  facet normal 0 0 1
    outer loop
      vertex -4.11095 1.83031 1
      vertex -7.755 0 1
      vertex -4.40166 0.935602 1
    endloop
  endfacet
  facet normal 0 0 1
    outer loop
      vertex -4.40166 0.935602 1
      vertex -7.755 0 1
      vertex -4.5 0 1
    endloop
  endfacet
  facet normal 0 0 1
    outer loop
      vertex 4.40166 -0.935602 1
      vertex 7.755 0 1
      vertex 4.5 0 1
    endloop
  endfacet
  facet normal 0 0 1
    outer loop
      vertex 4.11095 -1.83031 1
      vertex 7.755 0 1
      vertex 4.40166 -0.935602 1
    endloop
  endfacet
  facet normal -0 0 1
    outer loop
      vertex 4.11095 -1.83031 1
      vertex 3.8775 -6.71603 1
      vertex 7.755 0 1
    endloop
  endfacet
  facet normal -0 0 1
    outer loop
      vertex 3.64058 -2.64503 1
      vertex 3.8775 -6.71603 1
      vertex 4.11095 -1.83031 1
    endloop
  endfacet
  facet normal -0 0 1
    outer loop
      vertex 3.01109 -3.34415 1
      vertex 3.8775 -6.71603 1
      vertex 3.64058 -2.64503 1
    endloop
  endfacet
  facet normal -0 0 1
    outer loop
      vertex 2.25 -3.89711 1
      vertex 3.8775 -6.71603 1
      vertex 3.01109 -3.34415 1
    endloop
  endfacet
  facet normal -0 0 1
    outer loop
      vertex 1.39058 -4.27975 1
      vertex 3.8775 -6.71603 1
      vertex 2.25 -3.89711 1
    endloop
  endfacet
  facet normal -0 0 1
    outer loop
      vertex 0.470378 -4.47535 1
      vertex 3.8775 -6.71603 1
      vertex 1.39058 -4.27975 1
    endloop
  endfacet
  facet normal -0 0 1
    outer loop
      vertex -0.470378 -4.47535 1
      vertex 3.8775 -6.71603 1
      vertex 0.470378 -4.47535 1
    endloop
  endfacet
  facet normal 0 0 1
    outer loop
      vertex -3.8775 -6.71603 1
      vertex -0.470378 -4.47535 1
      vertex -1.39058 -4.27975 1
    endloop
  endfacet
  facet normal 0 0 1
    outer loop
      vertex -3.8775 -6.71603 1
      vertex -1.39058 -4.27975 1
      vertex -2.25 -3.89711 1
    endloop
  endfacet
  facet normal 0 0 1
    outer loop
      vertex -0.470378 -4.47535 1
      vertex -3.8775 -6.71603 1
      vertex 3.8775 -6.71603 1
    endloop
  endfacet
  facet normal 0 0 1
    outer loop
      vertex -3.01109 -3.34415 1
      vertex -3.8775 -6.71603 1
      vertex -2.25 -3.89711 1
    endloop
  endfacet
  facet normal 0 0 1
    outer loop
      vertex -3.64058 -2.64503 1
      vertex -3.8775 -6.71603 1
      vertex -3.01109 -3.34415 1
    endloop
  endfacet
  facet normal 0 0 1
    outer loop
      vertex -4.11095 -1.83031 1
      vertex -3.8775 -6.71603 1
      vertex -3.64058 -2.64503 1
    endloop
  endfacet
  facet normal 0 0 1
    outer loop
      vertex -7.755 0 1
      vertex -4.11095 -1.83031 1
      vertex -4.40166 -0.935602 1
    endloop
  endfacet
  facet normal -0 0 1
    outer loop
      vertex -7.755 0 1
      vertex -4.40166 -0.935602 1
      vertex -4.5 0 1
    endloop
  endfacet
  facet normal 0 0 1
    outer loop
      vertex -4.11095 -1.83031 1
      vertex -7.755 0 1
      vertex -3.8775 -6.71603 1
    endloop
  endfacet
  facet normal -0.866026 -0.5 0
    outer loop
      vertex 7.755 0 1
      vertex 3.8775 6.71603 20.9973
      vertex 3.8775 6.71603 1
    endloop
  endfacet
  facet normal -0.866026 -0.5 0
    outer loop
      vertex 3.8775 6.71603 20.9973
      vertex 7.755 0 1
      vertex 7.755 0 20.9973
    endloop
  endfacet
endsolid OpenSCAD_Model
